frame,time_s,visible_window,detected_onset,target_onset,model_onset_probability,model_onset,target_pitch,predicted_active,predicted_pitch,baseline_pitch,onset_gate_pitch,harmonic_gate_pitch,harmonic_veto
0,0.005804988662131519,4096,0,0,0.027713889256119728,0,-1,0,59,-1,-1,-1,0
1,0.011609977324263039,4096,0,0,0.02762739546597004,0,-1,0,59,-1,-1,-1,0
2,0.017414965986394557,4096,0,0,0.02726215310394764,0,-1,0,59,-1,-1,-1,0
3,0.023219954648526078,4096,0,0,0.026976650580763817,0,-1,0,59,-1,-1,-1,0
4,0.029024943310657598,4096,0,0,0.027043920010328293,0,-1,0,59,-1,-1,-1,0
5,0.034829931972789115,4096,0,0,0.02749086543917656,0,-1,0,59,-1,-1,-1,0
6,0.040634920634920635,4096,0,0,0.027629252523183823,0,-1,0,59,-1,-1,-1,0
7,0.046439909297052155,4096,0,0,0.02770315110683441,0,-1,0,59,-1,-1,-1,0
8,0.052244897959183675,4096,0,0,0.02758895419538021,0,-1,0,59,-1,-1,-1,0
9,0.058049886621315196,4096,0,0,0.02759675867855549,0,-1,0,59,-1,-1,-1,0
10,0.06385487528344672,4096,0,0,0.027677007019519806,0,-1,0,59,-1,-1,-1,0
11,0.06965986394557823,4096,0,0,0.027448754757642746,0,-1,0,59,-1,-1,-1,0
12,0.07546485260770976,4096,0,0,0.02740258164703846,0,-1,0,59,-1,-1,-1,0
13,0.08126984126984127,4096,0,0,0.02698342129588127,0,-1,0,59,-1,-1,-1,0
14,0.08707482993197278,4096,0,0,0.027070747688412666,0,-1,0,59,-1,-1,-1,0
15,0.09287981859410431,4096,0,0,0.027541840448975563,0,-1,0,59,-1,-1,-1,0
16,0.09868480725623582,4096,0,0,0.027375226840376854,0,-1,0,59,-1,-1,-1,0
17,0.10448979591836735,4096,0,0,0.02736387774348259,0,-1,0,59,-1,-1,-1,0
18,0.11029478458049886,4096,0,0,0.027310233563184738,0,-1,0,59,-1,-1,-1,0
19,0.11609977324263039,4096,0,0,0.027611952275037766,0,-1,0,59,-1,-1,-1,0
20,0.1219047619047619,4096,0,0,0.027768049389123917,0,-1,0,59,-1,-1,-1,0
21,0.12770975056689343,4096,0,0,0.027380317449569702,0,-1,0,59,-1,-1,-1,0
22,0.13351473922902493,4096,0,0,0.02755591832101345,0,-1,0,59,-1,-1,-1,0
23,0.13931972789115646,4096,0,0,0.02834041602909565,0,-1,0,59,-1,-1,-1,0
24,0.14512471655328799,4096,0,0,0.027836935594677925,0,-1,0,59,-1,-1,-1,0
25,0.1509297052154195,4096,0,0,0.027585327625274658,0,-1,0,59,-1,-1,-1,0
26,0.156734693877551,4096,0,0,0.02750890888273716,0,-1,0,59,-1,-1,-1,0
27,0.16253968253968254,4096,0,0,0.027367763221263885,0,-1,0,59,-1,-1,-1,0
28,0.16834467120181407,4096,0,0,0.027224762365221977,0,-1,0,59,-1,-1,-1,0
29,0.17414965986394557,4096,0,0,0.027171790599822998,0,-1,0,59,-1,-1,-1,0
30,0.1799546485260771,4096,0,0,0.027803605422377586,0,-1,0,59,-1,-1,-1,0
31,0.18575963718820862,4096,0,0,0.02800239622592926,0,-1,0,59,-1,-1,-1,0
32,0.19156462585034015,4096,0,0,0.027435004711151123,0,-1,0,59,-1,-1,-1,0
33,0.19736961451247165,4096,0,0,0.027224648743867874,0,-1,0,59,-1,-1,-1,0
34,0.20317460317460317,4096,0,0,0.027391256764531136,0,-1,0,59,-1,-1,-1,0
35,0.2089795918367347,4096,0,0,0.027682416141033173,0,-1,0,59,-1,-1,-1,0
36,0.2147845804988662,4096,0,0,0.027870431542396545,0,-1,0,59,-1,-1,-1,0
37,0.22058956916099773,4096,0,0,0.02739405632019043,0,-1,0,59,-1,-1,-1,0
38,0.22639455782312926,4096,0,0,0.02730829454958439,0,-1,0,59,-1,-1,-1,0
39,0.23219954648526078,4096,0,0,0.027324169874191284,0,-1,0,59,-1,-1,-1,0
40,0.23800453514739228,4096,0,0,0.027216216549277306,0,-1,0,59,-1,-1,-1,0
41,0.2438095238095238,4096,0,0,0.0275136549025774,0,-1,0,59,-1,-1,-1,0
42,0.24961451247165534,4096,0,0,0.02751600742340088,0,-1,0,59,-1,-1,-1,0
43,0.25541950113378686,4096,0,0,0.027294497936964035,0,-1,0,59,-1,-1,-1,0
44,0.2612244897959184,4096,0,0,0.02756572514772415,0,-1,0,59,-1,-1,-1,0
45,0.26702947845804986,4096,0,0,0.027314946055412292,0,-1,0,59,-1,-1,-1,0
46,0.2728344671201814,4096,0,0,0.02741585113108158,0,-1,0,59,-1,-1,-1,0
47,0.2786394557823129,4096,0,0,0.02765836752951145,0,-1,0,59,-1,-1,-1,0
48,0.28444444444444444,4096,0,0,0.027530398219823837,0,-1,0,59,-1,-1,-1,0
49,0.29024943310657597,4096,0,0,0.027754610404372215,0,-1,0,59,-1,-1,-1,0
50,0.2960544217687075,4096,0,0,0.02800586074590683,0,-1,0,59,-1,-1,-1,0
51,0.301859410430839,4096,0,0,0.027711141854524612,0,-1,0,59,-1,-1,-1,0
52,0.3076643990929705,4096,0,0,0.027428146451711655,0,-1,0,59,-1,-1,-1,0
53,0.313469387755102,4096,0,0,0.02753285877406597,0,-1,0,59,-1,-1,-1,0
54,0.31927437641723355,4096,0,0,0.028020836412906647,0,-1,0,59,-1,-1,-1,0
55,0.3250793650793651,4096,0,0,0.028190430253744125,0,-1,0,59,-1,-1,-1,0
56,0.3308843537414966,4096,0,0,0.027882007881999016,0,-1,0,59,-1,-1,-1,0
57,0.33668934240362813,4096,0,0,0.027819408103823662,0,-1,0,59,-1,-1,-1,0
58,0.34249433106575966,4096,0,0,0.027695296332240105,0,-1,0,59,-1,-1,-1,0
59,0.34829931972789113,4096,0,0,0.027715938165783882,0,-1,0,59,-1,-1,-1,0
60,0.35410430839002266,4096,0,0,0.027687037363648415,0,-1,0,59,-1,-1,-1,0
61,0.3599092970521542,4096,0,0,0.02742532454431057,0,-1,0,59,-1,-1,-1,0
62,0.3657142857142857,4096,0,0,0.027198422700166702,0,-1,0,59,-1,-1,-1,0
63,0.37151927437641724,4096,0,0,0.027254270389676094,0,-1,0,59,-1,-1,-1,0
64,0.37732426303854877,4096,0,0,0.02735898829996586,0,-1,0,59,-1,-1,-1,0
65,0.3831292517006803,4096,0,0,0.027359982952475548,0,-1,0,59,-1,-1,-1,0
66,0.38893424036281177,4096,0,0,0.02757238782942295,0,-1,0,59,-1,-1,-1,0
67,0.3947392290249433,4096,0,0,0.027736783027648926,0,-1,0,59,-1,-1,-1,0
68,0.4005442176870748,4096,0,0,0.027572806924581528,0,-1,0,59,-1,-1,-1,0
69,0.40634920634920635,4096,0,0,0.027589401230216026,0,-1,0,59,-1,-1,-1,0
70,0.4121541950113379,4096,0,0,0.027734559029340744,0,-1,0,59,-1,-1,-1,0
71,0.4179591836734694,4096,0,0,0.027648871764540672,0,-1,0,59,-1,-1,-1,0
72,0.42376417233560093,4096,0,0,0.026967184618115425,0,-1,0,59,-1,-1,-1,0
73,0.4295691609977324,4096,0,0,0.026847083121538162,0,-1,0,59,-1,-1,-1,0
74,0.43537414965986393,4096,0,0,0.02787397988140583,0,-1,0,59,-1,-1,-1,0
75,0.44117913832199546,4096,0,0,0.028064575046300888,0,-1,0,59,-1,-1,-1,0
76,0.446984126984127,4096,0,0,0.02756553329527378,0,-1,0,59,-1,-1,-1,0
77,0.4527891156462585,4096,0,0,0.026894476264715195,0,-1,0,59,-1,-1,-1,0
78,0.45859410430839004,4096,0,0,0.027082642540335655,0,-1,0,59,-1,-1,-1,0
79,0.46439909297052157,4096,0,0,0.027958493679761887,0,-1,0,59,-1,-1,-1,0
80,0.47020408163265304,4096,0,0,0.027721330523490906,0,-1,0,59,-1,-1,-1,0
81,0.47600907029478456,4096,0,0,0.026938514783978462,0,-1,0,59,-1,-1,-1,0
82,0.4818140589569161,4096,0,0,0.027373062446713448,0,-1,0,59,-1,-1,-1,0
83,0.4876190476190476,4096,0,0,0.02755150943994522,0,-1,0,59,-1,-1,-1,0
84,0.49342403628117915,4096,0,0,0.02768983505666256,0,-1,0,59,-1,-1,-1,0
85,0.4992290249433107,4096,0,0,0.027873659506440163,0,-1,0,59,-1,-1,-1,0
86,0.5050340136054422,4096,0,0,0.027718978002667427,0,-1,0,59,-1,-1,-1,0
87,0.5108390022675737,4096,0,0,0.027157273143529892,0,-1,0,59,-1,-1,-1,0
88,0.5166439909297053,4096,0,0,0.027313899248838425,0,-1,0,59,-1,-1,-1,0
89,0.5224489795918368,4096,0,0,0.027401577681303024,0,-1,0,59,-1,-1,-1,0
90,0.5282539682539683,4096,0,0,0.02729019708931446,0,-1,0,59,-1,-1,-1,0
91,0.5340589569160997,4096,0,0,0.027531715109944344,0,-1,0,59,-1,-1,-1,0
92,0.5398639455782313,4096,0,0,0.0275478046387434,0,-1,0,59,-1,-1,-1,0
93,0.5456689342403628,4096,0,0,0.027465494349598885,0,-1,0,59,-1,-1,-1,0
94,0.5514739229024943,4096,0,0,0.027393000200390816,0,-1,0,59,-1,-1,-1,0
95,0.5572789115646258,4096,0,0,0.027413014322519302,0,-1,0,59,-1,-1,-1,0
96,0.5630839002267574,4096,0,0,0.02774464339017868,0,-1,0,59,-1,-1,-1,0
97,0.5688888888888889,4096,0,0,0.027394790202379227,0,-1,0,59,-1,-1,-1,0
98,0.5746938775510204,4096,0,0,0.026860753074288368,0,-1,0,59,-1,-1,-1,0
99,0.5804988662131519,4096,0,0,0.027111461386084557,0,-1,0,59,-1,-1,-1,0
100,0.5863038548752835,4096,0,0,0.027504993602633476,0,-1,0,59,-1,-1,-1,0
101,0.592108843537415,4096,0,0,0.0273980014026165,0,-1,0,59,-1,-1,-1,0
102,0.5979138321995465,4096,0,0,0.027062326669692993,0,-1,0,59,-1,-1,-1,0
103,0.603718820861678,4096,0,0,0.026685791090130806,0,-1,0,59,-1,-1,-1,0
104,0.6095238095238096,4096,0,0,0.026967516168951988,0,-1,0,59,-1,-1,-1,0
105,0.615328798185941,4096,0,0,0.02719257026910782,0,-1,0,59,-1,-1,-1,0
106,0.6211337868480725,4096,0,0,0.027100861072540283,0,-1,0,59,-1,-1,-1,0
107,0.626938775510204,4096,0,0,0.027471836656332016,0,-1,0,59,-1,-1,-1,0
108,0.6327437641723356,4096,0,0,0.027744557708501816,0,-1,0,59,-1,-1,-1,0
109,0.6385487528344671,4096,0,0,0.028029998764395714,0,-1,0,59,-1,-1,-1,0
110,0.6443537414965986,4096,0,0,0.028078868985176086,0,-1,0,59,-1,-1,-1,0
111,0.6501587301587302,4096,0,0,0.027726370841264725,0,-1,0,59,-1,-1,-1,0
112,0.6559637188208617,4096,0,0,0.027506278827786446,0,-1,0,59,-1,-1,-1,0
113,0.6617687074829932,4096,0,0,0.027619659900665283,0,-1,0,59,-1,-1,-1,0
114,0.6675736961451247,4096,0,0,0.027482157573103905,0,-1,0,59,-1,-1,-1,0
115,0.6733786848072563,4096,0,0,0.02739444188773632,0,-1,0,59,-1,-1,-1,0
116,0.6791836734693878,4096,0,0,0.027584465220570564,0,-1,0,59,-1,-1,-1,0
117,0.6849886621315193,4096,0,0,0.027963601052761078,0,-1,0,59,-1,-1,-1,0
118,0.6907936507936508,4096,0,0,0.027680490165948868,0,-1,0,59,-1,-1,-1,0
119,0.6965986394557823,4096,0,0,0.027253106236457825,0,-1,0,59,-1,-1,-1,0
120,0.7024036281179138,4096,0,0,0.027176562696695328,0,-1,0,59,-1,-1,-1,0
121,0.7082086167800453,4096,0,0,0.027896631509065628,0,-1,0,59,-1,-1,-1,0
122,0.7140136054421768,4096,0,0,0.028337828814983368,0,-1,0,59,-1,-1,-1,0
123,0.7198185941043084,4096,0,0,0.02764238603413105,0,-1,0,59,-1,-1,-1,0
124,0.7256235827664399,4096,0,0,0.027433060109615326,0,-1,0,59,-1,-1,-1,0
125,0.7314285714285714,4096,0,0,0.02716894820332527,0,-1,0,59,-1,-1,-1,0
126,0.737233560090703,4096,0,0,0.02689070999622345,0,-1,0,59,-1,-1,-1,0
127,0.7430385487528345,4096,0,0,0.027284886687994003,0,-1,0,59,-1,-1,-1,0
128,0.748843537414966,4096,0,0,0.027342552319169044,0,-1,0,59,-1,-1,-1,0
129,0.7546485260770975,4096,0,0,0.02705208957195282,0,-1,0,59,-1,-1,-1,0
130,0.7604535147392291,4096,0,0,0.027310973033308983,0,-1,0,59,-1,-1,-1,0
131,0.7662585034013606,4096,0,0,0.0273834727704525,0,-1,0,59,-1,-1,-1,0
132,0.7720634920634921,4096,0,0,0.02730604074895382,0,-1,0,59,-1,-1,-1,0
133,0.7778684807256235,4096,0,0,0.027240177616477013,0,-1,0,59,-1,-1,-1,0
134,0.7836734693877551,4096,0,0,0.027552448213100433,0,-1,0,59,-1,-1,-1,0
135,0.7894784580498866,4096,0,0,0.027706149965524673,0,-1,0,59,-1,-1,-1,0
136,0.7952834467120181,4096,0,0,0.027191322296857834,0,-1,0,59,-1,-1,-1,0
137,0.8010884353741496,4096,0,0,0.027134738862514496,0,-1,0,59,-1,-1,-1,0
138,0.8068934240362812,4096,0,0,0.02735855244100094,0,-1,0,59,-1,-1,-1,0
139,0.8126984126984127,4096,0,0,0.027280980721116066,0,-1,0,59,-1,-1,-1,0
140,0.8185034013605442,4096,0,0,0.027251431718468666,0,-1,0,59,-1,-1,-1,0
141,0.8243083900226758,4096,0,0,0.027367163449525833,0,-1,0,59,-1,-1,-1,0
142,0.8301133786848073,4096,0,0,0.027470873668789864,0,-1,0,59,-1,-1,-1,0
143,0.8359183673469388,4096,0,0,0.027634071186184883,0,-1,0,59,-1,-1,-1,0
144,0.8417233560090703,4096,0,0,0.027606504037976265,0,-1,0,59,-1,-1,-1,0
145,0.8475283446712019,4096,0,0,0.027876386418938637,0,-1,0,59,-1,-1,-1,0
146,0.8533333333333334,4096,0,0,0.027952635660767555,0,-1,0,59,-1,-1,-1,0
147,0.8591383219954648,4096,0,0,0.02738908864557743,0,-1,0,59,-1,-1,-1,0
148,0.8649433106575963,4096,0,0,0.027485178783535957,0,-1,0,59,-1,-1,-1,0
149,0.8707482993197279,4096,0,0,0.027689911425113678,0,-1,0,59,-1,-1,-1,0
150,0.8765532879818594,4096,0,0,0.027777306735515594,0,-1,0,59,-1,-1,-1,0
151,0.8823582766439909,4096,0,0,0.02820700965821743,0,-1,0,59,-1,-1,-1,0
152,0.8881632653061224,4096,0,0,0.027889972552657127,0,-1,0,59,-1,-1,-1,0
153,0.893968253968254,4096,0,0,0.027644610032439232,0,-1,0,59,-1,-1,-1,0
154,0.8997732426303855,4096,0,0,0.02725617028772831,0,-1,0,59,-1,-1,-1,0
155,0.905578231292517,4096,0,0,0.02722635306417942,0,-1,0,59,-1,-1,-1,0
156,0.9113832199546485,4096,0,0,0.027202554047107697,0,-1,0,59,-1,-1,-1,0
157,0.9171882086167801,4096,0,0,0.027113335207104683,0,-1,0,59,-1,-1,-1,0
158,0.9229931972789116,4096,0,0,0.02736630290746689,0,-1,0,59,-1,-1,-1,0
159,0.9287981859410431,4096,0,0,0.02753639407455921,0,-1,0,59,-1,-1,-1,0
160,0.9346031746031747,4096,0,0,0.027667878195643425,0,-1,0,59,-1,-1,-1,0
161,0.9404081632653061,4096,0,0,0.027609141543507576,0,-1,0,59,-1,-1,-1,0
162,0.9462131519274376,4096,0,0,0.0274197980761528,0,-1,0,59,-1,-1,-1,0
163,0.9520181405895691,4096,0,0,0.027917973697185516,0,-1,0,59,-1,-1,-1,0
164,0.9578231292517007,4096,0,0,0.027662836015224457,0,-1,0,59,-1,-1,-1,0
165,0.9636281179138322,4096,0,0,0.02699633315205574,0,-1,0,59,-1,-1,-1,0
166,0.9694331065759637,4096,0,0,0.0274994857609272,0,-1,0,59,-1,-1,-1,0
167,0.9752380952380952,4096,0,0,0.02772388979792595,0,-1,0,59,-1,-1,-1,0
168,0.9810430839002268,4096,0,0,0.02816687896847725,0,-1,0,59,-1,-1,-1,0
169,0.9868480725623583,4096,0,0,0.02905869483947754,0,-1,0,59,-1,-1,-1,0
170,0.9926530612244898,4096,0,0,0.03003854863345623,0,-1,0,59,-1,-1,-1,0
171,0.9984580498866213,4096,0,0,0.031484805047512054,0,-1,0,59,-1,-1,-1,0
172,1.0042630385487528,512,1,0,0.031072216108441353,0,-1,1,59,-1,-1,-1,0
173,1.0100680272108844,512,0,0,0.02970602735877037,0,-1,1,59,59,59,59,0
174,1.0158730158730158,512,0,0,0.6887838840484619,1,-1,1,49,59,59,59,0
175,1.0216780045351475,1024,0,0,0.8021296858787537,1,66,1,66,59,59,59,0
176,1.0274829931972789,1024,0,0,0.8114437460899353,1,66,1,66,66,66,66,0
177,1.0332879818594105,2048,0,1,0.786521315574646,1,66,1,66,66,66,66,0
178,1.039092970521542,2048,0,0,0.7157199382781982,1,66,1,66,66,66,66,0
179,1.0448979591836736,2048,0,0,0.5786226391792297,0,66,1,66,66,66,66,0
180,1.050702947845805,2048,0,0,0.5294221639633179,0,66,1,66,66,66,66,0
181,1.0565079365079366,4096,0,0,0.4667764902114868,0,66,0,66,66,66,66,0
182,1.062312925170068,4096,0,0,0.37084048986434937,0,66,0,66,-1,-1,-1,0
183,1.0681179138321995,4096,0,0,0.35108882188796997,0,66,0,66,-1,-1,-1,0
184,1.073922902494331,4096,0,0,0.39191192388534546,0,66,0,66,-1,-1,-1,0
185,1.0797278911564625,4096,0,0,0.3944399058818817,0,66,1,66,-1,-1,-1,0
186,1.0855328798185941,4096,0,0,0.4391091465950012,0,66,1,66,66,66,66,0
187,1.0913378684807256,4096,0,0,0.4319915771484375,0,66,1,66,66,66,66,0
188,1.0971428571428572,4096,0,0,0.41390150785446167,0,66,1,66,66,66,66,0
189,1.1029478458049886,4096,0,0,0.40615859627723694,0,66,1,66,66,66,66,0
190,1.1087528344671203,4096,0,0,0.4083367586135864,0,66,1,66,66,66,66,0
191,1.1145578231292517,4096,0,0,0.4472641944885254,0,66,1,66,66,66,66,0
192,1.1203628117913833,4096,0,0,0.4131755530834198,0,66,1,66,66,66,66,0
193,1.1261678004535147,4096,0,0,0.36088934540748596,0,66,1,66,66,66,66,0
194,1.1319727891156464,4096,0,0,0.23910802602767944,0,66,1,66,66,66,66,0
195,1.1377777777777778,4096,0,0,0.30192703008651733,0,66,1,66,66,66,66,0
196,1.1435827664399092,4096,0,0,0.3527209460735321,0,66,1,66,66,66,66,0
197,1.1493877551020408,4096,0,0,0.34284624457359314,0,66,1,66,66,66,66,0
198,1.1551927437641722,4096,0,0,0.3238659203052521,0,66,1,66,66,66,66,0
199,1.1609977324263039,4096,0,0,0.3017212450504303,0,66,1,66,66,66,66,0
200,1.1668027210884353,4096,0,0,0.3623986840248108,0,66,1,66,66,66,66,0
201,1.172607709750567,4096,0,0,0.3428345322608948,0,66,1,66,66,66,66,0
202,1.1784126984126984,4096,0,0,0.34087786078453064,0,66,1,66,66,66,66,0
203,1.18421768707483,4096,0,0,0.3785865902900696,0,66,1,66,66,66,66,0
204,1.1900226757369614,4096,0,0,0.3840146064758301,0,66,1,66,66,66,66,0
205,1.195827664399093,4096,0,0,0.35644808411598206,0,66,1,66,66,66,66,0
206,1.2016326530612245,4096,0,0,0.29052725434303284,0,66,1,66,66,66,66,0
207,1.207437641723356,4096,0,0,0.344736784696579,0,66,1,66,66,66,66,0
208,1.2132426303854875,4096,0,0,0.327526718378067,0,66,1,66,66,66,66,0
209,1.2190476190476192,4096,0,0,0.35853999853134155,0,66,1,66,66,66,66,0
210,1.2248526077097506,4096,0,0,0.3987794816493988,0,66,1,66,66,66,66,0
211,1.230657596371882,4096,0,0,0.4010765552520752,0,66,1,66,66,66,66,0
212,1.2364625850340136,4096,0,0,0.35709407925605774,0,66,1,66,66,66,66,0
213,1.242267573696145,4096,0,0,0.357166588306427,0,66,1,66,66,66,66,0
214,1.2480725623582767,4096,0,0,0.31097525358200073,0,66,1,66,66,66,66,0
215,1.253877551020408,4096,0,0,0.31800660490989685,0,66,1,66,66,66,66,0
216,1.2596825396825397,4096,0,0,0.3568192720413208,0,66,1,66,66,66,66,0
217,1.2654875283446712,4096,0,0,0.3414359390735626,0,66,1,66,66,66,66,0
218,1.2712925170068028,4096,0,0,0.36252304911613464,0,66,1,66,66,66,66,0
219,1.2770975056689342,4096,0,0,0.38454490900039673,0,66,1,66,66,66,66,0
220,1.2829024943310658,4096,0,0,0.3973286747932434,0,66,1,66,66,66,66,0
221,1.2887074829931973,4096,0,0,0.36905860900878906,0,66,1,66,66,66,66,0
222,1.294512471655329,4096,0,0,0.4219617247581482,0,66,1,66,66,66,66,0
223,1.3003174603174603,4096,0,0,0.39542511105537415,0,66,1,66,66,66,66,0
224,1.3061224489795917,4096,0,0,0.3924804925918579,0,66,1,66,66,66,66,0
225,1.3119274376417234,4096,0,0,0.3930453062057495,0,66,1,66,66,66,66,0
226,1.3177324263038548,4096,0,0,0.35984018445014954,0,66,1,66,66,66,66,0
227,1.3235374149659864,4096,0,0,0.3583393692970276,0,66,1,66,66,66,66,0
228,1.3293424036281178,4096,0,0,0.3914230167865753,0,66,1,66,66,66,66,0
229,1.3351473922902495,4096,0,0,0.3755945563316345,0,66,1,66,66,66,66,0
230,1.340952380952381,4096,0,0,0.34280645847320557,0,66,1,66,66,66,66,0
231,1.3467573696145125,4096,0,0,0.3940899670124054,0,66,1,66,66,66,66,0
232,1.352562358276644,4096,0,0,0.4855567216873169,0,66,1,66,66,66,66,0
233,1.3583673469387756,4096,0,0,0.4591543972492218,0,66,1,66,66,66,66,0
234,1.364172335600907,4096,0,0,0.3905259668827057,0,66,1,66,66,66,66,0
235,1.3699773242630386,4096,0,0,0.38466787338256836,0,66,1,66,66,66,66,0
236,1.37578231292517,4096,0,0,0.3489399552345276,0,66,1,66,66,66,66,0
237,1.3815873015873017,4096,0,0,0.3367979824542999,0,66,1,66,66,66,66,0
238,1.3873922902494331,4096,0,0,0.30518361926078796,0,66,1,66,66,66,66,0
239,1.3931972789115645,4096,0,0,0.31107276678085327,0,66,1,66,66,66,66,0
240,1.3990022675736962,4096,0,0,0.3112783432006836,0,66,1,66,66,66,66,0
241,1.4048072562358276,4096,0,0,0.3330658972263336,0,-1,1,66,66,66,66,0
242,1.4106122448979592,4096,0,0,0.2929452061653137,0,-1,1,66,66,66,66,0
243,1.4164172335600906,4096,0,0,0.3211841881275177,0,-1,0,66,66,66,66,0
244,1.4222222222222223,4096,0,0,0.3200411796569824,0,-1,0,66,-1,-1,-1,0
245,1.4280272108843537,4096,0,0,0.29155638813972473,0,-1,0,61,-1,-1,-1,0
246,1.4338321995464853,4096,0,0,0.2776590585708618,0,-1,0,61,-1,-1,-1,0
247,1.4396371882086167,4096,0,0,0.27297940850257874,0,-1,0,61,-1,-1,-1,0
248,1.4454421768707484,4096,0,0,0.3181016147136688,0,-1,0,61,-1,-1,-1,0
249,1.4512471655328798,4096,0,0,0.3047521412372589,0,-1,1,61,-1,-1,-1,0
250,1.4570521541950114,4096,0,0,0.27306801080703735,0,-1,1,61,61,61,61,0
251,1.4628571428571429,4096,0,0,0.26542189717292786,0,-1,1,61,61,61,61,0
252,1.4686621315192743,4096,0,0,0.27699005603790283,0,-1,1,61,61,61,61,0
253,1.474467120181406,4096,0,0,0.31260719895362854,0,-1,1,61,61,61,61,0
254,1.4802721088435373,4096,0,0,0.2945627272129059,0,-1,1,61,61,61,61,0
255,1.486077097505669,4096,0,0,0.2650417983531952,0,-1,1,61,61,61,61,0
256,1.4918820861678004,4096,0,0,0.29283690452575684,0,-1,1,61,61,61,61,0
257,1.497687074829932,4096,0,0,0.2930479347705841,0,-1,1,61,61,61,61,0
258,1.5034920634920634,4096,0,0,0.3028903603553772,0,-1,1,61,61,61,61,0
259,1.509297052154195,4096,0,0,0.2930848300457001,0,-1,1,61,61,61,61,0
260,1.5151020408163265,4096,0,0,0.26303380727767944,0,-1,1,61,61,61,61,0
261,1.5209070294784581,4096,0,0,0.3011655807495117,0,-1,1,61,61,61,61,0
262,1.5267120181405895,4096,0,0,0.29825565218925476,0,-1,1,61,61,61,61,0
263,1.5325170068027212,4096,0,0,0.2823652923107147,0,-1,1,61,61,61,61,0
264,1.5383219954648526,4096,0,0,0.2665850818157196,0,-1,1,61,61,61,61,0
265,1.5441269841269842,4096,0,0,0.25726643204689026,0,-1,1,61,61,61,61,0
266,1.5499319727891157,4096,0,0,0.2967923879623413,0,-1,1,61,61,61,61,0
267,1.555736961451247,4096,0,0,0.2838044762611389,0,-1,1,61,61,61,61,0
268,1.5615419501133787,4096,0,0,0.2616593539714813,0,-1,1,61,61,61,61,0
269,1.5673469387755101,4096,0,0,0.2440141886472702,0,-1,1,61,61,61,61,0
270,1.5731519274376418,4096,0,0,0.25877469778060913,0,-1,1,61,61,61,61,0
271,1.5789569160997732,4096,0,0,0.30633434653282166,0,-1,1,61,61,61,61,0
272,1.5847619047619048,4096,0,0,0.27922049164772034,0,-1,1,61,61,61,61,0
273,1.5905668934240362,4096,0,0,0.2553980052471161,0,-1,1,61,61,61,61,0
274,1.5963718820861679,4096,0,0,0.2667248249053955,0,-1,1,61,61,61,61,0
275,1.6021768707482993,4096,0,0,0.2716645896434784,0,-1,1,61,61,61,61,0
276,1.607981859410431,4096,0,0,0.2925300598144531,0,-1,1,61,61,61,61,0
277,1.6137868480725623,4096,0,0,0.2909507155418396,0,-1,1,61,61,61,61,0
278,1.619591836734694,4096,0,0,0.24864211678504944,0,-1,1,61,61,61,61,0
279,1.6253968253968254,4096,0,0,0.2338487207889557,0,-1,1,61,61,61,61,0
280,1.6312018140589568,4096,0,0,0.3290218710899353,0,-1,1,61,61,61,61,0
281,1.6370068027210884,4096,0,0,0.5419233441352844,0,-1,0,61,61,61,61,0
282,1.6428117913832199,4096,0,0,0.563273549079895,0,66,0,61,-1,-1,-1,0
283,1.6486167800453515,4096,0,0,0.6073617935180664,1,66,0,61,-1,-1,-1,0
284,1.654421768707483,4096,0,1,0.6221315264701843,1,66,0,61,-1,-1,-1,0
285,1.6602267573696146,4096,0,0,0.5551208853721619,0,66,0,61,-1,-1,-1,0
286,1.666031746031746,4096,0,0,0.589443564414978,1,66,0,61,-1,-1,-1,0
287,1.6718367346938776,4096,0,0,0.6042886972427368,1,66,0,61,-1,-1,-1,0
288,1.677641723356009,4096,0,0,0.5608311295509338,0,66,0,66,-1,-1,-1,0
289,1.6834467120181407,4096,0,0,0.5226423740386963,0,66,0,66,-1,-1,-1,0
290,1.689251700680272,4096,0,0,0.5048053860664368,0,66,1,66,-1,-1,-1,0
291,1.6950566893424037,4096,0,0,0.4856186807155609,0,66,1,66,66,66,66,0
292,1.7008616780045351,4096,0,0,0.47614341974258423,0,66,1,66,66,66,66,0
293,1.7066666666666668,4096,0,0,0.5107442140579224,0,66,1,66,66,66,66,0
294,1.7124716553287982,4096,0,0,0.5422368049621582,0,66,1,66,66,66,66,0
295,1.7182766439909296,4096,0,0,0.5283339619636536,0,66,1,66,66,66,66,0
296,1.7240816326530612,4096,0,0,0.48640355467796326,0,66,1,66,66,66,66,0
297,1.7298866213151927,4096,0,0,0.47139835357666016,0,66,1,66,66,66,66,0
298,1.7356916099773243,4096,0,0,0.4746989905834198,0,66,1,66,66,66,66,0
299,1.7414965986394557,4096,0,0,0.43989336490631104,0,66,1,66,66,66,66,0
300,1.7473015873015874,4096,0,0,0.40600526332855225,0,66,1,66,66,66,66,0
301,1.7531065759637188,4096,0,0,0.4374419152736664,0,66,1,66,66,66,66,0
302,1.7589115646258504,4096,0,0,0.43253543972969055,0,66,1,66,66,66,66,0
303,1.7647165532879818,4096,0,0,0.39576923847198486,0,66,1,66,66,66,66,0
304,1.7705215419501135,4096,0,0,0.3958468735218048,0,66,1,66,66,66,66,0
305,1.7763265306122449,4096,0,0,0.3940245807170868,0,66,1,66,66,66,66,0
306,1.7821315192743765,4096,0,0,0.39411526918411255,0,66,1,66,66,66,66,0
307,1.787936507936508,4096,0,0,0.3756282925605774,0,66,1,66,66,66,66,0
308,1.7937414965986394,4096,0,0,0.4053122401237488,0,66,1,66,66,66,66,0
309,1.799546485260771,4096,0,0,0.4132575988769531,0,66,1,66,66,66,66,0
310,1.8053514739229024,4096,0,0,0.3831161558628082,0,66,1,66,66,66,66,0
311,1.811156462585034,4096,0,0,0.3640564978122711,0,66,1,66,66,66,66,0
312,1.8169614512471655,4096,0,0,0.3494403064250946,0,66,1,66,66,66,66,0
313,1.822766439909297,4096,0,0,0.3622576892375946,0,66,1,66,66,66,66,0
314,1.8285714285714285,4096,0,0,0.31569936871528625,0,66,1,66,66,66,66,0
315,1.8343764172335602,4096,0,0,0.3282402753829956,0,66,1,66,66,66,66,0
316,1.8401814058956916,4096,0,0,0.3400435447692871,0,66,1,66,66,66,66,0
317,1.8459863945578232,4096,0,0,0.3221186697483063,0,66,1,66,66,66,66,0
318,1.8517913832199546,4096,0,0,0.3094673156738281,0,66,1,66,66,66,66,0
319,1.8575963718820863,4096,0,0,0.30651816725730896,0,66,1,66,66,66,66,0
320,1.8634013605442177,4096,0,0,0.3252890408039093,0,66,1,66,66,66,66,0
321,1.8692063492063493,4096,0,0,0.3357624113559723,0,66,1,66,66,66,66,0
322,1.8750113378684807,4096,0,0,0.3217355012893677,0,66,1,66,66,66,66,0
323,1.8808163265306121,4096,0,0,0.3120654821395874,0,66,1,66,66,66,66,0
324,1.8866213151927438,4096,0,0,0.2685871720314026,0,66,1,66,66,66,66,0
325,1.8924263038548752,4096,0,0,0.1780823916196823,0,66,1,66,66,66,66,0
326,1.8982312925170068,4096,0,0,0.08726820349693298,0,66,1,66,66,66,66,0
327,1.9040362811791383,4096,0,0,0.04688834771513939,0,66,1,66,66,66,66,0
328,1.90984126984127,4096,0,0,0.03716328740119934,0,66,0,66,66,66,66,0
329,1.9156462585034013,512,1,0,0.03315972164273262,0,66,1,53,66,66,66,0
330,1.921451247165533,512,0,0,0.028591910377144814,0,66,1,59,66,66,66,0
331,1.9272562358276644,512,0,0,0.02836271934211254,0,66,0,59,66,66,66,0
332,1.933061224489796,1024,0,0,0.02937636524438858,0,66,0,59,-1,-1,-1,0
333,1.9388662131519274,1024,0,0,0.02947092428803444,0,-1,0,59,-1,-1,-1,0
334,1.944671201814059,2048,0,0,0.028780441731214523,0,-1,0,59,-1,-1,-1,0
335,1.9504761904761905,2048,0,0,0.027429502457380295,0,-1,0,59,-1,-1,-1,0
336,1.956281179138322,2048,0,0,0.030352624133229256,0,-1,0,59,-1,-1,-1,0
337,1.9620861678004535,2048,0,0,0.06280043721199036,0,-1,1,59,-1,-1,-1,0
338,1.967891156462585,4096,0,0,0.12135059386491776,0,-1,0,66,-1,-1,-1,0
339,1.9736961451247166,4096,0,0,0.12948676943778992,0,-1,0,64,-1,-1,-1,0
340,1.979501133786848,4096,0,0,0.12690283358097076,0,-1,0,64,-1,-1,-1,0
341,1.9853061224489796,4096,0,0,0.11536092311143875,0,-1,0,64,-1,-1,-1,0
342,1.991111111111111,4096,0,0,0.12711912393569946,0,-1,0,63,-1,-1,-1,0
343,1.9969160997732427,4096,0,0,0.14027640223503113,0,-1,0,63,-1,-1,-1,0
344,2.0027210884353743,4096,0,0,0.12306327372789383,0,-1,0,63,-1,-1,-1,0
345,2.0085260770975055,4096,0,0,0.12349747121334076,0,-1,0,63,-1,-1,-1,0
346,2.014331065759637,4096,0,0,0.10991493612527847,0,-1,0,63,-1,-1,-1,0
347,2.020136054421769,4096,0,0,0.11412472277879715,0,-1,0,63,-1,-1,-1,0
348,2.0259410430839004,4096,0,0,0.12320204079151154,0,-1,0,63,-1,-1,-1,0
349,2.0317460317460316,4096,0,0,0.10687859356403351,0,-1,0,63,-1,-1,-1,0
350,2.0375510204081633,4096,0,0,0.1123829036951065,0,-1,0,63,-1,-1,-1,0
351,2.043356009070295,4096,0,0,0.11088883131742477,0,-1,0,63,-1,-1,-1,0
352,2.049160997732426,4096,0,0,0.10589664429426193,0,-1,0,63,-1,-1,-1,0
353,2.0549659863945577,4096,0,0,0.10908698290586472,0,-1,0,63,-1,-1,-1,0
354,2.0607709750566894,4096,0,0,0.09624499082565308,0,-1,0,63,-1,-1,-1,0
355,2.066575963718821,4096,0,0,0.10409904271364212,0,-1,0,63,-1,-1,-1,0
356,2.072380952380952,4096,0,0,0.10074616223573685,0,-1,0,63,-1,-1,-1,0
357,2.078185941043084,4096,0,0,0.0872548446059227,0,-1,0,63,-1,-1,-1,0
358,2.0839909297052155,4096,0,0,0.09827600419521332,0,-1,0,63,-1,-1,-1,0
359,2.089795918367347,4096,0,0,0.0921669453382492,0,-1,0,63,-1,-1,-1,0
360,2.0956009070294783,4096,0,0,0.09423753619194031,0,-1,0,63,-1,-1,-1,0
361,2.10140589569161,4096,0,0,0.09159760922193527,0,-1,0,63,-1,-1,-1,0
362,2.1072108843537416,4096,0,0,0.08417587727308273,0,-1,0,63,-1,-1,-1,0
363,2.1130158730158732,4096,0,0,0.10080952942371368,0,-1,0,63,-1,-1,-1,0
364,2.1188208616780044,4096,0,0,0.08724134415388107,0,-1,0,63,-1,-1,-1,0
365,2.124625850340136,4096,0,0,0.0804160013794899,0,-1,0,63,-1,-1,-1,0
366,2.1304308390022677,4096,0,0,0.07946851849555969,0,-1,0,63,-1,-1,-1,0
367,2.136235827664399,4096,0,0,0.07574259489774704,0,-1,0,63,-1,-1,-1,0
368,2.1420408163265305,4096,0,0,0.08818337321281433,0,-1,0,63,-1,-1,-1,0
369,2.147845804988662,4096,0,0,0.07905606925487518,0,-1,0,63,-1,-1,-1,0
370,2.153650793650794,4096,0,0,0.08413115888834,0,-1,0,63,-1,-1,-1,0
371,2.159455782312925,4096,0,0,0.09589580446481705,0,-1,0,63,-1,-1,-1,0
372,2.1652607709750566,4096,0,0,0.0825030580163002,0,-1,0,63,-1,-1,-1,0
373,2.1710657596371883,4096,0,0,0.0836939886212349,0,-1,0,63,-1,-1,-1,0
374,2.17687074829932,4096,0,0,0.0775422602891922,0,-1,0,63,-1,-1,-1,0
375,2.182675736961451,4096,0,0,0.07732115685939789,0,-1,0,63,-1,-1,-1,0
376,2.1884807256235828,4096,0,0,0.0777001902461052,0,-1,0,63,-1,-1,-1,0
377,2.1942857142857144,4096,0,0,0.06725571304559708,0,-1,0,63,-1,-1,-1,0
378,2.2000907029478456,4096,0,0,0.0805685743689537,0,-1,0,63,-1,-1,-1,0
379,2.2058956916099772,4096,0,0,0.08143332600593567,0,-1,0,63,-1,-1,-1,0
380,2.211700680272109,4096,0,0,0.06443426758050919,0,-1,0,63,-1,-1,-1,0
381,2.2175056689342405,4096,0,0,0.41130685806274414,0,-1,0,63,-1,-1,-1,0
382,2.2233106575963717,4096,0,0,0.418343186378479,0,68,0,63,-1,-1,-1,0
383,2.2291156462585033,4096,0,0,0.44590964913368225,0,68,0,63,-1,-1,-1,0
384,2.234920634920635,4096,0,1,0.4531036913394928,0,68,0,63,-1,-1,-1,0
385,2.2407256235827666,4096,0,0,0.46873873472213745,0,68,0,63,-1,-1,-1,0
386,2.246530612244898,4096,0,0,0.44315439462661743,0,68,0,63,-1,-1,-1,0
387,2.2523356009070294,4096,0,0,0.3916473686695099,0,68,0,63,-1,-1,-1,0
388,2.258140589569161,4096,0,0,0.4056117534637451,0,68,0,63,-1,-1,-1,0
389,2.2639455782312927,4096,0,0,0.4061412215232849,0,68,1,63,-1,-1,-1,0
390,2.269750566893424,4096,0,0,0.41258931159973145,0,68,1,63,63,63,63,0
391,2.2755555555555556,4096,0,0,0.39004790782928467,0,68,1,63,63,63,63,0
392,2.281360544217687,4096,0,0,0.38098251819610596,0,68,1,68,63,63,63,0
393,2.2871655328798184,4096,0,0,0.39361098408699036,0,68,1,68,68,63,63,0
394,2.29297052154195,4096,0,0,0.4264114797115326,0,68,1,68,68,63,63,0
395,2.2987755102040817,4096,0,0,0.4591328799724579,0,68,1,68,68,63,63,0
396,2.3045804988662133,4096,0,0,0.43616044521331787,0,68,1,68,68,63,63,0
397,2.3103854875283445,4096,0,0,0.40544113516807556,0,68,1,68,68,63,63,0
398,2.316190476190476,4096,0,0,0.39956480264663696,0,68,1,68,68,63,63,0
399,2.3219954648526078,4096,0,0,0.40166303515434265,0,68,1,68,68,63,63,0
400,2.3278004535147394,4096,0,0,0.40916645526885986,0,68,1,68,68,63,63,0
401,2.3336054421768706,4096,0,0,0.4058617949485779,0,68,1,68,68,63,63,0
402,2.3394104308390022,4096,0,0,0.39781874418258667,0,68,1,68,68,63,63,0
403,2.345215419501134,4096,0,0,0.40565845370292664,0,68,1,68,68,63,63,0
404,2.3510204081632655,4096,0,0,0.3614265024662018,0,68,1,68,68,63,63,0
405,2.3568253968253967,4096,0,0,0.3841560482978821,0,68,1,68,68,63,63,0
406,2.3626303854875284,4096,0,0,0.3839430809020996,0,68,1,68,68,63,63,0
407,2.36843537414966,4096,0,0,0.3875679075717926,0,68,1,68,68,63,63,0
408,2.374240362811791,4096,0,0,0.35610491037368774,0,68,1,68,68,63,63,0
409,2.380045351473923,4096,0,0,0.34316346049308777,0,68,1,68,68,63,63,0
410,2.3858503401360545,4096,0,0,0.3559029996395111,0,68,1,68,68,63,63,0
411,2.391655328798186,4096,0,0,0.35259369015693665,0,68,1,68,68,63,63,0
412,2.3974603174603173,4096,0,0,0.3448465168476105,0,68,1,68,68,63,63,0
413,2.403265306122449,4096,0,0,0.3493075668811798,0,68,1,68,68,63,63,0
414,2.4090702947845806,4096,0,0,0.3316113352775574,0,68,1,68,68,63,63,0
415,2.414875283446712,4096,0,0,0.31243664026260376,0,68,1,68,68,63,63,0
416,2.4206802721088434,4096,0,0,0.31894171237945557,0,68,1,68,68,63,63,0
417,2.426485260770975,4096,0,0,0.32074615359306335,0,68,1,68,68,63,63,0
418,2.4322902494331067,4096,0,0,0.3182885944843292,0,68,1,68,68,63,63,0
419,2.4380952380952383,4096,0,0,0.3173041343688965,0,68,1,68,68,63,63,0
420,2.4439002267573695,4096,0,0,0.32363900542259216,0,68,1,68,68,63,63,0
421,2.449705215419501,4096,0,0,0.3038477301597595,0,68,1,68,68,63,63,0
422,2.455510204081633,4096,0,0,0.2942866384983063,0,68,1,68,68,63,63,0
423,2.461315192743764,4096,0,0,0.2912559509277344,0,68,1,68,68,63,63,0
424,2.4671201814058956,4096,0,0,0.30349984765052795,0,68,1,68,68,63,63,0
425,2.4729251700680273,4096,0,0,0.308771014213562,0,68,1,68,68,63,63,0
426,2.478730158730159,4096,0,0,0.292745977640152,0,68,1,68,68,63,63,0
427,2.48453514739229,4096,0,0,0.31207409501075745,0,68,1,68,68,63,63,0
428,2.4903401360544217,4096,0,0,0.280521035194397,0,68,1,68,68,63,63,0
429,2.4961451247165534,4096,0,0,0.29478344321250916,0,68,1,68,68,63,63,0
430,2.501950113378685,4096,0,0,0.27745893597602844,0,68,1,68,68,63,63,0
431,2.507755102040816,4096,0,0,0.29201334714889526,0,68,1,68,68,63,63,0
432,2.513560090702948,4096,0,0,0.3057534396648407,0,68,1,68,68,63,63,0
433,2.5193650793650795,4096,0,0,0.2792833745479584,0,68,1,68,68,63,63,0
434,2.5251700680272107,4096,0,0,0.2769344449043274,0,68,1,68,68,63,63,0
435,2.5309750566893423,4096,0,0,0.2697761058807373,0,68,1,68,68,63,63,0
436,2.536780045351474,4096,0,0,0.2884198725223541,0,68,1,68,68,63,63,0
437,2.5425850340136056,4096,0,0,0.29932665824890137,0,68,1,68,68,63,63,0
438,2.5483900226757368,4096,0,0,0.279381662607193,0,68,1,68,68,63,63,0
439,2.5541950113378684,4096,0,0,0.2927478849887848,0,68,1,68,68,63,63,0
440,2.56,4096,0,0,0.27552956342697144,0,68,1,68,68,63,63,0
441,2.5658049886621317,4096,0,0,0.28972163796424866,0,68,1,68,68,63,63,0
442,2.571609977324263,4096,0,0,0.2772100865840912,0,68,1,68,68,63,63,0
443,2.5774149659863945,4096,0,0,0.29511547088623047,0,68,1,68,68,63,63,0
444,2.583219954648526,4096,0,0,0.30218207836151123,0,68,1,68,68,63,63,0
445,2.589024943310658,4096,0,0,0.2767601013183594,0,68,1,68,68,63,63,0
446,2.594829931972789,4096,0,0,0.2887117862701416,0,68,1,68,68,63,63,0
447,2.6006349206349206,4096,0,0,0.273935467004776,0,68,1,68,68,63,63,0
448,2.6064399092970523,4096,0,0,0.2902933359146118,0,68,1,68,68,63,63,0
449,2.6122448979591835,4096,0,0,0.2821407914161682,0,68,1,68,68,63,63,0
450,2.618049886621315,4096,0,0,0.29958483576774597,0,68,1,68,68,63,63,0
451,2.6238548752834467,4096,0,0,0.3083982765674591,0,68,1,68,68,63,63,0
452,2.6296598639455784,4096,0,0,0.2845219075679779,0,68,1,68,68,63,63,0
453,2.6354648526077096,4096,0,0,0.2993539273738861,0,68,1,68,68,63,63,0
454,2.641269841269841,4096,0,0,0.28237998485565186,0,68,1,68,68,63,63,0
455,2.647074829931973,4096,0,0,0.3033721148967743,0,68,1,68,68,63,63,0
456,2.6528798185941045,4096,0,0,0.3036203980445862,0,68,1,68,68,63,63,0
457,2.6586848072562357,4096,0,0,0.30054983496665955,0,68,1,68,68,63,63,0
458,2.6644897959183673,4096,0,0,0.31203046441078186,0,68,1,68,68,63,63,0
459,2.670294784580499,4096,0,0,0.278342068195343,0,68,1,68,68,63,63,0
460,2.6760997732426306,4096,0,0,0.30678004026412964,0,68,1,68,68,63,63,0
461,2.681904761904762,4096,0,0,0.3035374581813812,0,68,1,68,68,63,63,0
462,2.6877097505668934,4096,0,0,0.3100123703479767,0,68,1,68,68,63,63,0
463,2.693514739229025,4096,0,0,0.31950613856315613,0,68,1,68,68,63,63,0
464,2.6993197278911563,4096,0,0,0.2787820100784302,0,68,1,68,68,63,63,0
465,2.705124716553288,4096,0,0,0.30580243468284607,0,68,1,68,68,63,63,0
466,2.7109297052154195,4096,0,0,0.30155041813850403,0,68,1,68,68,63,63,0
467,2.716734693877551,4096,0,0,0.31270691752433777,0,68,1,68,68,63,63,0
468,2.7225396825396824,4096,0,0,0.3169223964214325,0,68,1,68,68,63,63,0
469,2.728344671201814,4096,0,0,0.2840796411037445,0,68,1,68,68,63,63,0
470,2.7341496598639456,4096,0,0,0.305347740650177,0,68,1,68,68,63,63,0
471,2.7399546485260773,4096,0,0,0.2890082597732544,0,68,1,68,68,63,63,0
472,2.7457596371882085,4096,0,0,0.31032705307006836,0,68,1,68,68,63,63,0
473,2.75156462585034,4096,0,0,0.3093077838420868,0,68,1,68,68,63,63,0
474,2.7573696145124718,4096,0,0,0.30688098073005676,0,68,1,68,68,63,63,0
475,2.7631746031746034,4096,0,0,0.3111196458339691,0,68,1,68,68,63,63,0
476,2.7689795918367346,4096,0,0,0.28026777505874634,0,68,1,68,68,63,63,0
477,2.7747845804988662,4096,0,0,0.31015482544898987,0,68,1,68,68,63,63,0
478,2.780589569160998,4096,0,0,0.29830703139305115,0,68,1,68,68,63,63,0
479,2.786394557823129,4096,0,0,0.3108004927635193,0,68,1,68,68,63,63,0
480,2.7921995464852607,4096,0,0,0.3137779235839844,0,68,1,68,68,63,63,0
481,2.7980045351473923,4096,0,0,0.2927425503730774,0,68,1,68,68,63,63,0
482,2.803809523809524,4096,0,0,0.29984429478645325,0,68,1,68,68,63,63,0
483,2.809614512471655,4096,0,0,0.279761403799057,0,68,1,68,68,63,63,0
484,2.815419501133787,4096,0,0,0.31156545877456665,0,68,1,68,68,63,63,0
485,2.8212244897959184,4096,0,0,0.3123443126678467,0,68,1,68,68,63,63,0
486,2.82702947845805,4096,0,0,0.3045385181903839,0,68,1,68,68,63,63,0
487,2.8328344671201813,4096,0,0,0.3060024380683899,0,68,1,68,68,63,63,0
488,2.838639455782313,4096,0,0,0.2769261300563812,0,68,1,68,68,63,63,0
489,2.8444444444444446,4096,0,0,0.30779528617858887,0,68,1,68,68,63,63,0
490,2.8502494331065757,4096,0,0,0.2983616292476654,0,68,1,68,68,63,63,0
491,2.8560544217687074,4096,0,0,0.3036312162876129,0,68,1,68,68,63,63,0
492,2.861859410430839,4096,0,0,0.3113498091697693,0,68,1,68,68,63,63,0
493,2.8676643990929707,4096,0,0,0.2750537693500519,0,68,1,68,68,63,63,0
494,2.873469387755102,4096,0,0,0.2946736812591553,0,68,1,68,68,63,63,0
495,2.8792743764172335,4096,0,0,0.2838802933692932,0,68,1,68,68,63,63,0
496,2.885079365079365,4096,0,0,0.3011578917503357,0,68,1,68,68,63,63,0
497,2.8908843537414968,4096,0,0,0.3081110417842865,0,68,1,68,68,63,63,0
498,2.896689342403628,4096,0,0,0.27960094809532166,0,68,1,68,68,63,63,0
499,2.9024943310657596,4096,0,0,0.283731609582901,0,68,1,68,68,63,63,0
500,2.9082993197278912,4096,0,0,0.2746391296386719,0,68,1,68,68,63,63,0
501,2.914104308390023,4096,0,0,0.3019125461578369,0,68,1,68,68,63,63,0
502,2.919909297052154,4096,0,0,0.3025660216808319,0,68,1,68,68,63,63,0
503,2.9257142857142857,4096,0,0,0.2899603545665741,0,68,1,68,68,63,63,0
504,2.9315192743764173,4096,0,0,0.30157333612442017,0,68,1,68,68,63,63,0
505,2.9373242630385485,4096,0,0,0.2696039080619812,0,68,1,68,68,63,63,0
506,2.94312925170068,4096,0,0,0.2906857132911682,0,68,1,68,68,63,63,0
507,2.948934240362812,4096,0,0,0.2836182415485382,0,68,1,68,68,63,63,0
508,2.9547392290249435,4096,0,0,0.2992454767227173,0,68,1,68,68,63,63,0
509,2.9605442176870747,4096,0,0,0.3055441379547119,0,68,1,68,68,63,63,0
510,2.9663492063492063,4096,0,0,0.27809688448905945,0,68,1,68,68,63,63,0
511,2.972154195011338,4096,0,0,0.28588780760765076,0,68,1,68,68,63,63,0
512,2.9779591836734696,4096,0,0,0.2704722583293915,0,68,1,68,68,63,63,0
513,2.9837641723356008,4096,0,0,0.29838311672210693,0,68,1,68,68,63,63,0
514,2.9895691609977324,4096,0,0,0.29424211382865906,0,68,1,68,68,63,63,0
515,2.995374149659864,4096,0,0,0.2912798523902893,0,68,1,68,68,63,63,0
516,3.0011791383219957,4096,0,0,0.30187973380088806,0,68,1,68,68,63,63,0
517,3.006984126984127,4096,0,0,0.266532838344574,0,68,1,68,68,63,63,0
518,3.0127891156462585,4096,0,0,0.28628385066986084,0,68,1,68,68,63,63,0
519,3.01859410430839,4096,0,0,0.28379473090171814,0,68,1,68,68,63,63,0
520,3.0243990929705213,4096,0,0,0.2941085696220398,0,68,1,68,68,63,63,0
521,3.030204081632653,4096,0,0,0.29918599128723145,0,68,1,68,68,63,63,0
522,3.0360090702947846,4096,0,0,0.26532483100891113,0,68,1,68,68,63,63,0
523,3.0418140589569163,4096,0,0,0.28153789043426514,0,68,1,68,68,63,63,0
524,3.0476190476190474,4096,0,0,0.2792033851146698,0,68,1,68,68,63,63,0
525,3.053424036281179,4096,0,0,0.2976345121860504,0,68,1,68,68,63,63,0
526,3.0592290249433107,4096,0,0,0.30274543166160583,0,68,1,68,68,63,63,0
527,3.0650340136054424,4096,0,0,0.2722587287425995,0,68,1,68,68,63,63,0
528,3.0708390022675736,4096,0,0,0.2831389605998993,0,68,1,68,68,63,63,0
529,3.076643990929705,4096,0,0,0.27907052636146545,0,68,1,68,68,63,63,0
530,3.082448979591837,4096,0,0,0.298816055059433,0,68,1,68,68,63,63,0
531,3.0882539682539685,4096,0,0,0.2998160123825073,0,68,1,68,68,63,63,0
532,3.0940589569160997,4096,0,0,0.2809421122074127,0,68,1,68,68,63,63,0
533,3.0998639455782313,4096,0,0,0.28661882877349854,0,68,1,68,68,63,63,0
534,3.105668934240363,4096,0,0,0.27029138803482056,0,68,1,68,68,63,63,0
535,3.111473922902494,4096,0,0,0.29411351680755615,0,68,1,68,68,63,63,0
536,3.1172789115646258,4096,0,0,0.2941681742668152,0,68,1,68,68,63,63,0
537,3.1230839002267574,4096,0,0,0.28653842210769653,0,68,1,68,68,63,63,0
538,3.128888888888889,4096,0,0,0.2904346287250519,0,68,1,68,68,63,63,0
539,3.1346938775510202,4096,0,0,0.2627788186073303,0,68,1,68,68,63,63,0
540,3.140498866213152,4096,0,0,0.28842437267303467,0,68,1,68,68,63,63,0
541,3.1463038548752835,4096,0,0,0.2907370626926422,0,68,1,68,68,63,63,0
542,3.152108843537415,4096,0,0,0.2937157154083252,0,68,1,68,68,63,63,0
543,3.1579138321995464,4096,0,0,0.2970902919769287,0,68,1,68,68,63,63,0
544,3.163718820861678,4096,0,0,0.2655477523803711,0,68,1,68,68,63,63,0
545,3.1695238095238096,4096,0,0,0.2852775752544403,0,68,1,68,68,63,63,0
546,3.175328798185941,4096,0,0,0.28491348028182983,0,68,1,68,68,63,63,0
547,3.1811337868480725,4096,0,0,0.29679885506629944,0,68,1,68,68,63,63,0
548,3.186938775510204,4096,0,0,0.2987666130065918,0,68,1,68,68,63,63,0
549,3.1927437641723357,4096,0,0,0.26400163769721985,0,68,1,68,68,63,63,0
550,3.198548752834467,4096,0,0,0.2763804495334625,0,68,1,68,68,63,63,0
551,3.2043537414965986,4096,0,0,0.27540987730026245,0,68,1,68,68,63,63,0
552,3.21015873015873,4096,0,0,0.2947366237640381,0,68,1,68,68,63,63,0
553,3.215963718820862,4096,0,0,0.29496529698371887,0,68,1,68,68,63,63,0
554,3.221768707482993,4096,0,0,0.2705148160457611,0,68,1,68,68,63,63,0
555,3.2275736961451247,4096,0,0,0.2745494246482849,0,68,1,68,68,63,63,0
556,3.2333786848072563,4096,0,0,0.2631218731403351,0,68,1,68,68,63,63,0
557,3.239183673469388,4096,0,0,0.2876286208629608,0,68,1,68,68,63,63,0
558,3.244988662131519,4096,0,0,0.288227915763855,0,68,1,68,68,63,63,0
559,3.250793650793651,4096,0,0,0.2779654860496521,0,68,1,68,68,63,63,0
560,3.2565986394557824,4096,0,0,0.2766779363155365,0,68,1,68,68,63,63,0
561,3.2624036281179136,4096,0,0,0.2557939887046814,0,68,1,68,68,63,63,0
562,3.2682086167800453,4096,0,0,0.28378453850746155,0,68,1,68,68,63,63,0
563,3.274013605442177,4096,0,0,0.23410984873771667,0,68,1,68,68,63,63,0
564,3.2798185941043085,4096,0,0,0.08876767009496689,0,68,1,68,68,63,63,0
565,3.2856235827664397,4096,0,0,0.03232564404606819,0,68,0,68,68,63,63,0
566,3.2914285714285714,4096,0,0,0.02868562750518322,0,68,0,68,-1,-1,-1,0
567,3.297233560090703,4096,0,0,0.028131259605288506,0,68,0,68,-1,-1,-1,0
568,3.3030385487528346,4096,0,0,0.028240740299224854,0,68,0,68,-1,-1,-1,0
569,3.308843537414966,4096,0,0,0.02749340794980526,0,-1,0,68,-1,-1,-1,0
570,3.3146485260770975,4096,0,0,0.027293791994452477,0,-1,0,68,-1,-1,-1,0
571,3.320453514739229,4096,0,0,0.02734709158539772,0,-1,0,69,-1,-1,-1,0
572,3.3262585034013608,4096,0,0,0.027514975517988205,0,-1,0,69,-1,-1,-1,0
573,3.332063492063492,4096,0,0,0.027470946311950684,0,-1,0,69,-1,-1,-1,0
574,3.3378684807256236,4096,0,0,0.027107110247015953,0,-1,0,69,-1,-1,-1,0
575,3.3436734693877552,4096,0,0,0.026984937489032745,0,-1,0,69,-1,-1,-1,0
576,3.3494784580498864,4096,0,0,0.027165500447154045,0,-1,0,69,-1,-1,-1,0
577,3.355283446712018,4096,0,0,0.0275978185236454,0,-1,0,72,-1,-1,-1,0
578,3.3610884353741497,4096,0,0,0.027300145477056503,0,-1,0,59,-1,-1,-1,0
579,3.3668934240362813,4096,0,0,0.027210714295506477,0,-1,0,59,-1,-1,-1,0
580,3.3726984126984125,4096,0,0,0.02756400592625141,0,-1,0,59,-1,-1,-1,0
581,3.378503401360544,4096,0,0,0.02756086178123951,0,-1,0,59,-1,-1,-1,0
582,3.384308390022676,4096,0,0,0.028101330623030663,0,-1,0,59,-1,-1,-1,0
583,3.3901133786848074,4096,0,0,0.027998780831694603,0,-1,0,59,-1,-1,-1,0
584,3.3959183673469386,4096,0,0,0.027907418087124825,0,-1,0,59,-1,-1,-1,0
585,3.4017233560090703,4096,0,0,0.02783132530748844,0,-1,0,59,-1,-1,-1,0
586,3.407528344671202,4096,0,0,0.027610696852207184,0,-1,0,59,-1,-1,-1,0
587,3.4133333333333336,4096,0,0,0.02743617631494999,0,-1,0,59,-1,-1,-1,0
588,3.4191383219954647,4096,0,0,0.027243254706263542,0,-1,0,59,-1,-1,-1,0
589,3.4249433106575964,4096,0,0,0.02719244360923767,0,-1,0,59,-1,-1,-1,0
590,3.430748299319728,4096,0,0,0.027560943737626076,0,-1,0,59,-1,-1,-1,0
591,3.436553287981859,4096,0,0,0.028038477525115013,0,-1,0,59,-1,-1,-1,0
592,3.442358276643991,4096,0,0,0.028507603332400322,0,-1,0,59,-1,-1,-1,0
593,3.4481632653061225,4096,0,0,0.028559653088450432,0,-1,0,59,-1,-1,-1,0
594,3.453968253968254,4096,0,0,0.027536699548363686,0,-1,0,59,-1,-1,-1,0
595,3.4597732426303853,4096,0,0,0.027699124068021774,0,-1,0,59,-1,-1,-1,0
596,3.465578231292517,4096,0,0,0.02795540541410446,0,-1,0,59,-1,-1,-1,0
597,3.4713832199546486,4096,0,0,0.027561742812395096,0,-1,0,59,-1,-1,-1,0
598,3.4771882086167802,4096,0,0,0.027426643297076225,0,-1,0,59,-1,-1,-1,0
599,3.4829931972789114,4096,0,0,0.02727573737502098,0,-1,0,59,-1,-1,-1,0
600,3.488798185941043,4096,0,0,0.02686411142349243,0,-1,0,59,-1,-1,-1,0
601,3.4946031746031747,4096,0,0,0.02694101445376873,0,-1,0,59,-1,-1,-1,0
602,3.500408163265306,4096,0,0,0.0276211965829134,0,-1,0,59,-1,-1,-1,0
603,3.5062131519274375,4096,0,0,0.027749747037887573,0,-1,0,59,-1,-1,-1,0
604,3.512018140589569,4096,0,0,0.027627240866422653,0,-1,0,59,-1,-1,-1,0
605,3.517823129251701,4096,0,0,0.027194764465093613,0,-1,0,59,-1,-1,-1,0
606,3.523628117913832,4096,0,0,0.027274062857031822,0,-1,0,59,-1,-1,-1,0
607,3.5294331065759637,4096,0,0,0.027168218046426773,0,-1,0,59,-1,-1,-1,0
608,3.5352380952380953,4096,0,0,0.02719937078654766,0,-1,0,59,-1,-1,-1,0
609,3.541043083900227,4096,0,0,0.027375727891921997,0,-1,0,59,-1,-1,-1,0
610,3.546848072562358,4096,0,0,0.027549978345632553,0,-1,0,59,-1,-1,-1,0
611,3.5526530612244898,512,1,0,0.027365414425730705,0,-1,0,59,-1,-1,-1,0
612,3.5584580498866214,512,0,0,0.027713879942893982,0,-1,0,59,-1,-1,-1,0
613,3.564263038548753,512,0,0,0.028011921793222427,0,-1,0,59,-1,-1,-1,0
614,3.5700680272108842,1024,0,0,0.027336958795785904,0,-1,0,59,-1,-1,-1,0
615,3.575873015873016,1024,0,0,0.027083704248070717,0,-1,0,59,-1,-1,-1,0
616,3.5816780045351475,2048,0,0,0.02717006392776966,0,-1,0,59,-1,-1,-1,0
617,3.5874829931972787,2048,0,0,0.027384869754314423,0,-1,0,59,-1,-1,-1,0
618,3.5932879818594103,2048,0,0,0.027334092184901237,0,-1,0,59,-1,-1,-1,0
619,3.599092970521542,2048,0,0,0.027538755908608437,0,-1,0,59,-1,-1,-1,0
620,3.6048979591836736,4096,0,0,0.02790171094238758,0,-1,0,59,-1,-1,-1,0
621,3.610702947845805,4096,0,0,0.027959316968917847,0,-1,0,59,-1,-1,-1,0
622,3.6165079365079364,4096,0,0,0.027777086943387985,0,-1,0,59,-1,-1,-1,0
623,3.622312925170068,4096,0,0,0.027468882501125336,0,-1,0,59,-1,-1,-1,0
624,3.6281179138321997,4096,0,0,0.027424156665802002,0,-1,0,59,-1,-1,-1,0
625,3.633922902494331,4096,0,0,0.0278948787599802,0,-1,0,59,-1,-1,-1,0
626,3.6397278911564626,4096,0,0,0.02778921276330948,0,-1,0,59,-1,-1,-1,0
627,3.645532879818594,4096,0,0,0.027615733444690704,0,-1,0,59,-1,-1,-1,0
628,3.651337868480726,4096,0,0,0.0276944637298584,0,-1,0,59,-1,-1,-1,0
629,3.657142857142857,4096,0,0,0.027364620938897133,0,-1,0,59,-1,-1,-1,0
630,3.6629478458049887,4096,0,0,0.02753874845802784,0,-1,0,59,-1,-1,-1,0
631,3.6687528344671203,4096,0,0,0.027705958113074303,0,-1,0,59,-1,-1,-1,0
632,3.6745578231292515,4096,0,0,0.02749449759721756,0,-1,0,59,-1,-1,-1,0
633,3.680362811791383,4096,0,0,0.027269981801509857,0,-1,0,59,-1,-1,-1,0
634,3.6861678004535148,4096,0,0,0.027367781847715378,0,-1,0,59,-1,-1,-1,0
635,3.6919727891156464,4096,0,0,0.02730785682797432,0,-1,0,59,-1,-1,-1,0
636,3.6977777777777776,4096,0,0,0.027231372892856598,0,-1,0,59,-1,-1,-1,0
637,3.7035827664399092,4096,0,0,0.027558665722608566,0,-1,0,59,-1,-1,-1,0
638,3.709387755102041,4096,0,0,0.027918944135308266,0,-1,0,59,-1,-1,-1,0
639,3.7151927437641725,4096,0,0,0.027785032987594604,0,-1,0,59,-1,-1,-1,0
640,3.7209977324263037,4096,0,0,0.02756398543715477,0,-1,0,59,-1,-1,-1,0
641,3.7268027210884354,4096,0,0,0.027247747406363487,0,-1,0,59,-1,-1,-1,0
642,3.732607709750567,4096,0,0,0.027118341997265816,0,-1,0,59,-1,-1,-1,0
643,3.7384126984126986,4096,0,0,0.026990097016096115,0,-1,0,59,-1,-1,-1,0
644,3.74421768707483,4096,0,0,0.02696784771978855,0,-1,0,59,-1,-1,-1,0
645,3.7500226757369615,4096,0,0,0.026883110404014587,0,-1,0,59,-1,-1,-1,0
646,3.755827664399093,4096,0,0,0.027272239327430725,0,-1,0,59,-1,-1,-1,0
647,3.7616326530612243,4096,0,0,0.027387535199522972,0,-1,0,59,-1,-1,-1,0
648,3.767437641723356,4096,0,0,0.026990825310349464,0,-1,0,59,-1,-1,-1,0
649,3.7732426303854876,4096,0,0,0.027478903532028198,0,-1,0,59,-1,-1,-1,0
650,3.779047619047619,4096,0,0,0.027655737474560738,0,-1,0,59,-1,-1,-1,0
651,3.7848526077097504,4096,0,0,0.02715141884982586,0,-1,0,59,-1,-1,-1,0
652,3.790657596371882,4096,0,0,0.027208134531974792,0,-1,0,59,-1,-1,-1,0
653,3.7964625850340137,4096,0,0,0.027881169691681862,0,-1,0,59,-1,-1,-1,0
654,3.8022675736961453,4096,0,0,0.02778499387204647,0,-1,0,59,-1,-1,-1,0
655,3.8080725623582765,4096,0,0,0.027260737493634224,0,-1,0,59,-1,-1,-1,0
656,3.813877551020408,4096,0,0,0.027907676994800568,0,-1,0,59,-1,-1,-1,0
657,3.81968253968254,4096,0,0,0.02825579233467579,0,-1,0,59,-1,-1,-1,0
658,3.825487528344671,4096,0,0,0.027665061876177788,0,-1,0,59,-1,-1,-1,0
659,3.8312925170068026,4096,0,0,0.02767089195549488,0,-1,0,59,-1,-1,-1,0
660,3.8370975056689343,4096,0,0,0.028047654777765274,0,-1,0,59,-1,-1,-1,0
661,3.842902494331066,4096,0,0,0.02761029452085495,0,-1,0,59,-1,-1,-1,0
662,3.848707482993197,4096,0,0,0.027650244534015656,0,-1,0,59,-1,-1,-1,0
663,3.8545124716553287,4096,0,0,0.02767699956893921,0,-1,0,59,-1,-1,-1,0
664,3.8603174603174604,4096,0,0,0.02787807397544384,0,-1,0,59,-1,-1,-1,0
665,3.866122448979592,4096,0,0,0.028167566284537315,0,-1,0,59,-1,-1,-1,0
666,3.871927437641723,4096,0,0,0.02743414044380188,0,-1,0,59,-1,-1,-1,0
667,3.877732426303855,4096,0,0,0.027226919308304787,0,-1,0,59,-1,-1,-1,0
668,3.8835374149659865,4096,0,0,0.027310645207762718,0,-1,0,59,-1,-1,-1,0
669,3.889342403628118,4096,0,0,0.027428429573774338,0,-1,0,59,-1,-1,-1,0
670,3.8951473922902493,4096,0,0,0.027094407007098198,0,-1,0,59,-1,-1,-1,0
671,3.900952380952381,4096,0,0,0.026995858177542686,0,-1,0,59,-1,-1,-1,0
672,3.9067573696145126,4096,0,0,0.027435101568698883,0,-1,0,59,-1,-1,-1,0
673,3.912562358276644,4096,0,0,0.0271548293530941,0,-1,0,59,-1,-1,-1,0
674,3.9183673469387754,4096,0,0,0.027240430936217308,0,-1,0,59,-1,-1,-1,0
675,3.924172335600907,4096,0,0,0.027779951691627502,0,-1,0,59,-1,-1,-1,0
676,3.9299773242630387,4096,0,0,0.02762787789106369,0,-1,0,59,-1,-1,-1,0
677,3.93578231292517,4096,0,0,0.0273654256016016,0,-1,0,59,-1,-1,-1,0
678,3.9415873015873015,4096,0,0,0.027626439929008484,0,-1,0,59,-1,-1,-1,0
679,3.947392290249433,4096,0,0,0.027475329115986824,0,-1,0,59,-1,-1,-1,0
680,3.953197278911565,4096,0,0,0.027500389143824577,0,-1,0,59,-1,-1,-1,0
681,3.959002267573696,4096,0,0,0.027158081531524658,0,-1,0,59,-1,-1,-1,0
682,3.9648072562358276,4096,0,0,0.027462851256132126,0,-1,0,59,-1,-1,-1,0
683,3.9706122448979593,4096,0,0,0.027324512600898743,0,-1,0,59,-1,-1,-1,0
684,3.976417233560091,4096,0,0,0.027209175750613213,0,-1,0,59,-1,-1,-1,0
685,3.982222222222222,4096,0,0,0.027564045041799545,0,-1,0,59,-1,-1,-1,0
686,3.9880272108843537,4096,0,0,0.027248036116361618,0,-1,0,59,-1,-1,-1,0
687,3.9938321995464854,4096,0,0,0.027192076668143272,0,-1,0,59,-1,-1,-1,0
688,3.9996371882086166,4096,0,0,0.027530016377568245,0,-1,0,59,-1,-1,-1,0
689,4.005442176870749,4096,0,0,0.027539566159248352,0,-1,0,59,-1,-1,-1,0
690,4.01124716553288,4096,0,0,0.027426091954112053,0,-1,0,59,-1,-1,-1,0
691,4.017052154195011,4096,0,0,0.027357563376426697,0,-1,0,59,-1,-1,-1,0
692,4.022857142857143,4096,0,0,0.027969686314463615,0,-1,0,59,-1,-1,-1,0
693,4.028662131519274,4096,0,0,0.027880677953362465,0,-1,0,59,-1,-1,-1,0
694,4.0344671201814055,4096,0,0,0.02788209356367588,0,-1,0,59,-1,-1,-1,0
695,4.040272108843538,4096,0,0,0.02737671695649624,0,-1,0,59,-1,-1,-1,0
696,4.046077097505669,4096,0,0,0.026995915919542313,0,-1,0,59,-1,-1,-1,0
697,4.051882086167801,512,1,0,0.026972321793437004,0,-1,0,59,-1,-1,-1,0
698,4.057687074829932,512,0,0,0.026857152581214905,0,-1,0,59,-1,-1,-1,0
699,4.063492063492063,512,0,0,0.02726171724498272,0,-1,0,59,-1,-1,-1,0
700,4.069297052154195,1024,0,0,0.027501709759235382,0,-1,0,59,-1,-1,-1,0
701,4.0751020408163265,1024,0,0,0.02750115469098091,0,-1,0,59,-1,-1,-1,0
702,4.080907029478458,2048,0,0,0.027567733079195023,0,-1,0,59,-1,-1,-1,0
703,4.08671201814059,2048,0,0,0.02751961350440979,0,-1,0,59,-1,-1,-1,0
704,4.092517006802721,2048,0,0,0.027467040345072746,0,-1,0,59,-1,-1,-1,0
705,4.098321995464852,2048,0,0,0.027515407651662827,0,-1,0,59,-1,-1,-1,0
706,4.104126984126984,4096,0,0,0.02794521301984787,0,-1,0,59,-1,-1,-1,0
707,4.1099319727891155,4096,0,0,0.027689147740602493,0,-1,0,59,-1,-1,-1,0
708,4.115736961451248,4096,0,0,0.027528293430805206,0,-1,0,59,-1,-1,-1,0
709,4.121541950113379,4096,0,0,0.027760718017816544,0,-1,0,59,-1,-1,-1,0
710,4.12734693877551,4096,0,0,0.02722777985036373,0,-1,0,59,-1,-1,-1,0
711,4.133151927437642,4096,0,0,0.02684805728495121,0,-1,0,59,-1,-1,-1,0
712,4.138956916099773,4096,0,0,0.02742474526166916,0,-1,0,59,-1,-1,-1,0
713,4.144761904761904,4096,0,0,0.027533812448382378,0,-1,0,59,-1,-1,-1,0
714,4.1505668934240365,4096,0,0,0.028027750551700592,0,-1,0,59,-1,-1,-1,0
715,4.156371882086168,4096,0,0,0.027937553822994232,0,-1,0,59,-1,-1,-1,0
716,4.162176870748299,4096,0,0,0.027527231723070145,0,-1,0,59,-1,-1,-1,0
717,4.167981859410431,4096,0,0,0.02751801162958145,0,-1,0,59,-1,-1,-1,0
718,4.173786848072562,4096,0,0,0.02785622328519821,0,-1,0,59,-1,-1,-1,0
719,4.179591836734694,4096,0,0,0.027534138411283493,0,-1,0,59,-1,-1,-1,0
720,4.1853968253968254,4096,0,0,0.027253055945038795,0,-1,0,59,-1,-1,-1,0
721,4.191201814058957,512,1,0,0.027240708470344543,0,-1,0,59,-1,-1,-1,0
722,4.197006802721089,512,0,0,0.027157822623848915,0,-1,0,59,-1,-1,-1,0
723,4.20281179138322,512,0,0,0.02742796577513218,0,-1,0,59,-1,-1,-1,0
724,4.208616780045351,1024,0,0,0.02767474763095379,0,-1,0,59,-1,-1,-1,0
725,4.214421768707483,1024,0,0,0.02784557268023491,0,-1,0,59,-1,-1,-1,0
726,4.220226757369614,2048,0,0,0.027364563196897507,0,-1,0,59,-1,-1,-1,0
727,4.2260317460317465,2048,0,0,0.027294054627418518,0,-1,0,59,-1,-1,-1,0
728,4.231836734693878,2048,0,0,0.02777668833732605,0,-1,0,59,-1,-1,-1,0
729,4.237641723356009,2048,0,0,0.02778131701052189,0,-1,0,59,-1,-1,-1,0
730,4.243446712018141,4096,0,0,0.027786055579781532,0,-1,0,59,-1,-1,-1,0
731,4.249251700680272,4096,0,0,0.028122084215283394,0,-1,0,59,-1,-1,-1,0
732,4.255056689342403,4096,0,0,0.030964991077780724,0,-1,0,59,-1,-1,-1,0
733,4.260861678004535,4096,0,0,0.03667668253183365,0,-1,0,59,-1,-1,-1,0
734,4.266666666666667,4096,0,0,0.04052378982305527,0,-1,0,59,-1,-1,-1,0
735,4.272471655328798,4096,0,0,0.040715549141168594,0,-1,0,72,-1,-1,-1,0
736,4.27827664399093,4096,0,0,0.03702598810195923,0,-1,0,72,-1,-1,-1,0
737,4.284081632653061,4096,0,0,0.04721160605549812,0,-1,0,72,-1,-1,-1,0
738,4.289886621315193,4096,0,0,0.8722951412200928,1,-1,0,72,-1,-1,-1,0
739,4.295691609977324,4096,0,0,0.865037739276886,1,68,0,72,-1,-1,-1,0
740,4.3014965986394555,4096,0,0,0.8786838054656982,1,68,0,72,-1,-1,-1,0
741,4.307301587301588,4096,0,1,0.830844521522522,1,68,0,72,-1,-1,-1,0
742,4.313106575963719,4096,0,0,0.5715524554252625,0,68,0,72,-1,-1,-1,0
743,4.31891156462585,4096,0,0,0.6935877799987793,1,68,0,68,-1,-1,-1,0
744,4.324716553287982,4096,0,0,0.5559399724006653,0,68,0,68,-1,-1,-1,0
745,4.330521541950113,4096,0,0,0.3196011781692505,0,68,0,68,-1,-1,-1,0
746,4.3363265306122445,4096,0,0,0.33889302611351013,0,68,0,68,-1,-1,-1,0
747,4.342131519274377,4096,0,0,0.41352349519729614,0,68,0,68,-1,-1,-1,0
748,4.347936507936508,4096,0,0,0.3673126995563507,0,68,1,68,-1,-1,-1,0
749,4.35374149659864,4096,0,0,0.5102980732917786,0,68,1,68,68,68,68,0
750,4.359546485260771,4096,0,0,0.6071650981903076,1,68,1,68,68,68,68,0
751,4.365351473922902,4096,0,0,0.5275521874427795,0,68,1,68,68,68,68,0
752,4.371156462585034,4096,0,0,0.5759191513061523,0,68,1,68,68,68,68,0
753,4.3769614512471655,4096,0,0,0.5809587836265564,0,68,1,68,68,68,68,0
754,4.382766439909297,4096,0,0,0.6344735026359558,1,68,1,68,68,68,68,0
755,4.388571428571429,4096,0,0,0.5473616719245911,0,68,1,68,68,68,68,0
756,4.39437641723356,4096,0,0,0.435056209564209,0,68,1,68,68,68,68,0
757,4.400181405895691,4096,0,0,0.34862712025642395,0,68,1,68,68,68,68,0
758,4.405986394557823,4096,0,0,0.4711662828922272,0,68,1,68,68,68,68,0
759,4.4117913832199545,4096,0,0,0.6122263073921204,1,68,1,68,68,68,68,0
760,4.4175963718820865,4096,0,0,0.6767157316207886,1,68,1,68,68,68,68,0
761,4.423401360544218,4096,0,0,0.6781764626502991,1,68,1,68,68,68,68,0
762,4.429206349206349,4096,0,0,0.5568904876708984,0,68,1,68,68,68,68,0
763,4.435011337868481,4096,0,0,0.7556396126747131,1,68,1,68,68,68,68,0
764,4.440816326530612,4096,0,0,0.8819946050643921,1,68,1,68,68,68,68,0
765,4.446621315192743,4096,0,0,0.9583931565284729,1,68,1,68,68,68,68,0
766,4.4524263038548755,4096,0,0,0.9226402044296265,1,68,1,68,68,68,68,0
767,4.458231292517007,4096,0,0,0.8461605906486511,1,68,1,68,68,68,68,0
768,4.464036281179139,4096,0,0,0.8113807439804077,1,68,1,68,68,68,68,0
769,4.46984126984127,4096,0,0,0.6150705814361572,1,68,1,68,68,68,68,0
770,4.475646258503401,4096,0,0,0.44270434975624084,0,68,1,68,68,68,68,0
771,4.481451247165533,4096,0,0,0.43256276845932007,0,68,1,68,68,68,68,0
772,4.487256235827664,4096,0,0,0.42573240399360657,0,68,1,68,68,68,68,0
773,4.493061224489796,4096,0,0,0.35776621103286743,0,68,1,68,68,68,68,0
774,4.498866213151928,4096,0,0,0.20906347036361694,0,68,1,68,68,68,68,0
775,4.504671201814059,4096,0,0,0.0804591178894043,0,68,1,68,68,68,68,0
776,4.51047619047619,4096,0,0,0.09145823121070862,0,68,1,68,68,68,68,0
777,4.516281179138322,4096,0,0,0.11897746473550797,0,68,1,68,68,68,68,0
778,4.522086167800453,4096,0,0,0.08829694241285324,0,68,0,68,68,68,68,0
779,4.527891156462585,4096,0,0,0.09762471914291382,0,-1,0,68,-1,-1,-1,0
780,4.533696145124717,4096,0,0,0.09571588784456253,0,-1,0,68,-1,-1,-1,0
781,4.539501133786848,4096,0,0,0.08754584193229675,0,-1,0,63,-1,-1,-1,0
782,4.54530612244898,4096,0,0,0.08034373074769974,0,-1,0,63,-1,-1,-1,0
783,4.551111111111111,4096,0,0,0.07900254428386688,0,-1,0,63,-1,-1,-1,0
784,4.556916099773242,4096,0,0,0.08746536821126938,0,-1,0,63,-1,-1,-1,0
785,4.562721088435374,4096,0,0,0.08324729651212692,0,-1,0,63,-1,-1,-1,0
786,4.568526077097506,4096,0,0,0.07992395758628845,0,-1,0,63,-1,-1,-1,0
787,4.574331065759637,4096,0,0,0.08848513662815094,0,-1,0,63,-1,-1,-1,0
788,4.580136054421769,4096,0,0,0.08036711066961288,0,-1,0,63,-1,-1,-1,0
789,4.5859410430839,4096,0,0,0.08035925030708313,0,-1,0,63,-1,-1,-1,0
790,4.591746031746032,4096,0,0,0.07190871983766556,0,-1,0,63,-1,-1,-1,0
791,4.597551020408163,4096,0,0,0.07808950543403625,0,-1,0,63,-1,-1,-1,0
792,4.6033560090702945,4096,0,0,0.09241129457950592,0,-1,0,63,-1,-1,-1,0
793,4.609160997732427,4096,0,0,0.07382737100124359,0,-1,0,63,-1,-1,-1,0
794,4.614965986394558,4096,0,0,0.07433069497346878,0,-1,0,63,-1,-1,-1,0
795,4.620770975056689,4096,0,0,0.0762476697564125,0,-1,0,63,-1,-1,-1,0
796,4.626575963718821,4096,0,0,0.07405158132314682,0,-1,0,63,-1,-1,-1,0
797,4.632380952380952,4096,0,0,0.07607043534517288,0,-1,0,63,-1,-1,-1,0
798,4.6381859410430835,4096,0,0,0.0707172304391861,0,-1,0,63,-1,-1,-1,0
799,4.6439909297052155,4096,0,0,0.07574894279241562,0,-1,0,63,-1,-1,-1,0
800,4.649795918367347,4096,0,0,0.06922360509634018,0,-1,0,63,-1,-1,-1,0
801,4.655600907029479,4096,0,0,0.06415005773305893,0,-1,0,63,-1,-1,-1,0
802,4.66140589569161,4096,0,0,0.07062260806560516,0,-1,0,63,-1,-1,-1,0
803,4.667210884353741,4096,0,0,0.06597854197025299,0,-1,0,63,-1,-1,-1,0
804,4.673015873015873,4096,0,0,0.061728719621896744,0,-1,0,63,-1,-1,-1,0
805,4.6788208616780045,4096,0,0,0.057036858052015305,0,-1,0,63,-1,-1,-1,0
806,4.684625850340136,4096,0,0,0.043326035141944885,0,-1,0,63,-1,-1,-1,0
807,4.690430839002268,4096,0,0,0.5174651741981506,0,-1,0,63,-1,-1,-1,0
808,4.696235827664399,4096,0,0,0.7652738690376282,1,68,0,63,-1,-1,-1,0
809,4.702040816326531,4096,0,0,0.7244988679885864,1,68,0,63,-1,-1,-1,0
810,4.707845804988662,4096,0,1,0.6208120584487915,1,68,0,63,-1,-1,-1,0
811,4.713650793650793,4096,0,0,0.42375805974006653,0,68,0,63,-1,-1,-1,0
812,4.7194557823129255,4096,0,0,0.4243297874927521,0,68,0,63,-1,-1,-1,0
813,4.725260770975057,4096,0,0,0.34571781754493713,0,68,0,63,-1,-1,-1,0
814,4.731065759637188,4096,0,0,0.3316745162010193,0,68,0,63,-1,-1,-1,0
815,4.73687074829932,4096,0,0,0.2287871092557907,0,68,0,63,-1,-1,-1,0
816,4.742675736961451,4096,0,0,0.2105720490217209,0,68,0,68,-1,-1,-1,0
817,4.748480725623582,4096,0,0,0.2271346151828766,0,68,1,68,-1,-1,-1,0
818,4.7542857142857144,4096,0,0,0.3170459568500519,0,68,1,68,68,68,68,0
819,4.760090702947846,4096,0,0,0.45569029450416565,0,68,1,68,68,68,68,0
820,4.765895691609978,4096,0,0,0.4313914477825165,0,68,1,68,68,68,68,0
821,4.771700680272109,4096,0,0,0.4251369535923004,0,68,1,68,68,68,68,0
822,4.77750566893424,4096,0,0,0.4504411518573761,0,68,1,68,68,68,68,0
823,4.783310657596372,4096,0,0,0.4030746519565582,0,68,1,68,68,68,68,0
824,4.789115646258503,4096,0,0,0.41588500142097473,0,68,1,68,68,68,68,0
825,4.794920634920635,4096,0,0,0.3357484042644501,0,68,1,68,68,68,68,0
826,4.800725623582767,4096,0,0,0.2799563407897949,0,68,1,68,68,68,68,0
827,4.806530612244898,4096,0,0,0.3010651469230652,0,68,1,68,68,68,68,0
828,4.812335600907029,4096,0,0,0.4220528304576874,0,68,1,68,68,68,68,0
829,4.818140589569161,4096,0,0,0.4724675118923187,0,68,1,68,68,68,68,0
830,4.823945578231292,4096,0,0,0.41930654644966125,0,68,1,68,68,68,68,0
831,4.829750566893424,4096,0,0,0.4291906952857971,0,68,1,68,68,68,68,0
832,4.835555555555556,4096,0,0,0.42088553309440613,0,68,1,68,68,68,68,0
833,4.841360544217687,4096,0,0,0.4724588096141815,0,68,1,68,68,68,68,0
834,4.847165532879819,4096,0,0,0.49216946959495544,0,68,1,68,68,68,68,0
835,4.85297052154195,4096,0,0,0.3957504630088806,0,68,1,68,68,68,68,0
836,4.858775510204081,4096,0,0,0.34409764409065247,0,68,1,68,68,68,68,0
837,4.864580498866213,4096,0,0,0.31385931372642517,0,68,1,68,68,68,68,0
838,4.8703854875283445,4096,0,0,0.3229890763759613,0,68,1,68,68,68,68,0
839,4.876190476190477,4096,0,0,0.35217034816741943,0,68,1,68,68,68,68,0
840,4.881995464852608,4096,0,0,0.2910327613353729,0,68,1,68,68,68,68,0
841,4.887800453514739,4096,0,0,0.31701046228408813,0,68,1,68,68,68,68,0
842,4.893605442176871,4096,0,0,0.31034401059150696,0,68,1,68,68,68,68,0
843,4.899410430839002,4096,0,0,0.36254432797431946,0,68,1,68,68,68,68,0
844,4.9052154195011335,4096,0,0,0.3792307674884796,0,68,1,68,68,68,68,0
845,4.911020408163266,4096,0,0,0.3389890789985657,0,68,1,68,68,68,68,0
846,4.916825396825397,4096,0,0,0.35412389039993286,0,68,1,68,68,68,68,0
847,4.922630385487528,4096,0,0,0.29383423924446106,0,68,1,68,68,68,68,0
848,4.92843537414966,4096,0,0,0.28190597891807556,0,68,1,68,68,68,68,0
849,4.934240362811791,4096,0,0,0.30585977435112,0,68,1,68,68,68,68,0
850,4.940045351473923,4096,0,0,0.3322563171386719,0,68,1,68,68,68,68,0
851,4.9458503401360545,4096,0,0,0.3501921594142914,0,68,1,68,68,68,68,0
852,4.951655328798186,4096,0,0,0.3073597252368927,0,68,1,68,68,68,68,0
853,4.957460317460318,4096,0,0,0.3416815400123596,0,68,1,68,68,68,68,0
854,4.963265306122449,4096,0,0,0.3191421329975128,0,68,1,68,68,68,68,0
855,4.96907029478458,4096,0,0,0.28766173124313354,0,68,1,68,68,68,68,0
856,4.974875283446712,4096,0,0,0.3257988691329956,0,68,1,68,68,68,68,0
857,4.9806802721088435,4096,0,0,0.2805241644382477,0,68,1,68,68,68,68,0
858,4.986485260770975,4096,0,0,0.33555272221565247,0,68,1,68,68,68,68,0
859,4.992290249433107,4096,0,0,0.2645694613456726,0,68,1,68,68,68,68,0
860,4.998095238095238,4096,0,0,0.31591370701789856,0,68,1,68,68,68,68,0
861,5.00390022675737,4096,0,0,0.3270900249481201,0,68,1,68,68,68,68,0
862,5.009705215419501,4096,0,0,0.2864086329936981,0,68,1,68,68,68,68,0
863,5.015510204081632,4096,0,0,0.39022350311279297,0,68,1,68,68,68,68,0
864,5.0213151927437645,4096,0,0,0.3380989730358124,0,68,1,68,68,68,68,0
865,5.027120181405896,4096,0,0,0.40660998225212097,0,68,1,68,68,68,68,0
866,5.032925170068027,4096,0,0,0.3542810380458832,0,68,1,68,68,68,68,0
867,5.038730158730159,4096,0,0,0.34037092328071594,0,68,1,68,68,68,68,0
868,5.04453514739229,4096,0,0,0.3535533547401428,0,68,1,68,68,68,68,0
869,5.050340136054421,4096,0,0,0.3062717616558075,0,68,1,68,68,68,68,0
870,5.056145124716553,4096,0,0,0.3741089403629303,0,68,1,68,68,68,68,0
871,5.061950113378685,4096,0,0,0.363282173871994,0,68,1,68,68,68,68,0
872,5.067755102040817,4096,0,0,0.3878692090511322,0,68,1,68,68,68,68,0
873,5.073560090702948,4096,0,0,0.36912083625793457,0,68,1,68,68,68,68,0
874,5.079365079365079,4096,0,0,0.35305288434028625,0,68,1,68,68,68,68,0
875,5.085170068027211,4096,0,0,0.43117040395736694,0,68,1,68,68,68,68,0
876,5.090975056689342,4096,0,0,0.3883143961429596,0,68,1,68,68,68,68,0
877,5.0967800453514736,4096,0,0,0.44043511152267456,0,68,1,68,68,68,68,0
878,5.102585034013606,4096,0,0,0.40043482184410095,0,68,1,68,68,68,68,0
879,5.108390022675737,4096,0,0,0.3920349180698395,0,68,1,68,68,68,68,0
880,5.114195011337869,4096,0,0,0.39564770460128784,0,68,1,68,68,68,68,0
881,5.12,4096,0,0,0.3652120530605316,0,68,1,68,68,68,68,0
882,5.125804988662131,4096,0,0,0.4385232627391815,0,68,1,68,68,68,68,0
883,5.131609977324263,4096,0,0,0.41952094435691833,0,68,1,68,68,68,68,0
884,5.137414965986395,4096,0,0,0.4309310019016266,0,68,1,68,68,68,68,0
885,5.143219954648526,4096,0,0,0.4193763732910156,0,68,1,68,68,68,68,0
886,5.149024943310658,4096,0,0,0.42762792110443115,0,68,1,68,68,68,68,0
887,5.154829931972789,4096,0,0,0.4929376244544983,0,68,1,68,68,68,68,0
888,5.16063492063492,4096,0,0,0.46347668766975403,0,68,1,68,68,68,68,0
889,5.166439909297052,4096,0,0,0.45358026027679443,0,68,1,68,68,68,68,0
890,5.1722448979591835,4096,0,0,0.3548377454280853,0,68,1,68,68,68,68,0
891,5.178049886621316,4096,0,0,0.29706764221191406,0,68,1,68,68,68,68,0
892,5.183854875283447,4096,0,0,0.24252329766750336,0,68,1,68,68,68,68,0
893,5.189659863945578,4096,0,0,0.30730512738227844,0,68,1,68,68,68,68,0
894,5.19546485260771,4096,0,0,0.4077511131763458,0,68,1,68,68,68,68,0
895,5.201269841269841,4096,0,0,0.6575925350189209,1,68,1,68,68,68,68,0
896,5.2070748299319725,4096,0,0,0.6659903526306152,1,68,1,68,68,68,68,0
897,5.2128798185941045,4096,0,0,0.6680886149406433,1,68,1,68,68,68,68,0
898,5.218684807256236,4096,0,0,0.5495192408561707,0,68,1,68,68,68,68,0
899,5.224489795918367,4096,0,0,0.38002708554267883,0,68,1,68,68,68,68,0
900,5.230294784580499,4096,0,0,0.19793538749217987,0,68,1,68,68,68,68,0
901,5.23609977324263,4096,0,0,0.07935547083616257,0,68,0,68,68,68,68,0
902,5.241904761904762,512,1,0,0.04130616784095764,0,68,1,59,68,68,68,0
903,5.2477097505668935,512,0,0,0.02950098365545273,0,68,0,59,68,68,68,0
904,5.253514739229025,512,0,0,0.02741863764822483,0,68,0,59,-1,-1,-1,0
905,5.259319727891157,1024,0,0,0.027609916403889656,0,-1,0,59,-1,-1,-1,0
906,5.265124716553288,1024,0,0,0.027554385364055634,0,-1,0,59,-1,-1,-1,0
907,5.270929705215419,2048,0,0,0.02810824103653431,0,-1,0,59,-1,-1,-1,0
908,5.276734693877551,2048,0,0,0.029407916590571404,0,-1,1,59,-1,-1,-1,0
909,5.282539682539682,2048,0,0,0.029204746708273888,0,-1,1,59,59,59,59,0
910,5.288344671201814,2048,0,0,0.0280376635491848,0,-1,0,59,59,59,59,0
911,5.294149659863946,4096,0,0,0.028032097965478897,0,-1,0,59,-1,-1,-1,0
912,5.299954648526077,4096,0,0,0.028402747586369514,0,-1,0,59,-1,-1,-1,0
913,5.305759637188209,4096,0,0,0.04010501876473427,0,-1,0,59,-1,-1,-1,0
914,5.31156462585034,4096,0,0,0.2680003046989441,0,-1,0,59,-1,-1,-1,0
915,5.317369614512471,4096,0,0,0.3173946142196655,0,66,0,59,-1,-1,-1,0
916,5.3231746031746034,4096,0,0,0.28771737217903137,0,66,0,59,-1,-1,-1,0
917,5.328979591836735,4096,0,1,0.29426348209381104,0,66,0,72,-1,-1,-1,0
918,5.334784580498866,4096,0,0,0.31009453535079956,0,66,0,66,-1,-1,-1,0
919,5.340589569160998,4096,0,0,0.30757519602775574,0,66,0,66,-1,-1,-1,0
920,5.346394557823129,4096,0,0,0.306867390871048,0,66,0,66,-1,-1,-1,0
921,5.352199546485261,4096,0,0,0.3294399082660675,0,66,0,66,-1,-1,-1,0
922,5.358004535147392,4096,0,0,0.3102121353149414,0,66,0,66,-1,-1,-1,0
923,5.363809523809524,4096,0,0,0.29152804613113403,0,66,0,66,-1,-1,-1,0
924,5.369614512471656,4096,0,0,0.2922462224960327,0,66,0,66,-1,-1,-1,0
925,5.375419501133787,4096,0,0,0.3193058967590332,0,66,0,66,-1,-1,-1,0
926,5.381224489795918,4096,0,0,0.31492629647254944,0,66,0,66,-1,-1,-1,0
927,5.38702947845805,4096,0,0,0.3116999566555023,0,66,0,66,-1,-1,-1,0
928,5.392834467120181,4096,0,0,0.3289945721626282,0,66,1,66,-1,-1,-1,0
929,5.3986394557823125,4096,0,0,0.3096998333930969,0,66,1,66,66,66,66,0
930,5.404444444444445,4096,0,0,0.2898634672164917,0,66,1,66,66,66,66,0
931,5.410249433106576,4096,0,0,0.28834375739097595,0,66,1,66,66,66,66,0
932,5.416054421768708,4096,0,0,0.314024418592453,0,66,1,66,66,66,66,0
933,5.421859410430839,4096,0,0,0.30881407856941223,0,66,1,66,66,66,66,0
934,5.42766439909297,4096,0,0,0.29895466566085815,0,66,1,66,66,66,66,0
935,5.433469387755102,4096,0,0,0.313056617975235,0,66,1,66,66,66,66,0
936,5.4392743764172335,4096,0,0,0.29433494806289673,0,66,1,66,66,66,66,0
937,5.445079365079365,4096,0,0,0.2811431884765625,0,66,1,66,66,66,66,0
938,5.450884353741497,4096,0,0,0.28597360849380493,0,66,1,66,66,66,66,0
939,5.456689342403628,4096,0,0,0.31245675683021545,0,66,1,66,66,66,66,0
940,5.462494331065759,4096,0,0,0.31447383761405945,0,66,1,66,66,66,66,0
941,5.468299319727891,4096,0,0,0.2705797851085663,0,66,1,66,66,66,66,0
942,5.4741043083900225,4096,0,0,0.19508236646652222,0,66,1,66,66,66,66,0
943,5.479909297052155,4096,0,0,0.0838228389620781,0,66,1,66,66,66,66,0
944,5.485714285714286,4096,0,0,0.04452503100037575,0,66,0,66,66,66,66,0
945,5.491519274376417,4096,0,0,0.03393028303980827,0,66,0,66,-1,-1,-1,0
946,5.497324263038549,4096,0,0,0.030002864077687263,0,66,0,66,-1,-1,-1,0
947,5.50312925170068,4096,0,0,0.028598207980394363,0,66,0,66,-1,-1,-1,0
948,5.508934240362811,512,1,0,0.02792401611804962,0,66,0,59,-1,-1,-1,0
949,5.5147392290249435,512,0,0,0.02744525671005249,0,-1,0,59,-1,-1,-1,0
950,5.520544217687075,512,0,0,0.02754330262541771,0,-1,0,59,-1,-1,-1,0
951,5.526349206349207,1024,0,0,0.02758043073117733,0,-1,0,59,-1,-1,-1,0
952,5.532154195011338,1024,0,0,0.027566371485590935,0,-1,0,59,-1,-1,-1,0
953,5.537959183673469,2048,0,0,0.027412353083491325,0,-1,0,59,-1,-1,-1,0
954,5.543764172335601,2048,0,0,0.027277234941720963,0,-1,0,59,-1,-1,-1,0
955,5.5495691609977325,2048,0,0,0.027424460276961327,0,-1,0,59,-1,-1,-1,0
956,5.555374149659864,2048,0,0,0.026873307302594185,0,-1,0,59,-1,-1,-1,0
957,5.561179138321996,4096,0,0,0.026639068499207497,0,-1,0,72,-1,-1,-1,0
958,5.566984126984127,4096,0,0,0.027207016944885254,0,-1,0,72,-1,-1,-1,0
959,5.572789115646258,4096,0,0,0.02722432278096676,0,-1,0,59,-1,-1,-1,0
960,5.57859410430839,4096,0,0,0.02747410722076893,0,-1,0,59,-1,-1,-1,0
961,5.584399092970521,4096,0,0,0.027361368760466576,0,-1,0,59,-1,-1,-1,0
962,5.5902040816326535,4096,0,0,0.02694918029010296,0,-1,0,59,-1,-1,-1,0
963,5.596009070294785,4096,0,0,0.027227817103266716,0,-1,0,59,-1,-1,-1,0
964,5.601814058956916,4096,0,0,0.02740146964788437,0,-1,0,59,-1,-1,-1,0
965,5.607619047619048,4096,0,0,0.027520058676600456,0,-1,0,59,-1,-1,-1,0
966,5.613424036281179,4096,0,0,0.027423612773418427,0,-1,0,59,-1,-1,-1,0
967,5.61922902494331,4096,0,0,0.02756313793361187,0,-1,0,59,-1,-1,-1,0
968,5.625034013605442,4096,0,0,0.02749849483370781,0,-1,0,59,-1,-1,-1,0
969,5.630839002267574,4096,0,0,0.027668192982673645,0,-1,0,59,-1,-1,-1,0
970,5.636643990929705,4096,0,0,0.027633005753159523,0,-1,0,59,-1,-1,-1,0
971,5.642448979591837,512,1,0,0.02754119038581848,0,-1,0,59,-1,-1,-1,0
972,5.648253968253968,512,0,0,0.027285169810056686,0,-1,0,59,-1,-1,-1,0
973,5.6540589569161,512,0,0,0.027107354253530502,0,-1,0,59,-1,-1,-1,0
974,5.659863945578231,1024,0,0,0.02736571803689003,0,-1,0,59,-1,-1,-1,0
975,5.6656689342403626,1024,0,0,0.02787395939230919,0,-1,0,59,-1,-1,-1,0
976,5.671473922902495,2048,0,0,0.027522528544068336,0,-1,0,59,-1,-1,-1,0
977,5.677278911564626,2048,0,0,0.027305204421281815,0,-1,0,59,-1,-1,-1,0
978,5.683083900226757,2048,0,0,0.027661290019750595,0,-1,0,59,-1,-1,-1,0
979,5.688888888888889,2048,0,0,0.02765495516359806,0,-1,0,59,-1,-1,-1,0
980,5.69469387755102,4096,0,0,0.027313755825161934,0,-1,0,59,-1,-1,-1,0
981,5.7004988662131515,4096,0,0,0.02722887136042118,0,-1,0,59,-1,-1,-1,0
982,5.706303854875284,4096,0,0,0.02760603465139866,0,-1,0,59,-1,-1,-1,0
983,5.712108843537415,4096,0,0,0.02727431431412697,0,-1,0,59,-1,-1,-1,0
984,5.717913832199547,4096,0,0,0.027640696614980698,0,-1,0,59,-1,-1,-1,0
985,5.723718820861678,4096,0,0,0.027960795909166336,0,-1,0,59,-1,-1,-1,0
986,5.729523809523809,4096,0,0,0.027588555589318275,0,-1,0,59,-1,-1,-1,0
987,5.735328798185941,4096,0,0,0.02712656371295452,0,-1,0,59,-1,-1,-1,0
988,5.7411337868480725,4096,0,0,0.027087630704045296,0,-1,0,59,-1,-1,-1,0
989,5.746938775510204,4096,0,0,0.027548672631382942,0,-1,0,59,-1,-1,-1,0
990,5.752743764172336,4096,0,0,0.02788577787578106,0,-1,0,59,-1,-1,-1,0
991,5.758548752834467,4096,0,0,0.027734635397791862,0,-1,0,59,-1,-1,-1,0
992,5.764353741496599,4096,0,0,0.027975279837846756,0,-1,0,59,-1,-1,-1,0
993,5.77015873015873,4096,0,0,0.028049591928720474,0,-1,0,59,-1,-1,-1,0
994,5.7759637188208615,4096,0,0,0.027986474335193634,0,-1,0,59,-1,-1,-1,0
995,5.7817687074829935,4096,0,0,0.027309441938996315,0,-1,0,59,-1,-1,-1,0
996,5.787573696145125,4096,0,0,0.02698517218232155,0,-1,0,59,-1,-1,-1,0
997,5.793378684807256,4096,0,0,0.02728899195790291,0,-1,0,59,-1,-1,-1,0
998,5.799183673469388,4096,0,0,0.02723879925906658,0,-1,0,59,-1,-1,-1,0
999,5.804988662131519,4096,0,0,0.02758353017270565,0,-1,0,59,-1,-1,-1,0
1000,5.81079365079365,4096,0,0,0.027518827468156815,0,-1,0,59,-1,-1,-1,0
1001,5.8165986394557825,4096,0,0,0.02699366770684719,0,-1,0,59,-1,-1,-1,0
1002,5.822403628117914,4096,0,0,0.027307812124490738,0,-1,0,59,-1,-1,-1,0
1003,5.828208616780046,4096,0,0,0.027673784643411636,0,-1,0,59,-1,-1,-1,0
1004,5.834013605442177,4096,0,0,0.028005054220557213,0,-1,0,59,-1,-1,-1,0
1005,5.839818594104308,4096,0,0,0.027653008699417114,0,-1,0,59,-1,-1,-1,0
1006,5.84562358276644,4096,0,0,0.02773507870733738,0,-1,0,59,-1,-1,-1,0
1007,5.851428571428571,4096,0,0,0.027554461732506752,0,-1,0,59,-1,-1,-1,0
1008,5.857233560090703,4096,0,0,0.027398552745580673,0,-1,0,59,-1,-1,-1,0
1009,5.863038548752835,4096,0,0,0.02768876776099205,0,-1,0,59,-1,-1,-1,0
1010,5.868843537414966,4096,0,0,0.027842829003930092,0,-1,0,59,-1,-1,-1,0
1011,5.874648526077097,4096,0,0,0.028447547927498817,0,-1,0,59,-1,-1,-1,0
1012,5.880453514739229,4096,0,0,0.028677763417363167,0,-1,0,59,-1,-1,-1,0
1013,5.88625850340136,4096,0,0,0.028746411204338074,0,-1,0,59,-1,-1,-1,0
1014,5.8920634920634924,4096,0,0,0.028694869950413704,0,-1,0,59,-1,-1,-1,0
1015,5.897868480725624,512,1,0,0.030177604407072067,0,-1,1,59,-1,-1,-1,0
1016,5.903673469387755,512,0,0,0.4731987416744232,0,-1,1,59,59,59,59,0
1017,5.909478458049887,512,0,0,0.43536660075187683,0,70,1,70,59,59,59,0
1018,5.915283446712018,1024,0,0,0.5673097968101501,0,70,1,70,70,59,59,0
1019,5.921088435374149,1024,0,1,0.6416309475898743,1,70,1,70,70,70,70,0
1020,5.926893424036281,2048,0,0,0.6001027822494507,1,70,1,70,70,70,70,0
1021,5.932698412698413,2048,0,0,0.5224078297615051,0,70,1,70,70,70,70,0
1022,5.938503401360544,2048,0,0,0.4531049430370331,0,70,1,70,70,70,70,0
1023,5.944308390022676,2048,0,0,0.4832690954208374,0,70,1,70,70,70,70,0
1024,5.950113378684807,4096,0,0,0.4678938686847687,0,70,0,70,70,70,70,0
1025,5.955918367346939,4096,0,0,0.35624080896377563,0,70,1,70,70,70,70,0
1026,5.96172335600907,4096,0,0,0.3670561909675598,0,70,1,70,70,70,70,0
1027,5.9675283446712015,4096,0,0,0.4517079293727875,0,70,1,70,70,70,70,0
1028,5.973333333333334,4096,0,0,0.5481228232383728,0,70,1,70,70,70,70,0
1029,5.979138321995465,4096,0,0,0.5567923784255981,0,70,1,70,70,70,70,0
1030,5.984943310657596,4096,0,0,0.39153969287872314,0,70,1,70,70,70,70,0
1031,5.990748299319728,4096,0,0,0.35437190532684326,0,70,1,70,70,70,70,0
1032,5.996553287981859,4096,0,0,0.49128445982933044,0,70,1,70,70,70,70,0
1033,6.002358276643991,4096,0,0,0.5555270910263062,0,70,1,70,70,70,70,0
1034,6.0081632653061225,4096,0,0,0.5432727336883545,0,70,1,70,70,70,70,0
1035,6.013968253968254,4096,0,0,0.40137943625450134,0,70,1,70,70,70,70,0
1036,6.019773242630386,4096,0,0,0.35159602761268616,0,70,1,70,70,70,70,0
1037,6.025578231292517,4096,0,0,0.5012819766998291,0,70,1,70,70,70,70,0
1038,6.031383219954648,4096,0,0,0.49365469813346863,0,70,1,70,70,70,70,0
1039,6.03718820861678,4096,0,0,0.4396616518497467,0,70,1,70,70,70,70,0
1040,6.0429931972789115,4096,0,0,0.4062747657299042,0,70,1,70,70,70,70,0
1041,6.048798185941043,4096,0,0,0.37332820892333984,0,70,1,70,70,70,70,0
1042,6.054603174603175,4096,0,0,0.3833480477333069,0,70,1,70,70,70,70,0
1043,6.060408163265306,4096,0,0,0.34146344661712646,0,70,1,70,70,70,70,0
1044,6.066213151927438,4096,0,0,0.34765878319740295,0,70,1,70,70,70,70,0
1045,6.072018140589569,4096,0,0,0.45013701915740967,0,70,1,70,70,70,70,0
1046,6.0778231292517,4096,0,0,0.41498494148254395,0,70,1,70,70,70,70,0
1047,6.0836281179138325,4096,0,0,0.3515138626098633,0,70,1,70,70,70,70,0
1048,6.089433106575964,4096,0,0,0.31050071120262146,0,70,1,70,70,70,70,0
1049,6.095238095238095,4096,0,0,0.3291313052177429,0,70,1,70,70,70,70,0
1050,6.101043083900227,4096,0,0,0.31075090169906616,0,70,1,70,70,70,70,0
1051,6.106848072562358,4096,0,0,0.2946465313434601,0,70,1,70,70,70,70,0
1052,6.112653061224489,4096,0,0,0.37969863414764404,0,70,1,70,70,70,70,0
1053,6.1184580498866215,4096,0,0,0.34552326798439026,0,70,1,70,70,70,70,0
1054,6.124263038548753,4096,0,0,0.23206529021263123,0,70,1,70,70,70,70,0
1055,6.130068027210885,4096,0,0,0.2700015902519226,0,70,1,70,70,70,70,0
1056,6.135873015873016,4096,0,0,0.3665110766887665,0,70,1,70,70,70,70,0
1057,6.141678004535147,4096,0,0,0.3727377653121948,0,70,1,70,70,70,70,0
1058,6.147482993197279,4096,0,0,0.3127764165401459,0,70,1,70,70,70,70,0
1059,6.15328798185941,4096,0,0,0.30974268913269043,0,70,1,70,70,70,70,0
1060,6.159092970521542,4096,0,0,0.3232390582561493,0,70,1,70,70,70,70,0
1061,6.164897959183674,4096,0,0,0.3544175624847412,0,70,1,70,70,70,70,0
1062,6.170702947845805,4096,0,0,0.3356252908706665,0,70,1,70,70,70,70,0
1063,6.176507936507937,4096,0,0,0.28948432207107544,0,70,1,70,70,70,70,0
1064,6.182312925170068,4096,0,0,0.26641663908958435,0,70,1,70,70,70,70,0
1065,6.188117913832199,4096,0,0,0.33483171463012695,0,70,1,70,70,70,70,0
1066,6.193922902494331,4096,0,0,0.34312841296195984,0,70,1,70,70,70,70,0
1067,6.199727891156463,4096,0,0,0.26813673973083496,0,70,1,70,70,70,70,0
1068,6.205532879818594,4096,0,0,0.29973354935646057,0,70,1,70,70,70,70,0
1069,6.211337868480726,4096,0,0,0.30440494418144226,0,70,1,70,70,70,70,0
1070,6.217142857142857,4096,0,0,0.28097620606422424,0,70,1,70,70,70,70,0
1071,6.222947845804988,4096,0,0,0.3156132400035858,0,70,1,70,70,70,70,0
1072,6.22875283446712,4096,0,0,0.30494359135627747,0,70,1,70,70,70,70,0
1073,6.2345578231292516,4096,0,0,0.29443690180778503,0,70,1,70,70,70,70,0
1074,6.240362811791384,4096,0,0,0.2851438522338867,0,70,1,70,70,70,70,0
1075,6.246167800453515,4096,0,0,0.29151132702827454,0,70,1,70,70,70,70,0
1076,6.251972789115646,4096,0,0,0.30885231494903564,0,70,1,70,70,70,70,0
1077,6.257777777777778,4096,0,0,0.27550214529037476,0,70,1,70,70,70,70,0
1078,6.263582766439909,4096,0,0,0.27912092208862305,0,70,1,70,70,70,70,0
1079,6.2693877551020405,4096,0,0,0.3062584400177002,0,70,1,70,70,70,70,0
1080,6.275192743764173,4096,0,0,0.2693227529525757,0,70,1,70,70,70,70,0
1081,6.280997732426304,4096,0,0,0.2540333569049835,0,70,1,70,70,70,70,0
1082,6.286802721088435,4096,0,0,0.29744747281074524,0,70,1,70,70,70,70,0
1083,6.292607709750567,4096,0,0,0.29715830087661743,0,70,1,70,70,70,70,0
1084,6.298412698412698,4096,0,0,0.23440854251384735,0,70,1,70,70,70,70,0
1085,6.30421768707483,4096,0,0,0.2666875422000885,0,70,1,70,70,70,70,0
1086,6.3100226757369615,4096,0,0,0.30733180046081543,0,70,1,70,70,70,70,0
1087,6.315827664399093,4096,0,0,0.26568132638931274,0,70,1,70,70,70,70,0
1088,6.321632653061225,4096,0,0,0.26362696290016174,0,70,1,70,70,70,70,0
1089,6.327437641723356,4096,0,0,0.279655396938324,0,70,1,70,70,70,70,0
1090,6.333242630385487,4096,0,0,0.2640477418899536,0,70,1,70,70,70,70,0
1091,6.339047619047619,4096,0,0,0.24123041331768036,0,70,1,70,70,70,70,0
1092,6.3448526077097505,4096,0,0,0.2693731188774109,0,70,1,70,70,70,70,0
1093,6.350657596371882,4096,0,0,0.2785642743110657,0,70,1,70,70,70,70,0
1094,6.356462585034014,4096,0,0,0.2331550419330597,0,70,1,70,70,70,70,0
1095,6.362267573696145,4096,0,0,0.26092949509620667,0,70,1,70,70,70,70,0
1096,6.368072562358277,4096,0,0,0.27788153290748596,0,70,1,70,70,70,70,0
1097,6.373877551020408,4096,0,0,0.2549862861633301,0,70,1,70,70,70,70,0
1098,6.379682539682539,4096,0,0,0.267696350812912,0,70,1,70,70,70,70,0
1099,6.3854875283446715,4096,0,0,0.27698904275894165,0,70,1,70,70,70,70,0
1100,6.391292517006803,4096,0,0,0.2646695673465729,0,70,1,70,70,70,70,0
1101,6.397097505668934,4096,0,0,0.24724651873111725,0,70,1,70,70,70,70,0
1102,6.402902494331066,4096,0,0,0.24584367871284485,0,70,1,70,70,70,70,0
1103,6.408707482993197,4096,0,0,0.2739165723323822,0,70,1,70,70,70,70,0
1104,6.414512471655329,4096,0,0,0.2565583288669586,0,70,1,70,70,70,70,0
1105,6.42031746031746,4096,0,0,0.24389559030532837,0,70,1,70,70,70,70,0
1106,6.426122448979592,4096,0,0,0.2646738290786743,0,70,1,70,70,70,70,0
1107,6.431927437641724,4096,0,0,0.2571336627006531,0,70,1,70,70,70,70,0
1108,6.437732426303855,4096,0,0,0.23958198726177216,0,70,1,70,70,70,70,0
1109,6.443537414965986,4096,0,0,0.2483271360397339,0,70,1,70,70,70,70,0
1110,6.449342403628118,4096,0,0,0.2681017816066742,0,70,1,70,70,70,70,0
1111,6.455147392290249,4096,0,0,0.253256231546402,0,70,1,70,70,70,70,0
1112,6.460952380952381,4096,0,0,0.25830787420272827,0,70,1,70,70,70,70,0
1113,6.466757369614513,4096,0,0,0.265315979719162,0,70,1,70,70,70,70,0
1114,6.472562358276644,4096,0,0,0.2442338913679123,0,70,1,70,70,70,70,0
1115,6.478367346938776,4096,0,0,0.2698734700679779,0,70,1,70,70,70,70,0
1116,6.484172335600907,4096,0,0,0.28774166107177734,0,70,1,70,70,70,70,0
1117,6.489977324263038,4096,0,0,0.2772733271121979,0,70,1,70,70,70,70,0
1118,6.49578231292517,4096,0,0,0.24320219457149506,0,70,1,70,70,70,70,0
1119,6.501587301587302,4096,0,0,0.2563748359680176,0,70,1,70,70,70,70,0
1120,6.507392290249433,4096,0,0,0.2873554825782776,0,70,1,70,70,70,70,0
1121,6.513197278911565,4096,0,0,0.26908251643180847,0,70,1,70,70,70,70,0
1122,6.519002267573696,4096,0,0,0.2592984735965729,0,70,1,70,70,70,70,0
1123,6.524807256235827,4096,0,0,0.26897192001342773,0,70,1,70,70,70,70,0
1124,6.530612244897959,4096,0,0,0.2603389024734497,0,70,1,70,70,70,70,0
1125,6.5364172335600905,4096,0,0,0.2803080976009369,0,70,1,70,70,70,70,0
1126,6.542222222222223,4096,0,0,0.29015105962753296,0,70,1,70,70,70,70,0
1127,6.548027210884354,4096,0,0,0.2821965217590332,0,70,1,70,70,70,70,0
1128,6.553832199546485,4096,0,0,0.2603844106197357,0,70,1,70,70,70,70,0
1129,6.559637188208617,4096,0,0,0.2652566134929657,0,70,1,70,70,70,70,0
1130,6.565442176870748,4096,0,0,0.29510781168937683,0,70,1,70,70,70,70,0
1131,6.5712471655328795,4096,0,0,0.2762277126312256,0,70,1,70,70,70,70,0
1132,6.5770521541950115,4096,0,0,0.2681869864463806,0,70,1,70,70,70,70,0
1133,6.582857142857143,4096,0,0,0.28151053190231323,0,70,1,70,70,70,70,0
1134,6.588662131519274,4096,0,0,0.2805015742778778,0,70,1,70,70,70,70,0
1135,6.594467120181406,4096,0,0,0.2772035002708435,0,70,1,70,70,70,70,0
1136,6.600272108843537,4096,0,0,0.2772786319255829,0,70,1,70,70,70,70,0
1137,6.606077097505669,4096,0,0,0.2839886248111725,0,70,1,70,70,70,70,0
1138,6.6118820861678005,4096,0,0,0.2689352333545685,0,70,1,70,70,70,70,0
1139,6.617687074829932,4096,0,0,0.27356481552124023,0,70,1,70,70,70,70,0
1140,6.623492063492064,4096,0,0,0.28689688444137573,0,70,1,70,70,70,70,0
1141,6.629297052154195,4096,0,0,0.2605245113372803,0,70,1,70,70,70,70,0
1142,6.635102040816326,4096,0,0,0.27988994121551514,0,70,1,70,70,70,70,0
1143,6.640907029478458,4096,0,0,0.29984474182128906,0,70,1,70,70,70,70,0
1144,6.646712018140589,4096,0,0,0.28243395686149597,0,70,1,70,70,70,70,0
1145,6.6525170068027215,4096,0,0,0.26760634779930115,0,70,1,70,70,70,70,0
1146,6.658321995464853,4096,0,0,0.26990094780921936,0,70,1,70,70,70,70,0
1147,6.664126984126984,4096,0,0,0.28950807452201843,0,70,1,70,70,70,70,0
1148,6.669931972789116,4096,0,0,0.2760787010192871,0,70,1,70,70,70,70,0
1149,6.675736961451247,4096,0,0,0.2739385664463043,0,70,1,70,70,70,70,0
1150,6.681541950113378,4096,0,0,0.28929510712623596,0,70,1,70,70,70,70,0
1151,6.6873469387755105,4096,0,0,0.25915470719337463,0,70,1,70,70,70,70,0
1152,6.693151927437642,4096,0,0,0.2731456756591797,0,70,1,70,70,70,70,0
1153,6.698956916099773,4096,0,0,0.29438385367393494,0,70,1,70,70,70,70,0
1154,6.704761904761905,4096,0,0,0.2735522389411926,0,70,1,70,70,70,70,0
1155,6.710566893424036,4096,0,0,0.2775666117668152,0,70,1,70,70,70,70,0
1156,6.716371882086168,4096,0,0,0.27882105112075806,0,70,1,70,70,70,70,0
1157,6.722176870748299,4096,0,0,0.28343090415000916,0,70,1,70,70,70,70,0
1158,6.727981859410431,4096,0,0,0.2668881416320801,0,70,1,70,70,70,70,0
1159,6.733786848072563,4096,0,0,0.2672613561153412,0,70,1,70,70,70,70,0
1160,6.739591836734694,4096,0,0,0.29129505157470703,0,70,1,70,70,70,70,0
1161,6.745396825396825,4096,0,0,0.2661641240119934,0,70,1,70,70,70,70,0
1162,6.751201814058957,4096,0,0,0.26291128993034363,0,70,1,70,70,70,70,0
1163,6.757006802721088,4096,0,0,0.2802521586418152,0,70,1,70,70,70,70,0
1164,6.7628117913832195,4096,0,0,0.2685321569442749,0,70,1,70,70,70,70,0
1165,6.768616780045352,4096,0,0,0.2782629430294037,0,70,1,70,70,70,70,0
1166,6.774421768707483,4096,0,0,0.28230124711990356,0,70,1,70,70,70,70,0
1167,6.780226757369615,4096,0,0,0.269335001707077,0,70,1,70,70,70,70,0
1168,6.786031746031746,4096,0,0,0.26277226209640503,0,70,1,70,70,70,70,0
1169,6.791836734693877,4096,0,0,0.2659927010536194,0,70,1,70,70,70,70,0
1170,6.797641723356009,4096,0,0,0.2897862493991852,0,70,1,70,70,70,70,0
1171,6.8034467120181406,4096,0,0,0.2669694721698761,0,70,1,70,70,70,70,0
1172,6.809251700680272,4096,0,0,0.25327247381210327,0,70,1,70,70,70,70,0
1173,6.815056689342404,4096,0,0,0.27820566296577454,0,70,1,70,70,70,70,0
1174,6.820861678004535,4096,0,0,0.2663085460662842,0,70,1,70,70,70,70,0
1175,6.826666666666667,4096,0,0,0.27546772360801697,0,70,1,70,70,70,70,0
1176,6.832471655328798,4096,0,0,0.28117993474006653,0,70,1,70,70,70,70,0
1177,6.8382766439909295,4096,0,0,0.26444211602211,0,70,1,70,70,70,70,0
1178,6.844081632653062,4096,0,0,0.2666373550891876,0,70,1,70,70,70,70,0
1179,6.849886621315193,4096,0,0,0.26618465781211853,0,70,1,70,70,70,70,0
1180,6.855691609977324,4096,0,0,0.2789192199707031,0,70,1,70,70,70,70,0
1181,6.861496598639456,4096,0,0,0.2651063799858093,0,70,1,70,70,70,70,0
1182,6.867301587301587,4096,0,0,0.25168758630752563,0,70,1,70,70,70,70,0
1183,6.873106575963718,4096,0,0,0.2777916491031647,0,70,1,70,70,70,70,0
1184,6.8789115646258505,4096,0,0,0.26261934638023376,0,70,1,70,70,70,70,0
1185,6.884716553287982,4096,0,0,0.2596206068992615,0,70,1,70,70,70,70,0
1186,6.890521541950114,4096,0,0,0.27860257029533386,0,70,1,70,70,70,70,0
1187,6.896326530612245,4096,0,0,0.2631470263004303,0,70,1,70,70,70,70,0
1188,6.902131519274376,4096,0,0,0.2716931104660034,0,70,1,70,70,70,70,0
1189,6.907936507936508,4096,0,0,0.2740808427333832,0,70,1,70,70,70,70,0
1190,6.9137414965986395,4096,0,0,0.2640308737754822,0,70,1,70,70,70,70,0
1191,6.919546485260771,4096,0,0,0.26577192544937134,0,70,1,70,70,70,70,0
1192,6.925351473922903,4096,0,0,0.258352667093277,0,70,1,70,70,70,70,0
1193,6.931156462585034,4096,0,0,0.27594876289367676,0,70,1,70,70,70,70,0
1194,6.936961451247165,4096,0,0,0.262412965297699,0,70,1,70,70,70,70,0
1195,6.942766439909297,4096,0,0,0.24921855330467224,0,70,1,70,70,70,70,0
1196,6.948571428571428,4096,0,0,0.2750891149044037,0,70,1,70,70,70,70,0
1197,6.9543764172335605,4096,0,0,0.26068115234375,0,70,1,70,70,70,70,0
1198,6.960181405895692,4096,0,0,0.2695786952972412,0,70,1,70,70,70,70,0
1199,6.965986394557823,4096,0,0,0.2772691547870636,0,70,1,70,70,70,70,0
1200,6.971791383219955,4096,0,0,0.257035493850708,0,70,1,70,70,70,70,0
1201,6.977596371882086,4096,0,0,0.26535212993621826,0,70,1,70,70,70,70,0
1202,6.983401360544217,4096,0,0,0.2621888518333435,0,70,1,70,70,70,70,0
1203,6.989206349206349,4096,0,0,0.2740922272205353,0,70,1,70,70,70,70,0
1204,6.995011337868481,4096,0,0,0.2637501358985901,0,70,1,70,70,70,70,0
1205,7.000816326530612,4096,0,0,0.2508297264575958,0,70,1,70,70,70,70,0
1206,7.006621315192744,4096,0,0,0.2772231698036194,0,70,1,70,70,70,70,0
1207,7.012426303854875,4096,0,0,0.26346826553344727,0,70,1,70,70,70,70,0
1208,7.018231292517007,4096,0,0,0.26490339636802673,0,70,1,70,70,70,70,0
1209,7.024036281179138,4096,0,0,0.2792400121688843,0,70,1,70,70,70,70,0
1210,7.02984126984127,4096,0,0,0.2586802840232849,0,70,1,70,70,70,70,0
1211,7.035646258503402,4096,0,0,0.2740287184715271,0,70,1,70,70,70,70,0
1212,7.041451247165533,4096,0,0,0.27216026186943054,0,70,1,70,70,70,70,0
1213,7.047256235827664,4096,0,0,0.26988282799720764,0,70,1,70,70,70,70,0
1214,7.053061224489796,4096,0,0,0.27335748076438904,0,70,1,70,70,70,70,0
1215,7.058866213151927,4096,0,0,0.25946152210235596,0,70,1,70,70,70,70,0
1216,7.064671201814059,4096,0,0,0.2805585265159607,0,70,1,70,70,70,70,0
1217,7.070476190476191,4096,0,0,0.27066683769226074,0,70,1,70,70,70,70,0
1218,7.076281179138322,4096,0,0,0.2586875259876251,0,70,1,70,70,70,70,0
1219,7.082086167800454,4096,0,0,0.2815292179584503,0,70,1,70,70,70,70,0
1220,7.087891156462585,4096,0,0,0.26546210050582886,0,70,1,70,70,70,70,0
1221,7.093696145124716,4096,0,0,0.2745446562767029,0,70,1,70,70,70,70,0
1222,7.099501133786848,4096,0,0,0.2827569246292114,0,70,1,70,70,70,70,0
1223,7.1053061224489795,4096,0,0,0.26185500621795654,0,70,1,70,70,70,70,0
1224,7.111111111111111,4096,0,0,0.2755667567253113,0,70,1,70,70,70,70,0
1225,7.116916099773243,4096,0,0,0.27128323912620544,0,70,1,70,70,70,70,0
1226,7.122721088435374,4096,0,0,0.28124380111694336,0,70,1,70,70,70,70,0
1227,7.128526077097506,4096,0,0,0.2758972644805908,0,70,1,70,70,70,70,0
1228,7.134331065759637,4096,0,0,0.25951507687568665,0,70,1,70,70,70,70,0
1229,7.1401360544217685,4096,0,0,0.2857236862182617,0,70,1,70,70,70,70,0
1230,7.1459410430839005,4096,0,0,0.27246031165122986,0,70,1,70,70,70,70,0
1231,7.151746031746032,4096,0,0,0.267397403717041,0,70,1,70,70,70,70,0
1232,7.157551020408163,4096,0,0,0.2869967222213745,0,70,1,70,70,70,70,0
1233,7.163356009070295,4096,0,0,0.2668067514896393,0,70,1,70,70,70,70,0
1234,7.169160997732426,4096,0,0,0.283598393201828,0,70,1,70,70,70,70,0
1235,7.174965986394557,4096,0,0,0.2881079912185669,0,70,1,70,70,70,70,0
1236,7.1807709750566895,4096,0,0,0.16432467103004456,0,70,1,70,70,70,70,0
1237,7.186575963718821,4096,0,0,0.06958740949630737,0,70,1,70,70,70,70,0
1238,7.192380952380953,4096,0,0,0.03956921398639679,0,70,1,70,70,70,70,0
1239,7.198185941043084,4096,0,0,0.031599052250385284,0,70,0,70,70,70,70,0
1240,7.203990929705215,4096,0,0,0.029620064422488213,0,70,0,70,-1,-1,-1,0
1241,7.209795918367347,4096,0,0,0.029088333249092102,0,70,0,70,-1,-1,-1,0
1242,7.215600907029478,4096,0,0,0.028515392914414406,0,70,0,70,-1,-1,-1,0
1243,7.22140589569161,4096,0,0,0.028527166694402695,0,-1,0,70,-1,-1,-1,0
1244,7.227210884353742,4096,0,0,0.027873815968632698,0,-1,0,70,-1,-1,-1,0
1245,7.233015873015873,4096,0,0,0.027431940659880638,0,-1,0,69,-1,-1,-1,0
1246,7.238820861678004,4096,0,0,0.027181442826986313,0,-1,0,69,-1,-1,-1,0
1247,7.244625850340136,4096,0,0,0.02701234631240368,0,-1,0,69,-1,-1,-1,0
1248,7.250430839002267,512,1,0,0.027263980358839035,0,-1,0,59,-1,-1,-1,0
1249,7.2562358276643995,512,0,0,0.027350371703505516,0,-1,0,59,-1,-1,-1,0
1250,7.262040816326531,512,0,0,0.027411922812461853,0,-1,0,59,-1,-1,-1,0
1251,7.267845804988662,1024,0,0,0.027197113260626793,0,-1,0,59,-1,-1,-1,0
1252,7.273650793650794,1024,0,0,0.02702120877802372,0,-1,0,59,-1,-1,-1,0
1253,7.279455782312925,2048,0,0,0.02723986841738224,0,-1,0,59,-1,-1,-1,0
1254,7.285260770975056,2048,0,0,0.027170661836862564,0,-1,0,59,-1,-1,-1,0
1255,7.291065759637188,2048,0,0,0.027247801423072815,0,-1,0,59,-1,-1,-1,0
1256,7.29687074829932,2048,0,0,0.027686916291713715,0,-1,0,59,-1,-1,-1,0
1257,7.302675736961452,4096,0,0,0.02752252295613289,0,-1,0,59,-1,-1,-1,0
1258,7.308480725623583,4096,0,0,0.02694394625723362,0,-1,0,59,-1,-1,-1,0
1259,7.314285714285714,4096,0,0,0.027354927733540535,0,-1,0,59,-1,-1,-1,0
1260,7.320090702947846,4096,0,0,0.027866024523973465,0,-1,0,59,-1,-1,-1,0
1261,7.325895691609977,4096,0,0,0.02765795774757862,0,-1,0,59,-1,-1,-1,0
1262,7.3317006802721085,4096,0,0,0.027701273560523987,0,-1,0,59,-1,-1,-1,0
1263,7.337505668934241,4096,0,0,0.02812214195728302,0,-1,0,59,-1,-1,-1,0
1264,7.343310657596372,4096,0,0,0.028375616297125816,0,-1,0,59,-1,-1,-1,0
1265,7.349115646258503,4096,0,0,0.028196431696414948,0,-1,0,59,-1,-1,-1,0
1266,7.354920634920635,4096,0,0,0.027883179485797882,0,-1,0,59,-1,-1,-1,0
1267,7.360725623582766,4096,0,0,0.02776533178985119,0,-1,0,59,-1,-1,-1,0
1268,7.366530612244898,4096,0,0,0.027343343943357468,0,-1,0,59,-1,-1,-1,0
1269,7.3723356009070296,4096,0,0,0.027137136086821556,0,-1,0,59,-1,-1,-1,0
1270,7.378140589569161,4096,0,0,0.027397941797971725,0,-1,0,59,-1,-1,-1,0
1271,7.383945578231293,4096,0,0,0.027096647769212723,0,-1,0,59,-1,-1,-1,0
1272,7.389750566893424,4096,0,0,0.026954732835292816,0,-1,0,59,-1,-1,-1,0
1273,7.395555555555555,4096,0,0,0.02722429297864437,0,-1,0,59,-1,-1,-1,0
1274,7.401360544217687,4096,0,0,0.027157310396432877,0,-1,0,59,-1,-1,-1,0
1275,7.4071655328798185,4096,0,0,0.027353670448064804,0,-1,0,59,-1,-1,-1,0
1276,7.41297052154195,4096,0,0,0.027841145172715187,0,-1,0,59,-1,-1,-1,0
1277,7.418775510204082,4096,0,0,0.027570392936468124,0,-1,0,59,-1,-1,-1,0
1278,7.424580498866213,4096,0,0,0.027264542877674103,0,-1,0,59,-1,-1,-1,0
1279,7.430385487528345,4096,0,0,0.027146002277731895,0,-1,0,59,-1,-1,-1,0
1280,7.436190476190476,4096,0,0,0.02667049877345562,0,-1,0,59,-1,-1,-1,0
1281,7.441995464852607,4096,0,0,0.02707134187221527,0,-1,0,59,-1,-1,-1,0
1282,7.4478004535147395,4096,0,0,0.02744932286441326,0,-1,0,59,-1,-1,-1,0
1283,7.453605442176871,4096,0,0,0.027160819619894028,0,-1,0,59,-1,-1,-1,0
1284,7.459410430839002,4096,0,0,0.026903288438916206,0,-1,0,59,-1,-1,-1,0
1285,7.465215419501134,4096,0,0,0.02739717997610569,0,-1,0,59,-1,-1,-1,0
1286,7.471020408163265,4096,0,0,0.027381351217627525,0,-1,0,59,-1,-1,-1,0
1287,7.476825396825397,4096,0,0,0.026981063187122345,0,-1,0,59,-1,-1,-1,0
1288,7.4826303854875285,4096,0,0,0.027339668944478035,0,-1,0,59,-1,-1,-1,0
1289,7.48843537414966,4096,0,0,0.02755802497267723,0,-1,0,59,-1,-1,-1,0
1290,7.494240362811792,4096,0,0,0.027534496039152145,0,-1,0,59,-1,-1,-1,0
1291,7.500045351473923,4096,0,0,0.0274994857609272,0,-1,0,59,-1,-1,-1,0
1292,7.505850340136054,4096,0,0,0.027465201914310455,0,-1,0,59,-1,-1,-1,0
1293,7.511655328798186,4096,0,0,0.027784723788499832,0,-1,0,59,-1,-1,-1,0
1294,7.517460317460317,4096,0,0,0.027649538591504097,0,-1,0,59,-1,-1,-1,0
1295,7.523265306122449,4096,0,0,0.027477093040943146,0,-1,0,59,-1,-1,-1,0
1296,7.529070294784581,4096,0,0,0.027745168656110764,0,-1,0,59,-1,-1,-1,0
1297,7.534875283446712,4096,0,0,0.02782798372209072,0,-1,0,59,-1,-1,-1,0
1298,7.540680272108844,4096,0,0,0.0275845006108284,0,-1,0,59,-1,-1,-1,0
1299,7.546485260770975,4096,0,0,0.026669757440686226,0,-1,0,59,-1,-1,-1,0
1300,7.552290249433106,4096,0,0,0.027589887380599976,0,-1,0,59,-1,-1,-1,0
1301,7.558095238095238,4096,0,0,0.02803783491253853,0,-1,0,59,-1,-1,-1,0
1302,7.56390022675737,4096,0,0,0.027988601475954056,0,-1,0,59,-1,-1,-1,0
1303,7.569705215419501,4096,0,0,0.027916332706809044,0,-1,0,59,-1,-1,-1,0
1304,7.575510204081633,4096,0,0,0.027255287393927574,0,-1,0,59,-1,-1,-1,0
1305,7.581315192743764,4096,0,0,0.0273274015635252,0,-1,0,59,-1,-1,-1,0
1306,7.587120181405895,4096,0,0,0.027453085407614708,0,-1,0,59,-1,-1,-1,0
1307,7.592925170068027,4096,0,0,0.027368852868676186,0,-1,0,59,-1,-1,-1,0
1308,7.598730158730159,4096,0,0,0.027846723794937134,0,-1,0,59,-1,-1,-1,0
1309,7.604535147392291,4096,0,0,0.02831757813692093,0,-1,0,59,-1,-1,-1,0
1310,7.610340136054422,4096,0,0,0.02789386361837387,0,-1,0,59,-1,-1,-1,0
1311,7.616145124716553,4096,0,0,0.0275045707821846,0,-1,0,59,-1,-1,-1,0
1312,7.621950113378685,4096,0,0,0.02774614468216896,0,-1,0,59,-1,-1,-1,0
1313,7.627755102040816,4096,0,0,0.02790023945271969,0,-1,0,59,-1,-1,-1,0
1314,7.6335600907029475,4096,0,0,0.027901409193873405,0,-1,0,59,-1,-1,-1,0
1315,7.63936507936508,4096,0,0,0.027570826932787895,0,-1,0,59,-1,-1,-1,0
1316,7.645170068027211,4096,0,0,0.02734222821891308,0,-1,0,59,-1,-1,-1,0
1317,7.650975056689342,4096,0,0,0.027255667373538017,0,-1,0,59,-1,-1,-1,0
1318,7.656780045351474,4096,0,0,0.026867635548114777,0,-1,0,59,-1,-1,-1,0
1319,7.662585034013605,4096,0,0,0.02715870924293995,0,-1,0,59,-1,-1,-1,0
1320,7.668390022675737,4096,0,0,0.02754252217710018,0,-1,0,59,-1,-1,-1,0
1321,7.6741950113378685,4096,0,0,0.027841417118906975,0,-1,0,59,-1,-1,-1,0
1322,7.68,4096,0,0,0.027538059279322624,0,-1,0,59,-1,-1,-1,0
1323,7.685804988662132,4096,0,0,0.0277097187936306,0,-1,0,59,-1,-1,-1,0
1324,7.691609977324263,4096,0,0,0.027659693732857704,0,-1,0,59,-1,-1,-1,0
1325,7.697414965986394,4096,0,0,0.02739707939326763,0,-1,0,59,-1,-1,-1,0
1326,7.703219954648526,4096,0,0,0.027261629700660706,0,-1,0,59,-1,-1,-1,0
1327,7.7090249433106575,4096,0,0,0.0275137759745121,0,-1,0,59,-1,-1,-1,0
1328,7.7148299319727895,4096,0,0,0.027872685343027115,0,-1,0,59,-1,-1,-1,0
1329,7.720634920634921,4096,0,0,0.028021415695548058,0,-1,0,59,-1,-1,-1,0
1330,7.726439909297052,4096,0,0,0.027959031984210014,0,-1,0,59,-1,-1,-1,0
1331,7.732244897959184,4096,0,0,0.027694445103406906,0,-1,0,59,-1,-1,-1,0
1332,7.738049886621315,4096,0,0,0.02770201489329338,0,-1,0,59,-1,-1,-1,0
1333,7.743854875283446,4096,0,0,0.02735118940472603,0,-1,0,59,-1,-1,-1,0
1334,7.7496598639455785,4096,0,0,0.02713756635785103,0,-1,0,59,-1,-1,-1,0
1335,7.75546485260771,4096,0,0,0.02762717753648758,0,-1,0,59,-1,-1,-1,0
1336,7.761269841269841,4096,0,0,0.02747749537229538,0,-1,0,59,-1,-1,-1,0
1337,7.767074829931973,4096,0,0,0.02702466957271099,0,-1,0,59,-1,-1,-1,0
1338,7.772879818594104,4096,0,0,0.027121545746922493,0,-1,0,59,-1,-1,-1,0
1339,7.778684807256236,4096,0,0,0.02734721265733242,0,-1,0,59,-1,-1,-1,0
1340,7.784489795918367,4096,0,0,0.02736571803689003,0,-1,0,59,-1,-1,-1,0
1341,7.790294784580499,4096,0,0,0.027699748054146767,0,-1,0,59,-1,-1,-1,0
1342,7.796099773242631,4096,0,0,0.027639152482151985,0,-1,0,59,-1,-1,-1,0
1343,7.801904761904762,4096,0,0,0.026984602212905884,0,-1,0,59,-1,-1,-1,0
1344,7.807709750566893,4096,0,0,0.027069296687841415,0,-1,0,59,-1,-1,-1,0
1345,7.813514739229025,4096,0,0,0.027151718735694885,0,-1,0,59,-1,-1,-1,0
1346,7.819319727891156,4096,0,0,0.027542680501937866,0,-1,0,59,-1,-1,-1,0
1347,7.825124716553288,4096,0,0,0.02774045616388321,0,-1,0,59,-1,-1,-1,0
1348,7.83092970521542,4096,0,0,0.027345944195985794,0,-1,0,59,-1,-1,-1,0
1349,7.836734693877551,4096,0,0,0.02743620239198208,0,-1,0,59,-1,-1,-1,0
1350,7.842539682539683,4096,0,0,0.02762794680893421,0,-1,0,59,-1,-1,-1,0
1351,7.848344671201814,4096,0,0,0.027232101187109947,0,-1,0,59,-1,-1,-1,0
1352,7.854149659863945,4096,0,0,0.027249466627836227,0,-1,0,59,-1,-1,-1,0
1353,7.859954648526077,4096,0,0,0.028105774894356728,0,-1,0,59,-1,-1,-1,0
1354,7.865759637188209,4096,0,0,0.028016453608870506,0,-1,0,59,-1,-1,-1,0
1355,7.87156462585034,4096,0,0,0.027420174330472946,0,-1,0,59,-1,-1,-1,0
1356,7.877369614512472,4096,0,0,0.02715577930212021,0,-1,0,59,-1,-1,-1,0
1357,7.883174603174603,4096,0,0,0.027419906109571457,0,-1,0,59,-1,-1,-1,0
1358,7.888979591836734,4096,0,0,0.027523569762706757,0,-1,0,59,-1,-1,-1,0
1359,7.894784580498866,4096,0,0,0.028126653283834457,0,-1,0,59,-1,-1,-1,0
1360,7.9005895691609975,4096,0,0,0.028086761012673378,0,-1,0,59,-1,-1,-1,0
1361,7.90639455782313,4096,0,0,0.027560848742723465,0,-1,0,59,-1,-1,-1,0
1362,7.912199546485261,4096,0,0,0.02760435827076435,0,-1,0,59,-1,-1,-1,0
1363,7.918004535147392,4096,0,0,0.027605870738625526,0,-1,0,59,-1,-1,-1,0
1364,7.923809523809524,4096,0,0,0.02742849849164486,0,-1,0,59,-1,-1,-1,0
1365,7.929614512471655,4096,0,0,0.027477098628878593,0,-1,0,59,-1,-1,-1,0
1366,7.9354195011337865,4096,0,0,0.027162747457623482,0,-1,0,59,-1,-1,-1,0
1367,7.9412244897959186,4096,0,0,0.027029860764741898,0,-1,0,59,-1,-1,-1,0
1368,7.94702947845805,4096,0,0,0.027140649035573006,0,-1,0,59,-1,-1,-1,0
1369,7.952834467120182,4096,0,0,0.02746468409895897,0,-1,0,59,-1,-1,-1,0
1370,7.958639455782313,4096,0,0,0.02776665799319744,0,-1,0,59,-1,-1,-1,0
1371,7.964444444444444,4096,0,0,0.027610260993242264,0,-1,0,59,-1,-1,-1,0
1372,7.970249433106576,4096,0,0,0.027794823050498962,0,-1,0,59,-1,-1,-1,0
1373,7.9760544217687075,4096,0,0,0.027226028963923454,0,-1,0,59,-1,-1,-1,0
1374,7.981859410430839,4096,0,0,0.027157854288816452,0,-1,0,59,-1,-1,-1,0
1375,7.987664399092971,4096,0,0,0.027682870626449585,0,-1,0,59,-1,-1,-1,0
1376,7.993469387755102,4096,0,0,0.0279297586530447,0,-1,0,59,-1,-1,-1,0
1377,7.999274376417233,4096,0,0,0.027311399579048157,0,-1,0,59,-1,-1,-1,0
1378,8.005079365079364,4096,0,0,0.027089612558484077,0,-1,0,59,-1,-1,-1,0
1379,8.010884353741497,4096,0,0,0.027421826496720314,0,-1,0,59,-1,-1,-1,0
1380,8.016689342403629,4096,0,0,0.02793600782752037,0,-1,0,59,-1,-1,-1,0
1381,8.02249433106576,4096,0,0,0.02791510336101055,0,-1,0,59,-1,-1,-1,0
1382,8.028299319727891,4096,0,0,0.027494892477989197,0,-1,0,59,-1,-1,-1,0
1383,8.034104308390022,4096,0,0,0.027507135644555092,0,-1,0,59,-1,-1,-1,0
1384,8.039909297052155,4096,0,0,0.027992039918899536,0,-1,0,59,-1,-1,-1,0
1385,8.045714285714286,4096,0,0,0.028147807344794273,0,-1,0,59,-1,-1,-1,0
1386,8.051519274376417,4096,0,0,0.027484014630317688,0,-1,0,59,-1,-1,-1,0
1387,8.057324263038549,4096,0,0,0.027011996135115623,0,-1,0,59,-1,-1,-1,0
1388,8.06312925170068,4096,0,0,0.027247019112110138,0,-1,0,59,-1,-1,-1,0
1389,8.068934240362811,4096,0,0,0.027161380276083946,0,-1,0,59,-1,-1,-1,0
1390,8.074739229024944,4096,0,0,0.027382684871554375,0,-1,0,59,-1,-1,-1,0
1391,8.080544217687075,4096,0,0,0.027344485744833946,0,-1,0,59,-1,-1,-1,0
1392,8.086349206349206,4096,0,0,0.026904607191681862,0,-1,0,59,-1,-1,-1,0
1393,8.092154195011338,4096,0,0,0.026720119640231133,0,-1,0,59,-1,-1,-1,0
1394,8.097959183673469,4096,0,0,0.026572909206151962,0,-1,0,59,-1,-1,-1,0
1395,8.103764172335602,4096,0,0,0.026765530928969383,0,-1,0,59,-1,-1,-1,0
1396,8.109569160997733,4096,0,0,0.027464110404253006,0,-1,0,59,-1,-1,-1,0
1397,8.115374149659864,4096,0,0,0.027350028976798058,0,-1,0,59,-1,-1,-1,0
1398,8.121179138321995,4096,0,0,0.02737230435013771,0,-1,0,59,-1,-1,-1,0
1399,8.126984126984127,4096,0,0,0.027891330420970917,0,-1,0,59,-1,-1,-1,0
1400,8.132789115646258,4096,0,0,0.027776185423135757,0,-1,0,59,-1,-1,-1,0
1401,8.13859410430839,4096,0,0,0.027407106012105942,0,-1,0,59,-1,-1,-1,0
1402,8.144399092970522,4096,0,0,0.027381282299757004,0,-1,0,59,-1,-1,-1,0
1403,8.150204081632653,4096,0,0,0.027532953768968582,0,-1,0,59,-1,-1,-1,0
1404,8.156009070294784,4096,0,0,0.027074454352259636,0,-1,0,59,-1,-1,-1,0
1405,8.161814058956915,4096,0,0,0.02718760073184967,0,-1,0,59,-1,-1,-1,0
1406,8.167619047619048,4096,0,0,0.0273989699780941,0,-1,0,59,-1,-1,-1,0
1407,8.17342403628118,4096,0,0,0.027358438819646835,0,-1,0,59,-1,-1,-1,0
1408,8.17922902494331,4096,0,0,0.027629610151052475,0,-1,0,59,-1,-1,-1,0
1409,8.185034013605442,4096,0,0,0.02727307192981243,0,-1,0,59,-1,-1,-1,0
1410,8.190839002267573,4096,0,0,0.02709842100739479,0,-1,0,59,-1,-1,-1,0
1411,8.196643990929704,4096,0,0,0.02720147743821144,0,-1,0,59,-1,-1,-1,0
1412,8.202448979591837,4096,0,0,0.02735183574259281,0,-1,0,59,-1,-1,-1,0
1413,8.208253968253969,4096,0,0,0.027812281623482704,0,-1,0,59,-1,-1,-1,0
1414,8.2140589569161,4096,0,0,0.02757403440773487,0,-1,0,59,-1,-1,-1,0
1415,8.219863945578231,4096,0,0,0.027555055916309357,0,-1,0,59,-1,-1,-1,0
1416,8.225668934240362,4096,0,0,0.028082557022571564,0,-1,0,59,-1,-1,-1,0
1417,8.231473922902495,4096,0,0,0.028150014579296112,0,-1,0,59,-1,-1,-1,0
1418,8.237278911564626,4096,0,0,0.027759037911891937,0,-1,0,59,-1,-1,-1,0
1419,8.243083900226758,4096,0,0,0.027889488264918327,0,-1,0,59,-1,-1,-1,0
1420,8.248888888888889,4096,0,0,0.027333037927746773,0,-1,0,59,-1,-1,-1,0
1421,8.25469387755102,512,1,0,0.02741461805999279,0,-1,0,59,-1,-1,-1,0
1422,8.260498866213151,512,0,0,0.027591917663812637,0,-1,0,59,-1,-1,-1,0
1423,8.266303854875284,512,0,0,0.02778855711221695,0,-1,0,59,-1,-1,-1,0
1424,8.272108843537415,1024,0,0,0.028792133554816246,0,-1,0,59,-1,-1,-1,0
1425,8.277913832199546,1024,0,0,0.02942259982228279,0,-1,0,59,-1,-1,-1,0
1426,8.283718820861678,2048,0,0,0.028419137001037598,0,-1,0,59,-1,-1,-1,0
1427,8.289523809523809,2048,0,0,0.027666166424751282,0,-1,0,59,-1,-1,-1,0
1428,8.295328798185942,2048,0,0,0.027203690260648727,0,-1,0,59,-1,-1,-1,0
1429,8.301133786848073,2048,0,0,0.027024807408452034,0,-1,0,59,-1,-1,-1,0
1430,8.306938775510204,4096,0,0,0.02707391232252121,0,-1,0,59,-1,-1,-1,0
1431,8.312743764172335,4096,0,0,0.027440400794148445,0,-1,0,59,-1,-1,-1,0
1432,8.318548752834467,4096,0,0,0.02799438126385212,0,-1,0,59,-1,-1,-1,0
1433,8.324353741496598,4096,0,0,0.029133932664990425,0,-1,0,59,-1,-1,-1,0
1434,8.33015873015873,4096,0,0,0.03185998648405075,0,-1,0,59,-1,-1,-1,0
1435,8.335963718820862,4096,0,0,0.034196801483631134,0,-1,0,59,-1,-1,-1,0
1436,8.341768707482993,4096,0,0,0.033812787383794785,0,-1,0,59,-1,-1,-1,0
1437,8.347573696145124,4096,0,0,0.03202492743730545,0,-1,0,59,-1,-1,-1,0
1438,8.353378684807256,4096,0,0,0.09884477406740189,0,-1,0,72,-1,-1,-1,0
1439,8.359183673469389,4096,0,0,0.782270610332489,1,-1,0,72,-1,-1,-1,0
1440,8.36498866213152,4096,0,0,0.7805773615837097,1,71,0,72,-1,-1,-1,0
1441,8.370793650793651,4096,0,0,0.8691977262496948,1,71,0,72,-1,-1,-1,0
1442,8.376598639455782,4096,0,1,0.7868463397026062,1,71,0,72,-1,-1,-1,0
1443,8.382403628117913,4096,0,0,0.6974460482597351,1,71,0,71,-1,-1,-1,0
1444,8.388208616780044,4096,0,0,0.6994533538818359,1,71,0,71,-1,-1,-1,0
1445,8.394013605442177,4096,0,0,0.5198940634727478,0,71,0,71,-1,-1,-1,0
1446,8.399818594104309,4096,0,0,0.4697583317756653,0,71,1,71,-1,-1,-1,0
1447,8.40562358276644,4096,0,0,0.6852951645851135,1,71,1,71,71,71,71,0
1448,8.411428571428571,4096,0,0,0.7800600528717041,1,71,1,71,71,71,71,0
1449,8.417233560090702,4096,0,0,0.7451660633087158,1,71,1,71,71,71,71,0
1450,8.423038548752835,4096,0,0,0.7376003861427307,1,71,1,71,71,71,71,0
1451,8.428843537414966,4096,0,0,0.6759809851646423,1,71,1,71,71,71,71,0
1452,8.434648526077098,4096,0,0,0.5682514309883118,0,71,1,71,71,71,71,0
1453,8.440453514739229,4096,0,0,0.48124340176582336,0,71,1,71,71,71,71,0
1454,8.44625850340136,4096,0,0,0.46648475527763367,0,71,1,71,71,71,71,0
1455,8.452063492063493,4096,0,0,0.5899850130081177,1,71,1,71,71,71,71,0
1456,8.457868480725624,4096,0,0,0.6007366180419922,1,71,1,71,71,71,71,0
1457,8.463673469387755,4096,0,0,0.6863209009170532,1,71,1,71,71,71,71,0
1458,8.469478458049887,4096,0,0,0.6314888000488281,1,71,1,71,71,71,71,0
1459,8.475283446712018,4096,0,0,0.6069238185882568,1,71,1,71,71,71,71,0
1460,8.481088435374149,4096,0,0,0.5840450525283813,0,71,1,71,71,71,71,0
1461,8.486893424036282,4096,0,0,0.512639582157135,0,71,1,71,71,71,71,0
1462,8.492698412698413,4096,0,0,0.5138885974884033,0,71,1,71,71,71,71,0
1463,8.498503401360544,4096,0,0,0.45185232162475586,0,71,1,71,71,71,71,0
1464,8.504308390022675,4096,0,0,0.4747294485569,0,71,1,71,71,71,71,0
1465,8.510113378684807,4096,0,0,0.4715399146080017,0,71,1,71,71,71,71,0
1466,8.51591836734694,4096,0,0,0.4159800410270691,0,71,1,71,71,71,71,0
1467,8.52172335600907,4096,0,0,0.40126824378967285,0,71,1,71,71,71,71,0
1468,8.527528344671202,4096,0,0,0.4125910997390747,0,71,1,71,71,71,71,0
1469,8.533333333333333,4096,0,0,0.4415224492549896,0,71,1,71,71,71,71,0
1470,8.539138321995464,4096,0,0,0.39371782541275024,0,71,1,71,71,71,71,0
1471,8.544943310657596,4096,0,0,0.3595338463783264,0,71,1,71,71,71,71,0
1472,8.550748299319729,4096,0,0,0.3559015691280365,0,71,1,71,71,71,71,0
1473,8.55655328798186,4096,0,0,0.3101779520511627,0,71,1,71,71,71,71,0
1474,8.562358276643991,4096,0,0,0.32099390029907227,0,71,1,71,71,71,71,0
1475,8.568163265306122,4096,0,0,0.39993900060653687,0,71,1,71,71,71,71,0
1476,8.573968253968253,4096,0,0,0.42213937640190125,0,71,1,71,71,71,71,0
1477,8.579773242630386,4096,0,0,0.4983316957950592,0,71,1,71,71,71,71,0
1478,8.585578231292518,4096,0,0,0.4178423583507538,0,71,1,71,71,71,71,0
1479,8.591383219954649,4096,0,0,0.460102379322052,0,71,1,71,71,71,71,0
1480,8.59718820861678,4096,0,0,0.43314406275749207,0,71,1,71,71,71,71,0
1481,8.602993197278911,4096,0,0,0.41325491666793823,0,71,1,71,71,71,71,0
1482,8.608798185941042,4096,0,0,0.45433974266052246,0,71,1,71,71,71,71,0
1483,8.614603174603175,4096,0,0,0.44974008202552795,0,71,1,71,71,71,71,0
1484,8.620408163265306,4096,0,0,0.4955098628997803,0,71,1,71,71,71,71,0
1485,8.626213151927438,4096,0,0,0.4513200521469116,0,71,1,71,71,71,71,0
1486,8.632018140589569,4096,0,0,0.4954829812049866,0,71,1,71,71,71,71,0
1487,8.6378231292517,4096,0,0,0.4360785186290741,0,71,1,71,71,71,71,0
1488,8.643628117913833,4096,0,0,0.37805718183517456,0,71,1,71,71,71,71,0
1489,8.649433106575964,4096,0,0,0.3911368250846863,0,71,1,71,71,71,71,0
1490,8.655238095238095,4096,0,0,0.2947492301464081,0,71,1,71,71,71,71,0
1491,8.661043083900227,4096,0,0,0.05443386361002922,0,71,1,71,71,71,71,0
1492,8.666848072562358,4096,0,0,0.04347560182213783,0,71,1,71,71,71,71,0
1493,8.672653061224489,4096,0,0,0.03363104164600372,0,71,1,71,71,71,71,0
1494,8.678458049886622,4096,0,0,0.030664460733532906,0,-1,0,71,71,71,71,0
1495,8.684263038548753,4096,0,0,0.0304906964302063,0,-1,0,71,-1,-1,-1,0
1496,8.690068027210884,4096,0,0,0.7068745493888855,1,-1,0,71,-1,-1,-1,0
1497,8.695873015873016,4096,0,0,0.7005781531333923,1,73,0,72,-1,-1,-1,0
1498,8.701678004535147,4096,0,0,0.7170107364654541,1,73,0,72,-1,-1,-1,0
1499,8.70748299319728,4096,0,1,0.6339588165283203,1,73,0,72,-1,-1,-1,0
1500,8.713287981859411,4096,0,0,0.6015548706054688,1,73,0,72,-1,-1,-1,0
1501,8.719092970521542,4096,0,0,0.7109093070030212,1,73,0,72,-1,-1,-1,0
1502,8.724897959183673,4096,0,0,0.7152222990989685,1,73,0,73,-1,-1,-1,0
1503,8.730702947845804,4096,0,0,0.35965749621391296,0,73,0,73,-1,-1,-1,0
1504,8.736507936507936,4096,0,0,0.20574504137039185,0,73,0,73,-1,-1,-1,0
1505,8.742312925170069,4096,0,0,0.23444360494613647,0,73,0,73,-1,-1,-1,0
1506,8.7481179138322,4096,0,0,0.2827913165092468,0,73,1,73,-1,-1,-1,0
1507,8.753922902494331,4096,0,0,0.36715126037597656,0,73,1,73,73,73,73,0
1508,8.759727891156462,4096,0,0,0.334063857793808,0,73,1,73,73,73,73,0
1509,8.765532879818593,4096,0,0,0.21413323283195496,0,73,1,73,73,73,73,0
1510,8.771337868480726,4096,0,0,0.14038364589214325,0,73,1,73,73,73,73,0
1511,8.777142857142858,4096,0,0,0.14731241762638092,0,73,1,73,73,73,73,0
1512,8.782947845804989,4096,0,0,0.17744439840316772,0,73,1,73,73,73,73,0
1513,8.78875283446712,4096,0,0,0.31462669372558594,0,73,1,73,73,73,73,0
1514,8.794557823129251,4096,0,0,0.6004948616027832,1,73,1,73,73,73,73,0
1515,8.800362811791382,4096,0,0,0.6748865246772766,1,73,1,73,73,73,73,0
1516,8.806167800453515,4096,0,0,0.5463732481002808,0,73,1,73,73,73,73,0
1517,8.811972789115647,4096,0,0,0.3005206286907196,0,73,1,73,73,73,73,0
1518,8.817777777777778,4096,0,0,0.3910348117351532,0,73,1,73,73,73,73,0
1519,8.823582766439909,4096,0,0,0.598893404006958,1,73,1,73,73,73,73,0
1520,8.82938775510204,4096,0,0,0.5824174880981445,0,73,1,73,73,73,73,0
1521,8.835192743764173,4096,0,0,0.6070074439048767,1,73,1,73,73,73,73,0
1522,8.840997732426304,4096,0,0,0.501041829586029,0,73,1,73,73,73,73,0
1523,8.846802721088435,4096,0,0,0.4257150888442993,0,73,1,73,73,73,73,0
1524,8.852607709750567,4096,0,0,0.29445818066596985,0,73,1,73,73,73,73,0
1525,8.858412698412698,4096,0,0,0.21775121986865997,0,73,1,73,73,73,73,0
1526,8.864217687074829,4096,0,0,0.1747414469718933,0,73,1,73,73,73,73,0
1527,8.870022675736962,4096,0,0,0.20265920460224152,0,73,1,73,73,73,73,0
1528,8.875827664399093,4096,0,0,0.20923373103141785,0,73,1,73,73,73,73,0
1529,8.881632653061224,4096,0,0,0.16033148765563965,0,73,1,73,73,73,73,0
1530,8.887437641723356,4096,0,0,0.11491695046424866,0,73,1,73,73,73,73,0
1531,8.893242630385487,4096,0,0,0.13466189801692963,0,73,1,73,73,73,73,0
1532,8.89904761904762,4096,0,0,0.2874310612678528,0,73,1,73,73,73,73,0
1533,8.904852607709751,4096,0,0,0.3186010718345642,0,73,1,73,73,73,73,0
1534,8.910657596371882,4096,0,0,0.2706441283226013,0,73,1,73,73,73,73,0
1535,8.916462585034013,4096,0,0,0.3055534362792969,0,73,1,73,73,73,73,0
1536,8.922267573696145,4096,0,0,0.3596724271774292,0,73,1,73,73,73,73,0
1537,8.928072562358278,4096,0,0,0.517406702041626,0,73,1,73,73,73,73,0
1538,8.933877551020409,4096,0,0,0.05159199982881546,0,73,1,73,73,73,73,0
1539,8.93968253968254,4096,0,0,0.028257664293050766,0,73,1,73,73,73,73,0
1540,8.945487528344671,4096,0,0,0.029997967183589935,0,-1,1,73,73,73,73,0
1541,8.951292517006802,4096,0,0,0.035353198647499084,0,-1,0,73,73,73,73,0
1542,8.957097505668933,4096,0,0,0.03495705500245094,0,-1,0,73,-1,-1,-1,0
1543,8.962902494331066,4096,0,0,0.031047970056533813,0,-1,0,73,-1,-1,-1,0
1544,8.968707482993198,4096,0,0,0.029521845281124115,0,-1,0,73,-1,-1,-1,0
1545,8.974512471655329,4096,0,0,0.514226496219635,0,-1,0,73,-1,-1,-1,0
1546,8.98031746031746,4096,0,0,0.5271544456481934,0,71,0,73,-1,-1,-1,0
1547,8.986122448979591,4096,0,0,0.5080850124359131,0,71,0,72,-1,-1,-1,0
1548,8.991927437641724,4096,0,1,0.4809879958629608,0,71,0,72,-1,-1,-1,0
1549,8.997732426303855,4096,0,0,0.5157567262649536,0,71,0,72,-1,-1,-1,0
1550,9.003537414965987,4096,0,0,0.5057628750801086,0,71,0,71,-1,-1,-1,0
1551,9.009342403628118,4096,0,0,0.5466848611831665,0,71,0,71,-1,-1,-1,0
1552,9.015147392290249,4096,0,0,0.5057399868965149,0,71,0,71,-1,-1,-1,0
1553,9.02095238095238,4096,0,0,0.4982551336288452,0,71,0,71,-1,-1,-1,0
1554,9.026757369614513,4096,0,0,0.45841383934020996,0,71,0,71,-1,-1,-1,0
1555,9.032562358276644,4096,0,0,0.47543177008628845,0,71,0,71,-1,-1,-1,0
1556,9.038367346938776,4096,0,0,0.4966409504413605,0,71,0,71,-1,-1,-1,0
1557,9.044172335600907,4096,0,0,0.4676397144794464,0,71,1,71,-1,-1,-1,0
1558,9.049977324263038,4096,0,0,0.4829767942428589,0,71,1,71,71,71,71,0
1559,9.05578231292517,4096,0,0,0.42392727732658386,0,71,1,71,71,71,71,0
1560,9.061587301587302,4096,0,0,0.4286814033985138,0,71,1,71,71,71,71,0
1561,9.067392290249433,4096,0,0,0.40101441740989685,0,71,1,71,71,71,71,0
1562,9.073197278911564,4096,0,0,0.44483616948127747,0,71,1,71,71,71,71,0
1563,9.079002267573696,4096,0,0,0.47717514634132385,0,71,1,71,71,71,71,0
1564,9.084807256235827,4096,0,0,0.45934662222862244,0,71,1,71,71,71,71,0
1565,9.09061224489796,4096,0,0,0.4532516896724701,0,71,1,71,71,71,71,0
1566,9.096417233560091,4096,0,0,0.4357372522354126,0,71,1,71,71,71,71,0
1567,9.102222222222222,4096,0,0,0.4187181890010834,0,71,1,71,71,71,71,0
1568,9.108027210884353,4096,0,0,0.4032651484012604,0,71,1,71,71,71,71,0
1569,9.113832199546485,4096,0,0,0.43168649077415466,0,71,1,71,71,71,71,0
1570,9.119637188208618,4096,0,0,0.4479111433029175,0,71,1,71,71,71,71,0
1571,9.125442176870749,4096,0,0,0.44972333312034607,0,71,1,71,71,71,71,0
1572,9.13124716553288,4096,0,0,0.42184141278266907,0,71,1,71,71,71,71,0
1573,9.137052154195011,4096,0,0,0.43573543429374695,0,71,1,71,71,71,71,0
1574,9.142857142857142,4096,0,0,0.4101344645023346,0,71,1,71,71,71,71,0
1575,9.148662131519274,4096,0,0,0.3986411690711975,0,71,1,71,71,71,71,0
1576,9.154467120181407,4096,0,0,0.4155356287956238,0,71,1,71,71,71,71,0
1577,9.160272108843538,4096,0,0,0.4032860994338989,0,71,1,71,71,71,71,0
1578,9.166077097505669,4096,0,0,0.35743236541748047,0,71,1,71,71,71,71,0
1579,9.1718820861678,4096,0,0,0.27836349606513977,0,71,1,71,71,71,71,0
1580,9.177687074829931,4096,0,0,0.34402433037757874,0,71,1,71,71,71,71,0
1581,9.183492063492064,4096,0,0,0.2201928347349167,0,71,1,71,71,71,71,0
1582,9.189297052154195,4096,0,0,0.029623068869113922,0,71,0,71,71,71,71,0
1583,9.195102040816327,4096,0,0,0.02766535058617592,0,71,0,71,-1,-1,-1,0
1584,9.200907029478458,4096,0,0,0.0277816504240036,0,71,0,71,-1,-1,-1,0
1585,9.206712018140589,512,1,0,0.028416292741894722,0,71,1,59,-1,-1,-1,0
1586,9.21251700680272,512,0,0,0.0283987894654274,0,71,1,59,59,59,59,0
1587,9.218321995464853,512,0,0,0.02829451486468315,0,-1,1,59,59,59,59,0
1588,9.224126984126984,1024,0,0,0.028107602149248123,0,-1,0,59,59,59,59,0
1589,9.229931972789116,1024,0,0,0.46043986082077026,0,-1,1,59,59,59,59,0
1590,9.235736961451247,2048,0,0,0.5460686087608337,0,70,1,59,59,59,59,0
1591,9.241541950113378,2048,0,0,0.506477952003479,0,70,1,71,59,59,59,0
1592,9.247346938775511,2048,0,1,0.5019941926002502,0,70,1,70,59,59,59,0
1593,9.253151927437642,2048,0,0,0.46623164415359497,0,70,1,70,70,59,59,0
1594,9.258956916099773,4096,0,0,0.4071052670478821,0,70,0,70,70,59,59,0
1595,9.264761904761905,4096,0,0,0.4398362934589386,0,70,0,70,-1,-1,-1,0
1596,9.270566893424036,4096,0,0,0.48541611433029175,0,70,0,70,-1,-1,-1,0
1597,9.276371882086167,4096,0,0,0.4963175058364868,0,70,0,70,-1,-1,-1,0
1598,9.2821768707483,4096,0,0,0.4707830846309662,0,70,0,70,-1,-1,-1,0
1599,9.287981859410431,4096,0,0,0.45199865102767944,0,70,0,70,-1,-1,-1,0
1600,9.293786848072562,4096,0,0,0.4652197062969208,0,70,1,70,-1,-1,-1,0
1601,9.299591836734693,4096,0,0,0.40107372403144836,0,70,1,70,70,70,70,0
1602,9.305396825396825,4096,0,0,0.40838345885276794,0,70,1,70,70,70,70,0
1603,9.311201814058958,4096,0,0,0.4797999858856201,0,70,1,70,70,70,70,0
1604,9.317006802721089,4096,0,0,0.45833820104599,0,70,1,70,70,70,70,0
1605,9.32281179138322,4096,0,0,0.43935418128967285,0,70,1,70,70,70,70,0
1606,9.328616780045351,4096,0,0,0.3978578448295593,0,70,1,70,70,70,70,0
1607,9.334421768707482,4096,0,0,0.406696617603302,0,70,1,70,70,70,70,0
1608,9.340226757369615,4096,0,0,0.445659875869751,0,70,1,70,70,70,70,0
1609,9.346031746031747,4096,0,0,0.4597342014312744,0,70,1,70,70,70,70,0
1610,9.351836734693878,4096,0,0,0.42330360412597656,0,70,1,70,70,70,70,0
1611,9.357641723356009,4096,0,0,0.3913920819759369,0,70,1,70,70,70,70,0
1612,9.36344671201814,4096,0,0,0.34920233488082886,0,70,1,70,70,70,70,0
1613,9.369251700680271,4096,0,0,0.35929203033447266,0,70,1,70,70,70,70,0
1614,9.375056689342404,4096,0,0,0.3304523527622223,0,70,1,70,70,70,70,0
1615,9.380861678004536,4096,0,0,0.37652823328971863,0,70,1,70,70,70,70,0
1616,9.386666666666667,4096,0,0,0.37766382098197937,0,70,1,70,70,70,70,0
1617,9.392471655328798,4096,0,0,0.28875207901000977,0,70,1,70,70,70,70,0
1618,9.398276643990929,4096,0,0,0.29533156752586365,0,70,1,70,70,70,70,0
1619,9.404081632653062,4096,0,0,0.3162786364555359,0,70,1,70,70,70,70,0
1620,9.409886621315193,4096,0,0,0.3303082287311554,0,70,1,70,70,70,70,0
1621,9.415691609977324,4096,0,0,0.34451258182525635,0,70,1,70,70,70,70,0
1622,9.421496598639456,4096,0,0,0.3826153874397278,0,70,1,70,70,70,70,0
1623,9.427301587301587,4096,0,0,0.3407241702079773,0,70,1,70,70,70,70,0
1624,9.433106575963718,4096,0,0,0.34778016805648804,0,70,1,70,70,70,70,0
1625,9.438911564625851,4096,0,0,0.1654687225818634,0,70,1,70,70,70,70,0
1626,9.444716553287982,4096,0,0,0.04538128897547722,0,70,1,70,70,70,70,0
1627,9.450521541950113,4096,0,0,0.033226847648620605,0,70,1,70,70,70,70,0
1628,9.456326530612245,4096,0,0,0.029125619679689407,0,70,0,70,70,70,70,0
1629,9.462131519274376,4096,0,0,0.02785768173635006,0,70,0,70,-1,-1,-1,0
1630,9.467936507936509,4096,0,0,0.028102079406380653,0,70,0,70,-1,-1,-1,0
1631,9.47374149659864,4096,0,0,0.027929818257689476,0,-1,0,70,-1,-1,-1,0
1632,9.479546485260771,4096,0,0,0.02817857824265957,0,-1,0,69,-1,-1,-1,0
1633,9.485351473922902,4096,0,0,0.03297931328415871,0,-1,0,69,-1,-1,-1,0
1634,9.491156462585034,4096,0,0,0.03263175114989281,0,-1,0,69,-1,-1,-1,0
1635,9.496961451247165,512,1,0,0.027978332713246346,0,-1,1,59,-1,-1,-1,0
1636,9.502766439909298,512,0,0,0.028329046443104744,0,-1,1,59,59,59,59,0
1637,9.508571428571429,512,0,0,0.028419306501746178,0,-1,1,59,59,59,59,0
1638,9.51437641723356,1024,0,0,0.028430132195353508,0,-1,1,59,59,59,59,0
1639,9.520181405895691,1024,0,0,0.028026927262544632,0,-1,0,59,59,59,59,0
1640,9.525986394557822,2048,0,0,0.09902473539113998,0,-1,1,59,59,59,59,0
1641,9.531791383219955,2048,0,0,0.3476492166519165,0,68,1,59,59,59,59,0
1642,9.537596371882087,2048,0,0,0.3611011803150177,0,68,1,72,59,59,59,0
1643,9.543401360544218,2048,0,1,0.3577711582183838,0,68,1,72,72,59,59,0
1644,9.549206349206349,4096,0,0,0.33834919333457947,0,68,0,72,72,59,59,0
1645,9.55501133786848,4096,0,0,0.34682396054267883,0,68,0,72,-1,-1,-1,0
1646,9.560816326530611,4096,0,0,0.32421842217445374,0,68,0,72,-1,-1,-1,0
1647,9.566621315192744,4096,0,0,0.35150906443595886,0,68,0,68,-1,-1,-1,0
1648,9.572426303854876,4096,0,0,0.3556361198425293,0,68,0,68,-1,-1,-1,0
1649,9.578231292517007,4096,0,0,0.3447208106517792,0,68,0,68,-1,-1,-1,0
1650,9.584036281179138,4096,0,0,0.36130937933921814,0,68,0,68,-1,-1,-1,0
1651,9.58984126984127,4096,0,0,0.3254769742488861,0,68,1,68,-1,-1,-1,0
1652,9.595646258503402,4096,0,0,0.3602493107318878,0,68,1,68,68,68,68,0
1653,9.601451247165533,4096,0,0,0.37014248967170715,0,68,1,68,68,68,68,0
1654,9.607256235827665,4096,0,0,0.3528781235218048,0,68,1,68,68,68,68,0
1655,9.613061224489796,4096,0,0,0.3627617061138153,0,68,1,68,68,68,68,0
1656,9.618866213151927,4096,0,0,0.328201025724411,0,68,1,68,68,68,68,0
1657,9.624671201814058,4096,0,0,0.36356306076049805,0,68,1,68,68,68,68,0
1658,9.630476190476191,4096,0,0,0.3771011531352997,0,68,1,68,68,68,68,0
1659,9.636281179138322,4096,0,0,0.3601401448249817,0,68,1,68,68,68,68,0
1660,9.642086167800453,4096,0,0,0.36056381464004517,0,68,1,68,68,68,68,0
1661,9.647891156462585,4096,0,0,0.32396969199180603,0,68,1,68,68,68,68,0
1662,9.653696145124716,4096,0,0,0.3561345636844635,0,68,1,68,68,68,68,0
1663,9.659501133786849,4096,0,0,0.3614818751811981,0,68,1,68,68,68,68,0
1664,9.66530612244898,4096,0,0,0.3389083743095398,0,68,1,68,68,68,68,0
1665,9.671111111111111,4096,0,0,0.3340529501438141,0,68,1,68,68,68,68,0
1666,9.676916099773242,4096,0,0,0.31349825859069824,0,68,1,68,68,68,68,0
1667,9.682721088435374,4096,0,0,0.33402219414711,0,68,1,68,68,68,68,0
1668,9.688526077097505,4096,0,0,0.3442889451980591,0,68,1,68,68,68,68,0
1669,9.694331065759638,4096,0,0,0.3233415484428406,0,68,1,68,68,68,68,0
1670,9.700136054421769,4096,0,0,0.31900930404663086,0,68,1,68,68,68,68,0
1671,9.7059410430839,4096,0,0,0.29485398530960083,0,68,1,68,68,68,68,0
1672,9.711746031746031,4096,0,0,0.31821611523628235,0,68,1,68,68,68,68,0
1673,9.717551020408163,4096,0,0,0.333095908164978,0,68,1,68,68,68,68,0
1674,9.723356009070296,4096,0,0,0.3052336871623993,0,68,1,68,68,68,68,0
1675,9.729160997732427,4096,0,0,0.2973969578742981,0,68,1,68,68,68,68,0
1676,9.734965986394558,4096,0,0,0.290396511554718,0,68,1,68,68,68,68,0
1677,9.740770975056689,4096,0,0,0.3355482816696167,0,68,1,68,68,68,68,0
1678,9.74657596371882,4096,0,0,0.039496805518865585,0,68,1,68,68,68,68,0
1679,9.752380952380953,4096,0,0,0.028021100908517838,0,68,1,68,68,68,68,0
1680,9.758185941043084,512,1,0,0.027431175112724304,0,-1,0,59,68,68,68,0
1681,9.763990929705216,512,0,0,0.02760215848684311,0,-1,0,59,-1,-1,-1,0
1682,9.769795918367347,512,0,0,0.027705201879143715,0,-1,0,59,-1,-1,-1,0
1683,9.775600907029478,1024,0,0,0.14042355120182037,0,-1,1,59,-1,-1,-1,0
1684,9.78140589569161,1024,0,0,0.3536500930786133,0,-1,1,59,59,59,59,0
1685,9.787210884353742,2048,0,0,0.3532921075820923,0,68,1,72,59,59,59,0
1686,9.793015873015873,2048,0,0,0.3296278119087219,0,68,1,72,72,59,59,0
1687,9.798820861678005,2048,0,1,0.33932721614837646,0,68,1,68,72,59,59,0
1688,9.804625850340136,2048,0,0,0.31508156657218933,0,68,1,68,68,59,59,0
1689,9.810430839002267,4096,0,0,0.3430410921573639,0,68,0,68,68,59,59,0
1690,9.8162358276644,4096,0,0,0.35259777307510376,0,68,0,68,-1,-1,-1,0
1691,9.822040816326531,4096,0,0,0.3455691337585449,0,68,0,68,-1,-1,-1,0
1692,9.827845804988662,4096,0,0,0.35648950934410095,0,68,0,68,-1,-1,-1,0
1693,9.833650793650794,4096,0,0,0.3106280565261841,0,68,0,68,-1,-1,-1,0
1694,9.839455782312925,4096,0,0,0.34173113107681274,0,68,1,68,-1,-1,-1,0
1695,9.845260770975056,4096,0,0,0.3347320258617401,0,68,1,68,68,68,68,0
1696,9.851065759637189,4096,0,0,0.33445608615875244,0,68,1,68,68,68,68,0
1697,9.85687074829932,4096,0,0,0.34569674730300903,0,68,1,68,68,68,68,0
1698,9.862675736961451,4096,0,0,0.32688847184181213,0,68,1,68,68,68,68,0
1699,9.868480725623582,4096,0,0,0.33489641547203064,0,68,1,68,68,68,68,0
1700,9.874285714285714,4096,0,0,0.30784279108047485,0,68,1,68,68,68,68,0
1701,9.880090702947847,4096,0,0,0.3384360074996948,0,68,1,68,68,68,68,0
1702,9.885895691609978,4096,0,0,0.32984432578086853,0,68,1,68,68,68,68,0
1703,9.891700680272109,4096,0,0,0.32717981934547424,0,68,1,68,68,68,68,0
1704,9.89750566893424,4096,0,0,0.3419783413410187,0,68,1,68,68,68,68,0
1705,9.903310657596371,4096,0,0,0.3247986435890198,0,68,1,68,68,68,68,0
1706,9.909115646258503,4096,0,0,0.33585813641548157,0,68,1,68,68,68,68,0
1707,9.914920634920636,4096,0,0,0.3017106354236603,0,68,1,68,68,68,68,0
1708,9.920725623582767,4096,0,0,0.3320199251174927,0,68,1,68,68,68,68,0
1709,9.926530612244898,4096,0,0,0.31206756830215454,0,68,1,68,68,68,68,0
1710,9.93233560090703,4096,0,0,0.3242413401603699,0,68,1,68,68,68,68,0
1711,9.93814058956916,4096,0,0,0.33632344007492065,0,68,1,68,68,68,68,0
1712,9.943945578231293,4096,0,0,0.313873827457428,0,68,1,68,68,68,68,0
1713,9.949750566893425,4096,0,0,0.3195874094963074,0,68,1,68,68,68,68,0
1714,9.955555555555556,4096,0,0,0.2935831546783447,0,68,1,68,68,68,68,0
1715,9.961360544217687,4096,0,0,0.3248659372329712,0,68,1,68,68,68,68,0
1716,9.967165532879818,4096,0,0,0.32531455159187317,0,68,1,68,68,68,68,0
1717,9.97297052154195,4096,0,0,0.30839601159095764,0,68,1,68,68,68,68,0
1718,9.978775510204082,4096,0,0,0.3193071782588959,0,68,1,68,68,68,68,0
1719,9.984580498866213,4096,0,0,0.28572317957878113,0,68,1,68,68,68,68,0
1720,9.990385487528345,4096,0,0,0.3145897686481476,0,68,1,68,68,68,68,0
1721,9.996190476190476,4096,0,0,0.3000388741493225,0,68,1,68,68,68,68,0
1722,10.001995464852607,4096,0,0,0.30449268221855164,0,68,1,68,68,68,68,0
1723,10.00780045351474,4096,0,0,0.3230331838130951,0,68,1,68,68,68,68,0
1724,10.013605442176871,4096,0,0,0.2897188067436218,0,68,1,68,68,68,68,0
1725,10.019410430839002,4096,0,0,0.29183074831962585,0,68,1,68,68,68,68,0
1726,10.025215419501134,4096,0,0,0.2807435989379883,0,68,1,68,68,68,68,0
1727,10.031020408163265,4096,0,0,0.3043631315231323,0,68,1,68,68,68,68,0
1728,10.036825396825396,4096,0,0,0.3156346380710602,0,68,1,68,68,68,68,0
1729,10.042630385487529,4096,0,0,0.288239985704422,0,68,1,68,68,68,68,0
1730,10.04843537414966,4096,0,0,0.2968605160713196,0,68,1,68,68,68,68,0
1731,10.054240362811791,4096,0,0,0.27625036239624023,0,68,1,68,68,68,68,0
1732,10.060045351473923,4096,0,0,0.3034609854221344,0,68,1,68,68,68,68,0
1733,10.065850340136054,4096,0,0,0.30696138739585876,0,68,1,68,68,68,68,0
1734,10.071655328798187,4096,0,0,0.2857006788253784,0,68,1,68,68,68,68,0
1735,10.077460317460318,4096,0,0,0.30004721879959106,0,68,1,68,68,68,68,0
1736,10.083265306122449,4096,0,0,0.2735140025615692,0,68,1,68,68,68,68,0
1737,10.08907029478458,4096,0,0,0.3002028167247772,0,68,1,68,68,68,68,0
1738,10.094875283446711,4096,0,0,0.30010947585105896,0,68,1,68,68,68,68,0
1739,10.100680272108843,4096,0,0,0.2885158658027649,0,68,1,68,68,68,68,0
1740,10.106485260770976,4096,0,0,0.21872209012508392,0,68,1,68,68,68,68,0
1741,10.112290249433107,4096,0,0,0.07888757437467575,0,68,1,68,68,68,68,0
1742,10.118095238095238,4096,0,0,0.0425974503159523,0,68,1,68,68,68,68,0
1743,10.12390022675737,4096,0,0,0.030769789591431618,0,68,1,68,68,68,68,0
1744,10.1297052154195,4096,0,0,0.02805011160671711,0,68,0,68,68,68,68,0
1745,10.135510204081633,4096,0,0,0.027040446177124977,0,68,0,68,-1,-1,-1,0
1746,10.141315192743765,512,1,0,0.02711505815386772,0,68,0,59,-1,-1,-1,0
1747,10.147120181405896,512,0,0,0.027437537908554077,0,-1,0,59,-1,-1,-1,0
1748,10.152925170068027,512,0,0,0.027419438585639,0,-1,0,59,-1,-1,-1,0
1749,10.158730158730158,1024,0,0,0.02743884176015854,0,-1,0,59,-1,-1,-1,0
1750,10.164535147392291,1024,0,0,0.027568712830543518,0,-1,0,59,-1,-1,-1,0
1751,10.170340136054422,2048,0,0,0.027593079954385757,0,-1,0,59,-1,-1,-1,0
1752,10.176145124716554,2048,0,0,0.02787819504737854,0,-1,0,59,-1,-1,-1,0
1753,10.181950113378685,2048,0,0,0.027920246124267578,0,-1,0,59,-1,-1,-1,0
1754,10.187755102040816,2048,0,0,0.02877546288073063,0,-1,0,59,-1,-1,-1,0
1755,10.193560090702947,4096,0,0,0.028877751901745796,0,-1,0,72,-1,-1,-1,0
1756,10.19936507936508,4096,0,0,0.0282108336687088,0,-1,0,72,-1,-1,-1,0
1757,10.205170068027211,4096,0,0,0.16274254024028778,0,-1,0,59,-1,-1,-1,0
1758,10.210975056689342,4096,0,0,0.32699987292289734,0,-1,0,59,-1,-1,-1,0
1759,10.216780045351474,4096,0,0,0.34083637595176697,0,71,0,59,-1,-1,-1,0
1760,10.222585034013605,4096,0,0,0.3576405644416809,0,71,0,59,-1,-1,-1,0
1761,10.228390022675738,4096,0,1,0.3419431447982788,0,71,0,71,-1,-1,-1,0
1762,10.234195011337869,4096,0,0,0.34295713901519775,0,71,0,71,-1,-1,-1,0
1763,10.24,4096,0,0,0.3311738967895508,0,71,0,71,-1,-1,-1,0
1764,10.245804988662131,4096,0,0,0.32066163420677185,0,71,0,71,-1,-1,-1,0
1765,10.251609977324263,4096,0,0,0.302895188331604,0,71,0,71,-1,-1,-1,0
1766,10.257414965986394,4096,0,0,0.32006141543388367,0,71,0,71,-1,-1,-1,0
1767,10.263219954648527,4096,0,0,0.3257320523262024,0,71,0,71,-1,-1,-1,0
1768,10.269024943310658,4096,0,0,0.31914907693862915,0,71,0,71,-1,-1,-1,0
1769,10.27482993197279,4096,0,0,0.31465378403663635,0,71,0,71,-1,-1,-1,0
1770,10.28063492063492,4096,0,0,0.2947460114955902,0,71,0,71,-1,-1,-1,0
1771,10.286439909297052,4096,0,0,0.293366938829422,0,71,0,71,-1,-1,-1,0
1772,10.292244897959185,4096,0,0,0.2992534637451172,0,71,0,71,-1,-1,-1,0
1773,10.298049886621316,4096,0,0,0.3170294761657715,0,71,0,71,-1,-1,-1,0
1774,10.303854875283447,4096,0,0,0.30738964676856995,0,71,0,71,-1,-1,-1,0
1775,10.309659863945578,4096,0,0,0.29657167196273804,0,71,0,71,-1,-1,-1,0
1776,10.31546485260771,4096,0,0,0.29388123750686646,0,71,0,71,-1,-1,-1,0
1777,10.32126984126984,4096,0,0,0.28453728556632996,0,71,0,71,-1,-1,-1,0
1778,10.327074829931973,4096,0,0,0.26926079392433167,0,71,0,71,-1,-1,-1,0
1779,10.332879818594105,4096,0,0,0.28601643443107605,0,71,0,71,-1,-1,-1,0
1780,10.338684807256236,4096,0,0,0.30397289991378784,0,71,0,71,-1,-1,-1,0
1781,10.344489795918367,4096,0,0,0.2970360219478607,0,71,0,71,-1,-1,-1,0
1782,10.350294784580498,4096,0,0,0.30148154497146606,0,71,0,71,-1,-1,-1,0
1783,10.356099773242631,4096,0,0,0.31419864296913147,0,71,0,71,-1,-1,-1,0
1784,10.361904761904762,4096,0,0,0.32425954937934875,0,71,0,71,-1,-1,-1,0
1785,10.367709750566894,4096,0,0,0.2730293869972229,0,71,0,71,-1,-1,-1,0
1786,10.373514739229025,4096,0,0,0.17513495683670044,0,71,0,71,-1,-1,-1,0
1787,10.379319727891156,4096,0,0,0.07612625509500504,0,71,0,71,-1,-1,-1,0
1788,10.385124716553287,4096,0,0,0.050029680132865906,0,71,0,71,-1,-1,-1,0
1789,10.39092970521542,4096,0,0,0.03732778877019882,0,71,0,71,-1,-1,-1,0
1790,10.396734693877551,4096,0,0,0.031479403376579285,0,71,0,71,-1,-1,-1,0
1791,10.402539682539683,4096,0,0,0.029405072331428528,0,71,0,71,-1,-1,-1,0
1792,10.408344671201814,4096,0,0,0.031043874099850655,0,71,0,71,-1,-1,-1,0
1793,10.414149659863945,4096,0,0,0.031247882172465324,0,71,0,71,-1,-1,-1,0
1794,10.419954648526078,512,1,0,0.029136307537555695,0,-1,1,59,-1,-1,-1,0
1795,10.425759637188209,512,0,0,0.02912789210677147,0,-1,1,59,59,59,59,0
1796,10.43156462585034,512,0,0,0.031423166394233704,0,-1,1,59,59,59,59,0
1797,10.437369614512471,1024,0,0,0.047516949474811554,0,-1,1,49,59,59,59,0
1798,10.443174603174603,1024,0,0,0.05888824164867401,0,-1,1,53,59,59,59,0
1799,10.448979591836734,2048,0,0,0.05033870413899422,0,-1,1,53,53,59,59,0
1800,10.454784580498867,2048,0,0,0.049829237163066864,0,-1,1,53,53,59,59,0
1801,10.460589569160998,2048,0,0,0.047685038298368454,0,-1,1,66,53,59,59,0
1802,10.46639455782313,2048,0,0,0.04669443145394325,0,-1,1,66,66,59,59,0
1803,10.47219954648526,4096,0,0,0.049801118671894073,0,-1,0,66,66,59,59,0
1804,10.478004535147392,4096,0,0,0.05067886412143707,0,-1,0,66,-1,-1,-1,0
1805,10.483809523809525,4096,0,0,0.04684552550315857,0,-1,0,66,-1,-1,-1,0
1806,10.489614512471656,4096,0,0,0.04340821132063866,0,-1,0,66,-1,-1,-1,0
1807,10.495419501133787,4096,0,0,0.04554194211959839,0,-1,0,66,-1,-1,-1,0
1808,10.501224489795918,4096,0,0,0.045613836497068405,0,-1,0,66,-1,-1,-1,0
1809,10.50702947845805,4096,0,0,0.04607338830828667,0,-1,0,66,-1,-1,-1,0
1810,10.51283446712018,4096,0,0,0.04675334319472313,0,-1,0,66,-1,-1,-1,0
1811,10.518639455782314,4096,0,0,0.04823573678731918,0,-1,0,66,-1,-1,-1,0
1812,10.524444444444445,4096,0,0,0.04672328010201454,0,-1,0,66,-1,-1,-1,0
1813,10.530249433106576,4096,0,0,0.044558845460414886,0,-1,0,66,-1,-1,-1,0
1814,10.536054421768707,4096,0,0,0.043739840388298035,0,-1,0,66,-1,-1,-1,0
1815,10.541859410430838,4096,0,0,0.042468100786209106,0,-1,0,66,-1,-1,-1,0
1816,10.547664399092971,4096,0,0,0.04205217584967613,0,-1,0,66,-1,-1,-1,0
1817,10.553469387755102,4096,0,0,0.04181033372879028,0,-1,0,66,-1,-1,-1,0
1818,10.559274376417234,4096,0,0,0.04331754520535469,0,-1,0,66,-1,-1,-1,0
1819,10.565079365079365,4096,0,0,0.042299266904592514,0,-1,0,66,-1,-1,-1,0
1820,10.570884353741496,4096,0,0,0.03949355334043503,0,-1,0,66,-1,-1,-1,0
1821,10.576689342403627,4096,0,0,0.038125693798065186,0,-1,0,66,-1,-1,-1,0
1822,10.58249433106576,4096,0,0,0.03776136413216591,0,-1,0,66,-1,-1,-1,0
1823,10.588299319727891,4096,0,0,0.036687009036540985,0,-1,0,66,-1,-1,-1,0
1824,10.594104308390023,4096,0,0,0.03668850660324097,0,-1,0,66,-1,-1,-1,0
1825,10.599909297052154,4096,0,0,0.03842687979340553,0,-1,0,66,-1,-1,-1,0
1826,10.605714285714285,4096,0,0,0.03666014224290848,0,-1,0,66,-1,-1,-1,0
1827,10.611519274376418,4096,0,0,0.034092653542757034,0,-1,0,66,-1,-1,-1,0
1828,10.61732426303855,4096,0,0,0.033547576516866684,0,-1,0,66,-1,-1,-1,0
1829,10.62312925170068,4096,0,0,0.033239878714084625,0,-1,0,66,-1,-1,-1,0
1830,10.628934240362812,4096,0,0,0.033803608268499374,0,-1,0,66,-1,-1,-1,0
1831,10.634739229024943,4096,0,0,0.034809090197086334,0,-1,0,66,-1,-1,-1,0
1832,10.640544217687076,4096,0,0,0.03555971756577492,0,-1,0,66,-1,-1,-1,0
1833,10.646349206349207,4096,0,0,0.034347474575042725,0,-1,0,66,-1,-1,-1,0
1834,10.652154195011338,4096,0,0,0.03378991037607193,0,-1,0,66,-1,-1,-1,0
1835,10.65795918367347,4096,0,0,0.03438273072242737,0,-1,0,66,-1,-1,-1,0
1836,10.6637641723356,4096,0,0,0.034982576966285706,0,-1,0,66,-1,-1,-1,0
1837,10.669569160997732,4096,0,0,0.034740664064884186,0,-1,0,66,-1,-1,-1,0
1838,10.675374149659865,4096,0,0,0.03636288642883301,0,-1,0,66,-1,-1,-1,0
1839,10.681179138321996,4096,0,0,0.03688729926943779,0,-1,0,66,-1,-1,-1,0
1840,10.686984126984127,4096,0,0,0.035510480403900146,0,-1,0,66,-1,-1,-1,0
1841,10.692789115646258,4096,0,0,0.03643321990966797,0,-1,0,66,-1,-1,-1,0
1842,10.69859410430839,4096,0,0,0.03738175705075264,0,-1,0,66,-1,-1,-1,0
1843,10.704399092970522,4096,0,0,0.03653426468372345,0,-1,0,66,-1,-1,-1,0
1844,10.710204081632654,4096,0,0,0.03642597422003746,0,-1,0,66,-1,-1,-1,0
1845,10.716009070294785,4096,0,0,0.0375128798186779,0,-1,0,66,-1,-1,-1,0
1846,10.721814058956916,4096,0,0,0.03684433177113533,0,-1,0,66,-1,-1,-1,0
1847,10.727619047619047,4096,0,0,0.03555770590901375,0,-1,0,66,-1,-1,-1,0
1848,10.733424036281178,4096,0,0,0.035478752106428146,0,-1,0,66,-1,-1,-1,0
1849,10.739229024943311,4096,0,0,0.035530637949705124,0,-1,0,66,-1,-1,-1,0
1850,10.745034013605443,4096,0,0,0.03548172861337662,0,-1,0,66,-1,-1,-1,0
1851,10.750839002267574,4096,0,0,0.03553767874836922,0,-1,0,66,-1,-1,-1,0
1852,10.756643990929705,4096,0,0,0.03639946132898331,0,-1,0,66,-1,-1,-1,0
1853,10.762448979591836,4096,0,0,0.03563883155584335,0,-1,0,66,-1,-1,-1,0
1854,10.768253968253969,4096,0,0,0.03401685133576393,0,-1,0,66,-1,-1,-1,0
1855,10.7740589569161,4096,0,0,0.03432520851492882,0,-1,0,66,-1,-1,-1,0
1856,10.779863945578231,4096,0,0,0.033943723887205124,0,-1,0,66,-1,-1,-1,0
1857,10.785668934240363,4096,0,0,0.033282823860645294,0,-1,0,66,-1,-1,-1,0
1858,10.791473922902494,4096,0,0,0.03352206200361252,0,-1,0,66,-1,-1,-1,0
1859,10.797278911564625,4096,0,0,0.03423124924302101,0,-1,0,66,-1,-1,-1,0
1860,10.803083900226758,4096,0,0,0.033606018871068954,0,-1,0,66,-1,-1,-1,0
1861,10.80888888888889,4096,0,0,0.03321903198957443,0,-1,0,66,-1,-1,-1,0
1862,10.81469387755102,4096,0,0,0.03339884802699089,0,-1,0,66,-1,-1,-1,0
1863,10.820498866213152,4096,0,0,0.033032502979040146,0,-1,0,66,-1,-1,-1,0
1864,10.826303854875283,4096,0,0,0.032601382583379745,0,-1,0,66,-1,-1,-1,0
1865,10.832108843537416,4096,0,0,0.03335835784673691,0,-1,0,66,-1,-1,-1,0
1866,10.837913832199547,4096,0,0,0.03344964236021042,0,-1,0,66,-1,-1,-1,0
1867,10.843718820861678,4096,0,0,0.032735154032707214,0,-1,0,66,-1,-1,-1,0
1868,10.84952380952381,4096,0,0,0.03326217085123062,0,-1,0,66,-1,-1,-1,0
1869,10.85532879818594,4096,0,0,0.034311339259147644,0,-1,0,66,-1,-1,-1,0
1870,10.861133786848072,4096,0,0,0.0339188314974308,0,-1,0,66,-1,-1,-1,0
1871,10.866938775510205,4096,0,0,0.03349154442548752,0,-1,0,66,-1,-1,-1,0
1872,10.872743764172336,4096,0,0,0.03395385295152664,0,-1,0,66,-1,-1,-1,0
1873,10.878548752834467,4096,0,0,0.0340489000082016,0,-1,0,66,-1,-1,-1,0
1874,10.884353741496598,4096,0,0,0.03348082676529884,0,-1,0,66,-1,-1,-1,0
1875,10.89015873015873,4096,0,0,0.03334330394864082,0,-1,0,66,-1,-1,-1,0
1876,10.895963718820862,4096,0,0,0.03305509686470032,0,-1,0,66,-1,-1,-1,0
1877,10.901768707482994,4096,0,0,0.032302018254995346,0,-1,0,66,-1,-1,-1,0
1878,10.907573696145125,4096,0,0,0.03255052864551544,0,-1,0,66,-1,-1,-1,0
1879,10.913378684807256,4096,0,0,0.03377992659807205,0,-1,0,66,-1,-1,-1,0
1880,10.919183673469387,4096,0,0,0.03339076414704323,0,-1,0,66,-1,-1,-1,0
1881,10.924988662131518,4096,0,0,0.03321559727191925,0,-1,0,66,-1,-1,-1,0
1882,10.930793650793651,4096,0,0,0.03346985951066017,0,-1,0,66,-1,-1,-1,0
1883,10.936598639455783,4096,0,0,0.03417230769991875,0,-1,0,66,-1,-1,-1,0
1884,10.942403628117914,4096,0,0,0.03266679868102074,0,-1,0,66,-1,-1,-1,0
1885,10.948208616780045,4096,0,0,0.032222289592027664,0,-1,0,66,-1,-1,-1,0
1886,10.954013605442176,4096,0,0,0.03325945511460304,0,-1,0,66,-1,-1,-1,0
1887,10.95981859410431,4096,0,0,0.03302143141627312,0,-1,0,66,-1,-1,-1,0
1888,10.96562358276644,4096,0,0,0.03255714476108551,0,-1,0,66,-1,-1,-1,0
1889,10.971428571428572,4096,0,0,0.032214757055044174,0,-1,0,66,-1,-1,-1,0
1890,10.977233560090703,4096,0,0,0.03183067962527275,0,-1,0,66,-1,-1,-1,0
1891,10.983038548752834,4096,0,0,0.031911998987197876,0,-1,0,66,-1,-1,-1,0
1892,10.988843537414965,4096,0,0,0.032415490597486496,0,-1,0,66,-1,-1,-1,0
1893,10.994648526077098,4096,0,0,0.033067889511585236,0,-1,0,66,-1,-1,-1,0
1894,11.00045351473923,4096,0,0,0.032499760389328,0,-1,0,66,-1,-1,-1,0
1895,11.00625850340136,4096,0,0,0.031436510384082794,0,-1,0,66,-1,-1,-1,0
1896,11.012063492063492,4096,0,0,0.03154551237821579,0,-1,0,66,-1,-1,-1,0
1897,11.017868480725623,4096,0,0,0.03158661350607872,0,-1,0,66,-1,-1,-1,0
1898,11.023673469387756,4096,0,0,0.03136514872312546,0,-1,0,66,-1,-1,-1,0
1899,11.029478458049887,4096,0,0,0.03195962309837341,0,-1,0,66,-1,-1,-1,0
1900,11.035283446712018,4096,0,0,0.03209104388952255,0,-1,0,66,-1,-1,-1,0
1901,11.04108843537415,4096,0,0,0.031725700944662094,0,-1,0,66,-1,-1,-1,0
1902,11.04689342403628,4096,0,0,0.03127003833651543,0,-1,0,66,-1,-1,-1,0
1903,11.052698412698414,4096,0,0,0.0316551998257637,0,-1,0,66,-1,-1,-1,0
1904,11.058503401360545,4096,0,0,0.03228241950273514,0,-1,0,66,-1,-1,-1,0
1905,11.064308390022676,4096,0,0,0.03143027052283287,0,-1,0,66,-1,-1,-1,0
1906,11.070113378684807,4096,0,0,0.0313827283680439,0,-1,0,66,-1,-1,-1,0
1907,11.075918367346938,4096,0,0,0.03160646930336952,0,-1,0,66,-1,-1,-1,0
1908,11.08172335600907,4096,0,0,0.0312582403421402,0,-1,0,66,-1,-1,-1,0
1909,11.087528344671203,4096,0,0,0.03122795931994915,0,-1,0,66,-1,-1,-1,0
1910,11.093333333333334,4096,0,0,0.031435370445251465,0,-1,0,66,-1,-1,-1,0
1911,11.099138321995465,4096,0,0,0.031172139570116997,0,-1,0,66,-1,-1,-1,0
1912,11.104943310657596,4096,0,0,0.03093152679502964,0,-1,0,66,-1,-1,-1,0
1913,11.110748299319727,4096,0,0,0.031591836363077164,0,-1,0,66,-1,-1,-1,0
1914,11.11655328798186,4096,0,0,0.03169441223144531,0,-1,0,66,-1,-1,-1,0
1915,11.122358276643991,4096,0,0,0.030545949935913086,0,-1,0,66,-1,-1,-1,0
1916,11.128163265306123,4096,0,0,0.030515607446432114,0,-1,0,66,-1,-1,-1,0
1917,11.133968253968254,4096,0,0,0.031463366001844406,0,-1,0,66,-1,-1,-1,0
1918,11.139773242630385,4096,0,0,0.030821653082966805,0,-1,0,66,-1,-1,-1,0
1919,11.145578231292516,4096,0,0,0.030397122725844383,0,-1,0,66,-1,-1,-1,0
1920,11.15138321995465,4096,0,0,0.03087736666202545,0,-1,0,66,-1,-1,-1,0
1921,11.15718820861678,4096,0,0,0.03138551488518715,0,-1,0,66,-1,-1,-1,0
1922,11.162993197278912,4096,0,0,0.03057137131690979,0,-1,0,66,-1,-1,-1,0
1923,11.168798185941043,4096,0,0,0.03064332902431488,0,-1,0,66,-1,-1,-1,0
1924,11.174603174603174,4096,0,0,0.0306333489716053,0,-1,0,66,-1,-1,-1,0
1925,11.180408163265307,4096,0,0,0.029875662177801132,0,-1,0,66,-1,-1,-1,0
1926,11.186213151927438,4096,0,0,0.030041882768273354,0,-1,0,66,-1,-1,-1,0
1927,11.19201814058957,4096,0,0,0.03091409243643284,0,-1,0,66,-1,-1,-1,0
1928,11.1978231292517,4096,0,0,0.031082967296242714,0,-1,0,66,-1,-1,-1,0
1929,11.203628117913832,4096,0,0,0.03035961277782917,0,-1,0,66,-1,-1,-1,0
1930,11.209433106575963,4096,0,0,0.030368752777576447,0,-1,0,66,-1,-1,-1,0
1931,11.215238095238096,4096,0,0,0.030930545181035995,0,-1,0,66,-1,-1,-1,0
1932,11.221043083900227,4096,0,0,0.03107527457177639,0,-1,0,66,-1,-1,-1,0
1933,11.226848072562358,4096,0,0,0.030793098732829094,0,-1,0,66,-1,-1,-1,0
1934,11.23265306122449,4096,0,0,0.03140394389629364,0,-1,0,66,-1,-1,-1,0
1935,11.23845804988662,4096,0,0,0.03077141009271145,0,-1,0,66,-1,-1,-1,0
1936,11.244263038548754,4096,0,0,0.029643435031175613,0,-1,0,66,-1,-1,-1,0
1937,11.250068027210885,4096,0,0,0.029588639736175537,0,-1,0,66,-1,-1,-1,0
1938,11.255873015873016,4096,0,0,0.030128976330161095,0,-1,0,66,-1,-1,-1,0
1939,11.261678004535147,4096,0,0,0.02971745654940605,0,-1,0,66,-1,-1,-1,0
1940,11.267482993197278,4096,0,0,0.029317090287804604,0,-1,0,66,-1,-1,-1,0
1941,11.27328798185941,4096,0,0,0.02968880720436573,0,-1,0,66,-1,-1,-1,0
1942,11.279092970521543,4096,0,0,0.029935520142316818,0,-1,0,66,-1,-1,-1,0
1943,11.284897959183674,4096,0,0,0.029417792335152626,0,-1,0,66,-1,-1,-1,0
1944,11.290702947845805,4096,0,0,0.02928723581135273,0,-1,0,66,-1,-1,-1,0
1945,11.296507936507936,4096,0,0,0.029706744477152824,0,-1,0,66,-1,-1,-1,0
1946,11.302312925170067,4096,0,0,0.029405033215880394,0,-1,0,66,-1,-1,-1,0
1947,11.3081179138322,4096,0,0,0.02934361808001995,0,-1,0,66,-1,-1,-1,0
1948,11.313922902494332,4096,0,0,0.029725059866905212,0,-1,0,66,-1,-1,-1,0
1949,11.319727891156463,4096,0,0,0.029432106763124466,0,-1,0,66,-1,-1,-1,0
1950,11.325532879818594,4096,0,0,0.029323292896151543,0,-1,0,66,-1,-1,-1,0
1951,11.331337868480725,4096,0,0,0.02930942364037037,0,-1,0,66,-1,-1,-1,0
1952,11.337142857142856,4096,0,0,0.028687167912721634,0,-1,0,66,-1,-1,-1,0
1953,11.34294784580499,4096,0,0,0.02873719297349453,0,-1,0,66,-1,-1,-1,0
1954,11.34875283446712,4096,0,0,0.029140818864107132,0,-1,0,66,-1,-1,-1,0
1955,11.354557823129252,4096,0,0,0.030220750719308853,0,-1,0,66,-1,-1,-1,0
1956,11.360362811791383,4096,0,0,0.029801303520798683,0,-1,0,66,-1,-1,-1,0
1957,11.366167800453514,4096,0,0,0.028989803045988083,0,-1,0,66,-1,-1,-1,0
1958,11.371972789115647,4096,0,0,0.029271719977259636,0,-1,0,66,-1,-1,-1,0
1959,11.377777777777778,4096,0,0,0.029587415978312492,0,-1,0,66,-1,-1,-1,0
1960,11.38358276643991,4096,0,0,0.029703421518206596,0,-1,0,66,-1,-1,-1,0
1961,11.38938775510204,4096,0,0,0.03042827732861042,0,-1,0,66,-1,-1,-1,0
1962,11.395192743764172,4096,0,0,0.03022962436079979,0,-1,0,66,-1,-1,-1,0
1963,11.400997732426303,4096,0,0,0.02910531312227249,0,-1,0,66,-1,-1,-1,0
1964,11.406802721088436,4096,0,0,0.02899799309670925,0,-1,0,66,-1,-1,-1,0
1965,11.412607709750567,4096,0,0,0.029261810705065727,0,-1,0,66,-1,-1,-1,0
1966,11.418412698412698,4096,0,0,0.02842930145561695,0,-1,0,66,-1,-1,-1,0
1967,11.42421768707483,4096,0,0,0.0286705382168293,0,-1,0,66,-1,-1,-1,0
1968,11.43002267573696,4096,0,0,0.02966313250362873,0,-1,0,66,-1,-1,-1,0
1969,11.435827664399094,4096,0,0,0.029499638825654984,0,-1,0,66,-1,-1,-1,0
1970,11.441632653061225,4096,0,0,0.02880820631980896,0,-1,0,66,-1,-1,-1,0
1971,11.447437641723356,4096,0,0,0.028918707743287086,0,-1,0,66,-1,-1,-1,0
1972,11.453242630385487,4096,0,0,0.029364049434661865,0,-1,0,66,-1,-1,-1,0
1973,11.459047619047618,4096,0,0,0.02914179116487503,0,-1,0,66,-1,-1,-1,0
1974,11.464852607709751,4096,0,0,0.028717104345560074,0,-1,0,66,-1,-1,-1,0
1975,11.470657596371883,4096,0,0,0.029084084555506706,0,-1,0,66,-1,-1,-1,0
1976,11.476462585034014,4096,0,0,0.029247373342514038,0,-1,0,66,-1,-1,-1,0
1977,11.482267573696145,4096,0,0,0.028814664110541344,0,-1,0,66,-1,-1,-1,0
1978,11.488072562358276,4096,0,0,0.028788691386580467,0,-1,0,66,-1,-1,-1,0
1979,11.493877551020407,4096,0,0,0.029173092916607857,0,-1,0,66,-1,-1,-1,0
1980,11.49968253968254,4096,0,0,0.028935043141245842,0,-1,0,66,-1,-1,-1,0
1981,11.505487528344672,4096,0,0,0.028668472543358803,0,-1,0,66,-1,-1,-1,0
1982,11.511292517006803,4096,0,0,0.02919810824096203,0,-1,0,66,-1,-1,-1,0
1983,11.517097505668934,4096,0,0,0.02951386757194996,0,-1,0,66,-1,-1,-1,0
1984,11.522902494331065,4096,0,0,0.028767529875040054,0,-1,0,72,-1,-1,-1,0
1985,11.528707482993198,4096,0,0,0.028442753478884697,0,-1,0,72,-1,-1,-1,0
1986,11.53451247165533,4096,0,0,0.028518248349428177,0,-1,0,72,-1,-1,-1,0
1987,11.54031746031746,4096,0,0,0.028292514383792877,0,-1,0,72,-1,-1,-1,0
1988,11.546122448979592,4096,0,0,0.027886299416422844,0,-1,0,72,-1,-1,-1,0
1989,11.551927437641723,4096,0,0,0.02833838015794754,0,-1,0,72,-1,-1,-1,0
1990,11.557732426303854,4096,0,0,0.02875150553882122,0,-1,0,72,-1,-1,-1,0
1991,11.563537414965987,4096,0,0,0.02863176353275776,0,-1,0,72,-1,-1,-1,0
1992,11.569342403628118,4096,0,0,0.02896548993885517,0,-1,0,72,-1,-1,-1,0
1993,11.57514739229025,4096,0,0,0.029141616076231003,0,-1,0,72,-1,-1,-1,0
1994,11.58095238095238,4096,0,0,0.028311196714639664,0,-1,0,72,-1,-1,-1,0
1995,11.586757369614512,4096,0,0,0.02843429334461689,0,-1,0,72,-1,-1,-1,0
1996,11.592562358276645,4096,0,0,0.02901274338364601,0,-1,0,72,-1,-1,-1,0
1997,11.598367346938776,4096,0,0,0.02892683632671833,0,-1,0,72,-1,-1,-1,0
1998,11.604172335600907,4096,0,0,0.028560267761349678,0,-1,0,72,-1,-1,-1,0
1999,11.609977324263038,4096,0,0,0.028318218886852264,0,-1,0,72,-1,-1,-1,0
2000,11.61578231292517,4096,0,0,0.028827663511037827,0,-1,0,72,-1,-1,-1,0
2001,11.6215873015873,4096,0,0,0.028763379901647568,0,-1,0,72,-1,-1,-1,0
2002,11.627392290249434,4096,0,0,0.02885557897388935,0,-1,0,72,-1,-1,-1,0
2003,11.633197278911565,4096,0,0,0.02923949621617794,0,-1,0,72,-1,-1,-1,0
2004,11.639002267573696,4096,0,0,0.028643349185585976,0,-1,0,72,-1,-1,-1,0
2005,11.644807256235827,4096,0,0,0.02853809855878353,0,-1,0,72,-1,-1,-1,0
2006,11.650612244897959,4096,0,0,0.02878866158425808,0,-1,0,72,-1,-1,-1,0
2007,11.656417233560092,4096,0,0,0.028572751209139824,0,-1,0,72,-1,-1,-1,0
2008,11.662222222222223,4096,0,0,0.02865259163081646,0,-1,0,72,-1,-1,-1,0
2009,11.668027210884354,4096,0,0,0.028859317302703857,0,-1,0,72,-1,-1,-1,0
2010,11.673832199546485,4096,0,0,0.02896374650299549,0,-1,0,72,-1,-1,-1,0
2011,11.679637188208616,4096,0,0,0.029013147577643394,0,-1,0,72,-1,-1,-1,0
2012,11.685442176870747,4096,0,0,0.028382515534758568,0,-1,0,59,-1,-1,-1,0
2013,11.69124716553288,4096,0,0,0.028235886245965958,0,-1,0,59,-1,-1,-1,0
2014,11.697052154195012,4096,0,0,0.027814378961920738,0,-1,0,59,-1,-1,-1,0
2015,11.702857142857143,4096,0,0,0.02813076041638851,0,-1,0,59,-1,-1,-1,0
2016,11.708662131519274,4096,0,0,0.028036456555128098,0,-1,0,59,-1,-1,-1,0
2017,11.714467120181405,4096,0,0,0.027986770495772362,0,-1,0,59,-1,-1,-1,0
2018,11.720272108843538,4096,0,0,0.0282073263078928,0,-1,0,59,-1,-1,-1,0
2019,11.72607709750567,4096,0,0,0.02845778875052929,0,-1,0,59,-1,-1,-1,0
2020,11.7318820861678,4096,0,0,0.028411630541086197,0,-1,0,59,-1,-1,-1,0
2021,11.737687074829932,4096,0,0,0.02811392769217491,0,-1,0,59,-1,-1,-1,0
2022,11.743492063492063,4096,0,0,0.028206542134284973,0,-1,0,59,-1,-1,-1,0
2023,11.749297052154194,4096,0,0,0.028674960136413574,0,-1,0,59,-1,-1,-1,0
2024,11.755102040816327,4096,0,0,0.028439639136195183,0,-1,0,59,-1,-1,-1,0
2025,11.760907029478458,4096,0,0,0.028343796730041504,0,-1,0,59,-1,-1,-1,0
2026,11.76671201814059,4096,0,0,0.02793140336871147,0,-1,0,59,-1,-1,-1,0
2027,11.77251700680272,4096,0,0,0.028134891763329506,0,-1,0,59,-1,-1,-1,0
2028,11.778321995464852,4096,0,0,0.0278621893376112,0,-1,0,59,-1,-1,-1,0
2029,11.784126984126985,4096,0,0,0.027607031166553497,0,-1,0,59,-1,-1,-1,0
2030,11.789931972789116,4096,0,0,0.02779414691030979,0,-1,0,59,-1,-1,-1,0
2031,11.795736961451247,4096,0,0,0.02749893255531788,0,-1,0,59,-1,-1,-1,0
2032,11.801541950113378,4096,0,0,0.027373429387807846,0,-1,0,59,-1,-1,-1,0
2033,11.80734693877551,4096,0,0,0.02733553573489189,0,-1,0,59,-1,-1,-1,0
2034,11.81315192743764,4096,0,0,0.026770152151584625,0,-1,0,59,-1,-1,-1,0
2035,11.818956916099774,4096,0,0,0.026915380731225014,0,-1,0,59,-1,-1,-1,0
2036,11.824761904761905,4096,0,0,0.027096442878246307,0,-1,0,59,-1,-1,-1,0
2037,11.830566893424036,4096,0,0,0.026888161897659302,0,-1,0,59,-1,-1,-1,0
2038,11.836371882086167,4096,0,0,0.027217647060751915,0,-1,0,59,-1,-1,-1,0
2039,11.842176870748299,4096,0,0,0.027030425146222115,0,-1,0,59,-1,-1,-1,0
2040,11.847981859410432,4096,0,0,0.02696673944592476,0,-1,0,59,-1,-1,-1,0
2041,11.853786848072563,4096,0,0,0.027441902086138725,0,-1,0,59,-1,-1,-1,0
2042,11.859591836734694,4096,0,0,0.027422258630394936,0,-1,0,59,-1,-1,-1,0
2043,11.865396825396825,4096,0,0,0.027692588046193123,0,-1,0,59,-1,-1,-1,0
2044,11.871201814058956,4096,0,0,0.02764219604432583,0,-1,0,59,-1,-1,-1,0
2045,11.877006802721088,4096,0,0,0.02747790329158306,0,-1,0,59,-1,-1,-1,0
2046,11.88281179138322,4096,0,0,0.027821794152259827,0,-1,0,59,-1,-1,-1,0
2047,11.888616780045352,4096,0,0,0.02768530324101448,0,-1,0,59,-1,-1,-1,0
2048,11.894421768707483,4096,0,0,0.027243563905358315,0,-1,0,59,-1,-1,-1,0
2049,11.900226757369614,4096,0,0,0.02710987813770771,0,-1,0,59,-1,-1,-1,0
2050,11.906031746031745,4096,0,0,0.02704698219895363,0,-1,0,59,-1,-1,-1,0
2051,11.911836734693878,4096,0,0,0.027404505759477615,0,-1,0,59,-1,-1,-1,0
2052,11.91764172335601,4096,0,0,0.027339385822415352,0,-1,0,59,-1,-1,-1,0
2053,11.92344671201814,4096,0,0,0.027630221098661423,0,-1,0,59,-1,-1,-1,0
2054,11.929251700680272,4096,0,0,0.028158338740468025,0,-1,0,59,-1,-1,-1,0
2055,11.935056689342403,4096,0,0,0.027632787823677063,0,-1,0,59,-1,-1,-1,0
2056,11.940861678004536,4096,0,0,0.027516230940818787,0,-1,0,59,-1,-1,-1,0
2057,11.946666666666667,4096,0,0,0.027900729328393936,0,-1,0,59,-1,-1,-1,0
2058,11.952471655328798,4096,0,0,0.02837514318525791,0,-1,0,59,-1,-1,-1,0
2059,11.95827664399093,4096,0,0,0.027945468202233315,0,-1,0,59,-1,-1,-1,0
2060,11.96408163265306,4096,0,0,0.02704492025077343,0,-1,0,59,-1,-1,-1,0
2061,11.969886621315192,4096,0,0,0.027366572991013527,0,-1,0,59,-1,-1,-1,0
2062,11.975691609977325,4096,0,0,0.027852406725287437,0,-1,0,59,-1,-1,-1,0
2063,11.981496598639456,4096,0,0,0.027259433642029762,0,-1,0,59,-1,-1,-1,0
2064,11.987301587301587,4096,0,0,0.026999715715646744,0,-1,0,59,-1,-1,-1,0
2065,11.993106575963719,4096,0,0,0.027303962036967278,0,-1,0,59,-1,-1,-1,0
2066,11.99891156462585,4096,0,0,0.02783612534403801,0,-1,0,59,-1,-1,-1,0
2067,12.004716553287983,4096,0,0,0.027956906706094742,0,-1,0,59,-1,-1,-1,0
2068,12.010521541950114,4096,0,0,0.027919190004467964,0,-1,0,59,-1,-1,-1,0
2069,12.016326530612245,4096,0,0,0.02756042219698429,0,-1,0,59,-1,-1,-1,0
2070,12.022131519274376,4096,0,0,0.027154773473739624,0,-1,0,59,-1,-1,-1,0
2071,12.027936507936507,4096,0,0,0.02719295024871826,0,-1,0,59,-1,-1,-1,0
2072,12.033741496598639,4096,0,0,0.02764071524143219,0,-1,0,59,-1,-1,-1,0
2073,12.039546485260772,4096,0,0,0.02763092704117298,0,-1,0,59,-1,-1,-1,0
2074,12.045351473922903,4096,0,0,0.02736557088792324,0,-1,0,59,-1,-1,-1,0
2075,12.051156462585034,4096,0,0,0.02750951610505581,0,-1,0,59,-1,-1,-1,0
2076,12.056961451247165,4096,0,0,0.02738000638782978,0,-1,0,59,-1,-1,-1,0
2077,12.062766439909296,4096,0,0,0.027048729360103607,0,-1,0,59,-1,-1,-1,0
2078,12.06857142857143,4096,0,0,0.02716791070997715,0,-1,0,59,-1,-1,-1,0
2079,12.07437641723356,4096,0,0,0.027197247371077538,0,-1,0,59,-1,-1,-1,0
2080,12.080181405895692,4096,0,0,0.02721118927001953,0,-1,0,59,-1,-1,-1,0
2081,12.085986394557823,4096,0,0,0.02747422084212303,0,-1,0,59,-1,-1,-1,0
2082,12.091791383219954,4096,0,0,0.0276531670242548,0,-1,0,59,-1,-1,-1,0
2083,12.097596371882085,4096,0,0,0.027265770360827446,0,-1,0,59,-1,-1,-1,0
2084,12.103401360544218,4096,0,0,0.027783159166574478,0,-1,0,59,-1,-1,-1,0
2085,12.10920634920635,4096,0,0,0.027944736182689667,0,-1,0,59,-1,-1,-1,0
2086,12.11501133786848,4096,0,0,0.02760693058371544,0,-1,0,59,-1,-1,-1,0
2087,12.120816326530612,4096,0,0,0.02725398913025856,0,-1,0,59,-1,-1,-1,0
2088,12.126621315192743,4096,0,0,0.02780679054558277,0,-1,0,59,-1,-1,-1,0
2089,12.132426303854876,4096,0,0,0.028023069724440575,0,-1,0,59,-1,-1,-1,0
2090,12.138231292517007,4096,0,0,0.02767002210021019,0,-1,0,59,-1,-1,-1,0
2091,12.144036281179138,4096,0,0,0.027604425325989723,0,-1,0,59,-1,-1,-1,0
2092,12.14984126984127,4096,0,0,0.02723178267478943,0,-1,0,59,-1,-1,-1,0
2093,12.1556462585034,4096,0,0,0.02712172083556652,0,-1,0,59,-1,-1,-1,0
2094,12.161451247165532,4096,0,0,0.02768334373831749,0,-1,0,59,-1,-1,-1,0
2095,12.167256235827665,4096,0,0,0.028157895430922508,0,-1,0,59,-1,-1,-1,0
2096,12.173061224489796,4096,0,0,0.027435386553406715,0,-1,0,59,-1,-1,-1,0
2097,12.178866213151927,4096,0,0,0.027242735028266907,0,-1,0,59,-1,-1,-1,0
2098,12.184671201814059,4096,0,0,0.02775755152106285,0,-1,0,59,-1,-1,-1,0
2099,12.19047619047619,4096,0,0,0.027614334598183632,0,-1,0,59,-1,-1,-1,0
2100,12.196281179138323,4096,0,0,0.027655551210045815,0,-1,0,59,-1,-1,-1,0
2101,12.202086167800454,4096,0,0,0.027719980105757713,0,-1,0,59,-1,-1,-1,0
2102,12.207891156462585,4096,0,0,0.027856990694999695,0,-1,0,59,-1,-1,-1,0
2103,12.213696145124716,4096,0,0,0.027913903817534447,0,-1,0,59,-1,-1,-1,0
2104,12.219501133786848,4096,0,0,0.027768678963184357,0,-1,0,59,-1,-1,-1,0
2105,12.225306122448979,4096,0,0,0.02760731615126133,0,-1,0,59,-1,-1,-1,0
2106,12.231111111111112,4096,0,0,0.027391526848077774,0,-1,0,59,-1,-1,-1,0
2107,12.236916099773243,4096,0,0,0.027252234518527985,0,-1,0,59,-1,-1,-1,0
2108,12.242721088435374,4096,0,0,0.027652179822325706,0,-1,0,59,-1,-1,-1,0
2109,12.248526077097505,4096,0,0,0.027794385328888893,0,-1,0,59,-1,-1,-1,0
2110,12.254331065759636,4096,0,0,0.027499642223119736,0,-1,0,59,-1,-1,-1,0
2111,12.26013605442177,4096,0,0,0.027309568598866463,0,-1,0,59,-1,-1,-1,0
2112,12.2659410430839,4096,0,0,0.027294650673866272,0,-1,0,59,-1,-1,-1,0
2113,12.271746031746032,4096,0,0,0.027514804154634476,0,-1,0,59,-1,-1,-1,0
2114,12.277551020408163,4096,0,0,0.027607392519712448,0,-1,0,59,-1,-1,-1,0
2115,12.283356009070294,4096,0,0,0.02750127762556076,0,-1,0,59,-1,-1,-1,0
2116,12.289160997732425,4096,0,0,0.02724168822169304,0,-1,0,59,-1,-1,-1,0
2117,12.294965986394558,4096,0,0,0.027280475944280624,0,-1,0,59,-1,-1,-1,0
2118,12.30077097505669,4096,0,0,0.027356842532753944,0,-1,0,59,-1,-1,-1,0
2119,12.30657596371882,4096,0,0,0.027848217636346817,0,-1,0,59,-1,-1,-1,0
2120,12.312380952380952,4096,0,0,0.027637740597128868,0,-1,0,59,-1,-1,-1,0
2121,12.318185941043083,4096,0,0,0.027740320190787315,0,-1,0,59,-1,-1,-1,0
2122,12.323990929705216,4096,0,0,0.028146622702479362,0,-1,0,59,-1,-1,-1,0
2123,12.329795918367347,4096,0,0,0.02792307361960411,0,-1,0,59,-1,-1,-1,0
2124,12.335600907029479,4096,0,0,0.02806258574128151,0,-1,0,59,-1,-1,-1,0
2125,12.34140589569161,512,1,0,0.029064686968922615,0,-1,1,59,-1,-1,-1,0
2126,12.347210884353741,512,0,0,0.028674772009253502,0,-1,1,59,59,59,59,0
2127,12.353015873015874,512,0,0,0.02737405151128769,0,-1,0,59,59,59,59,0
2128,12.358820861678005,1024,0,0,0.027528440579771996,0,-1,0,59,-1,-1,-1,0
2129,12.364625850340136,1024,0,0,0.027320779860019684,0,-1,0,59,-1,-1,-1,0
2130,12.370430839002267,2048,0,0,0.027190960943698883,0,-1,0,59,-1,-1,-1,0
2131,12.376235827664399,2048,0,0,0.027477044612169266,0,-1,0,59,-1,-1,-1,0
2132,12.38204081632653,2048,0,0,0.027569221332669258,0,-1,0,59,-1,-1,-1,0
2133,12.387845804988663,2048,0,0,0.02745634876191616,0,-1,0,59,-1,-1,-1,0
2134,12.393650793650794,4096,0,0,0.02784324809908867,0,-1,0,59,-1,-1,-1,0
2135,12.399455782312925,4096,0,0,0.02726650983095169,0,-1,0,59,-1,-1,-1,0
2136,12.405260770975056,4096,0,0,0.027053533121943474,0,-1,0,59,-1,-1,-1,0
2137,12.411065759637188,4096,0,0,0.027271859347820282,0,-1,0,59,-1,-1,-1,0
2138,12.41687074829932,4096,0,0,0.027126483619213104,0,-1,0,59,-1,-1,-1,0
2139,12.422675736961452,4096,0,0,0.027018263936042786,0,-1,0,59,-1,-1,-1,0
2140,12.428480725623583,4096,0,0,0.027542687952518463,0,-1,0,59,-1,-1,-1,0
2141,12.434285714285714,4096,0,0,0.027736004441976547,0,-1,0,59,-1,-1,-1,0
2142,12.440090702947845,4096,0,0,0.027693068608641624,0,-1,0,59,-1,-1,-1,0
2143,12.445895691609977,4096,0,0,0.028241893276572227,0,-1,0,59,-1,-1,-1,0
2144,12.45170068027211,4096,0,0,0.02788182906806469,0,-1,0,59,-1,-1,-1,0
2145,12.45750566893424,4096,0,0,0.027501894161105156,0,-1,0,59,-1,-1,-1,0
2146,12.463310657596372,4096,0,0,0.02731214463710785,0,-1,0,59,-1,-1,-1,0
2147,12.469115646258503,4096,0,0,0.027123920619487762,0,-1,0,59,-1,-1,-1,0
2148,12.474920634920634,4096,0,0,0.027206115424633026,0,-1,0,59,-1,-1,-1,0
2149,12.480725623582767,4096,0,0,0.028043104335665703,0,-1,0,59,-1,-1,-1,0
2150,12.486530612244898,4096,0,0,0.02758689410984516,0,-1,0,59,-1,-1,-1,0
2151,12.49233560090703,4096,0,0,0.027515390887856483,0,-1,0,59,-1,-1,-1,0
2152,12.49814058956916,4096,0,0,0.027898788452148438,0,-1,0,59,-1,-1,-1,0
2153,12.503945578231292,4096,0,0,0.02784011885523796,0,-1,0,59,-1,-1,-1,0
2154,12.509750566893423,4096,0,0,0.02765173278748989,0,-1,0,59,-1,-1,-1,0
2155,12.515555555555556,4096,0,0,0.02767975814640522,0,-1,0,59,-1,-1,-1,0
2156,12.521360544217687,4096,0,0,0.0273605827242136,0,-1,0,59,-1,-1,-1,0
2157,12.527165532879819,4096,0,0,0.02725422941148281,0,-1,0,59,-1,-1,-1,0
2158,12.53297052154195,4096,0,0,0.027325356379151344,0,-1,0,59,-1,-1,-1,0
2159,12.538775510204081,4096,0,0,0.027629058808088303,0,-1,0,59,-1,-1,-1,0
2160,12.544580498866214,4096,0,0,0.027822889387607574,0,-1,0,59,-1,-1,-1,0
2161,12.550385487528345,4096,0,0,0.027688229456543922,0,-1,0,59,-1,-1,-1,0
2162,12.556190476190476,4096,0,0,0.02728690393269062,0,-1,0,59,-1,-1,-1,0
2163,12.561995464852608,4096,0,0,0.027211692184209824,0,-1,0,59,-1,-1,-1,0
2164,12.567800453514739,4096,0,0,0.027192644774913788,0,-1,0,59,-1,-1,-1,0
2165,12.57360544217687,4096,0,0,0.02739916741847992,0,-1,0,59,-1,-1,-1,0
2166,12.579410430839003,4096,0,0,0.02703678421676159,0,-1,0,59,-1,-1,-1,0
2167,12.585215419501134,4096,0,0,0.02654211036860943,0,-1,0,59,-1,-1,-1,0
2168,12.591020408163265,4096,0,0,0.02671338990330696,0,-1,0,59,-1,-1,-1,0
2169,12.596825396825396,4096,0,0,0.026893049478530884,0,-1,0,59,-1,-1,-1,0
2170,12.602630385487528,512,1,0,0.02694666013121605,0,-1,0,59,-1,-1,-1,0
2171,12.60843537414966,512,0,0,0.027408545836806297,0,-1,0,59,-1,-1,-1,0
2172,12.614240362811792,512,0,0,0.027339767664670944,0,-1,0,59,-1,-1,-1,0
2173,12.620045351473923,1024,0,0,0.02723010815680027,0,-1,0,59,-1,-1,-1,0
2174,12.625850340136054,1024,0,0,0.027417059987783432,0,-1,0,59,-1,-1,-1,0
2175,12.631655328798185,2048,0,0,0.027192242443561554,0,-1,0,59,-1,-1,-1,0
2176,12.637460317460317,2048,0,0,0.027196545153856277,0,-1,0,59,-1,-1,-1,0
2177,12.64326530612245,2048,0,0,0.027449846267700195,0,-1,0,59,-1,-1,-1,0
2178,12.64907029478458,2048,0,0,0.027353469282388687,0,-1,0,59,-1,-1,-1,0
2179,12.654875283446712,4096,0,0,0.02739246003329754,0,-1,0,59,-1,-1,-1,0
2180,12.660680272108843,4096,0,0,0.027512788772583008,0,-1,0,59,-1,-1,-1,0
2181,12.666485260770974,4096,0,0,0.027865078300237656,0,-1,0,59,-1,-1,-1,0
2182,12.672290249433107,4096,0,0,0.02753550559282303,0,-1,0,59,-1,-1,-1,0
2183,12.678095238095239,4096,0,0,0.027021683752536774,0,-1,0,59,-1,-1,-1,0
2184,12.68390022675737,4096,0,0,0.02676394209265709,0,-1,0,59,-1,-1,-1,0
2185,12.689705215419501,4096,0,0,0.02697676233947277,0,-1,0,59,-1,-1,-1,0
2186,12.695510204081632,4096,0,0,0.027277503162622452,0,-1,0,59,-1,-1,-1,0
2187,12.701315192743763,4096,0,0,0.026981627568602562,0,-1,0,59,-1,-1,-1,0
2188,12.707120181405896,4096,0,0,0.02692117728292942,0,-1,0,59,-1,-1,-1,0
2189,12.712925170068027,4096,0,0,0.027486082166433334,0,-1,0,59,-1,-1,-1,0
2190,12.718730158730159,4096,0,0,0.027355782687664032,0,-1,0,59,-1,-1,-1,0
2191,12.72453514739229,4096,0,0,0.02700793370604515,0,-1,0,59,-1,-1,-1,0
2192,12.730340136054421,4096,0,0,0.027288107201457024,0,-1,0,59,-1,-1,-1,0
2193,12.736145124716554,4096,0,0,0.027556927874684334,0,-1,0,59,-1,-1,-1,0
2194,12.741950113378685,512,1,0,0.027009936049580574,0,-1,0,59,-1,-1,-1,0
2195,12.747755102040816,512,0,0,0.027010414749383926,0,-1,0,59,-1,-1,-1,0
2196,12.753560090702948,512,0,0,0.027087116613984108,0,-1,0,59,-1,-1,-1,0
2197,12.759365079365079,1024,0,0,0.027197914198040962,0,-1,0,59,-1,-1,-1,0
2198,12.765170068027212,1024,0,0,0.028521722182631493,0,-1,0,59,-1,-1,-1,0
2199,12.770975056689343,2048,0,0,0.0314846895635128,0,-1,0,59,-1,-1,-1,0
2200,12.776780045351474,2048,0,0,0.037381380796432495,0,-1,0,59,-1,-1,-1,0
2201,12.782585034013605,2048,0,0,0.043469443917274475,0,-1,0,72,-1,-1,-1,0
2202,12.788390022675737,2048,0,0,0.045899298042058945,0,-1,0,72,-1,-1,-1,0
2203,12.794195011337868,4096,0,0,0.04029117897152901,0,-1,0,59,-1,-1,-1,0
2204,12.8,4096,0,0,0.03134354576468468,0,-1,0,59,-1,-1,-1,0
2205,12.805804988662132,4096,0,0,0.028812941163778305,0,-1,0,59,-1,-1,-1,0
2206,12.811609977324263,4096,0,0,0.029526129364967346,0,-1,0,59,-1,-1,-1,0
2207,12.817414965986394,4096,0,0,0.029684940353035927,0,-1,0,59,-1,-1,-1,0
2208,12.823219954648525,4096,0,0,0.26225167512893677,0,-1,0,59,-1,-1,-1,0
2209,12.829024943310658,4096,0,0,0.32820218801498413,0,-1,0,59,-1,-1,-1,0
2210,12.83482993197279,4096,0,0,0.29681119322776794,0,-1,0,59,-1,-1,-1,0
2211,12.84063492063492,4096,0,0,0.3214681148529053,0,61,0,59,-1,-1,-1,0
2212,12.846439909297052,4096,0,0,0.33513370156288147,0,61,0,61,-1,-1,-1,0
2213,12.852244897959183,4096,0,1,0.3153299391269684,0,61,0,61,-1,-1,-1,0
2214,12.858049886621314,4096,0,0,0.3069736659526825,0,61,0,61,-1,-1,-1,0
2215,12.863854875283447,4096,0,0,0.3030402958393097,0,61,0,61,-1,-1,-1,0
2216,12.869659863945579,4096,0,0,0.33229514956474304,0,61,0,61,-1,-1,-1,0
2217,12.87546485260771,4096,0,0,0.32396480441093445,0,61,0,61,-1,-1,-1,0
2218,12.881269841269841,4096,0,0,0.3043350875377655,0,61,0,61,-1,-1,-1,0
2219,12.887074829931972,4096,0,0,0.29029199481010437,0,61,0,61,-1,-1,-1,0
2220,12.892879818594105,4096,0,0,0.30882391333580017,0,61,0,61,-1,-1,-1,0
2221,12.898684807256236,4096,0,0,0.32318389415740967,0,61,0,61,-1,-1,-1,0
2222,12.904489795918368,4096,0,0,0.3268350660800934,0,61,1,61,-1,-1,-1,0
2223,12.910294784580499,4096,0,0,0.2984074354171753,0,61,1,61,61,61,61,0
2224,12.91609977324263,4096,0,0,0.28813621401786804,0,61,1,61,61,61,61,0
2225,12.921904761904761,4096,0,0,0.3140762746334076,0,61,1,61,61,61,61,0
2226,12.927709750566894,4096,0,0,0.31824082136154175,0,61,1,61,61,61,61,0
2227,12.933514739229025,4096,0,0,0.30773022770881653,0,61,1,61,61,61,61,0
2228,12.939319727891156,4096,0,0,0.2672361433506012,0,61,1,61,61,61,61,0
2229,12.945124716553288,4096,0,0,0.28982558846473694,0,61,0,61,61,61,61,0
2230,12.950929705215419,4096,0,0,0.31024208664894104,0,61,1,61,61,61,61,0
2231,12.956734693877552,4096,0,0,0.3002780079841614,0,61,0,61,61,61,61,0
2232,12.962539682539683,4096,0,0,0.2915620505809784,0,61,0,61,-1,-1,-1,0
2233,12.968344671201814,4096,0,0,0.2532951533794403,0,61,1,61,-1,-1,-1,0
2234,12.974149659863945,4096,0,0,0.27667662501335144,0,61,0,61,-1,-1,-1,0
2235,12.979954648526077,4096,0,0,0.2922590672969818,0,61,0,61,-1,-1,-1,0
2236,12.985759637188208,4096,0,0,0.27170589566230774,0,61,0,61,-1,-1,-1,0
2237,12.99156462585034,4096,0,0,0.26771169900894165,0,61,0,61,-1,-1,-1,0
2238,12.997369614512472,4096,0,0,0.24676713347434998,0,61,1,61,-1,-1,-1,0
2239,13.003174603174603,4096,0,0,0.27086448669433594,0,61,0,61,-1,-1,-1,0
2240,13.008979591836734,4096,0,0,0.25620630383491516,0,61,0,61,-1,-1,-1,0
2241,13.014784580498866,4096,0,0,0.09841550886631012,0,61,0,61,-1,-1,-1,0
2242,13.020589569160999,4096,0,0,0.036443281918764114,0,61,0,61,-1,-1,-1,0
2243,13.02639455782313,4096,0,0,0.028703706339001656,0,61,0,61,-1,-1,-1,0
2244,13.032199546485261,4096,0,0,0.027502285316586494,0,-1,0,61,-1,-1,-1,0
2245,13.038004535147392,512,1,0,0.028451362624764442,0,-1,1,59,-1,-1,-1,0
2246,13.043809523809523,512,0,0,0.09018682688474655,0,-1,1,49,-1,-1,-1,0
2247,13.049614512471654,512,0,0,0.2173604816198349,0,-1,1,49,49,49,49,0
2248,13.055419501133787,1024,0,0,0.2553551495075226,0,-1,1,49,49,49,49,0
2249,13.061224489795919,1024,0,0,0.2662719190120697,0,61,1,61,49,49,49,0
2250,13.06702947845805,2048,0,0,0.27237728238105774,0,61,1,61,61,49,49,1
2251,13.072834467120181,2048,0,1,0.24526681005954742,0,61,1,61,61,49,49,1
2252,13.078639455782312,2048,0,0,0.22976282238960266,0,61,1,61,61,49,49,1
2253,13.084444444444445,2048,0,0,0.24129924178123474,0,61,1,61,61,49,49,1
2254,13.090249433106576,4096,0,0,0.25475263595581055,0,61,0,61,61,49,49,0
2255,13.096054421768708,4096,0,0,0.2706111669540405,0,61,0,61,-1,-1,-1,0
2256,13.101859410430839,4096,0,0,0.22789107263088226,0,61,0,61,-1,-1,-1,0
2257,13.10766439909297,4096,0,0,0.2231820523738861,0,61,0,61,-1,-1,-1,0
2258,13.113469387755101,4096,0,0,0.24308879673480988,0,61,0,61,-1,-1,-1,0
2259,13.119274376417234,4096,0,0,0.25375697016716003,0,61,0,61,-1,-1,-1,0
2260,13.125079365079365,4096,0,0,0.2596781253814697,0,61,0,61,-1,-1,-1,0
2261,13.130884353741497,4096,0,0,0.22135324776172638,0,61,0,61,-1,-1,-1,0
2262,13.136689342403628,4096,0,0,0.22542326152324677,0,61,0,61,-1,-1,-1,0
2263,13.142494331065759,4096,0,0,0.24177469313144684,0,61,0,61,-1,-1,-1,0
2264,13.148299319727892,4096,0,0,0.2384384125471115,0,61,0,61,-1,-1,-1,0
2265,13.154104308390023,4096,0,0,0.2242383062839508,0,61,0,61,-1,-1,-1,0
2266,13.159909297052154,4096,0,0,0.18281221389770508,0,61,1,61,-1,-1,-1,0
2267,13.165714285714285,4096,0,0,0.1841028332710266,0,61,0,61,-1,-1,-1,0
2268,13.171519274376417,4096,0,0,0.19897007942199707,0,61,0,61,-1,-1,-1,0
2269,13.177324263038548,4096,0,0,0.16446395218372345,0,-1,0,61,-1,-1,-1,0
2270,13.18312925170068,4096,0,0,0.14273935556411743,0,-1,0,61,-1,-1,-1,0
2271,13.188934240362812,4096,0,0,0.12215088307857513,0,-1,0,61,-1,-1,-1,0
2272,13.194739229024943,4096,0,0,0.12525823712348938,0,-1,0,61,-1,-1,-1,0
2273,13.200544217687074,4096,0,0,0.14095093309879303,0,-1,0,61,-1,-1,-1,0
2274,13.206349206349206,4096,0,0,0.1145176813006401,0,-1,0,61,-1,-1,-1,0
2275,13.212154195011339,4096,0,0,0.10099608451128006,0,-1,0,61,-1,-1,-1,0
2276,13.21795918367347,4096,0,0,0.09438323974609375,0,-1,0,61,-1,-1,-1,0
2277,13.223764172335601,4096,0,0,0.10353898257017136,0,-1,0,61,-1,-1,-1,0
2278,13.229569160997732,4096,0,0,0.11730919778347015,0,-1,0,61,-1,-1,-1,0
2279,13.235374149659863,4096,0,0,0.0938819944858551,0,-1,0,61,-1,-1,-1,0
2280,13.241179138321996,4096,0,0,0.09114013612270355,0,-1,0,61,-1,-1,-1,0
2281,13.246984126984128,4096,0,0,0.09060410410165787,0,-1,0,61,-1,-1,-1,0
2282,13.252789115646259,4096,0,0,0.09206880629062653,0,-1,0,61,-1,-1,-1,0
2283,13.25859410430839,4096,0,0,0.1019953116774559,0,-1,0,61,-1,-1,-1,0
2284,13.264399092970521,4096,0,0,0.08399584889411926,0,-1,0,61,-1,-1,-1,0
2285,13.270204081632652,4096,0,0,0.08554889261722565,0,-1,0,61,-1,-1,-1,0
2286,13.276009070294785,4096,0,0,0.1023591160774231,0,-1,0,61,-1,-1,-1,0
2287,13.281814058956916,4096,0,0,0.09720852226018906,0,-1,0,61,-1,-1,-1,0
2288,13.287619047619048,4096,0,0,0.10160160809755325,0,-1,0,61,-1,-1,-1,0
2289,13.293424036281179,4096,0,0,0.09564715623855591,0,-1,0,61,-1,-1,-1,0
2290,13.29922902494331,4096,0,0,0.10160163044929504,0,-1,0,61,-1,-1,-1,0
2291,13.305034013605443,4096,0,0,0.11922076344490051,0,-1,0,61,-1,-1,-1,0
2292,13.310839002267574,4096,0,0,0.10388302057981491,0,-1,0,61,-1,-1,-1,0
2293,13.316643990929705,4096,0,0,0.09894412755966187,0,-1,0,61,-1,-1,-1,0
2294,13.322448979591837,4096,0,0,0.09929204732179642,0,-1,0,61,-1,-1,-1,0
2295,13.328253968253968,4096,0,0,0.10836014896631241,0,-1,0,61,-1,-1,-1,0
2296,13.334058956916099,4096,0,0,0.1220187097787857,0,-1,0,61,-1,-1,-1,0
2297,13.339863945578232,4096,0,0,0.10026288032531738,0,-1,0,61,-1,-1,-1,0
2298,13.345668934240363,4096,0,0,0.09553982317447662,0,-1,0,61,-1,-1,-1,0
2299,13.351473922902494,4096,0,0,0.09802176803350449,0,-1,1,61,-1,-1,-1,0
2300,13.357278911564626,4096,0,0,0.10468382388353348,0,-1,0,61,-1,-1,-1,0
2301,13.363083900226757,4096,0,0,0.11400686949491501,0,-1,0,61,-1,-1,-1,0
2302,13.36888888888889,4096,0,0,0.09171739220619202,0,-1,0,61,-1,-1,-1,0
2303,13.374693877551021,4096,0,0,0.08731623739004135,0,-1,0,61,-1,-1,-1,0
2304,13.380498866213152,4096,0,0,0.09327393770217896,0,-1,0,61,-1,-1,-1,0
2305,13.386303854875283,4096,0,0,0.09815894812345505,0,-1,0,61,-1,-1,-1,0
2306,13.392108843537414,4096,0,0,0.098471499979496,0,-1,0,61,-1,-1,-1,0
2307,13.397913832199546,4096,0,0,0.08333723992109299,0,-1,1,61,-1,-1,-1,0
2308,13.403718820861679,4096,0,0,0.08423883467912674,0,-1,0,61,-1,-1,-1,0
2309,13.40952380952381,4096,0,0,0.09271188080310822,0,-1,0,61,-1,-1,-1,0
2310,13.415328798185941,4096,0,0,0.0911136046051979,0,-1,0,61,-1,-1,-1,0
2311,13.421133786848072,4096,0,0,0.0875868871808052,0,-1,0,61,-1,-1,-1,0
2312,13.426938775510203,4096,0,0,0.08076497167348862,0,-1,1,61,-1,-1,-1,0
2313,13.432743764172336,4096,0,0,0.08452116698026657,0,-1,0,61,-1,-1,-1,0
2314,13.438548752834468,4096,0,0,0.09321955591440201,0,-1,0,61,-1,-1,-1,0
2315,13.444353741496599,4096,0,0,0.0814020037651062,0,-1,0,61,-1,-1,-1,0
2316,13.45015873015873,4096,0,0,0.07698456943035126,0,-1,0,61,-1,-1,-1,0
2317,13.455963718820861,4096,0,0,0.07458740472793579,0,-1,1,61,-1,-1,-1,0
2318,13.461768707482992,4096,0,0,0.08010944724082947,0,-1,1,61,61,61,61,0
2319,13.467573696145125,4096,0,0,0.08582709729671478,0,-1,0,61,61,61,61,0
2320,13.473378684807257,4096,0,0,0.0724179595708847,0,-1,1,61,61,61,61,0
2321,13.479183673469388,4096,0,0,0.06992413103580475,0,-1,1,61,61,61,61,0
2322,13.484988662131519,4096,0,0,0.06925661116838455,0,-1,1,61,61,61,61,0
2323,13.49079365079365,4096,0,0,0.07468600571155548,0,-1,1,61,61,61,61,0
2324,13.496598639455783,4096,0,0,0.07840326428413391,0,-1,0,61,61,61,61,0
2325,13.502403628117914,4096,0,0,0.06588046252727509,0,-1,1,61,61,61,61,0
2326,13.508208616780045,4096,0,0,0.0628025084733963,0,-1,1,61,61,61,61,0
2327,13.514013605442177,4096,0,0,0.06387874484062195,0,-1,1,61,61,61,61,0
2328,13.519818594104308,4096,0,0,0.06824180483818054,0,-1,1,61,61,61,61,0
2329,13.525623582766439,4096,0,0,0.07051143795251846,0,-1,0,61,61,61,61,0
2330,13.531428571428572,4096,0,0,0.058533940464258194,0,-1,1,61,61,61,61,0
2331,13.537233560090703,4096,0,0,0.05719269812107086,0,-1,1,61,61,61,61,0
2332,13.543038548752834,4096,0,0,0.061629995703697205,0,-1,0,61,61,61,61,0
2333,13.548843537414966,4096,0,0,0.06184042617678642,0,-1,1,61,61,61,61,0
2334,13.554648526077097,4096,0,0,0.06047772616147995,0,-1,0,61,61,61,61,0
2335,13.56045351473923,4096,0,0,0.05456573888659477,0,-1,1,61,61,61,61,0
2336,13.566258503401361,4096,0,0,0.054469700902700424,0,-1,1,61,61,61,61,0
2337,13.572063492063492,4096,0,0,0.05784977599978447,0,-1,0,61,61,61,61,0
2338,13.577868480725623,4096,0,0,0.0551227442920208,0,-1,1,61,61,61,61,0
2339,13.583673469387755,4096,0,0,0.052236590534448624,0,-1,0,61,61,61,61,0
2340,13.589478458049886,4096,0,0,0.05012612044811249,0,-1,1,61,61,61,61,0
2341,13.595283446712019,4096,0,0,0.052138496190309525,0,-1,1,61,61,61,61,0
2342,13.60108843537415,4096,0,0,0.05480819195508957,0,-1,0,61,61,61,61,0
2343,13.606893424036281,4096,0,0,0.05035839229822159,0,-1,0,61,-1,-1,-1,0
2344,13.612698412698412,4096,0,0,0.048245225101709366,0,-1,0,61,-1,-1,-1,0
2345,13.618503401360543,4096,0,0,0.04906553030014038,0,-1,1,61,-1,-1,-1,0
2346,13.624308390022676,4096,0,0,0.053254466503858566,0,-1,0,61,-1,-1,-1,0
2347,13.630113378684808,4096,0,0,0.05658569559454918,0,-1,0,61,-1,-1,-1,0
2348,13.635918367346939,4096,0,0,0.05324001610279083,0,-1,0,61,-1,-1,-1,0
2349,13.64172335600907,4096,0,0,0.05217456817626953,0,-1,0,61,-1,-1,-1,0
2350,13.647528344671201,4096,0,0,0.05092871934175491,0,-1,0,61,-1,-1,-1,0
2351,13.653333333333334,4096,0,0,0.05481131374835968,0,-1,0,61,-1,-1,-1,0
2352,13.659138321995465,4096,0,0,0.059405453503131866,0,-1,0,61,-1,-1,-1,0
2353,13.664943310657597,4096,0,0,0.052594393491744995,0,-1,1,61,-1,-1,-1,0
2354,13.670748299319728,4096,0,0,0.047352880239486694,0,-1,0,61,-1,-1,-1,0
2355,13.676553287981859,4096,0,0,0.05941625311970711,0,-1,0,61,-1,-1,-1,0
2356,13.68235827664399,4096,0,0,0.5740776658058167,0,-1,0,61,-1,-1,-1,0
2357,13.688163265306123,4096,0,0,0.5142536163330078,0,65,0,61,-1,-1,-1,0
2358,13.693968253968254,4096,0,0,0.4729210436344147,0,65,0,61,-1,-1,-1,0
2359,13.699773242630386,4096,0,1,0.48092007637023926,0,65,0,61,-1,-1,-1,0
2360,13.705578231292517,4096,0,0,0.4505583345890045,0,65,0,61,-1,-1,-1,0
2361,13.711383219954648,4096,0,0,0.4123165011405945,0,65,0,61,-1,-1,-1,0
2362,13.717188208616781,4096,0,0,0.39966079592704773,0,65,0,61,-1,-1,-1,0
2363,13.722993197278912,4096,0,0,0.4119598865509033,0,65,0,65,-1,-1,-1,0
2364,13.728798185941043,4096,0,0,0.45636123418807983,0,65,0,65,-1,-1,-1,0
2365,13.734603174603174,4096,0,0,0.4675414264202118,0,65,0,65,-1,-1,-1,0
2366,13.740408163265306,4096,0,0,0.4017007648944855,0,65,0,65,-1,-1,-1,0
2367,13.746213151927437,4096,0,0,0.39770522713661194,0,65,1,65,-1,-1,-1,0
2368,13.75201814058957,4096,0,0,0.4100702404975891,0,65,1,65,65,65,65,0
2369,13.757823129251701,4096,0,0,0.4266449213027954,0,65,1,65,65,65,65,0
2370,13.763628117913832,4096,0,0,0.44236835837364197,0,65,1,65,65,65,65,0
2371,13.769433106575963,4096,0,0,0.3820818364620209,0,65,1,65,65,65,65,0
2372,13.775238095238095,4096,0,0,0.36628013849258423,0,65,1,65,65,65,65,0
2373,13.781043083900228,4096,0,0,0.37356799840927124,0,65,1,65,65,65,65,0
2374,13.786848072562359,4096,0,0,0.3713923692703247,0,65,1,65,65,65,65,0
2375,13.79265306122449,4096,0,0,0.39006900787353516,0,65,1,65,65,65,65,0
2376,13.798458049886621,4096,0,0,0.36806023120880127,0,65,1,65,65,65,65,0
2377,13.804263038548752,4096,0,0,0.3855352997779846,0,65,1,65,65,65,65,0
2378,13.810068027210884,4096,0,0,0.3891790211200714,0,65,1,65,65,65,65,0
2379,13.815873015873017,4096,0,0,0.38011929392814636,0,65,1,65,65,65,65,0
2380,13.821678004535148,4096,0,0,0.40788236260414124,0,65,1,65,65,65,65,0
2381,13.827482993197279,4096,0,0,0.3990045189857483,0,65,1,65,65,65,65,0
2382,13.83328798185941,4096,0,0,0.387641578912735,0,65,1,65,65,65,65,0
2383,13.839092970521541,4096,0,0,0.39833369851112366,0,65,1,65,65,65,65,0
2384,13.844897959183674,4096,0,0,0.39467743039131165,0,65,1,65,65,65,65,0
2385,13.850702947845805,4096,0,0,0.3977029323577881,0,65,1,65,65,65,65,0
2386,13.856507936507937,4096,0,0,0.39951956272125244,0,65,1,65,65,65,65,0
2387,13.862312925170068,4096,0,0,0.3911687433719635,0,65,1,65,65,65,65,0
2388,13.868117913832199,4096,0,0,0.3541328012943268,0,65,1,65,65,65,65,0
2389,13.87392290249433,4096,0,0,0.3096134066581726,0,65,1,65,65,65,65,0
2390,13.879727891156463,4096,0,0,0.3106304109096527,0,65,1,65,65,65,65,0
2391,13.885532879818594,4096,0,0,0.3349490761756897,0,65,1,65,65,65,65,0
2392,13.891337868480726,4096,0,0,0.34029561281204224,0,65,1,65,65,65,65,0
2393,13.897142857142857,4096,0,0,0.293297678232193,0,65,1,65,65,65,65,0
2394,13.902947845804988,4096,0,0,0.2628873884677887,0,65,1,65,65,65,65,0
2395,13.908752834467121,4096,0,0,0.27473825216293335,0,65,1,65,65,65,65,0
2396,13.914557823129252,4096,0,0,0.3136849105358124,0,65,1,65,65,65,65,0
2397,13.920362811791383,4096,0,0,0.32163920998573303,0,65,1,65,65,65,65,0
2398,13.926167800453515,4096,0,0,0.27652764320373535,0,65,1,65,65,65,65,0
2399,13.931972789115646,4096,0,0,0.2540537118911743,0,65,1,65,65,65,65,0
2400,13.937777777777777,4096,0,0,0.28450095653533936,0,65,1,65,65,65,65,0
2401,13.94358276643991,4096,0,0,0.31493452191352844,0,65,1,65,65,65,65,0
2402,13.949387755102041,4096,0,0,0.2998158037662506,0,65,1,65,65,65,65,0
2403,13.955192743764172,4096,0,0,0.2694545090198517,0,65,1,65,65,65,65,0
2404,13.960997732426303,4096,0,0,0.25278547406196594,0,65,1,65,65,65,65,0
2405,13.966802721088435,4096,0,0,0.287281334400177,0,65,1,65,65,65,65,0
2406,13.972607709750568,4096,0,0,0.3417147099971771,0,65,1,65,65,65,65,0
2407,13.978412698412699,4096,0,0,0.37304437160491943,0,65,1,65,65,65,65,0
2408,13.98421768707483,4096,0,0,0.18379810452461243,0,65,1,65,65,65,65,0
2409,13.990022675736961,4096,0,0,0.031113795936107635,0,65,1,65,65,65,65,0
2410,13.995827664399092,4096,0,0,0.030061250552535057,0,65,0,65,65,65,65,0
2411,14.001632653061224,4096,0,0,0.031371667981147766,0,65,0,65,-1,-1,-1,0
2412,14.007437641723357,4096,0,0,0.030178239569067955,0,-1,0,65,-1,-1,-1,0
2413,14.013242630385488,4096,0,0,0.02882654219865799,0,-1,0,65,-1,-1,-1,0
2414,14.019047619047619,512,1,0,0.02938944101333618,0,-1,1,59,-1,-1,-1,0
2415,14.02485260770975,512,0,0,0.03035067953169346,0,-1,1,59,59,59,59,0
2416,14.030657596371881,512,0,0,0.03057236783206463,0,-1,1,59,59,59,59,0
2417,14.036462585034014,1024,0,0,0.031225303187966347,0,-1,1,59,59,59,59,0
2418,14.042267573696146,1024,0,0,0.03516159951686859,0,-1,1,59,59,59,59,0
2419,14.048072562358277,2048,0,0,0.034869153052568436,0,-1,1,59,59,59,59,0
2420,14.053877551020408,2048,0,0,0.07812642306089401,0,-1,1,72,59,59,59,0
2421,14.05968253968254,2048,0,0,0.7202209234237671,1,-1,1,72,72,72,72,0
2422,14.065487528344672,2048,0,0,0.7254530191421509,1,68,1,67,72,72,72,0
2423,14.071292517006803,4096,0,0,0.5799696445465088,0,68,0,67,72,72,72,0
2424,14.077097505668934,4096,0,1,0.6006600260734558,1,68,0,67,-1,-1,-1,0
2425,14.082902494331066,4096,0,0,0.6612935662269592,1,68,0,68,-1,-1,-1,0
2426,14.088707482993197,4096,0,0,0.636480987071991,1,68,0,68,-1,-1,-1,0
2427,14.094512471655328,4096,0,0,0.7177409529685974,1,68,0,68,-1,-1,-1,0
2428,14.100317460317461,4096,0,0,0.5479218363761902,0,68,0,68,-1,-1,-1,0
2429,14.106122448979592,4096,0,0,0.5766688585281372,0,68,0,68,-1,-1,-1,0
2430,14.111927437641723,4096,0,0,0.5865978598594666,1,68,1,68,-1,-1,-1,0
2431,14.117732426303855,4096,0,0,0.4611843228340149,0,68,1,68,68,68,68,0
2432,14.123537414965986,4096,0,0,0.5554260611534119,0,68,1,68,68,68,68,0
2433,14.129342403628119,4096,0,0,0.4644494652748108,0,68,1,68,68,68,68,0
2434,14.13514739229025,4096,0,0,0.5369629263877869,0,68,1,68,68,68,68,0
2435,14.140952380952381,4096,0,0,0.539298415184021,0,68,1,68,68,68,68,0
2436,14.146757369614512,4096,0,0,0.47067126631736755,0,68,1,68,68,68,68,0
2437,14.152562358276644,4096,0,0,0.5060826539993286,0,68,1,68,68,68,68,0
2438,14.158367346938775,4096,0,0,0.3691602051258087,0,68,1,68,68,68,68,0
2439,14.164172335600908,4096,0,0,0.5157277584075928,0,68,1,68,68,68,68,0
2440,14.169977324263039,4096,0,0,0.5082485675811768,0,68,1,68,68,68,68,0
2441,14.17578231292517,4096,0,0,0.49520695209503174,0,68,1,68,68,68,68,0
2442,14.181587301587301,4096,0,0,0.506138265132904,0,68,1,68,68,68,68,0
2443,14.187392290249432,4096,0,0,0.41972672939300537,0,68,1,68,68,68,68,0
2444,14.193197278911565,4096,0,0,0.49200302362442017,0,68,1,68,68,68,68,0
2445,14.199002267573697,4096,0,0,0.39761751890182495,0,68,1,68,68,68,68,0
2446,14.204807256235828,4096,0,0,0.45660391449928284,0,68,1,68,68,68,68,0
2447,14.210612244897959,4096,0,0,0.5058091878890991,0,68,1,68,68,68,68,0
2448,14.21641723356009,4096,0,0,0.4261484444141388,0,68,1,68,68,68,68,0
2449,14.222222222222221,4096,0,0,0.551930844783783,0,68,1,68,68,68,68,0
2450,14.228027210884354,4096,0,0,0.42915835976600647,0,68,1,68,68,68,68,0
2451,14.233832199546486,4096,0,0,0.438734233379364,0,68,1,68,68,68,68,0
2452,14.239637188208617,4096,0,0,0.45477551221847534,0,68,1,68,68,68,68,0
2453,14.245442176870748,4096,0,0,0.41231080889701843,0,68,1,68,68,68,68,0
2454,14.25124716553288,4096,0,0,0.5531890392303467,0,68,1,68,68,68,68,0
2455,14.257052154195012,4096,0,0,0.4045482575893402,0,68,1,68,68,68,68,0
2456,14.262857142857143,4096,0,0,0.4826636016368866,0,68,1,68,68,68,68,0
2457,14.268662131519275,4096,0,0,0.48096075654029846,0,68,1,68,68,68,68,0
2458,14.274467120181406,4096,0,0,0.41446393728256226,0,68,1,68,68,68,68,0
2459,14.280272108843537,4096,0,0,0.49961045384407043,0,68,1,68,68,68,68,0
2460,14.286077097505668,4096,0,0,0.4120809733867645,0,68,1,68,68,68,68,0
2461,14.291882086167801,4096,0,0,0.5381523966789246,0,68,1,68,68,68,68,0
2462,14.297687074829932,4096,0,0,0.4768408238887787,0,68,1,68,68,68,68,0
2463,14.303492063492063,4096,0,0,0.390327125787735,0,68,1,68,68,68,68,0
2464,14.309297052154195,4096,0,0,0.40464043617248535,0,68,1,68,68,68,68,0
2465,14.315102040816326,4096,0,0,0.3179247975349426,0,68,1,68,68,68,68,0
2466,14.320907029478459,4096,0,0,0.3303782641887665,0,68,1,68,68,68,68,0
2467,14.32671201814059,4096,0,0,0.3365325331687927,0,68,1,68,68,68,68,0
2468,14.332517006802721,4096,0,0,0.3557266891002655,0,68,1,68,68,68,68,0
2469,14.338321995464852,4096,0,0,0.34375184774398804,0,68,1,68,68,68,68,0
2470,14.344126984126984,4096,0,0,0.2627677321434021,0,68,1,68,68,68,68,0
2471,14.349931972789115,4096,0,0,0.2933797836303711,0,-1,1,68,68,68,68,0
2472,14.355736961451248,4096,0,0,0.30749520659446716,0,-1,1,68,68,68,68,0
2473,14.361541950113379,4096,0,1,0.3219434916973114,0,61,1,68,68,68,68,0
2474,14.36734693877551,4096,0,0,0.27795228362083435,0,61,1,61,68,68,68,0
2475,14.373151927437641,4096,0,0,0.2727605700492859,0,61,0,61,68,68,68,0
2476,14.378956916099773,4096,0,0,0.3004996180534363,0,61,0,61,-1,-1,-1,0
2477,14.384761904761906,4096,0,0,0.32618579268455505,0,61,0,61,-1,-1,-1,0
2478,14.390566893424037,4096,0,0,0.33181315660476685,0,61,0,61,-1,-1,-1,0
2479,14.396371882086168,4096,0,0,0.29191112518310547,0,61,0,61,-1,-1,-1,0
2480,14.402176870748299,4096,0,0,0.28504523634910583,0,61,0,61,-1,-1,-1,0
2481,14.40798185941043,4096,0,0,0.3192627429962158,0,61,0,61,-1,-1,-1,0
2482,14.413786848072561,4096,0,0,0.331531822681427,0,61,1,61,-1,-1,-1,0
2483,14.419591836734694,4096,0,0,0.31540006399154663,0,61,1,61,61,61,61,0
2484,14.425396825396826,4096,0,0,0.26476505398750305,0,61,1,61,61,61,61,0
2485,14.431201814058957,4096,0,0,0.2698479890823364,0,61,1,61,61,61,61,0
2486,14.437006802721088,4096,0,0,0.31930798292160034,0,61,1,61,61,61,61,0
2487,14.44281179138322,4096,0,0,0.3253425359725952,0,61,1,61,61,61,61,0
2488,14.448616780045352,4096,0,0,0.3141796290874481,0,61,1,61,61,61,61,0
2489,14.454421768707483,4096,0,0,0.268705278635025,0,61,1,61,61,61,61,0
2490,14.460226757369615,4096,0,0,0.29201456904411316,0,61,0,61,61,61,61,0
2491,14.466031746031746,4096,0,0,0.31642070412635803,0,61,1,61,61,61,61,0
2492,14.471836734693877,4096,0,0,0.3039632737636566,0,61,0,61,61,61,61,0
2493,14.477641723356008,4096,0,0,0.2988370954990387,0,61,0,61,-1,-1,-1,0
2494,14.483446712018141,4096,0,0,0.2627878189086914,0,61,1,61,-1,-1,-1,0
2495,14.489251700680272,4096,0,0,0.2986386716365814,0,61,0,61,-1,-1,-1,0
2496,14.495056689342404,4096,0,0,0.3154481053352356,0,61,0,61,-1,-1,-1,0
2497,14.500861678004535,4096,0,0,0.2935396730899811,0,61,0,61,-1,-1,-1,0
2498,14.506666666666666,4096,0,0,0.2850208580493927,0,61,0,61,-1,-1,-1,0
2499,14.512471655328799,4096,0,0,0.2701796889305115,0,61,0,61,-1,-1,-1,0
2500,14.51827664399093,4096,0,0,0.304884135723114,0,61,0,61,-1,-1,-1,0
2501,14.524081632653061,4096,0,0,0.3134717047214508,0,61,0,61,-1,-1,-1,0
2502,14.529886621315192,4096,0,0,0.2865816056728363,0,61,0,61,-1,-1,-1,0
2503,14.535691609977324,4096,0,0,0.270813524723053,0,61,0,61,-1,-1,-1,0
2504,14.541496598639457,4096,0,0,0.27748385071754456,0,61,0,61,-1,-1,-1,0
2505,14.547301587301588,4096,0,0,0.3005748391151428,0,61,0,61,-1,-1,-1,0
2506,14.553106575963719,4096,0,0,0.3061753809452057,0,61,0,61,-1,-1,-1,0
2507,14.55891156462585,4096,0,0,0.2710148096084595,0,61,0,61,-1,-1,-1,0
2508,14.564716553287981,4096,0,0,0.257579505443573,0,61,0,61,-1,-1,-1,0
2509,14.570521541950113,4096,0,0,0.28241589665412903,0,61,0,61,-1,-1,-1,0
2510,14.576326530612246,4096,0,0,0.29015812277793884,0,61,0,61,-1,-1,-1,0
2511,14.582131519274377,4096,0,0,0.2888570725917816,0,61,0,61,-1,-1,-1,0
2512,14.587936507936508,4096,0,0,0.2522527873516083,0,61,0,61,-1,-1,-1,0
2513,14.59374149659864,4096,0,0,0.25965484976768494,0,61,0,61,-1,-1,-1,0
2514,14.59954648526077,4096,0,0,0.2840971350669861,0,61,0,61,-1,-1,-1,0
2515,14.605351473922903,4096,0,0,0.27631238102912903,0,61,0,61,-1,-1,-1,0
2516,14.611156462585035,4096,0,0,0.27585190534591675,0,61,0,61,-1,-1,-1,0
2517,14.616961451247166,4096,0,0,0.24147631227970123,0,61,0,61,-1,-1,-1,0
2518,14.622766439909297,4096,0,0,0.2656184136867523,0,61,0,61,-1,-1,-1,0
2519,14.628571428571428,4096,0,0,0.2832046151161194,0,61,0,61,-1,-1,-1,0
2520,14.63437641723356,4096,0,0,0.262143611907959,0,61,0,61,-1,-1,-1,0
2521,14.640181405895692,4096,0,0,0.2508115768432617,0,61,0,61,-1,-1,-1,0
2522,14.645986394557823,4096,0,0,0.24712549149990082,0,61,0,61,-1,-1,-1,0
2523,14.651791383219955,4096,0,0,0.2725027799606323,0,61,0,61,-1,-1,-1,0
2524,14.657596371882086,4096,0,0,0.2745010256767273,0,61,0,61,-1,-1,-1,0
2525,14.663401360544217,4096,0,0,0.21923695504665375,0,61,0,61,-1,-1,-1,0
2526,14.66920634920635,4096,0,0,0.21749626100063324,0,61,0,61,-1,-1,-1,0
2527,14.675011337868481,4096,0,0,0.13716307282447815,0,61,0,61,-1,-1,-1,0
2528,14.680816326530612,4096,0,0,0.08882421255111694,0,61,0,61,-1,-1,-1,0
2529,14.686621315192744,4096,0,0,0.04639788717031479,0,61,0,61,-1,-1,-1,0
2530,14.692426303854875,4096,0,0,0.03830582648515701,0,61,0,61,-1,-1,-1,0
2531,14.698231292517006,4096,0,0,0.03191228210926056,0,-1,0,61,-1,-1,-1,0
2532,14.704036281179139,4096,0,0,0.03143330290913582,0,-1,0,61,-1,-1,-1,0
2533,14.70984126984127,4096,0,0,0.0309836994856596,0,-1,0,60,-1,-1,-1,0
2534,14.715646258503401,4096,0,0,0.030574854463338852,0,-1,0,60,-1,-1,-1,0
2535,14.721451247165533,4096,0,0,0.029348380863666534,0,-1,0,60,-1,-1,-1,0
2536,14.727256235827664,4096,0,0,0.02949160896241665,0,-1,0,60,-1,-1,-1,0
2537,14.733061224489797,4096,0,0,0.029739150777459145,0,-1,0,60,-1,-1,-1,0
2538,14.738866213151928,4096,0,0,0.029925676062703133,0,-1,0,59,-1,-1,-1,0
2539,14.744671201814059,4096,0,0,0.02939109317958355,0,-1,0,59,-1,-1,-1,0
2540,14.75047619047619,4096,0,0,0.028745554387569427,0,-1,0,59,-1,-1,-1,0
2541,14.756281179138321,4096,0,0,0.02947007305920124,0,-1,0,59,-1,-1,-1,0
2542,14.762086167800453,4096,0,0,0.02933349274098873,0,-1,0,59,-1,-1,-1,0
2543,14.767891156462586,4096,0,0,0.03008659929037094,0,-1,0,59,-1,-1,-1,0
2544,14.773696145124717,4096,0,0,0.029291141778230667,0,-1,0,59,-1,-1,-1,0
2545,14.779501133786848,4096,0,0,0.028950948268175125,0,-1,0,59,-1,-1,-1,0
2546,14.78530612244898,4096,0,0,0.029005927965044975,0,-1,0,59,-1,-1,-1,0
2547,14.79111111111111,4096,0,0,0.029249263927340508,0,-1,0,59,-1,-1,-1,0
2548,14.796916099773243,4096,0,0,0.029093196615576744,0,-1,0,59,-1,-1,-1,0
2549,14.802721088435375,4096,0,0,0.028485549613833427,0,-1,0,59,-1,-1,-1,0
2550,14.808526077097506,4096,0,0,0.029156498610973358,0,-1,0,59,-1,-1,-1,0
2551,14.814331065759637,4096,0,0,0.028259962797164917,0,-1,0,59,-1,-1,-1,0
2552,14.820136054421768,4096,0,0,0.028869008645415306,0,-1,0,59,-1,-1,-1,0
2553,14.8259410430839,4096,0,0,0.028671609237790108,0,-1,0,59,-1,-1,-1,0
2554,14.831746031746032,4096,0,0,0.028643043711781502,0,-1,0,59,-1,-1,-1,0
2555,14.837551020408164,4096,0,0,0.029232803732156754,0,-1,0,59,-1,-1,-1,0
2556,14.843356009070295,4096,0,0,0.02886389195919037,0,-1,0,59,-1,-1,-1,0
2557,14.849160997732426,4096,0,0,0.028621342033147812,0,-1,0,59,-1,-1,-1,0
2558,14.854965986394557,4096,0,0,0.02791973017156124,0,-1,0,59,-1,-1,-1,0
2559,14.86077097505669,4096,0,0,0.028550243005156517,0,-1,0,59,-1,-1,-1,0
2560,14.866575963718821,4096,0,0,0.02814568392932415,0,-1,0,59,-1,-1,-1,0
2561,14.872380952380952,4096,0,0,0.02857508324086666,0,-1,0,59,-1,-1,-1,0
2562,14.878185941043084,4096,0,0,0.02883223444223404,0,-1,0,59,-1,-1,-1,0
2563,14.883990929705215,4096,0,0,0.02831687405705452,0,-1,0,59,-1,-1,-1,0
2564,14.889795918367346,4096,0,0,0.02818332426249981,0,-1,0,59,-1,-1,-1,0
2565,14.895600907029479,4096,0,0,0.02792777121067047,0,-1,0,59,-1,-1,-1,0
2566,14.90140589569161,512,1,0,0.028282225131988525,0,-1,1,59,-1,-1,-1,0
2567,14.907210884353741,512,0,0,0.028067119419574738,0,-1,1,59,59,59,59,0
2568,14.913015873015873,512,0,0,0.028232477605342865,0,-1,1,59,59,59,59,0
2569,14.918820861678004,1024,0,0,0.02808530256152153,0,-1,1,59,59,59,59,0
2570,14.924625850340137,1024,0,0,0.02887919172644615,0,-1,1,59,59,59,59,0
2571,14.930430839002268,2048,0,0,0.028953349217772484,0,-1,0,59,59,59,59,0
2572,14.9362358276644,2048,0,0,0.029108498245477676,0,-1,0,59,-1,-1,-1,0
2573,14.94204081632653,2048,0,0,0.02920706942677498,0,-1,0,59,-1,-1,-1,0
2574,14.947845804988662,2048,0,0,0.028869349509477615,0,-1,0,59,-1,-1,-1,0
2575,14.953650793650795,4096,0,0,0.030170047655701637,0,-1,0,59,-1,-1,-1,0
2576,14.959455782312926,4096,0,0,0.030163493007421494,0,-1,0,59,-1,-1,-1,0
2577,14.965260770975057,4096,0,0,0.029812553897500038,0,-1,0,59,-1,-1,-1,0
2578,14.971065759637188,4096,0,0,0.028311530128121376,0,-1,0,59,-1,-1,-1,0
2579,14.97687074829932,4096,0,0,0.027712540701031685,0,-1,0,59,-1,-1,-1,0
2580,14.98267573696145,4096,0,0,0.02773738093674183,0,-1,0,59,-1,-1,-1,0
2581,14.988480725623583,4096,0,0,0.027328109368681908,0,-1,0,59,-1,-1,-1,0
2582,14.994285714285715,4096,0,0,0.027174808084964752,0,-1,0,59,-1,-1,-1,0
2583,15.000090702947846,4096,0,0,0.0272524356842041,0,-1,0,59,-1,-1,-1,0
2584,15.005895691609977,4096,0,0,0.027592413127422333,0,-1,0,59,-1,-1,-1,0
2585,15.011700680272108,4096,0,0,0.027622040361166,0,-1,0,59,-1,-1,-1,0
2586,15.017505668934241,4096,0,0,0.028055954724550247,0,-1,0,59,-1,-1,-1,0
2587,15.023310657596372,512,1,0,0.02754123881459236,0,-1,0,59,-1,-1,-1,0
2588,15.029115646258504,512,0,0,0.027951769530773163,0,-1,1,59,-1,-1,-1,0
2589,15.034920634920635,512,0,0,0.02799207717180252,0,-1,0,59,-1,-1,-1,0
2590,15.040725623582766,1024,0,0,0.0278778038918972,0,-1,0,59,-1,-1,-1,0
2591,15.046530612244897,1024,0,0,0.02762931026518345,0,-1,0,59,-1,-1,-1,0
2592,15.05233560090703,2048,0,0,0.027218490839004517,0,-1,0,59,-1,-1,-1,0
2593,15.058140589569161,2048,0,0,0.02773759327828884,0,-1,0,59,-1,-1,-1,0
2594,15.063945578231293,2048,0,0,0.02775219827890396,0,-1,0,59,-1,-1,-1,0
2595,15.069750566893424,2048,0,0,0.027774924412369728,0,-1,0,59,-1,-1,-1,0
2596,15.075555555555555,4096,0,0,0.02805277332663536,0,-1,0,59,-1,-1,-1,0
2597,15.081360544217688,4096,0,0,0.027796825394034386,0,-1,0,59,-1,-1,-1,0
2598,15.087165532879819,4096,0,0,0.027661548927426338,0,-1,0,59,-1,-1,-1,0
2599,15.09297052154195,4096,0,0,0.02777654491364956,0,-1,0,59,-1,-1,-1,0
2600,15.098775510204081,4096,0,0,0.027888188138604164,0,-1,0,59,-1,-1,-1,0
2601,15.104580498866213,4096,0,0,0.02772699110209942,0,-1,0,59,-1,-1,-1,0
2602,15.110385487528344,4096,0,0,0.027570558711886406,0,-1,0,59,-1,-1,-1,0
2603,15.116190476190477,4096,0,0,0.027399085462093353,0,-1,0,59,-1,-1,-1,0
2604,15.121995464852608,4096,0,0,0.027940725907683372,0,-1,0,59,-1,-1,-1,0
2605,15.12780045351474,4096,0,0,0.027472054585814476,0,-1,0,59,-1,-1,-1,0
2606,15.13360544217687,4096,0,0,0.02722981944680214,0,-1,0,59,-1,-1,-1,0
2607,15.139410430839002,4096,0,0,0.0272535253316164,0,-1,0,59,-1,-1,-1,0
2608,15.145215419501135,4096,0,0,0.027170876041054726,0,-1,0,59,-1,-1,-1,0
2609,15.151020408163266,4096,0,0,0.02754892222583294,0,-1,0,59,-1,-1,-1,0
2610,15.156825396825397,4096,0,0,0.02758037857711315,0,-1,0,59,-1,-1,-1,0
2611,15.162630385487528,4096,0,0,0.02759375050663948,0,-1,0,59,-1,-1,-1,0
2612,15.16843537414966,4096,0,0,0.02792002633213997,0,-1,0,59,-1,-1,-1,0
2613,15.17424036281179,4096,0,0,0.027977777644991875,0,-1,0,59,-1,-1,-1,0
2614,15.180045351473924,4096,0,0,0.02779444493353367,0,-1,0,59,-1,-1,-1,0
2615,15.185850340136055,4096,0,0,0.027734428644180298,0,-1,0,59,-1,-1,-1,0
2616,15.191655328798186,4096,0,0,0.028032857924699783,0,-1,0,59,-1,-1,-1,0
2617,15.197460317460317,4096,0,0,0.028019873425364494,0,-1,0,59,-1,-1,-1,0
2618,15.203265306122448,4096,0,0,0.028150508180260658,0,-1,0,59,-1,-1,-1,0
2619,15.209070294784581,4096,0,0,0.028079569339752197,0,-1,0,59,-1,-1,-1,0
2620,15.214875283446712,4096,0,0,0.02745644561946392,0,-1,0,59,-1,-1,-1,0
2621,15.220680272108844,4096,0,0,0.02722810208797455,0,-1,0,59,-1,-1,-1,0
2622,15.226485260770975,4096,0,0,0.027372438460588455,0,-1,0,59,-1,-1,-1,0
2623,15.232290249433106,4096,0,0,0.02788068912923336,0,-1,0,59,-1,-1,-1,0
2624,15.238095238095237,4096,0,0,0.02800419181585312,0,-1,0,59,-1,-1,-1,0
2625,15.24390022675737,4096,0,0,0.02789117395877838,0,-1,0,59,-1,-1,-1,0
2626,15.249705215419501,4096,0,0,0.027721818536520004,0,-1,0,59,-1,-1,-1,0
2627,15.255510204081633,4096,0,0,0.02766507677733898,0,-1,0,59,-1,-1,-1,0
2628,15.261315192743764,4096,0,0,0.027456307783722878,0,-1,0,59,-1,-1,-1,0
2629,15.267120181405895,4096,0,0,0.0269437525421381,0,-1,0,59,-1,-1,-1,0
2630,15.272925170068028,4096,0,0,0.027435515075922012,0,-1,0,59,-1,-1,-1,0
2631,15.27873015873016,4096,0,0,0.027880212292075157,0,-1,0,59,-1,-1,-1,0
2632,15.28453514739229,4096,0,0,0.028076047077775,0,-1,0,59,-1,-1,-1,0
2633,15.290340136054422,4096,0,0,0.027787253260612488,0,-1,0,59,-1,-1,-1,0
2634,15.296145124716553,4096,0,0,0.027696583420038223,0,-1,0,59,-1,-1,-1,0
2635,15.301950113378684,4096,0,0,0.02825354039669037,0,-1,0,59,-1,-1,-1,0
2636,15.307755102040817,4096,0,0,0.028226815164089203,0,-1,0,59,-1,-1,-1,0
2637,15.313560090702948,4096,0,0,0.027657320722937584,0,-1,0,59,-1,-1,-1,0
2638,15.31936507936508,4096,0,0,0.027144823223352432,0,-1,0,59,-1,-1,-1,0
2639,15.32517006802721,4096,0,0,0.027359498664736748,0,-1,0,59,-1,-1,-1,0
2640,15.330975056689342,4096,0,0,0.027602851390838623,0,-1,0,59,-1,-1,-1,0
2641,15.336780045351475,4096,0,0,0.02780863456428051,0,-1,0,59,-1,-1,-1,0
2642,15.342585034013606,4096,0,0,0.02783907949924469,0,-1,0,59,-1,-1,-1,0
2643,15.348390022675737,4096,0,0,0.0281100831925869,0,-1,0,59,-1,-1,-1,0
2644,15.354195011337868,4096,0,0,0.028058810159564018,0,-1,0,59,-1,-1,-1,0
2645,15.36,4096,0,0,0.027295390143990517,0,-1,0,59,-1,-1,-1,0
2646,15.365804988662132,4096,0,0,0.027422405779361725,0,-1,0,59,-1,-1,-1,0
2647,15.371609977324264,4096,0,0,0.027660617604851723,0,-1,0,59,-1,-1,-1,0
2648,15.377414965986395,4096,0,0,0.02743523381650448,0,-1,0,59,-1,-1,-1,0
2649,15.383219954648526,4096,0,0,0.027234302833676338,0,-1,0,59,-1,-1,-1,0
2650,15.389024943310657,4096,0,0,0.02735351026058197,0,-1,0,59,-1,-1,-1,0
2651,15.394829931972788,4096,0,0,0.027571458369493484,0,-1,0,59,-1,-1,-1,0
2652,15.400634920634921,4096,0,0,0.02725531905889511,0,-1,0,59,-1,-1,-1,0
2653,15.406439909297053,4096,0,0,0.02723490446805954,0,-1,0,59,-1,-1,-1,0
2654,15.412244897959184,4096,0,0,0.02710285224020481,0,-1,0,59,-1,-1,-1,0
2655,15.418049886621315,4096,0,0,0.027327269315719604,0,-1,0,59,-1,-1,-1,0
2656,15.423854875283446,4096,0,0,0.02754281647503376,0,-1,0,59,-1,-1,-1,0
2657,15.429659863945579,4096,0,0,0.027714615687727928,0,-1,0,59,-1,-1,-1,0
2658,15.43546485260771,4096,0,0,0.02762753702700138,0,-1,0,59,-1,-1,-1,0
2659,15.441269841269841,512,1,0,0.027656855061650276,0,-1,1,59,-1,-1,-1,0
2660,15.447074829931973,512,0,0,0.028236644342541695,0,-1,1,59,59,59,59,0
2661,15.452879818594104,512,0,0,0.02898082323372364,0,-1,1,59,59,59,59,0
2662,15.458684807256235,1024,0,0,0.029723864048719406,0,-1,1,59,59,59,59,0
2663,15.464489795918368,1024,0,0,0.02924945205450058,0,-1,1,59,59,59,59,0
2664,15.4702947845805,2048,0,0,0.02853984758257866,0,-1,1,59,59,59,59,0
2665,15.47609977324263,2048,0,0,0.02904168702661991,0,-1,1,59,59,59,59,0
2666,15.481904761904762,2048,0,0,0.028445811942219734,0,-1,0,59,59,59,59,0
2667,15.487709750566893,2048,0,0,0.02787676826119423,0,-1,0,59,-1,-1,-1,0
2668,15.493514739229026,4096,0,0,0.02787160873413086,0,-1,0,59,-1,-1,-1,0
2669,15.499319727891157,4096,0,0,0.02749512903392315,0,-1,0,59,-1,-1,-1,0
2670,15.505124716553288,4096,0,0,0.027780653908848763,0,-1,0,59,-1,-1,-1,0
2671,15.51092970521542,4096,0,0,0.0282991211861372,0,-1,0,59,-1,-1,-1,0
2672,15.51673469387755,4096,0,0,0.027791963890194893,0,-1,0,59,-1,-1,-1,0
2673,15.522539682539682,4096,0,0,0.027605334296822548,0,-1,0,59,-1,-1,-1,0
2674,15.528344671201815,4096,0,0,0.02746041864156723,0,-1,0,59,-1,-1,-1,0
2675,15.534149659863946,4096,0,0,0.02770424261689186,0,-1,0,59,-1,-1,-1,0
2676,15.539954648526077,4096,0,0,0.027802763506770134,0,-1,0,59,-1,-1,-1,0
2677,15.545759637188208,4096,0,0,0.026660671457648277,0,-1,0,59,-1,-1,-1,0
2678,15.55156462585034,4096,0,0,0.026441728696227074,0,-1,0,59,-1,-1,-1,0
2679,15.557369614512472,4096,0,0,0.027043839916586876,0,-1,0,59,-1,-1,-1,0
2680,15.563174603174604,4096,0,0,0.02728825993835926,0,-1,0,59,-1,-1,-1,0
2681,15.568979591836735,4096,0,0,0.027043087407946587,0,-1,0,59,-1,-1,-1,0
2682,15.574784580498866,4096,0,0,0.02711290679872036,0,-1,0,59,-1,-1,-1,0
2683,15.580589569160997,512,1,0,0.02715037204325199,0,-1,0,59,-1,-1,-1,0
2684,15.586394557823128,512,0,0,0.02715401165187359,0,-1,0,59,-1,-1,-1,0
2685,15.592199546485261,512,0,0,0.02734367921948433,0,-1,0,59,-1,-1,-1,0
2686,15.598004535147393,1024,0,0,0.02840466983616352,0,-1,0,59,-1,-1,-1,0
2687,15.603809523809524,1024,0,0,0.029647577553987503,0,-1,0,59,-1,-1,-1,0
2688,15.609614512471655,2048,0,0,0.029788194224238396,0,-1,0,59,-1,-1,-1,0
2689,15.615419501133786,2048,0,0,0.030096251517534256,0,-1,0,59,-1,-1,-1,0
2690,15.62122448979592,2048,0,0,0.03072590008378029,0,-1,0,59,-1,-1,-1,0
2691,15.62702947845805,2048,0,0,0.032215017825365067,0,-1,0,59,-1,-1,-1,0
2692,15.632834467120182,4096,0,0,0.03280002996325493,0,-1,0,75,-1,-1,-1,0
2693,15.638639455782313,4096,0,0,0.030845871195197105,0,-1,0,75,-1,-1,-1,0
2694,15.644444444444444,4096,0,0,0.02948676235973835,0,-1,0,59,-1,-1,-1,0
2695,15.650249433106575,4096,0,0,0.03189133107662201,0,-1,0,75,-1,-1,-1,0
2696,15.656054421768708,4096,0,0,0.03496881574392319,0,-1,0,75,-1,-1,-1,0
2697,15.66185941043084,4096,0,0,0.03706660121679306,0,-1,0,72,-1,-1,-1,0
2698,15.66766439909297,4096,0,0,0.035006217658519745,0,-1,0,72,-1,-1,-1,0
2699,15.673469387755102,4096,0,0,0.030902080237865448,0,-1,0,72,-1,-1,-1,0
2700,15.679274376417233,4096,0,0,0.028115052729845047,0,-1,0,72,-1,-1,-1,0
2701,15.685079365079366,4096,0,0,0.027306262403726578,0,-1,0,72,-1,-1,-1,0
2702,15.690884353741497,512,1,0,0.027885330840945244,0,-1,1,59,-1,-1,-1,0
2703,15.696689342403628,512,0,0,0.03025110252201557,0,-1,1,59,59,59,59,0
2704,15.70249433106576,512,0,0,0.6062924265861511,1,-1,1,49,59,59,59,0
2705,15.70829931972789,1024,0,0,0.657886803150177,1,59,1,59,59,59,59,0
2706,15.714104308390022,1024,0,0,0.838273286819458,1,59,1,59,59,59,59,0
2707,15.719909297052155,2048,0,1,0.8215440511703491,1,59,1,59,59,59,59,0
2708,15.725714285714286,2048,0,0,0.7790890336036682,1,59,1,59,59,59,59,0
2709,15.731519274376417,2048,0,0,0.6871562004089355,1,59,1,59,59,59,59,0
2710,15.737324263038548,2048,0,0,0.7444025278091431,1,59,1,59,59,59,59,0
2711,15.74312925170068,4096,0,0,0.7734693288803101,1,59,0,59,59,59,59,0
2712,15.748934240362813,4096,0,0,0.7647935748100281,1,59,0,59,-1,-1,-1,0
2713,15.754739229024944,4096,0,0,0.723322331905365,1,59,1,59,-1,-1,-1,0
2714,15.760544217687075,4096,0,0,0.712201714515686,1,59,1,59,59,59,59,0
2715,15.766349206349206,4096,0,0,0.7128151059150696,1,59,1,59,59,59,59,0
2716,15.772154195011337,4096,0,0,0.6305788159370422,1,59,1,59,59,59,59,0
2717,15.777959183673469,4096,0,0,0.6636095643043518,1,59,1,59,59,59,59,0
2718,15.783764172335601,4096,0,0,0.7167211771011353,1,59,1,59,59,59,59,0
2719,15.789569160997733,4096,0,0,0.7267148494720459,1,59,1,59,59,59,59,0
2720,15.795374149659864,4096,0,0,0.6647370457649231,1,59,1,59,59,59,59,0
2721,15.801179138321995,4096,0,0,0.6443744897842407,1,59,1,59,59,59,59,0
2722,15.806984126984126,4096,0,0,0.7000018358230591,1,59,1,59,59,59,59,0
2723,15.81278911564626,4096,0,0,0.6347619891166687,1,59,1,59,59,59,59,0
2724,15.81859410430839,4096,0,0,0.5703426003456116,0,59,1,59,59,59,59,0
2725,15.824399092970522,4096,0,0,0.6642045974731445,1,59,1,59,59,59,59,0
2726,15.830204081632653,4096,0,0,0.651411771774292,1,59,1,59,59,59,59,0
2727,15.836009070294784,4096,0,0,0.6087035536766052,1,59,1,59,59,59,59,0
2728,15.841814058956917,4096,0,0,0.560995876789093,0,59,1,59,59,59,59,0
2729,15.847619047619048,4096,0,0,0.5773143172264099,0,59,1,59,59,59,59,0
2730,15.85342403628118,4096,0,0,0.5684575438499451,0,59,1,59,59,59,59,0
2731,15.85922902494331,4096,0,0,0.4996607005596161,0,59,1,59,59,59,59,0
2732,15.865034013605442,4096,0,0,0.5948596596717834,1,59,1,59,59,59,59,0
2733,15.870839002267573,4096,0,0,0.5986433029174805,1,59,1,59,59,59,59,0
2734,15.876643990929706,4096,0,0,0.5621799826622009,0,59,1,59,59,59,59,0
2735,15.882448979591837,4096,0,0,0.507936418056488,0,59,1,59,59,59,59,0
2736,15.888253968253968,4096,0,0,0.5126562714576721,0,59,1,59,59,59,59,0
2737,15.8940589569161,4096,0,0,0.5697799921035767,0,59,1,59,59,59,59,0
2738,15.89986394557823,4096,0,0,0.5245497226715088,0,59,1,59,59,59,59,0
2739,15.905668934240364,4096,0,0,0.6236913800239563,1,59,1,59,59,59,59,0
2740,15.911473922902495,4096,0,0,0.4773752987384796,0,59,1,59,59,59,59,0
2741,15.917278911564626,4096,0,0,0.4400497376918793,0,59,1,59,59,59,59,0
2742,15.923083900226757,4096,0,0,0.39586958289146423,0,59,1,59,59,59,59,0
2743,15.928888888888888,4096,0,0,0.3463616669178009,0,59,1,59,59,59,59,0
2744,15.93469387755102,4096,0,0,0.4936094582080841,0,59,1,59,59,59,59,0
2745,15.940498866213153,4096,0,0,0.46276962757110596,0,-1,1,59,59,59,59,0
2746,15.946303854875284,4096,0,0,0.4433934688568115,0,-1,1,59,59,59,59,0
2747,15.952108843537415,4096,0,0,0.4402574598789215,0,-1,1,59,59,59,59,0
2748,15.957913832199546,4096,0,0,0.46722838282585144,0,-1,1,59,59,59,59,0
2749,15.963718820861677,4096,0,0,0.4562632441520691,0,63,0,59,59,59,59,0
2750,15.96952380952381,4096,0,0,0.41492918133735657,0,63,0,59,-1,-1,-1,0
2751,15.975328798185942,4096,0,0,0.42131713032722473,0,63,0,59,-1,-1,-1,0
2752,15.981133786848073,4096,0,0,0.4587533473968506,0,63,0,62,-1,-1,-1,0
2753,15.986938775510204,4096,0,0,0.4366524815559387,0,63,0,63,-1,-1,-1,0
2754,15.992743764172335,4096,0,0,0.350509375333786,0,63,0,63,-1,-1,-1,0
2755,15.998548752834466,4096,0,0,0.37383732199668884,0,63,0,63,-1,-1,-1,0
2756,16.004353741496598,4096,0,0,0.4245469868183136,0,63,0,63,-1,-1,-1,0
2757,16.01015873015873,4096,0,0,0.4447896480560303,0,63,1,63,-1,-1,-1,0
2758,16.015963718820863,4096,0,0,0.35153767466545105,0,63,1,63,63,63,63,0
2759,16.021768707482995,4096,0,0,0.29852989315986633,0,63,1,63,63,63,63,0
2760,16.027573696145126,4096,0,0,0.3616015613079071,0,63,1,63,63,63,63,0
2761,16.033378684807257,4096,0,0,0.4113498330116272,0,63,1,63,63,63,63,0
2762,16.03918367346939,4096,0,0,0.3798215687274933,0,63,1,63,63,63,63,0
2763,16.04498866213152,4096,0,0,0.30694955587387085,0,63,1,63,63,63,63,0
2764,16.05079365079365,4096,0,0,0.3058752715587616,0,63,1,63,63,63,63,0
2765,16.056598639455782,4096,0,0,0.3845546245574951,0,63,1,63,63,63,63,0
2766,16.062403628117913,4096,0,0,0.4024191200733185,0,63,1,63,63,63,63,0
2767,16.068208616780044,4096,0,0,0.34284767508506775,0,63,1,63,63,63,63,0
2768,16.074013605442175,4096,0,0,0.2670147120952606,0,63,0,63,63,63,63,0
2769,16.07981859410431,4096,0,0,0.05911332368850708,0,-1,0,63,-1,-1,-1,0
2770,16.08562358276644,4096,0,0,0.03291776403784752,0,-1,0,63,-1,-1,-1,0
2771,16.091428571428573,4096,0,0,0.03024444729089737,0,-1,0,63,-1,-1,-1,0
2772,16.097233560090704,4096,0,0,0.028175821527838707,0,-1,0,63,-1,-1,-1,0
2773,16.103038548752835,512,1,0,0.28079673647880554,0,-1,1,59,-1,-1,-1,0
2774,16.108843537414966,512,0,0,0.46129000186920166,0,-1,1,65,-1,-1,-1,0
2775,16.114648526077097,512,0,0,0.6117581725120544,1,-1,1,66,-1,-1,-1,0
2776,16.12045351473923,1024,0,0,0.6116270422935486,1,66,1,66,66,66,66,0
2777,16.12625850340136,1024,0,0,0.6218539476394653,1,66,1,66,66,66,66,0
2778,16.13206349206349,2048,0,1,0.5756789445877075,0,66,1,66,66,66,66,0
2779,16.137868480725622,2048,0,0,0.5044987201690674,0,66,1,66,66,66,66,0
2780,16.143673469387757,2048,0,0,0.5239438414573669,0,66,1,66,66,66,66,0
2781,16.149478458049888,2048,0,0,0.5141939520835876,0,66,1,66,66,66,66,0
2782,16.15528344671202,4096,0,0,0.5040315985679626,0,66,0,66,66,66,66,0
2783,16.16108843537415,4096,0,0,0.4291713833808899,0,66,0,66,-1,-1,-1,0
2784,16.16689342403628,4096,0,0,0.3832252323627472,0,66,0,66,-1,-1,-1,0
2785,16.172698412698413,4096,0,0,0.35434386134147644,0,66,1,66,-1,-1,-1,0
2786,16.178503401360544,4096,0,0,0.3248499035835266,0,66,1,66,66,66,66,0
2787,16.184308390022675,4096,0,0,0.31948062777519226,0,66,1,66,66,66,66,0
2788,16.190113378684806,4096,0,0,0.33430397510528564,0,66,1,66,66,66,66,0
2789,16.195918367346938,4096,0,0,0.3710801303386688,0,66,1,66,66,66,66,0
2790,16.20172335600907,4096,0,0,0.34020036458969116,0,66,1,66,66,66,66,0
2791,16.207528344671204,4096,0,0,0.3029651641845703,0,66,1,66,66,66,66,0
2792,16.213333333333335,4096,0,0,0.2808079123497009,0,66,1,66,66,66,66,0
2793,16.219138321995466,4096,0,0,0.2853466272354126,0,66,1,66,66,66,66,0
2794,16.224943310657597,4096,0,0,0.31695252656936646,0,66,1,66,66,66,66,0
2795,16.23074829931973,4096,0,0,0.3311578929424286,0,66,1,66,66,66,66,0
2796,16.23655328798186,4096,0,0,0.3395329713821411,0,66,1,66,66,66,66,0
2797,16.24235827664399,4096,0,0,0.32741740345954895,0,66,1,66,66,66,66,0
2798,16.248163265306122,4096,0,0,0.30893674492836,0,66,1,66,66,66,66,0
2799,16.253968253968253,4096,0,0,0.3224142789840698,0,66,1,66,66,66,66,0
2800,16.259773242630384,4096,0,0,0.3110728859901428,0,66,1,66,66,66,66,0
2801,16.265578231292515,4096,0,0,0.3304242491722107,0,66,1,66,66,66,66,0
2802,16.27138321995465,4096,0,0,0.34380289912223816,0,66,1,66,66,66,66,0
2803,16.27718820861678,4096,0,0,0.3702579140663147,0,66,1,66,66,66,66,0
2804,16.282993197278913,4096,0,0,0.3716340661048889,0,66,1,66,66,66,66,0
2805,16.288798185941044,4096,0,0,0.36468228697776794,0,66,1,66,66,66,66,0
2806,16.294603174603175,4096,0,0,0.4069902002811432,0,66,1,66,66,66,66,0
2807,16.300408163265306,4096,0,0,0.09330142289400101,0,66,1,66,66,66,66,0
2808,16.306213151927437,4096,0,0,0.04218056797981262,0,66,0,66,66,66,66,0
2809,16.31201814058957,4096,0,0,0.03155844658613205,0,66,0,66,-1,-1,-1,0
2810,16.3178231292517,512,1,0,0.03056776337325573,0,-1,1,59,-1,-1,-1,0
2811,16.32362811791383,512,0,0,0.031676098704338074,0,-1,1,49,-1,-1,-1,0
2812,16.329433106575962,512,0,0,0.033462561666965485,0,-1,1,49,49,49,49,0
2813,16.335238095238097,1024,0,0,0.33554691076278687,0,-1,1,51,49,49,49,0
2814,16.341043083900228,1024,0,0,0.3431626558303833,0,66,1,65,49,49,49,0
2815,16.34684807256236,2048,0,0,0.34047260880470276,0,66,1,65,65,49,49,0
2816,16.35265306122449,2048,0,1,0.32242515683174133,0,66,1,66,65,49,49,0
2817,16.35845804988662,2048,0,0,0.3050101697444916,0,66,1,66,66,49,49,0
2818,16.364263038548753,2048,0,0,0.33498528599739075,0,66,1,66,66,49,49,0
2819,16.370068027210884,4096,0,0,0.3415343165397644,0,66,0,66,66,49,49,0
2820,16.375873015873015,4096,0,0,0.33572039008140564,0,66,0,66,-1,-1,-1,0
2821,16.381678004535146,4096,0,0,0.32929694652557373,0,66,0,66,-1,-1,-1,0
2822,16.387482993197278,4096,0,0,0.32239776849746704,0,66,0,66,-1,-1,-1,0
2823,16.39328798185941,4096,0,0,0.31243833899497986,0,66,1,66,-1,-1,-1,0
2824,16.399092970521544,4096,0,0,0.294962078332901,0,66,1,66,66,66,66,0
2825,16.404897959183675,4096,0,0,0.3274955153465271,0,66,1,66,66,66,66,0
2826,16.410702947845806,4096,0,0,0.3356442451477051,0,66,1,66,66,66,66,0
2827,16.416507936507937,4096,0,0,0.33215248584747314,0,66,1,66,66,66,66,0
2828,16.42231292517007,4096,0,0,0.32583853602409363,0,66,1,66,66,66,66,0
2829,16.4281179138322,4096,0,0,0.3187618851661682,0,66,1,66,66,66,66,0
2830,16.43392290249433,4096,0,0,0.3051931858062744,0,66,1,66,66,66,66,0
2831,16.439727891156462,4096,0,0,0.28921934962272644,0,66,1,66,66,66,66,0
2832,16.445532879818593,4096,0,0,0.320513516664505,0,66,1,66,66,66,66,0
2833,16.451337868480724,4096,0,0,0.330072283744812,0,66,1,66,66,66,66,0
2834,16.457142857142856,4096,0,0,0.31920304894447327,0,66,1,66,66,66,66,0
2835,16.46294784580499,4096,0,0,0.3179546594619751,0,66,1,66,66,66,66,0
2836,16.46875283446712,4096,0,0,0.3170921802520752,0,66,1,66,66,66,66,0
2837,16.474557823129253,4096,0,0,0.3018070161342621,0,66,1,66,66,66,66,0
2838,16.480362811791384,4096,0,0,0.2840302586555481,0,66,1,66,66,66,66,0
2839,16.486167800453515,4096,0,0,0.31377580761909485,0,66,1,66,66,66,66,0
2840,16.491972789115646,4096,0,0,0.31873053312301636,0,66,1,66,66,66,66,0
2841,16.497777777777777,4096,0,0,0.30398187041282654,0,66,1,66,66,66,66,0
2842,16.50358276643991,4096,0,0,0.3085564970970154,0,66,1,66,66,66,66,0
2843,16.50938775510204,4096,0,0,0.30876415967941284,0,66,1,66,66,66,66,0
2844,16.51519274376417,4096,0,0,0.2962731122970581,0,66,1,66,66,66,66,0
2845,16.520997732426302,4096,0,0,0.28490832448005676,0,66,1,66,66,66,66,0
2846,16.526802721088437,4096,0,0,0.30911022424697876,0,66,1,66,66,66,66,0
2847,16.532607709750568,4096,0,0,0.31022587418556213,0,66,1,66,66,66,66,0
2848,16.5384126984127,4096,0,0,0.28105026483535767,0,66,1,66,66,66,66,0
2849,16.54421768707483,4096,0,0,0.3086327910423279,0,66,1,66,66,66,66,0
2850,16.55002267573696,4096,0,0,0.3029221296310425,0,66,1,66,66,66,66,0
2851,16.555827664399093,4096,0,0,0.28164875507354736,0,66,1,66,66,66,66,0
2852,16.561632653061224,4096,0,0,0.29085880517959595,0,66,1,66,66,66,66,0
2853,16.567437641723355,4096,0,0,0.30915114283561707,0,66,1,66,66,66,66,0
2854,16.573242630385487,4096,0,0,0.3051866590976715,0,66,1,66,66,66,66,0
2855,16.579047619047618,4096,0,0,0.28217649459838867,0,66,1,66,66,66,66,0
2856,16.58485260770975,4096,0,0,0.3081134557723999,0,66,1,66,66,66,66,0
2857,16.590657596371884,4096,0,0,0.2980751395225525,0,66,1,66,66,66,66,0
2858,16.596462585034015,4096,0,0,0.2773110866546631,0,66,1,66,66,66,66,0
2859,16.602267573696146,4096,0,0,0.3038393259048462,0,66,1,66,66,66,66,0
2860,16.608072562358277,4096,0,0,0.30501604080200195,0,66,1,66,66,66,66,0
2861,16.61387755102041,4096,0,0,0.28058046102523804,0,66,1,66,66,66,66,0
2862,16.61968253968254,4096,0,0,0.30196791887283325,0,66,1,66,66,66,66,0
2863,16.62548752834467,4096,0,0,0.3023422360420227,0,66,1,66,66,66,66,0
2864,16.631292517006802,4096,0,0,0.2859189510345459,0,66,1,66,66,66,66,0
2865,16.637097505668933,4096,0,0,0.28851935267448425,0,66,1,66,66,66,66,0
2866,16.642902494331064,4096,0,0,0.30855461955070496,0,66,1,66,66,66,66,0
2867,16.648707482993196,4096,0,0,0.3020400404930115,0,66,1,66,66,66,66,0
2868,16.65451247165533,4096,0,0,0.27220073342323303,0,66,1,66,66,66,66,0
2869,16.66031746031746,4096,0,0,0.30666014552116394,0,66,1,66,66,66,66,0
2870,16.666122448979593,4096,0,0,0.3006475865840912,0,66,1,66,66,66,66,0
2871,16.671927437641724,4096,0,0,0.27857476472854614,0,66,1,66,66,66,66,0
2872,16.677732426303855,4096,0,0,0.29706132411956787,0,66,1,66,66,66,66,0
2873,16.683537414965986,4096,0,0,0.30776745080947876,0,66,1,66,66,66,66,0
2874,16.689342403628117,4096,0,0,0.2978186011314392,0,66,1,66,66,66,66,0
2875,16.69514739229025,4096,0,0,0.2869347929954529,0,66,1,66,66,66,66,0
2876,16.70095238095238,4096,0,0,0.3037465810775757,0,66,1,66,66,66,66,0
2877,16.70675736961451,4096,0,0,0.2927316427230835,0,66,1,66,66,66,66,0
2878,16.712562358276642,4096,0,0,0.2713008224964142,0,66,1,66,66,66,66,0
2879,16.718367346938777,4096,0,0,0.29911553859710693,0,66,1,66,66,66,66,0
2880,16.724172335600908,4096,0,0,0.30577677488327026,0,66,1,66,66,66,66,0
2881,16.72997732426304,4096,0,0,0.2876823842525482,0,66,1,66,66,66,66,0
2882,16.73578231292517,4096,0,0,0.292336106300354,0,66,1,66,66,66,66,0
2883,16.741587301587302,4096,0,0,0.30511799454689026,0,66,1,66,66,66,66,0
2884,16.747392290249433,4096,0,0,0.2910284996032715,0,66,1,66,66,66,66,0
2885,16.753197278911564,4096,0,0,0.26974502205848694,0,66,1,66,66,66,66,0
2886,16.759002267573695,4096,0,0,0.29787635803222656,0,66,1,66,66,66,66,0
2887,16.764807256235827,4096,0,0,0.3047441840171814,0,66,1,66,66,66,66,0
2888,16.770612244897958,4096,0,0,0.2819395065307617,0,66,1,66,66,66,66,0
2889,16.77641723356009,4096,0,0,0.29372861981391907,0,66,1,66,66,66,66,0
2890,16.782222222222224,4096,0,0,0.3052995800971985,0,66,1,66,66,66,66,0
2891,16.788027210884355,4096,0,0,0.28866806626319885,0,66,1,66,66,66,66,0
2892,16.793832199546486,4096,0,0,0.2767523527145386,0,66,1,66,66,66,66,0
2893,16.799637188208617,4096,0,0,0.2993457019329071,0,66,1,66,66,66,66,0
2894,16.80544217687075,4096,0,0,0.2952442169189453,0,66,1,66,66,66,66,0
2895,16.81124716553288,4096,0,0,0.2681329548358917,0,66,1,66,66,66,66,0
2896,16.81705215419501,4096,0,0,0.29874908924102783,0,66,1,66,66,66,66,0
2897,16.822857142857142,4096,0,0,0.29381096363067627,0,66,1,66,66,66,66,0
2898,16.828662131519273,4096,0,0,0.2706626355648041,0,66,1,66,66,66,66,0
2899,16.834467120181404,4096,0,0,0.2910274863243103,0,66,1,66,66,66,66,0
2900,16.840272108843536,4096,0,0,0.2935192883014679,0,66,0,66,66,66,66,0
2901,16.84607709750567,4096,0,0,0.2716423571109772,0,66,0,66,-1,-1,-1,0
2902,16.8518820861678,4096,0,0,0.29589420557022095,0,66,0,66,-1,-1,-1,0
2903,16.857687074829933,4096,0,0,0.3016854226589203,0,66,0,66,-1,-1,-1,0
2904,16.863492063492064,4096,0,0,0.27871865034103394,0,66,0,66,-1,-1,-1,0
2905,16.869297052154195,4096,0,0,0.29025840759277344,0,66,0,66,-1,-1,-1,0
2906,16.875102040816326,4096,0,0,0.30452364683151245,0,66,1,66,-1,-1,-1,0
2907,16.880907029478458,4096,0,0,0.29342004656791687,0,66,0,66,-1,-1,-1,0
2908,16.88671201814059,4096,0,0,0.2786916494369507,0,66,0,66,-1,-1,-1,0
2909,16.89251700680272,4096,0,0,0.30678004026412964,0,66,1,66,-1,-1,-1,0
2910,16.89832199546485,4096,0,0,0.29679372906684875,0,66,0,66,-1,-1,-1,0
2911,16.904126984126986,4096,0,0,0.2717655301094055,0,66,1,66,-1,-1,-1,0
2912,16.909931972789117,4096,0,0,0.2924695312976837,0,66,1,66,66,66,66,0
2913,16.91573696145125,4096,0,0,0.2993144690990448,0,66,0,66,66,66,66,0
2914,16.92154195011338,4096,0,0,0.27931588888168335,0,66,0,66,-1,-1,-1,0
2915,16.92734693877551,4096,0,0,0.2892336845397949,0,66,1,66,-1,-1,-1,0
2916,16.933151927437642,4096,0,0,0.3046264946460724,0,66,1,66,66,66,66,0
2917,16.938956916099773,4096,0,0,0.2865632474422455,0,66,1,66,66,66,66,0
2918,16.944761904761904,4096,0,0,0.2738144099712372,0,66,1,66,66,66,66,0
2919,16.950566893424035,4096,0,0,0.2982015311717987,0,66,1,66,66,66,66,0
2920,16.956371882086167,4096,0,0,0.2970063090324402,0,66,0,66,66,66,66,0
2921,16.962176870748298,4096,0,0,0.2659086585044861,0,66,0,66,-1,-1,-1,0
2922,16.967981859410433,4096,0,0,0.29165124893188477,0,66,1,66,-1,-1,-1,0
2923,16.973786848072564,4096,0,0,0.29487690329551697,0,66,1,66,66,66,66,0
2924,16.979591836734695,4096,0,0,0.26785117387771606,0,66,0,66,66,66,66,0
2925,16.985396825396826,4096,0,0,0.2700379192829132,0,66,1,66,66,66,66,0
2926,16.991201814058957,4096,0,0,0.27868080139160156,0,66,0,66,66,66,66,0
2927,16.99700680272109,4096,0,0,0.2608523964881897,0,66,0,66,-1,-1,-1,0
2928,17.00281179138322,4096,0,0,0.24883827567100525,0,66,0,66,-1,-1,-1,0
2929,17.00861678004535,4096,0,0,0.27160918712615967,0,66,0,66,-1,-1,-1,0
2930,17.014421768707482,4096,0,0,0.25323286652565,0,66,0,66,-1,-1,-1,0
2931,17.020226757369613,4096,0,0,0.23940622806549072,0,66,0,66,-1,-1,-1,0
2932,17.026031746031745,4096,0,0,0.25716471672058105,0,66,0,66,-1,-1,-1,0
2933,17.03183673469388,4096,0,0,0.24779729545116425,0,66,0,66,-1,-1,-1,0
2934,17.03764172335601,4096,0,0,0.2331986129283905,0,66,0,66,-1,-1,-1,0
2935,17.04344671201814,4096,0,0,0.262481153011322,0,66,0,66,-1,-1,-1,0
2936,17.049251700680273,4096,0,0,0.24644874036312103,0,66,0,66,-1,-1,-1,0
2937,17.055056689342404,4096,0,0,0.2289353460073471,0,66,0,66,-1,-1,-1,0
2938,17.060861678004535,4096,0,0,0.251603901386261,0,66,0,66,-1,-1,-1,0
2939,17.066666666666666,4096,0,0,0.24693337082862854,0,66,0,66,-1,-1,-1,0
2940,17.072471655328798,4096,0,0,0.2280532717704773,0,66,0,66,-1,-1,-1,0
2941,17.07827664399093,4096,0,0,0.26366642117500305,0,66,0,66,-1,-1,-1,0
2942,17.08408163265306,4096,0,0,0.2618732154369354,0,66,0,66,-1,-1,-1,0
2943,17.08988662131519,4096,0,0,0.24006962776184082,0,66,0,66,-1,-1,-1,0
2944,17.095691609977326,4096,0,0,0.2661283612251282,0,66,0,66,-1,-1,-1,0
2945,17.101496598639457,4096,0,0,0.27327293157577515,0,66,0,66,-1,-1,-1,0
2946,17.10730158730159,4096,0,0,0.249350905418396,0,66,0,66,-1,-1,-1,0
2947,17.11310657596372,4096,0,0,0.2727307975292206,0,66,0,66,-1,-1,-1,0
2948,17.11891156462585,4096,0,0,0.2755664587020874,0,66,0,66,-1,-1,-1,0
2949,17.124716553287982,4096,0,0,0.2494649887084961,0,66,0,66,-1,-1,-1,0
2950,17.130521541950113,4096,0,0,0.2551639676094055,0,66,0,66,-1,-1,-1,0
2951,17.136326530612244,4096,0,0,0.2717663049697876,0,66,0,66,-1,-1,-1,0
2952,17.142131519274376,4096,0,0,0.25558367371559143,0,66,0,66,-1,-1,-1,0
2953,17.147936507936507,4096,0,0,0.25178226828575134,0,66,0,66,-1,-1,-1,0
2954,17.153741496598638,4096,0,0,0.27682390809059143,0,66,0,66,-1,-1,-1,0
2955,17.159546485260773,4096,0,0,0.2586078345775604,0,66,0,66,-1,-1,-1,0
2956,17.165351473922904,4096,0,0,0.2431340217590332,0,66,0,66,-1,-1,-1,0
2957,17.171156462585035,4096,0,0,0.266743540763855,0,66,0,66,-1,-1,-1,0
2958,17.176961451247166,4096,0,0,0.26304948329925537,0,66,0,66,-1,-1,-1,0
2959,17.182766439909297,4096,0,0,0.23996315896511078,0,66,0,66,-1,-1,-1,0
2960,17.18857142857143,4096,0,0,0.270027756690979,0,66,0,66,-1,-1,-1,0
2961,17.19437641723356,4096,0,0,0.2666438817977905,0,66,0,66,-1,-1,-1,0
2962,17.20018140589569,4096,0,0,0.2417185753583908,0,66,0,66,-1,-1,-1,0
2963,17.205986394557822,4096,0,0,0.2580244541168213,0,66,0,66,-1,-1,-1,0
2964,17.211791383219953,4096,0,0,0.2638714611530304,0,66,0,66,-1,-1,-1,0
2965,17.217596371882085,4096,0,0,0.2415289431810379,0,66,0,66,-1,-1,-1,0
2966,17.22340136054422,4096,0,0,0.253793329000473,0,66,0,66,-1,-1,-1,0
2967,17.22920634920635,4096,0,0,0.27161839604377747,0,66,0,66,-1,-1,-1,0
2968,17.23501133786848,4096,0,0,0.2501944899559021,0,66,0,66,-1,-1,-1,0
2969,17.240816326530613,4096,0,0,0.2366296797990799,0,66,0,66,-1,-1,-1,0
2970,17.246621315192744,4096,0,0,0.25617146492004395,0,66,0,66,-1,-1,-1,0
2971,17.252426303854875,4096,0,0,0.25202676653862,0,66,0,66,-1,-1,-1,0
2972,17.258231292517006,4096,0,0,0.23400536179542542,0,66,0,66,-1,-1,-1,0
2973,17.264036281179138,4096,0,0,0.26758816838264465,0,66,0,66,-1,-1,-1,0
2974,17.26984126984127,4096,0,0,0.2727816104888916,0,66,0,66,-1,-1,-1,0
2975,17.2756462585034,4096,0,0,0.2481328845024109,0,66,0,66,-1,-1,-1,0
2976,17.28145124716553,4096,0,0,0.2508922815322876,0,66,0,66,-1,-1,-1,0
2977,17.287256235827666,4096,0,0,0.26713213324546814,0,66,0,66,-1,-1,-1,0
2978,17.293061224489797,4096,0,0,0.25441285967826843,0,66,0,66,-1,-1,-1,0
2979,17.29886621315193,4096,0,0,0.23596492409706116,0,66,0,66,-1,-1,-1,0
2980,17.30467120181406,4096,0,0,0.2695692479610443,0,66,0,66,-1,-1,-1,0
2981,17.31047619047619,4096,0,0,0.2644234299659729,0,66,0,66,-1,-1,-1,0
2982,17.316281179138322,4096,0,0,0.1941913217306137,0,66,0,66,-1,-1,-1,0
2983,17.322086167800453,4096,0,0,0.09243170917034149,0,66,0,66,-1,-1,-1,0
2984,17.327891156462584,4096,0,0,0.055570993572473526,0,66,0,66,-1,-1,-1,0
2985,17.333696145124716,4096,0,0,0.04337301850318909,0,66,0,66,-1,-1,-1,0
2986,17.339501133786847,4096,0,0,0.035675548017024994,0,66,0,66,-1,-1,-1,0
2987,17.345306122448978,4096,0,0,0.03180675581097603,0,66,0,66,-1,-1,-1,0
2988,17.351111111111113,4096,0,0,0.029609618708491325,0,66,0,66,-1,-1,-1,0
2989,17.356916099773244,4096,0,0,0.02960912510752678,0,66,0,66,-1,-1,-1,0
2990,17.362721088435375,4096,0,0,0.46296077966690063,0,-1,0,66,-1,-1,-1,0
2991,17.368526077097506,4096,0,0,0.41913729906082153,0,61,0,66,-1,-1,-1,0
2992,17.374331065759637,4096,0,0,0.6775643825531006,1,61,0,66,-1,-1,-1,0
2993,17.38013605442177,4096,0,1,0.5750247240066528,0,61,0,66,-1,-1,-1,0
2994,17.3859410430839,4096,0,0,0.7683966159820557,1,61,0,60,-1,-1,-1,0
2995,17.39174603174603,4096,0,0,0.883092999458313,1,61,0,60,-1,-1,-1,0
2996,17.397551020408162,4096,0,0,0.9499762058258057,1,61,0,60,-1,-1,-1,0
2997,17.403356009070293,4096,0,0,0.9587923288345337,1,61,0,60,-1,-1,-1,0
2998,17.409160997732425,4096,0,0,0.9390655755996704,1,61,0,60,-1,-1,-1,0
2999,17.41496598639456,4096,0,0,0.9291900396347046,1,61,1,60,-1,-1,-1,0
3000,17.42077097505669,4096,0,0,0.8510732054710388,1,61,1,61,-1,-1,-1,0
3001,17.426575963718822,4096,0,0,0.8073753118515015,1,61,1,61,61,61,61,0
3002,17.432380952380953,4096,0,0,0.6965228319168091,1,61,1,61,61,61,61,0
3003,17.438185941043084,4096,0,0,0.519063413143158,0,61,1,61,61,61,61,0
3004,17.443990929705215,4096,0,0,0.47520869970321655,0,61,1,61,61,61,61,0
3005,17.449795918367347,4096,0,0,0.5058951377868652,0,61,1,61,61,61,61,0
3006,17.455600907029478,4096,0,0,0.3734355866909027,0,61,1,61,61,61,61,0
3007,17.46140589569161,4096,0,0,0.3242116868495941,0,61,1,61,61,61,61,0
3008,17.46721088435374,4096,0,0,0.3774101138114929,0,61,1,61,61,61,61,0
3009,17.47301587301587,4096,0,0,0.399219810962677,0,61,1,61,61,61,61,0
3010,17.478820861678006,4096,0,0,0.3708021342754364,0,61,1,61,61,61,61,0
3011,17.484625850340137,4096,0,0,0.3492928147315979,0,61,1,61,61,61,61,0
3012,17.49043083900227,4096,0,0,0.3655634820461273,0,61,1,61,61,61,61,0
3013,17.4962358276644,4096,0,0,0.37026020884513855,0,-1,1,61,61,61,61,0
3014,17.50204081632653,4096,0,0,0.39479753375053406,0,-1,1,61,61,61,61,0
3015,17.507845804988662,4096,0,0,0.3831782042980194,0,-1,1,61,61,61,61,0
3016,17.513650793650793,4096,0,0,0.45483076572418213,0,-1,1,61,61,61,61,0
3017,17.519455782312924,4096,0,0,0.6442144513130188,1,-1,1,61,61,61,61,0
3018,17.525260770975056,4096,0,0,0.6458102464675903,1,59,1,61,61,61,61,0
3019,17.531065759637187,4096,0,0,0.5221671462059021,0,59,1,61,61,61,61,0
3020,17.536870748299318,4096,0,1,0.388607382774353,0,59,1,61,61,61,61,0
3021,17.542675736961453,4096,0,0,0.39108365774154663,0,59,1,61,61,61,61,0
3022,17.548480725623584,4096,0,0,0.3621222674846649,0,59,1,61,61,61,61,0
3023,17.554285714285715,4096,0,0,0.35651829838752747,0,59,1,61,61,61,61,0
3024,17.560090702947846,4096,0,0,0.36187800765037537,0,59,1,61,61,61,61,0
3025,17.565895691609978,4096,0,0,0.3520321846008301,0,59,1,61,61,61,61,0
3026,17.57170068027211,4096,0,0,0.2547929883003235,0,59,1,60,61,61,61,0
3027,17.57750566893424,4096,0,0,0.2687069773674011,0,59,1,60,60,61,61,0
3028,17.58331065759637,4096,0,0,0.25292330980300903,0,59,1,60,60,61,61,0
3029,17.589115646258502,4096,0,0,0.2587337791919708,0,59,1,60,60,61,61,0
3030,17.594920634920634,4096,0,0,0.231268048286438,0,59,1,60,60,61,61,0
3031,17.600725623582765,4096,0,0,0.18822038173675537,0,59,0,60,60,61,61,0
3032,17.6065306122449,4096,0,0,0.1826382428407669,0,59,0,59,-1,-1,-1,0
3033,17.61233560090703,4096,0,0,0.17982082068920135,0,59,0,59,-1,-1,-1,0
3034,17.618140589569162,4096,0,0,0.17759691178798676,0,59,0,59,-1,-1,-1,0
3035,17.623945578231293,4096,0,0,0.1824892908334732,0,59,0,59,-1,-1,-1,0
3036,17.629750566893424,4096,0,0,0.17123281955718994,0,59,0,59,-1,-1,-1,0
3037,17.635555555555555,4096,0,0,0.18367205560207367,0,-1,1,58,-1,-1,-1,0
3038,17.641360544217687,4096,0,0,0.18854758143424988,0,-1,1,58,58,58,58,0
3039,17.647165532879818,4096,0,0,0.15389034152030945,0,-1,1,58,58,58,58,0
3040,17.65297052154195,4096,0,0,0.16215477883815765,0,-1,1,58,58,58,58,0
3041,17.65877551020408,4096,0,0,0.17838527262210846,0,-1,1,58,58,58,58,0
3042,17.66458049886621,4096,0,0,0.15389516949653625,0,-1,1,58,58,58,58,0
3043,17.670385487528346,4096,0,0,0.176370307803154,0,-1,1,58,58,58,58,0
3044,17.676190476190477,4096,0,0,0.18889857828617096,0,-1,1,58,58,58,58,0
3045,17.68199546485261,4096,0,0,0.18451792001724243,0,-1,1,58,58,58,58,0
3046,17.68780045351474,4096,0,0,0.17567948997020721,0,-1,1,58,58,58,58,0
3047,17.69360544217687,4096,0,0,0.16787445545196533,0,-1,1,58,58,58,58,0
3048,17.699410430839002,4096,0,0,0.14638754725456238,0,-1,1,58,58,58,58,0
3049,17.705215419501133,4096,0,0,0.12258310616016388,0,-1,1,58,58,58,58,0
3050,17.711020408163265,4096,0,0,0.09944091737270355,0,-1,0,59,58,58,58,0
3051,17.716825396825396,4096,0,0,0.052178315818309784,0,-1,0,59,-1,-1,-1,0
3052,17.722630385487527,4096,0,0,0.03754536435008049,0,-1,0,59,-1,-1,-1,0
3053,17.728435374149658,4096,0,0,0.036613162606954575,0,-1,0,59,-1,-1,-1,0
3054,17.734240362811793,4096,0,0,0.033258914947509766,0,-1,0,59,-1,-1,-1,0
3055,17.740045351473924,4096,0,0,0.03000088594853878,0,-1,0,59,-1,-1,-1,0
3056,17.745850340136055,4096,0,0,0.029017405584454536,0,-1,0,59,-1,-1,-1,0
3057,17.751655328798186,512,1,0,0.02898309752345085,0,-1,1,59,-1,-1,-1,0
3058,17.757460317460318,512,0,0,0.029638567939400673,0,-1,1,59,59,59,59,0
3059,17.76326530612245,512,0,0,0.40537574887275696,0,-1,1,49,59,59,59,0
3060,17.76907029478458,1024,0,0,0.38128161430358887,0,-1,1,49,49,59,59,0
3061,17.77487528344671,1024,0,0,0.3578179180622101,0,59,1,59,49,59,59,0
3062,17.780680272108842,2048,0,0,0.42684295773506165,0,59,1,59,59,59,59,0
3063,17.786485260770974,2048,0,1,0.37206995487213135,0,59,1,59,59,59,59,0
3064,17.79229024943311,2048,0,0,0.4364745020866394,0,59,1,59,59,59,59,0
3065,17.79809523809524,2048,0,0,0.34465962648391724,0,59,1,59,59,59,59,0
3066,17.80390022675737,4096,0,0,0.37821105122566223,0,59,0,59,59,59,59,0
3067,17.809705215419502,4096,0,0,0.37428003549575806,0,59,0,59,-1,-1,-1,0
3068,17.815510204081633,4096,0,0,0.3030118942260742,0,59,0,59,-1,-1,-1,0
3069,17.821315192743764,4096,0,0,0.4094553589820862,0,59,0,59,-1,-1,-1,0
3070,17.827120181405895,4096,0,0,0.35340580344200134,0,59,1,59,-1,-1,-1,0
3071,17.832925170068027,4096,0,0,0.4346596300601959,0,59,1,59,59,59,59,0
3072,17.838730158730158,4096,0,0,0.34982120990753174,0,59,1,59,59,59,59,0
3073,17.84453514739229,4096,0,0,0.37489596009254456,0,59,1,59,59,59,59,0
3074,17.85034013605442,4096,0,0,0.38345474004745483,0,59,1,59,59,59,59,0
3075,17.856145124716555,4096,0,0,0.3042818009853363,0,59,1,59,59,59,59,0
3076,17.861950113378686,4096,0,0,0.39243975281715393,0,59,1,59,59,59,59,0
3077,17.867755102040817,4096,0,0,0.3258848190307617,0,59,1,59,59,59,59,0
3078,17.87356009070295,4096,0,0,0.41957229375839233,0,59,1,59,59,59,59,0
3079,17.87936507936508,4096,0,0,0.34081485867500305,0,59,1,59,59,59,59,0
3080,17.88517006802721,4096,0,0,0.3633526563644409,0,59,1,59,59,59,59,0
3081,17.890975056689342,4096,0,0,0.36715927720069885,0,59,1,59,59,59,59,0
3082,17.896780045351473,4096,0,0,0.3026879131793976,0,59,1,59,59,59,59,0
3083,17.902585034013605,4096,0,0,0.37260791659355164,0,59,1,59,59,59,59,0
3084,17.908390022675736,4096,0,0,0.29675593972206116,0,59,1,59,59,59,59,0
3085,17.914195011337867,4096,0,0,0.3892176151275635,0,59,1,59,59,59,59,0
3086,17.92,4096,0,0,0.3414158821105957,0,59,1,59,59,59,59,0
3087,17.925804988662133,4096,0,0,0.3661414384841919,0,59,1,59,59,59,59,0
3088,17.931609977324264,4096,0,0,0.3718584179878235,0,59,1,59,59,59,59,0
3089,17.937414965986395,4096,0,0,0.29693078994750977,0,59,1,59,59,59,59,0
3090,17.943219954648526,4096,0,0,0.3369516134262085,0,59,1,59,59,59,59,0
3091,17.949024943310658,4096,0,0,0.2863475978374481,0,59,1,59,59,59,59,0
3092,17.95482993197279,4096,0,0,0.3658450245857239,0,59,1,59,59,59,59,0
3093,17.96063492063492,4096,0,0,0.3287559449672699,0,59,1,59,59,59,59,0
3094,17.96643990929705,4096,0,0,0.3486247956752777,0,59,1,59,59,59,59,0
3095,17.972244897959182,4096,0,1,0.34471023082733154,0,59,1,59,59,59,59,0
3096,17.978049886621314,4096,0,0,0.2957833707332611,0,59,1,59,59,59,59,0
3097,17.98385487528345,4096,0,0,0.32479608058929443,0,59,1,59,59,59,59,0
3098,17.98965986394558,4096,0,0,0.2898847758769989,0,59,1,59,59,59,59,0
3099,17.99546485260771,4096,0,0,0.3441295623779297,0,59,1,59,59,59,59,0
3100,18.001269841269842,4096,0,0,0.3039041757583618,0,59,1,59,59,59,59,0
3101,18.007074829931973,4096,0,0,0.3301396667957306,0,59,1,59,59,59,59,0
3102,18.012879818594104,4096,0,0,0.3207879364490509,0,59,1,59,59,59,59,0
3103,18.018684807256236,4096,0,0,0.3136356770992279,0,59,1,59,59,59,59,0
3104,18.024489795918367,4096,0,0,0.33630990982055664,0,59,1,59,59,59,59,0
3105,18.030294784580498,4096,0,0,0.2935706377029419,0,59,1,59,59,59,59,0
3106,18.03609977324263,4096,0,0,0.31419748067855835,0,59,1,59,59,59,59,0
3107,18.04190476190476,4096,0,0,0.2689070701599121,0,59,1,59,59,59,59,0
3108,18.047709750566895,4096,0,0,0.3065827190876007,0,59,1,59,59,59,59,0
3109,18.053514739229026,4096,0,0,0.2979540228843689,0,59,1,59,59,59,59,0
3110,18.059319727891157,4096,0,0,0.31567928194999695,0,59,1,59,59,59,59,0
3111,18.06512471655329,4096,0,0,0.3241806626319885,0,59,1,59,59,59,59,0
3112,18.07092970521542,4096,0,0,0.289225697517395,0,59,0,59,59,59,59,0
3113,18.07673469387755,4096,0,0,0.29650989174842834,0,59,1,59,59,59,59,0
3114,18.082539682539682,4096,0,0,0.2594890296459198,0,59,0,59,59,59,59,0
3115,18.088344671201813,4096,0,0,0.29134422540664673,0,59,1,59,59,59,59,0
3116,18.094149659863945,4096,0,0,0.28330814838409424,0,59,0,59,59,59,59,0
3117,18.099954648526076,4096,0,0,0.30374202132225037,0,59,0,59,-1,-1,-1,0
3118,18.105759637188207,4096,0,0,0.30215874314308167,0,59,1,59,-1,-1,-1,0
3119,18.11156462585034,4096,0,0,0.279793381690979,0,59,0,59,-1,-1,-1,0
3120,18.117369614512473,4096,0,0,0.2775992155075073,0,59,0,59,-1,-1,-1,0
3121,18.123174603174604,4096,0,0,0.2623696029186249,0,59,0,59,-1,-1,-1,0
3122,18.128979591836735,4096,0,0,0.2696921229362488,0,59,1,59,-1,-1,-1,0
3123,18.134784580498867,4096,0,0,0.2530032694339752,0,59,1,59,59,59,59,0
3124,18.140589569160998,4096,0,0,0.2799890637397766,0,59,1,59,59,59,59,0
3125,18.14639455782313,4096,0,0,0.2681422829627991,0,59,1,59,59,59,59,0
3126,18.15219954648526,4096,0,0,0.2609361410140991,0,59,0,59,59,59,59,0
3127,18.15800453514739,4096,0,0,0.27164313197135925,0,59,1,59,59,59,59,0
3128,18.163809523809523,4096,0,0,0.263568252325058,0,59,0,59,59,59,59,0
3129,18.169614512471654,4096,0,0,0.2572574317455292,0,59,1,59,59,59,59,0
3130,18.17541950113379,4096,0,0,0.22559066116809845,0,59,1,59,59,59,59,0
3131,18.18122448979592,4096,0,0,0.2552745044231415,0,59,1,59,59,59,59,0
3132,18.18702947845805,4096,0,0,0.2495812028646469,0,59,1,59,59,59,59,0
3133,18.192834467120182,4096,0,0,0.25638318061828613,0,59,1,59,59,59,59,0
3134,18.198639455782313,4096,0,0,0.26300641894340515,0,59,1,59,59,59,59,0
3135,18.204444444444444,4096,0,0,0.24573081731796265,0,59,0,59,59,59,59,0
3136,18.210249433106576,4096,0,0,0.24373866617679596,0,59,1,59,59,59,59,0
3137,18.216054421768707,4096,0,0,0.19942043721675873,0,59,0,59,59,59,59,0
3138,18.221859410430838,4096,0,0,0.22132688760757446,0,59,1,59,59,59,59,0
3139,18.22766439909297,4096,0,0,0.21485352516174316,0,59,1,59,59,59,59,0
3140,18.2334693877551,4096,0,0,0.2335488498210907,0,59,1,59,59,59,59,0
3141,18.239274376417235,4096,0,0,0.23415398597717285,0,59,1,59,59,59,59,0
3142,18.245079365079366,4096,0,0,0.2099330574274063,0,59,0,59,59,59,59,0
3143,18.250884353741498,4096,0,0,0.20630599558353424,0,59,1,59,59,59,59,0
3144,18.25668934240363,4096,0,0,0.17294013500213623,0,59,0,59,59,59,59,0
3145,18.26249433106576,4096,0,0,0.19392129778862,0,59,1,59,59,59,59,0
3146,18.26829931972789,4096,0,0,0.1821458488702774,0,59,1,59,59,59,59,0
3147,18.274104308390022,4096,0,0,0.19806809723377228,0,59,1,59,59,59,59,0
3148,18.279909297052154,4096,0,0,0.18486188352108002,0,59,1,59,59,59,59,0
3149,18.285714285714285,4096,0,0,0.17613191902637482,0,59,0,59,59,59,59,0
3150,18.291519274376416,4096,0,0,0.17328369617462158,0,59,1,59,59,59,59,0
3151,18.297324263038547,4096,0,0,0.15255311131477356,0,59,1,59,59,59,59,0
3152,18.303129251700682,4096,0,0,0.1539367437362671,0,59,1,59,59,59,59,0
3153,18.308934240362813,4096,0,0,0.1412074714899063,0,59,1,59,59,59,59,0
3154,18.314739229024944,4096,0,0,0.1463564932346344,0,59,1,59,59,59,59,0
3155,18.320544217687075,4096,0,0,0.13811396062374115,0,59,1,59,59,59,59,0
3156,18.326349206349207,4096,0,0,0.1361154168844223,0,59,0,59,59,59,59,0
3157,18.332154195011338,4096,0,0,0.12538884580135345,0,59,1,59,59,59,59,0
3158,18.33795918367347,4096,0,0,0.10998915880918503,0,59,0,59,59,59,59,0
3159,18.3437641723356,4096,0,0,0.11034243553876877,0,59,1,59,59,59,59,0
3160,18.34956916099773,4096,0,0,0.07695590704679489,0,59,0,59,59,59,59,0
3161,18.355374149659863,4096,0,0,0.06972265243530273,0,59,0,59,-1,-1,-1,0
3162,18.361179138321994,4096,0,0,0.07313153892755508,0,59,0,59,-1,-1,-1,0
3163,18.36698412698413,4096,0,0,0.09852703660726547,0,59,0,59,-1,-1,-1,0
3164,18.37278911564626,4096,0,0,0.10045170038938522,0,59,0,59,-1,-1,-1,0
3165,18.37859410430839,4096,0,0,0.10480459779500961,0,59,0,59,-1,-1,-1,0
3166,18.384399092970522,4096,0,0,0.1356034129858017,0,59,0,59,-1,-1,-1,0
3167,18.390204081632653,4096,0,0,0.14070793986320496,0,59,0,58,-1,-1,-1,0
3168,18.396009070294784,4096,0,0,0.13998526334762573,0,59,0,58,-1,-1,-1,0
3169,18.401814058956916,4096,0,0,0.14455696940422058,0,59,0,58,-1,-1,-1,0
3170,18.407619047619047,4096,0,0,0.16944485902786255,0,59,0,58,-1,-1,-1,0
3171,18.413424036281178,4096,0,0,0.11313477158546448,0,59,0,58,-1,-1,-1,0
3172,18.41922902494331,4096,0,0,0.08198004215955734,0,59,0,58,-1,-1,-1,0
3173,18.42503401360544,4096,0,0,0.08359837532043457,0,59,0,58,-1,-1,-1,0
3174,18.430839002267575,4096,0,0,0.06839628517627716,0,59,0,58,-1,-1,-1,0
3175,18.436643990929706,4096,0,0,0.058523308485746384,0,59,0,58,-1,-1,-1,0
3176,18.442448979591838,4096,0,0,0.06272557377815247,0,59,0,58,-1,-1,-1,0
3177,18.44825396825397,4096,0,0,0.08320755511522293,0,59,0,58,-1,-1,-1,0
3178,18.4540589569161,4096,0,0,0.0812261551618576,0,59,0,58,-1,-1,-1,0
3179,18.45986394557823,4096,0,0,0.09270046651363373,0,59,0,58,-1,-1,-1,0
3180,18.465668934240362,4096,0,0,0.1109355017542839,0,59,0,58,-1,-1,-1,0
3181,18.471473922902494,4096,0,0,0.10545388609170914,0,59,0,58,-1,-1,-1,0
3182,18.477278911564625,4096,0,0,0.0951407253742218,0,59,0,58,-1,-1,-1,0
3183,18.483083900226756,4096,0,0,0.09190921485424042,0,59,0,58,-1,-1,-1,0
3184,18.488888888888887,4096,0,0,0.10454776138067245,0,59,0,58,-1,-1,-1,0
3185,18.494693877551022,4096,0,0,0.07503050565719604,0,59,0,58,-1,-1,-1,0
3186,18.500498866213153,4096,0,0,0.057631827890872955,0,59,0,58,-1,-1,-1,0
3187,18.506303854875284,4096,0,0,0.05913952365517616,0,59,0,58,-1,-1,-1,0
3188,18.512108843537415,4096,0,0,0.05431738123297691,0,59,0,58,-1,-1,-1,0
3189,18.517913832199547,4096,0,0,0.054456841200590134,0,59,0,58,-1,-1,-1,0
3190,18.523718820861678,4096,0,0,0.060599155724048615,0,59,0,58,-1,-1,-1,0
3191,18.52952380952381,4096,0,0,0.07654953747987747,0,59,0,58,-1,-1,-1,0
3192,18.53532879818594,4096,0,0,0.11068441718816757,0,59,0,58,-1,-1,-1,0
3193,18.54113378684807,4096,0,0,0.15423935651779175,0,59,0,58,-1,-1,-1,0
3194,18.546938775510203,4096,0,0,0.14347809553146362,0,59,0,58,-1,-1,-1,0
3195,18.552743764172334,4096,0,0,0.1364888995885849,0,59,0,58,-1,-1,-1,0
3196,18.55854875283447,4096,0,0,0.10334666073322296,0,59,0,58,-1,-1,-1,0
3197,18.5643537414966,4096,0,0,0.2893076539039612,0,59,0,58,-1,-1,-1,0
3198,18.57015873015873,4096,0,0,0.33771106600761414,0,59,0,58,-1,-1,-1,0
3199,18.575963718820862,4096,0,0,0.31291061639785767,0,59,0,58,-1,-1,-1,0
3200,18.581768707482993,4096,0,0,0.3414754271507263,0,59,0,58,-1,-1,-1,0
3201,18.587573696145125,4096,0,0,0.2930455505847931,0,59,0,58,-1,-1,-1,0
3202,18.593378684807256,4096,0,0,0.2930136024951935,0,59,0,57,-1,-1,-1,0
3203,18.599183673469387,4096,0,0,0.24905408918857574,0,59,0,53,-1,-1,-1,0
3204,18.604988662131518,4096,0,0,0.26145005226135254,0,59,0,54,-1,-1,-1,0
3205,18.61079365079365,4096,0,0,0.27555954456329346,0,59,0,54,-1,-1,-1,0
3206,18.616598639455784,4096,0,0,0.2943550944328308,0,59,0,54,-1,-1,-1,0
3207,18.622403628117915,4096,0,0,0.2726883590221405,0,59,0,54,-1,-1,-1,0
3208,18.628208616780046,4096,0,0,0.28691354393959045,0,59,0,54,-1,-1,-1,0
3209,18.634013605442178,4096,0,0,0.22307153046131134,0,59,0,54,-1,-1,-1,0
3210,18.63981859410431,4096,0,0,0.24168440699577332,0,59,0,54,-1,-1,-1,0
3211,18.64562358276644,4096,0,0,0.2187793105840683,0,59,1,54,-1,-1,-1,0
3212,18.65142857142857,4096,0,0,0.21103064715862274,0,59,1,54,54,54,54,0
3213,18.657233560090702,4096,0,0,0.23551207780838013,0,59,1,54,54,54,54,0
3214,18.663038548752834,4096,0,0,0.2446693778038025,0,59,1,54,54,54,54,0
3215,18.668843537414965,4096,0,0,0.20120449364185333,0,59,1,54,54,54,54,0
3216,18.674648526077096,4096,0,0,0.23130185902118683,0,59,1,54,54,54,54,0
3217,18.68045351473923,4096,0,0,0.16139735281467438,0,59,1,54,54,54,54,0
3218,18.686258503401362,4096,0,0,0.16616511344909668,0,59,1,54,54,54,54,0
3219,18.692063492063493,4096,0,0,0.19298921525478363,0,59,1,54,54,54,54,0
3220,18.697868480725624,4096,0,0,0.15098357200622559,0,59,1,54,54,54,54,0
3221,18.703673469387756,4096,0,0,0.16397421061992645,0,59,1,54,54,54,54,0
3222,18.709478458049887,4096,0,0,0.16074854135513306,0,59,1,54,54,54,54,0
3223,18.715283446712018,4096,0,0,0.08295468986034393,0,59,0,54,54,54,54,0
3224,18.72108843537415,4096,0,0,0.11733461171388626,0,59,1,54,54,54,54,0
3225,18.72689342403628,4096,0,0,0.09794244170188904,0,59,1,54,54,54,54,0
3226,18.73269841269841,4096,0,0,0.08505930751562119,0,59,0,54,54,54,54,0
3227,18.738503401360543,4096,0,0,0.11200470477342606,0,59,0,54,-1,-1,-1,0
3228,18.744308390022677,4096,0,0,0.10435238480567932,0,59,0,54,-1,-1,-1,0
3229,18.75011337868481,4096,0,0,0.07779230177402496,0,59,0,54,-1,-1,-1,0
3230,18.75591836734694,4096,0,0,0.10456506162881851,0,59,0,54,-1,-1,-1,0
3231,18.76172335600907,4096,0,0,0.07032757252454758,0,59,0,54,-1,-1,-1,0
3232,18.767528344671202,4096,0,0,0.06994572281837463,0,59,0,54,-1,-1,-1,0
3233,18.773333333333333,4096,0,0,0.09200596809387207,0,59,0,54,-1,-1,-1,0
3234,18.779138321995465,4096,0,0,0.06633853912353516,0,59,0,54,-1,-1,-1,0
3235,18.784943310657596,4096,0,0,0.06961336731910706,0,59,0,54,-1,-1,-1,0
3236,18.790748299319727,4096,0,0,0.08471664786338806,0,59,0,54,-1,-1,-1,0
3237,18.796553287981858,4096,0,0,0.0573822483420372,0,59,0,54,-1,-1,-1,0
3238,18.80235827664399,4096,0,0,0.07469207793474197,0,59,0,54,-1,-1,-1,0
3239,18.808163265306124,4096,0,0,0.09267342835664749,0,59,0,54,-1,-1,-1,0
3240,18.813968253968255,4096,0,0,0.07513739168643951,0,59,0,54,-1,-1,-1,0
3241,18.819773242630387,4096,0,0,0.08469168841838837,0,59,0,54,-1,-1,-1,0
3242,18.825578231292518,4096,0,0,0.08548417687416077,0,59,0,54,-1,-1,-1,0
3243,18.83138321995465,4096,0,0,0.055803705006837845,0,59,0,54,-1,-1,-1,0
3244,18.83718820861678,4096,0,0,0.07140403985977173,0,59,0,54,-1,-1,-1,0
3245,18.84299319727891,4096,0,0,0.06632030755281448,0,59,0,54,-1,-1,-1,0
3246,18.848798185941043,4096,0,0,0.05571264773607254,0,59,0,54,-1,-1,-1,0
3247,18.854603174603174,4096,0,0,0.07470297813415527,0,59,0,54,-1,-1,-1,0
3248,18.860408163265305,4096,0,0,0.05309310927987099,0,59,0,54,-1,-1,-1,0
3249,18.866213151927436,4096,0,0,0.052905742079019547,0,59,0,54,-1,-1,-1,0
3250,18.87201814058957,4096,0,0,0.0641794353723526,0,59,0,54,-1,-1,-1,0
3251,18.877823129251702,4096,0,0,0.04527614265680313,0,59,0,54,-1,-1,-1,0
3252,18.883628117913833,4096,0,0,0.051628898829221725,0,59,0,54,-1,-1,-1,0
3253,18.889433106575964,4096,0,0,0.05908766761422157,0,59,0,54,-1,-1,-1,0
3254,18.895238095238096,4096,0,0,0.0491945818066597,0,59,0,54,-1,-1,-1,0
3255,18.901043083900227,4096,0,0,0.05233659967780113,0,59,0,54,-1,-1,-1,0
3256,18.906848072562358,4096,0,0,0.05124429240822792,0,59,0,54,-1,-1,-1,0
3257,18.91265306122449,4096,0,0,0.040431272238492966,0,59,0,54,-1,-1,-1,0
3258,18.91845804988662,4096,0,0,0.04918644204735756,0,59,0,54,-1,-1,-1,0
3259,18.92426303854875,4096,0,0,0.046514399349689484,0,59,0,54,-1,-1,-1,0
3260,18.930068027210883,4096,0,0,0.03811560198664665,0,59,0,54,-1,-1,-1,0
3261,18.935873015873018,4096,0,0,0.048477787524461746,0,59,0,54,-1,-1,-1,0
3262,18.94167800453515,4096,0,0,0.038537293672561646,0,59,0,54,-1,-1,-1,0
3263,18.94748299319728,4096,0,0,0.03640393167734146,0,59,0,54,-1,-1,-1,0
3264,18.95328798185941,4096,0,0,0.04377290606498718,0,59,0,54,-1,-1,-1,0
3265,18.959092970521542,4096,0,0,0.038027312606573105,0,59,0,54,-1,-1,-1,0
3266,18.964897959183673,4096,0,0,0.03880470246076584,0,59,0,54,-1,-1,-1,0
3267,18.970702947845805,4096,0,0,0.04594947770237923,0,59,0,54,-1,-1,-1,0
3268,18.976507936507936,4096,0,0,0.03963036462664604,0,59,0,54,-1,-1,-1,0
3269,18.982312925170067,4096,0,0,0.040571726858615875,0,59,0,54,-1,-1,-1,0
3270,18.9881179138322,4096,0,0,0.04163595661520958,0,59,0,54,-1,-1,-1,0
3271,18.99392290249433,4096,0,0,0.03544134646654129,0,59,0,54,-1,-1,-1,0
3272,18.999727891156464,4096,0,0,0.04031721130013466,0,59,0,54,-1,-1,-1,0
3273,19.005532879818595,4096,0,0,0.04053640365600586,0,59,0,54,-1,-1,-1,0
3274,19.011337868480727,4096,0,0,0.034406568855047226,0,59,0,54,-1,-1,-1,0
3275,19.017142857142858,4096,0,0,0.04204507917165756,0,59,0,54,-1,-1,-1,0
3276,19.02294784580499,4096,0,0,0.036919984966516495,0,59,0,54,-1,-1,-1,0
3277,19.02875283446712,4096,0,0,0.03503035008907318,0,59,0,54,-1,-1,-1,0
3278,19.03455782312925,4096,0,0,0.0403473787009716,0,59,0,54,-1,-1,-1,0
3279,19.040362811791383,4096,0,0,0.03894009813666344,0,59,0,54,-1,-1,-1,0
3280,19.046167800453514,4096,0,0,0.036907218396663666,0,59,0,54,-1,-1,-1,0
3281,19.051972789115645,4096,0,0,0.04037705808877945,0,59,0,54,-1,-1,-1,0
3282,19.057777777777776,4096,0,0,0.03438739851117134,0,59,0,54,-1,-1,-1,0
3283,19.06358276643991,4096,0,0,0.035065364092588425,0,59,0,54,-1,-1,-1,0
3284,19.069387755102042,4096,0,0,0.036452364176511765,0,59,0,54,-1,-1,-1,0
3285,19.075192743764173,4096,0,0,0.033134836703538895,0,59,0,54,-1,-1,-1,0
3286,19.080997732426304,4096,0,0,0.03619837015867233,0,59,0,54,-1,-1,-1,0
3287,19.086802721088436,4096,0,0,0.03551878035068512,0,59,0,54,-1,-1,-1,0
3288,19.092607709750567,4096,0,0,0.030177069827914238,0,59,0,54,-1,-1,-1,0
3289,19.098412698412698,4096,0,0,0.03558679297566414,0,59,0,54,-1,-1,-1,0
3290,19.10421768707483,4096,0,0,0.03348465636372566,0,59,0,53,-1,-1,-1,0
3291,19.11002267573696,4096,0,0,0.03228220343589783,0,59,0,55,-1,-1,-1,0
3292,19.11582766439909,4096,0,0,0.0342799574136734,0,59,0,53,-1,-1,-1,0
3293,19.121632653061223,4096,0,0,0.033745408058166504,0,59,0,53,-1,-1,-1,0
3294,19.127437641723358,4096,0,0,0.03247372433543205,0,59,0,55,-1,-1,-1,0
3295,19.13324263038549,4096,0,0,0.034254349768161774,0,-1,0,56,-1,-1,-1,0
3296,19.13904761904762,4096,0,0,0.031499847769737244,0,-1,0,56,-1,-1,-1,0
3297,19.14485260770975,4096,0,0,0.03214893117547035,0,-1,0,56,-1,-1,-1,0
3298,19.150657596371882,4096,0,0,0.03329002484679222,0,-1,0,56,-1,-1,-1,0
3299,19.156462585034014,4096,0,0,0.031034842133522034,0,-1,0,56,-1,-1,-1,0
3300,19.162267573696145,4096,0,0,0.03291349858045578,0,-1,0,56,-1,-1,-1,0
3301,19.168072562358276,4096,0,0,0.033458027988672256,0,-1,0,56,-1,-1,-1,0
3302,19.173877551020407,4096,0,0,0.0295888502150774,0,-1,0,56,-1,-1,-1,0
3303,19.17968253968254,4096,0,0,0.03210917487740517,0,-1,0,56,-1,-1,-1,0
3304,19.18548752834467,4096,0,0,0.030363677069544792,0,-1,0,56,-1,-1,-1,0
3305,19.191292517006804,4096,0,0,0.03081965260207653,0,-1,0,56,-1,-1,-1,0
3306,19.197097505668935,4096,0,0,0.032106027007102966,0,-1,0,56,-1,-1,-1,0
3307,19.202902494331067,4096,0,0,0.03173568472266197,0,-1,0,59,-1,-1,-1,0
3308,19.208707482993198,4096,0,0,0.03081948682665825,0,-1,0,59,-1,-1,-1,0
3309,19.21451247165533,4096,0,0,0.031566452234983444,0,-1,0,59,-1,-1,-1,0
3310,19.22031746031746,4096,0,0,0.02962380088865757,0,-1,0,59,-1,-1,-1,0
3311,19.22612244897959,4096,0,0,0.03035081923007965,0,-1,0,59,-1,-1,-1,0
3312,19.231927437641723,4096,0,0,0.030956672504544258,0,-1,0,59,-1,-1,-1,0
3313,19.237732426303854,4096,0,0,0.02866530790925026,0,-1,0,59,-1,-1,-1,0
3314,19.243537414965985,4096,0,0,0.03101801685988903,0,-1,0,59,-1,-1,-1,0
3315,19.249342403628116,4096,0,0,0.031006086617708206,0,-1,0,59,-1,-1,-1,0
3316,19.25514739229025,4096,0,0,0.028952986001968384,0,-1,0,59,-1,-1,-1,0
3317,19.260952380952382,4096,0,0,0.03099450096487999,0,-1,0,59,-1,-1,-1,0
3318,19.266757369614513,4096,0,0,0.030214177444577217,0,-1,0,59,-1,-1,-1,0
3319,19.272562358276645,4096,0,0,0.02963336370885372,0,-1,0,59,-1,-1,-1,0
3320,19.278367346938776,4096,0,0,0.029910150915384293,0,-1,0,59,-1,-1,-1,0
3321,19.284172335600907,4096,0,0,0.030449235811829567,0,-1,0,59,-1,-1,-1,0
3322,19.289977324263038,4096,0,0,0.0295264832675457,0,-1,0,59,-1,-1,-1,0
3323,19.29578231292517,4096,0,0,0.02995569072663784,0,-1,0,59,-1,-1,-1,0
3324,19.3015873015873,4096,0,0,0.028770780190825462,0,-1,0,59,-1,-1,-1,0
3325,19.30739229024943,4096,0,0,0.029162917286157608,0,-1,0,59,-1,-1,-1,0
3326,19.313197278911563,4096,0,0,0.030368344858288765,0,-1,0,59,-1,-1,-1,0
3327,19.319002267573698,4096,0,0,0.028898300603032112,0,-1,0,59,-1,-1,-1,0
3328,19.32480725623583,4096,0,0,0.030183717608451843,0,-1,0,59,-1,-1,-1,0
3329,19.33061224489796,4096,0,0,0.03031316213309765,0,-1,0,59,-1,-1,-1,0
3330,19.33641723356009,4096,0,0,0.02875063382089138,0,-1,0,59,-1,-1,-1,0
3331,19.342222222222222,4096,0,0,0.030176928266882896,0,-1,0,59,-1,-1,-1,0
3332,19.348027210884354,4096,0,0,0.029344050213694572,0,-1,0,59,-1,-1,-1,0
3333,19.353832199546485,4096,0,0,0.029953831806778908,0,-1,0,59,-1,-1,-1,0
3334,19.359637188208616,4096,0,0,0.02971801348030567,0,-1,0,59,-1,-1,-1,0
3335,19.365442176870747,4096,0,0,0.029570244252681732,0,-1,0,59,-1,-1,-1,0
3336,19.37124716553288,512,1,0,0.028885336592793465,0,-1,1,59,-1,-1,-1,0
3337,19.37705215419501,512,0,0,0.028965014964342117,0,-1,1,59,59,59,59,0
3338,19.382857142857144,512,0,0,0.02862558886408806,0,-1,1,59,59,59,59,0
3339,19.388662131519276,1024,0,0,0.028818907216191292,0,-1,1,59,59,59,59,0
3340,19.394467120181407,1024,0,0,0.029583850875496864,0,-1,1,59,59,59,59,0
3341,19.400272108843538,2048,0,0,0.02849186211824417,0,-1,0,59,59,59,59,0
3342,19.40607709750567,2048,0,0,0.029342353343963623,0,-1,0,59,-1,-1,-1,0
3343,19.4118820861678,2048,0,0,0.02946905791759491,0,-1,0,59,-1,-1,-1,0
3344,19.41768707482993,2048,0,0,0.028575673699378967,0,-1,0,59,-1,-1,-1,0
3345,19.423492063492063,4096,0,0,0.028398972004652023,0,-1,0,59,-1,-1,-1,0
3346,19.429297052154194,4096,0,0,0.027919616550207138,0,-1,0,59,-1,-1,-1,0
3347,19.435102040816325,4096,0,0,0.028987158089876175,0,-1,0,59,-1,-1,-1,0
3348,19.440907029478456,4096,0,0,0.02872435562312603,0,-1,0,59,-1,-1,-1,0
3349,19.44671201814059,4096,0,0,0.028890345245599747,0,-1,0,59,-1,-1,-1,0
3350,19.452517006802722,4096,0,0,0.02876853011548519,0,-1,0,59,-1,-1,-1,0
3351,19.458321995464853,4096,0,0,0.028808245435357094,0,-1,0,59,-1,-1,-1,0
3352,19.464126984126985,4096,0,0,0.028690634295344353,0,-1,0,59,-1,-1,-1,0
3353,19.469931972789116,4096,0,0,0.0284784696996212,0,-1,0,59,-1,-1,-1,0
3354,19.475736961451247,4096,0,0,0.02908731810748577,0,-1,0,59,-1,-1,-1,0
3355,19.481541950113378,512,1,0,0.028573088347911835,0,-1,1,59,-1,-1,-1,0
3356,19.48734693877551,512,0,0,0.029075220227241516,0,-1,1,59,59,59,59,0
3357,19.49315192743764,512,0,0,0.02877015247941017,0,-1,1,59,59,59,59,0
3358,19.49895691609977,1024,0,0,0.027852531522512436,0,-1,1,59,59,59,59,0
3359,19.504761904761907,1024,0,0,0.02853303775191307,0,-1,1,59,59,59,59,0
3360,19.510566893424038,2048,0,0,0.028548158705234528,0,-1,0,59,59,59,59,0
3361,19.51637188208617,2048,0,0,0.029006969183683395,0,-1,0,59,-1,-1,-1,0
3362,19.5221768707483,2048,0,0,0.028318218886852264,0,-1,0,59,-1,-1,-1,0
3363,19.52798185941043,2048,0,0,0.02840398997068405,0,-1,0,59,-1,-1,-1,0
3364,19.533786848072562,4096,0,0,0.028332078829407692,0,-1,0,59,-1,-1,-1,0
3365,19.539591836734694,4096,0,0,0.028340192511677742,0,-1,0,59,-1,-1,-1,0
3366,19.545396825396825,4096,0,0,0.027831461280584335,0,-1,0,59,-1,-1,-1,0
3367,19.551201814058956,4096,0,0,0.02811361476778984,0,-1,0,59,-1,-1,-1,0
3368,19.557006802721087,4096,0,0,0.028423374518752098,0,-1,0,59,-1,-1,-1,0
3369,19.56281179138322,4096,0,0,0.0274908896535635,0,-1,0,59,-1,-1,-1,0
3370,19.568616780045353,4096,0,0,0.028404543176293373,0,-1,0,59,-1,-1,-1,0
3371,19.574421768707484,4096,0,0,0.02813880890607834,0,-1,0,59,-1,-1,-1,0
3372,19.580226757369616,512,1,0,0.027685539796948433,0,-1,1,59,-1,-1,-1,0
