frame,time_s,visible_window,detected_onset,target_onset,model_onset_probability,model_onset,target_pitch,predicted_active,predicted_pitch,baseline_pitch,onset_gate_pitch,harmonic_gate_pitch,harmonic_veto
0,0.005804988662131519,4096,0,0,0.027802396565675735,0,-1,0,59,-1,-1,-1,0
1,0.011609977324263039,4096,0,0,0.027997177094221115,0,-1,0,59,-1,-1,-1,0
2,0.017414965986394557,4096,0,0,0.02722410298883915,0,-1,0,59,-1,-1,-1,0
3,0.023219954648526078,4096,0,0,0.02688685432076454,0,-1,0,59,-1,-1,-1,0
4,0.029024943310657598,4096,0,0,0.02697870321571827,0,-1,0,59,-1,-1,-1,0
5,0.034829931972789115,4096,0,0,0.027429211884737015,0,-1,0,59,-1,-1,-1,0
6,0.040634920634920635,4096,0,0,0.027551712468266487,0,-1,0,59,-1,-1,-1,0
7,0.046439909297052155,4096,0,0,0.027529707178473473,0,-1,0,59,-1,-1,-1,0
8,0.052244897959183675,4096,0,0,0.02755315601825714,0,-1,0,59,-1,-1,-1,0
9,0.058049886621315196,4096,0,0,0.027885474264621735,0,-1,0,59,-1,-1,-1,0
10,0.06385487528344672,4096,0,0,0.027879483997821808,0,-1,0,59,-1,-1,-1,0
11,0.06965986394557823,4096,0,0,0.027284445241093636,0,-1,0,59,-1,-1,-1,0
12,0.07546485260770976,4096,0,0,0.026953531429171562,0,-1,0,59,-1,-1,-1,0
13,0.08126984126984127,4096,0,0,0.027013162150979042,0,-1,0,59,-1,-1,-1,0
14,0.08707482993197278,4096,0,0,0.027399051934480667,0,-1,0,59,-1,-1,-1,0
15,0.09287981859410431,4096,0,0,0.02770954743027687,0,-1,0,59,-1,-1,-1,0
16,0.09868480725623582,4096,0,0,0.027662118896842003,0,-1,0,59,-1,-1,-1,0
17,0.10448979591836735,4096,0,0,0.02765447087585926,0,-1,0,59,-1,-1,-1,0
18,0.11029478458049886,4096,0,0,0.027685636654496193,0,-1,0,59,-1,-1,-1,0
19,0.11609977324263039,4096,0,0,0.027973433956503868,0,-1,0,59,-1,-1,-1,0
20,0.1219047619047619,4096,0,0,0.02775624208152294,0,-1,0,59,-1,-1,-1,0
21,0.12770975056689343,4096,0,0,0.027727821841835976,0,-1,0,59,-1,-1,-1,0
22,0.13351473922902493,4096,0,0,0.027725616469979286,0,-1,0,59,-1,-1,-1,0
23,0.13931972789115646,4096,0,0,0.02834302932024002,0,-1,0,59,-1,-1,-1,0
24,0.14512471655328799,4096,0,0,0.028492743149399757,0,-1,0,59,-1,-1,-1,0
25,0.1509297052154195,4096,0,0,0.028475461527705193,0,-1,0,59,-1,-1,-1,0
26,0.156734693877551,4096,0,0,0.028344782069325447,0,-1,0,59,-1,-1,-1,0
27,0.16253968253968254,4096,0,0,0.028057008981704712,0,-1,0,59,-1,-1,-1,0
28,0.16834467120181407,4096,0,0,0.02831231616437435,0,-1,0,59,-1,-1,-1,0
29,0.17414965986394557,4096,0,0,0.027950461953878403,0,-1,0,59,-1,-1,-1,0
30,0.1799546485260771,4096,0,0,0.02812838740646839,0,-1,0,59,-1,-1,-1,0
31,0.18575963718820862,4096,0,0,0.02814354933798313,0,-1,0,59,-1,-1,-1,0
32,0.19156462585034015,4096,0,0,0.027697332203388214,0,-1,0,59,-1,-1,-1,0
33,0.19736961451247165,4096,0,0,0.02742219716310501,0,-1,0,59,-1,-1,-1,0
34,0.20317460317460317,4096,0,0,0.027345780283212662,0,-1,0,59,-1,-1,-1,0
35,0.2089795918367347,4096,0,0,0.02716722898185253,0,-1,0,59,-1,-1,-1,0
36,0.2147845804988662,4096,0,0,0.026849284768104553,0,-1,0,59,-1,-1,-1,0
37,0.22058956916099773,4096,0,0,0.027594858780503273,0,-1,0,59,-1,-1,-1,0
38,0.22639455782312926,4096,0,0,0.027974139899015427,0,-1,0,59,-1,-1,-1,0
39,0.23219954648526078,4096,0,0,0.02723596803843975,0,-1,0,59,-1,-1,-1,0
40,0.23800453514739228,4096,0,0,0.027104657143354416,0,-1,0,59,-1,-1,-1,0
41,0.2438095238095238,4096,0,0,0.02743596024811268,0,-1,0,59,-1,-1,-1,0
42,0.24961451247165534,4096,0,0,0.027610765770077705,0,-1,0,59,-1,-1,-1,0
43,0.25541950113378686,4096,0,0,0.027099378407001495,0,-1,0,59,-1,-1,-1,0
44,0.2612244897959184,4096,0,0,0.027149729430675507,0,-1,0,59,-1,-1,-1,0
45,0.26702947845804986,4096,0,0,0.027478577569127083,0,-1,0,59,-1,-1,-1,0
46,0.2728344671201814,4096,0,0,0.02768934704363346,0,-1,0,59,-1,-1,-1,0
47,0.2786394557823129,4096,0,0,0.02716498263180256,0,-1,0,59,-1,-1,-1,0
48,0.28444444444444444,4096,0,0,0.02667236328125,0,-1,0,59,-1,-1,-1,0
49,0.29024943310657597,4096,0,0,0.027000393718481064,0,-1,0,59,-1,-1,-1,0
50,0.2960544217687075,4096,0,0,0.027130402624607086,0,-1,0,59,-1,-1,-1,0
51,0.301859410430839,4096,0,0,0.027487734332680702,0,-1,0,59,-1,-1,-1,0
52,0.3076643990929705,4096,0,0,0.02778221294283867,0,-1,0,59,-1,-1,-1,0
53,0.313469387755102,4096,0,0,0.027513723820447922,0,-1,0,59,-1,-1,-1,0
54,0.31927437641723355,4096,0,0,0.027229484170675278,0,-1,0,59,-1,-1,-1,0
55,0.3250793650793651,4096,0,0,0.026995545253157616,0,-1,0,59,-1,-1,-1,0
56,0.3308843537414966,4096,0,0,0.02709127776324749,0,-1,0,59,-1,-1,-1,0
57,0.33668934240362813,4096,0,0,0.0274041760712862,0,-1,0,59,-1,-1,-1,0
58,0.34249433106575966,4096,0,0,0.027466055005788803,0,-1,0,59,-1,-1,-1,0
59,0.34829931972789113,4096,0,0,0.027073215693235397,0,-1,0,59,-1,-1,-1,0
60,0.35410430839002266,4096,0,0,0.02755008451640606,0,-1,0,59,-1,-1,-1,0
61,0.3599092970521542,4096,0,0,0.027914363890886307,0,-1,0,59,-1,-1,-1,0
62,0.3657142857142857,4096,0,0,0.027686048299074173,0,-1,0,59,-1,-1,-1,0
63,0.37151927437641724,4096,0,0,0.02721085399389267,0,-1,0,59,-1,-1,-1,0
64,0.37732426303854877,4096,0,0,0.027228474617004395,0,-1,0,59,-1,-1,-1,0
65,0.3831292517006803,4096,0,0,0.027661927044391632,0,-1,0,59,-1,-1,-1,0
66,0.38893424036281177,4096,0,0,0.02755591832101345,0,-1,0,59,-1,-1,-1,0
67,0.3947392290249433,4096,0,0,0.027412965893745422,0,-1,0,59,-1,-1,-1,0
68,0.4005442176870748,4096,0,0,0.028000550344586372,0,-1,0,59,-1,-1,-1,0
69,0.40634920634920635,4096,0,0,0.027323011308908463,0,-1,0,59,-1,-1,-1,0
70,0.4121541950113379,4096,0,0,0.027342965826392174,0,-1,0,59,-1,-1,-1,0
71,0.4179591836734694,4096,0,0,0.02783369831740856,0,-1,0,59,-1,-1,-1,0
72,0.42376417233560093,4096,0,0,0.02731144241988659,0,-1,0,59,-1,-1,-1,0
73,0.4295691609977324,4096,0,0,0.02724556066095829,0,-1,0,59,-1,-1,-1,0
74,0.43537414965986393,4096,0,0,0.02742844820022583,0,-1,0,59,-1,-1,-1,0
75,0.44117913832199546,4096,0,0,0.02706241048872471,0,-1,0,59,-1,-1,-1,0
76,0.446984126984127,4096,0,0,0.027231713756918907,0,-1,0,59,-1,-1,-1,0
77,0.4527891156462585,4096,0,0,0.02763439156115055,0,-1,0,59,-1,-1,-1,0
78,0.45859410430839004,4096,0,0,0.02741852216422558,0,-1,0,59,-1,-1,-1,0
79,0.46439909297052157,4096,0,0,0.027119625359773636,0,-1,0,59,-1,-1,-1,0
80,0.47020408163265304,4096,0,0,0.02721984125673771,0,-1,0,59,-1,-1,-1,0
81,0.47600907029478456,4096,0,0,0.026825090870261192,0,-1,0,59,-1,-1,-1,0
82,0.4818140589569161,4096,0,0,0.02702588401734829,0,-1,0,59,-1,-1,-1,0
83,0.4876190476190476,4096,0,0,0.0273293349891901,0,-1,0,59,-1,-1,-1,0
84,0.49342403628117915,4096,0,0,0.027499930933117867,0,-1,0,59,-1,-1,-1,0
85,0.4992290249433107,4096,0,0,0.027982724830508232,0,-1,0,59,-1,-1,-1,0
86,0.5050340136054422,4096,0,0,0.02794467657804489,0,-1,0,59,-1,-1,-1,0
87,0.5108390022675737,4096,0,0,0.027847955003380775,0,-1,0,59,-1,-1,-1,0
88,0.5166439909297053,4096,0,0,0.028079446405172348,0,-1,0,59,-1,-1,-1,0
89,0.5224489795918368,4096,0,0,0.027534667402505875,0,-1,0,59,-1,-1,-1,0
90,0.5282539682539683,4096,0,0,0.02725442312657833,0,-1,0,59,-1,-1,-1,0
91,0.5340589569160997,4096,0,0,0.027861330658197403,0,-1,0,59,-1,-1,-1,0
92,0.5398639455782313,4096,0,0,0.027560260146856308,0,-1,0,59,-1,-1,-1,0
93,0.5456689342403628,4096,0,0,0.027490289881825447,0,-1,0,59,-1,-1,-1,0
94,0.5514739229024943,4096,0,0,0.027624700218439102,0,-1,0,59,-1,-1,-1,0
95,0.5572789115646258,4096,0,0,0.027885621413588524,0,-1,0,59,-1,-1,-1,0
96,0.5630839002267574,4096,0,0,0.027923280373215675,0,-1,0,59,-1,-1,-1,0
97,0.5688888888888889,4096,0,0,0.027496231719851494,0,-1,0,59,-1,-1,-1,0
98,0.5746938775510204,4096,0,0,0.027248656377196312,0,-1,0,59,-1,-1,-1,0
99,0.5804988662131519,4096,0,0,0.027405299246311188,0,-1,0,59,-1,-1,-1,0
100,0.5863038548752835,4096,0,0,0.02745272032916546,0,-1,0,59,-1,-1,-1,0
101,0.592108843537415,4096,0,0,0.027764834463596344,0,-1,0,59,-1,-1,-1,0
102,0.5979138321995465,4096,0,0,0.027199838310480118,0,-1,0,59,-1,-1,-1,0
103,0.603718820861678,4096,0,0,0.027163026854395866,0,-1,0,59,-1,-1,-1,0
104,0.6095238095238096,4096,0,0,0.02722892165184021,0,-1,0,59,-1,-1,-1,0
105,0.615328798185941,4096,0,0,0.02701389044523239,0,-1,0,59,-1,-1,-1,0
106,0.6211337868480725,4096,0,0,0.0271625854074955,0,-1,0,59,-1,-1,-1,0
107,0.626938775510204,4096,0,0,0.027369821444153786,0,-1,0,59,-1,-1,-1,0
108,0.6327437641723356,4096,0,0,0.027232522144913673,0,-1,0,59,-1,-1,-1,0
109,0.6385487528344671,4096,0,0,0.02678263932466507,0,-1,0,59,-1,-1,-1,0
110,0.6443537414965986,4096,0,0,0.027038520202040672,0,-1,0,59,-1,-1,-1,0
111,0.6501587301587302,4096,0,0,0.027426069602370262,0,-1,0,59,-1,-1,-1,0
112,0.6559637188208617,4096,0,0,0.028063302859663963,0,-1,0,59,-1,-1,-1,0
113,0.6617687074829932,4096,0,0,0.03004842810332775,0,-1,0,59,-1,-1,-1,0
114,0.6675736961451247,4096,0,0,0.034185998141765594,0,-1,0,59,-1,-1,-1,0
115,0.6733786848072563,4096,0,0,0.04115765169262886,0,-1,0,59,-1,-1,-1,0
116,0.6791836734693878,4096,0,0,0.04839163273572922,0,-1,0,59,-1,-1,-1,0
117,0.6849886621315193,4096,0,0,0.051814280450344086,0,-1,0,72,-1,-1,-1,0
118,0.6907936507936508,4096,0,0,0.04642040282487869,0,-1,0,72,-1,-1,-1,0
119,0.6965986394557823,4096,0,0,0.03587452694773674,0,-1,0,72,-1,-1,-1,0
120,0.7024036281179138,4096,0,0,0.029221054166555405,0,-1,0,72,-1,-1,-1,0
121,0.7082086167800453,4096,0,0,0.028050150722265244,0,-1,0,72,-1,-1,-1,0
122,0.7140136054421768,4096,0,0,0.027444664388895035,0,-1,0,72,-1,-1,-1,0
123,0.7198185941043084,4096,0,0,0.027471771463751793,0,-1,0,72,-1,-1,-1,0
124,0.7256235827664399,4096,0,0,0.02790422923862934,0,-1,0,72,-1,-1,-1,0
125,0.7314285714285714,4096,0,0,0.028728529810905457,0,-1,0,72,-1,-1,-1,0
126,0.737233560090703,4096,0,0,0.5670394897460938,0,-1,0,72,-1,-1,-1,0
127,0.7430385487528345,4096,0,0,0.57599276304245,0,-1,0,72,-1,-1,-1,0
128,0.748843537414966,4096,0,0,0.7481747269630432,1,62,0,62,-1,-1,-1,0
129,0.7546485260770975,4096,0,0,0.7452593445777893,1,62,0,62,-1,-1,-1,0
130,0.7604535147392291,4096,0,1,0.6763554811477661,1,62,0,62,-1,-1,-1,0
131,0.7662585034013606,4096,0,0,0.7184117436408997,1,62,0,62,-1,-1,-1,0
132,0.7720634920634921,4096,0,0,0.7435045838356018,1,62,0,62,-1,-1,-1,0
133,0.7778684807256235,4096,0,0,0.6247793436050415,1,62,0,62,-1,-1,-1,0
134,0.7836734693877551,4096,0,0,0.5433515906333923,0,62,1,62,-1,-1,-1,0
135,0.7894784580498866,4096,0,0,0.6244165301322937,1,62,1,62,62,62,62,0
136,0.7952834467120181,4096,0,0,0.6360225677490234,1,62,1,62,62,62,62,0
137,0.8010884353741496,4096,0,0,0.5790714621543884,0,62,1,62,62,62,62,0
138,0.8068934240362812,4096,0,0,0.6541316509246826,1,62,1,62,62,62,62,0
139,0.8126984126984127,4096,0,0,0.5777691006660461,0,62,1,62,62,62,62,0
140,0.8185034013605442,4096,0,0,0.5572892427444458,0,62,1,62,62,62,62,0
141,0.8243083900226758,4096,0,0,0.643740177154541,1,62,1,62,62,62,62,0
142,0.8301133786848073,4096,0,0,0.6241447925567627,1,62,1,62,62,62,62,0
143,0.8359183673469388,4096,0,0,0.5605196356773376,0,62,1,62,62,62,62,0
144,0.8417233560090703,4096,0,0,0.4579673111438751,0,62,1,62,62,62,62,0
145,0.8475283446712019,4096,0,0,0.591263473033905,1,62,1,62,62,62,62,0
146,0.8533333333333334,4096,0,0,0.581470251083374,0,62,1,62,62,62,62,0
147,0.8591383219954648,4096,0,0,0.5353935956954956,0,62,1,62,62,62,62,0
148,0.8649433106575963,4096,0,0,0.6048145890235901,1,62,1,62,62,62,62,0
149,0.8707482993197279,4096,0,0,0.5201160907745361,0,62,1,62,62,62,62,0
150,0.8765532879818594,4096,0,0,0.5188773274421692,0,62,1,62,62,62,62,0
151,0.8823582766439909,4096,0,0,0.574749767780304,0,62,1,62,62,62,62,0
152,0.8881632653061224,4096,0,0,0.5233449339866638,0,62,1,62,62,62,62,0
153,0.893968253968254,4096,0,0,0.49772563576698303,0,62,1,62,62,62,62,0
154,0.8997732426303855,4096,0,0,0.4634411036968231,0,62,1,62,62,62,62,0
155,0.905578231292517,4096,0,0,0.4638209342956543,0,62,1,62,62,62,62,0
156,0.9113832199546485,4096,0,0,0.4671493172645569,0,62,1,62,62,62,62,0
157,0.9171882086167801,4096,0,0,0.4489593505859375,0,62,1,62,62,62,62,0
158,0.9229931972789116,4096,0,0,0.46712514758110046,0,62,1,62,62,62,62,0
159,0.9287981859410431,4096,0,0,0.3497920334339142,0,62,1,62,62,62,62,0
160,0.9346031746031747,4096,0,0,0.4040423035621643,0,62,1,62,62,62,62,0
161,0.9404081632653061,4096,0,0,0.4276062250137329,0,62,1,62,62,62,62,0
162,0.9462131519274376,4096,0,0,0.3817320168018341,0,62,1,62,62,62,62,0
163,0.9520181405895691,4096,0,0,0.38081029057502747,0,62,1,62,62,62,62,0
164,0.9578231292517007,4096,0,0,0.3611564636230469,0,62,1,62,62,62,62,0
165,0.9636281179138322,4096,0,0,0.4009976387023926,0,62,1,62,62,62,62,0
166,0.9694331065759637,4096,0,0,0.31629717350006104,0,62,1,62,62,62,62,0
167,0.9752380952380952,4096,0,0,0.3740342855453491,0,62,1,62,62,62,62,0
168,0.9810430839002268,4096,0,0,0.407007098197937,0,62,1,62,62,62,62,0
169,0.9868480725623583,4096,0,0,0.3604343831539154,0,62,1,62,62,62,62,0
170,0.9926530612244898,4096,0,0,0.38183262944221497,0,62,1,62,62,62,62,0
171,0.9984580498866213,4096,0,0,0.37073567509651184,0,62,1,62,62,62,62,0
172,1.0042630385487528,512,1,0,0.4120153784751892,0,62,1,62,62,62,62,0
173,1.0100680272108844,512,0,0,0.3585222363471985,0,62,1,62,62,62,62,0
174,1.0158730158730158,512,0,0,0.4230578541755676,0,62,1,62,62,62,62,0
175,1.0216780045351475,1024,0,0,0.4855867028236389,0,62,1,62,62,62,62,0
176,1.0274829931972789,1024,0,0,0.4375797212123871,0,62,1,62,62,62,62,0
177,1.0332879818594105,2048,0,0,0.44681549072265625,0,62,1,62,62,62,62,0
178,1.039092970521542,2048,0,0,0.38331741094589233,0,62,1,62,62,62,62,0
179,1.0448979591836736,2048,0,0,0.4306435286998749,0,62,1,62,62,62,62,0
180,1.050702947845805,2048,0,0,0.4242335557937622,0,62,1,62,62,62,62,0
181,1.0565079365079366,4096,0,0,0.40869733691215515,0,62,1,62,62,62,62,0
182,1.062312925170068,4096,0,0,0.4742144048213959,0,62,1,62,62,62,62,0
183,1.0681179138321995,4096,0,0,0.3568080961704254,0,62,1,62,62,62,62,0
184,1.073922902494331,4096,0,0,0.3999377489089966,0,62,1,62,62,62,62,0
185,1.0797278911564625,4096,0,0,0.4423561096191406,0,62,1,62,62,62,62,0
186,1.0855328798185941,4096,0,0,0.39594995975494385,0,62,1,62,62,62,62,0
187,1.0913378684807256,4096,0,0,0.4146451950073242,0,62,1,62,62,62,62,0
188,1.0971428571428572,4096,0,0,0.35728925466537476,0,62,1,62,62,62,62,0
189,1.1029478458049886,4096,0,0,0.3940519094467163,0,62,1,62,62,62,62,0
190,1.1087528344671203,4096,0,0,0.3604532480239868,0,62,1,62,62,62,62,0
191,1.1145578231292517,4096,0,0,0.36638396978378296,0,62,1,62,62,62,62,0
192,1.1203628117913833,4096,0,0,0.4307618737220764,0,62,1,62,62,62,62,0
193,1.1261678004535147,4096,0,0,0.3416709303855896,0,62,1,62,62,62,62,0
194,1.1319727891156464,4096,0,0,0.3834536671638489,0,62,1,62,62,62,62,0
195,1.1377777777777778,4096,0,0,0.3832094073295593,0,62,1,62,62,62,62,0
196,1.1435827664399092,4096,0,0,0.35293295979499817,0,62,1,62,62,62,62,0
197,1.1493877551020408,4096,0,0,0.3878519535064697,0,62,1,62,62,62,62,0
198,1.1551927437641722,4096,0,0,0.34624990820884705,0,62,1,62,62,62,62,0
199,1.1609977324263039,4096,0,0,0.386529803276062,0,62,1,62,62,62,62,0
200,1.1668027210884353,4096,0,0,0.3043789863586426,0,62,1,62,62,62,62,0
201,1.172607709750567,4096,0,0,0.3549777567386627,0,62,1,62,62,62,62,0
202,1.1784126984126984,4096,0,0,0.4080033302307129,0,62,1,62,62,62,62,0
203,1.18421768707483,4096,0,0,0.34427565336227417,0,62,1,62,62,62,62,0
204,1.1900226757369614,4096,0,0,0.3923098146915436,0,62,1,62,62,62,62,0
205,1.195827664399093,4096,0,0,0.332577109336853,0,62,1,62,62,62,62,0
206,1.2016326530612245,4096,0,0,0.38013938069343567,0,62,1,62,62,62,62,0
207,1.207437641723356,4096,0,0,0.40295836329460144,0,62,1,62,62,62,62,0
208,1.2132426303854875,4096,0,0,0.44347918033599854,0,62,1,62,62,62,62,0
209,1.2190476190476192,4096,0,0,0.4587133228778839,0,62,1,62,62,62,62,0
210,1.2248526077097506,4096,0,0,0.29014071822166443,0,62,1,62,62,62,62,0
211,1.230657596371882,4096,0,0,0.28926926851272583,0,62,1,62,62,62,62,0
212,1.2364625850340136,4096,0,0,0.33983704447746277,0,62,1,62,62,62,62,0
213,1.242267573696145,4096,0,0,0.3415812849998474,0,62,1,62,62,62,62,0
214,1.2480725623582767,4096,0,0,0.2159154713153839,0,62,1,62,62,62,62,0
215,1.253877551020408,4096,0,0,0.04950783774256706,0,62,1,62,62,62,62,0
216,1.2596825396825397,4096,0,0,0.0338921919465065,0,62,1,62,62,62,62,0
217,1.2654875283446712,4096,0,0,0.028588686138391495,0,62,0,62,62,62,62,0
218,1.2712925170068028,4096,0,0,0.02790231443941593,0,62,0,62,-1,-1,-1,0
219,1.2770975056689342,4096,0,0,0.027547262609004974,0,62,0,62,-1,-1,-1,0
220,1.2829024943310658,4096,0,0,0.027343325316905975,0,62,0,62,-1,-1,-1,0
221,1.2887074829931973,4096,0,0,0.028261464089155197,0,62,0,62,-1,-1,-1,0
222,1.294512471655329,4096,0,0,0.028644949197769165,0,-1,0,62,-1,-1,-1,0
223,1.3003174603174603,4096,0,0,0.028923399746418,0,-1,0,61,-1,-1,-1,0
224,1.3061224489795917,4096,0,0,0.02955607697367668,0,-1,0,61,-1,-1,-1,0
225,1.3119274376417234,4096,0,0,0.02869500406086445,0,-1,0,61,-1,-1,-1,0
226,1.3177324263038548,4096,0,0,0.028144748881459236,0,-1,0,59,-1,-1,-1,0
227,1.3235374149659864,4096,0,0,0.027942417189478874,0,-1,0,59,-1,-1,-1,0
228,1.3293424036281178,4096,0,0,0.027476133778691292,0,-1,0,59,-1,-1,-1,0
229,1.3351473922902495,4096,0,0,0.027289727702736855,0,-1,0,59,-1,-1,-1,0
230,1.340952380952381,4096,0,0,0.027141815051436424,0,-1,0,59,-1,-1,-1,0
231,1.3467573696145125,4096,0,0,0.027538621798157692,0,-1,0,59,-1,-1,-1,0
232,1.352562358276644,4096,0,0,0.027753736823797226,0,-1,0,59,-1,-1,-1,0
233,1.3583673469387756,4096,0,0,0.027516206726431847,0,-1,0,59,-1,-1,-1,0
234,1.364172335600907,4096,0,0,0.02741282433271408,0,-1,0,59,-1,-1,-1,0
235,1.3699773242630386,512,1,0,0.028574181720614433,0,-1,0,59,-1,-1,-1,0
236,1.37578231292517,512,0,0,0.029414037242531776,0,-1,0,59,-1,-1,-1,0
237,1.3815873015873017,512,0,0,0.028730593621730804,0,-1,0,59,-1,-1,-1,0
238,1.3873922902494331,1024,0,0,0.027548309415578842,0,-1,0,59,-1,-1,-1,0
239,1.3931972789115645,1024,0,0,0.028886152431368828,0,-1,0,59,-1,-1,-1,0
240,1.3990022675736962,2048,0,0,0.030051520094275475,0,-1,0,59,-1,-1,-1,0
241,1.4048072562358276,2048,0,0,0.029827391728758812,0,-1,0,59,-1,-1,-1,0
242,1.4106122448979592,2048,0,0,0.03135363757610321,0,-1,1,59,-1,-1,-1,0
243,1.4164172335600906,2048,0,0,0.03205720707774162,0,-1,1,59,59,59,59,0
244,1.4222222222222223,4096,0,0,0.032363396137952805,0,-1,0,59,59,59,59,0
245,1.4280272108843537,4096,0,0,0.0313936211168766,0,-1,0,59,-1,-1,-1,0
246,1.4338321995464853,4096,0,0,0.030119318515062332,0,-1,0,59,-1,-1,-1,0
247,1.4396371882086167,4096,0,0,0.029028868302702904,0,-1,0,59,-1,-1,-1,0
248,1.4454421768707484,4096,0,0,0.027847327291965485,0,-1,0,59,-1,-1,-1,0
249,1.4512471655328798,4096,0,0,0.02805941365659237,0,-1,0,59,-1,-1,-1,0
250,1.4570521541950114,4096,0,0,0.028316298499703407,0,-1,0,59,-1,-1,-1,0
251,1.4628571428571429,4096,0,0,0.028119178488850594,0,-1,0,59,-1,-1,-1,0
252,1.4686621315192743,4096,0,0,0.028097957372665405,0,-1,0,59,-1,-1,-1,0
253,1.474467120181406,512,1,0,0.42167162895202637,0,-1,1,59,-1,-1,-1,0
254,1.4802721088435373,512,0,0,0.5884805917739868,1,-1,1,71,-1,-1,-1,0
255,1.486077097505669,512,0,0,0.5544471740722656,0,71,1,71,71,71,71,0
256,1.4918820861678004,1024,0,0,0.6399761438369751,1,71,1,71,71,71,71,0
257,1.497687074829932,1024,0,1,0.5530797243118286,0,71,1,71,71,71,71,0
258,1.5034920634920634,2048,0,0,0.5270252227783203,0,71,1,71,71,71,71,0
259,1.509297052154195,2048,0,0,0.5231519937515259,0,71,1,71,71,71,71,0
260,1.5151020408163265,2048,0,0,0.5069665908813477,0,71,1,71,71,71,71,0
261,1.5209070294784581,2048,0,0,0.4762292802333832,0,71,1,71,71,71,71,0
262,1.5267120181405895,4096,0,0,0.458166241645813,0,71,1,71,71,71,71,0
263,1.5325170068027212,4096,0,0,0.48484233021736145,0,71,1,71,71,71,71,0
264,1.5383219954648526,4096,0,0,0.4908994734287262,0,71,1,71,71,71,71,0
265,1.5441269841269842,4096,0,0,0.5162597298622131,0,71,1,71,71,71,71,0
266,1.5499319727891157,4096,0,0,0.5042866468429565,0,71,1,71,71,71,71,0
267,1.555736961451247,4096,0,0,0.5565789937973022,0,71,1,71,71,71,71,0
268,1.5615419501133787,4096,0,0,0.5366171598434448,0,71,1,71,71,71,71,0
269,1.5673469387755101,4096,0,0,0.48006704449653625,0,71,1,71,71,71,71,0
270,1.5731519274376418,4096,0,0,0.4751119911670685,0,71,1,71,71,71,71,0
271,1.5789569160997732,4096,0,0,0.4456489682197571,0,71,1,71,71,71,71,0
272,1.5847619047619048,4096,0,0,0.48208069801330566,0,71,1,71,71,71,71,0
273,1.5905668934240362,4096,0,0,0.519010603427887,0,71,1,71,71,71,71,0
274,1.5963718820861679,4096,0,0,0.5802128911018372,0,71,1,71,71,71,71,0
275,1.6021768707482993,4096,0,0,0.5236552357673645,0,71,1,71,71,71,71,0
276,1.607981859410431,4096,0,0,0.5558882355690002,0,71,1,71,71,71,71,0
277,1.6137868480725623,4096,0,0,0.47451481223106384,0,71,1,71,71,71,71,0
278,1.619591836734694,4096,0,0,0.4767148494720459,0,71,1,71,71,71,71,0
279,1.6253968253968254,4096,0,0,0.4871659278869629,0,71,1,71,71,71,71,0
280,1.6312018140589568,4096,0,0,0.5246999263763428,0,71,1,71,71,71,71,0
281,1.6370068027210884,4096,0,0,0.603634774684906,1,71,1,71,71,71,71,0
282,1.6428117913832199,4096,0,0,0.5127745866775513,0,71,1,71,71,71,71,0
283,1.6486167800453515,4096,0,0,0.5264316201210022,0,71,1,71,71,71,71,0
284,1.654421768707483,4096,0,0,0.47141966223716736,0,71,1,71,71,71,71,0
285,1.6602267573696146,4096,0,0,0.49752843379974365,0,71,1,71,71,71,71,0
286,1.666031746031746,4096,0,0,0.5116266012191772,0,71,1,71,71,71,71,0
287,1.6718367346938776,4096,0,0,0.5197926759719849,0,71,1,71,71,71,71,0
288,1.677641723356009,4096,0,0,0.5158964395523071,0,71,1,71,71,71,71,0
289,1.6834467120181407,4096,0,0,0.48885661363601685,0,71,1,71,71,71,71,0
290,1.689251700680272,4096,0,0,0.47648364305496216,0,71,1,71,71,71,71,0
291,1.6950566893424037,4096,0,0,0.4562772810459137,0,71,1,71,71,71,71,0
292,1.7008616780045351,4096,0,0,0.4928816854953766,0,71,1,71,71,71,71,0
293,1.7066666666666668,4096,0,0,0.5364893078804016,0,71,1,71,71,71,71,0
294,1.7124716553287982,4096,0,0,0.5332173109054565,0,71,1,71,71,71,71,0
295,1.7182766439909296,4096,0,0,0.5677922964096069,0,71,1,71,71,71,71,0
296,1.7240816326530612,4096,0,0,0.4615580141544342,0,71,1,71,71,71,71,0
297,1.7298866213151927,4096,0,0,0.46820491552352905,0,71,1,71,71,71,71,0
298,1.7356916099773243,4096,0,0,0.47854942083358765,0,71,1,71,71,71,71,0
299,1.7414965986394557,4096,0,0,0.4623781442642212,0,71,1,71,71,71,71,0
300,1.7473015873015874,4096,0,0,0.4640001058578491,0,71,1,71,71,71,71,0
301,1.7531065759637188,4096,0,0,0.48828181624412537,0,71,1,71,71,71,71,0
302,1.7589115646258504,4096,0,0,0.5139359831809998,0,71,1,71,71,71,71,0
303,1.7647165532879818,4096,0,0,0.4850389063358307,0,71,1,71,71,71,71,0
304,1.7705215419501135,4096,0,0,0.43506401777267456,0,71,1,71,71,71,71,0
305,1.7763265306122449,4096,0,0,0.43010401725769043,0,71,1,71,71,71,71,0
306,1.7821315192743765,4096,0,0,0.42074093222618103,0,71,1,71,71,71,71,0
307,1.787936507936508,4096,0,0,0.4336448013782501,0,71,1,71,71,71,71,0
308,1.7937414965986394,4096,0,0,0.4622918367385864,0,71,1,71,71,71,71,0
309,1.799546485260771,4096,0,0,0.4883614778518677,0,71,1,71,71,71,71,0
310,1.8053514739229024,4096,0,0,0.46181708574295044,0,71,1,71,71,71,71,0
311,1.811156462585034,4096,0,0,0.40494054555892944,0,71,1,71,71,71,71,0
312,1.8169614512471655,4096,0,0,0.4122232496738434,0,71,1,71,71,71,71,0
313,1.822766439909297,4096,0,0,0.3946758210659027,0,71,1,71,71,71,71,0
314,1.8285714285714285,4096,0,0,0.40786924958229065,0,71,1,71,71,71,71,0
315,1.8343764172335602,4096,0,0,0.43324002623558044,0,71,1,71,71,71,71,0
316,1.8401814058956916,4096,0,0,0.46955305337905884,0,71,1,71,71,71,71,0
317,1.8459863945578232,4096,0,0,0.4566199779510498,0,71,1,71,71,71,71,0
318,1.8517913832199546,4096,0,0,0.3860350251197815,0,71,1,71,71,71,71,0
319,1.8575963718820863,4096,0,0,0.3812384307384491,0,71,1,71,71,71,71,0
320,1.8634013605442177,4096,0,0,0.3669939637184143,0,71,1,71,71,71,71,0
321,1.8692063492063493,4096,0,0,0.36216437816619873,0,71,1,71,71,71,71,0
322,1.8750113378684807,4096,0,0,0.39684605598449707,0,71,1,71,71,71,71,0
323,1.8808163265306121,4096,0,0,0.39619210362434387,0,71,1,71,71,71,71,0
324,1.8866213151927438,4096,0,0,0.41235271096229553,0,71,1,71,71,71,71,0
325,1.8924263038548752,4096,0,0,0.3953796923160553,0,71,1,71,71,71,71,0
326,1.8982312925170068,4096,0,0,0.3555637300014496,0,71,1,71,71,71,71,0
327,1.9040362811791383,4096,0,0,0.33244964480400085,0,71,1,71,71,71,71,0
328,1.90984126984127,4096,0,0,0.3270922899246216,0,71,1,71,71,71,71,0
329,1.9156462585034013,4096,0,0,0.3520629405975342,0,71,1,71,71,71,71,0
330,1.921451247165533,4096,0,0,0.3321302533149719,0,71,1,71,71,71,71,0
331,1.9272562358276644,4096,0,0,0.35286128520965576,0,71,1,71,71,71,71,0
332,1.933061224489796,4096,0,0,0.3967730402946472,0,71,1,71,71,71,71,0
333,1.9388662131519274,4096,0,0,0.41008302569389343,0,71,1,71,71,71,71,0
334,1.944671201814059,4096,0,0,0.32812535762786865,0,71,1,71,71,71,71,0
335,1.9504761904761905,4096,0,0,0.3232492208480835,0,71,1,71,71,71,71,0
336,1.956281179138322,4096,0,0,0.3169156610965729,0,71,1,71,71,71,71,0
337,1.9620861678004535,4096,0,0,0.33735719323158264,0,71,1,71,71,71,71,0
338,1.967891156462585,4096,0,0,0.31780514121055603,0,71,1,71,71,71,71,0
339,1.9736961451247166,4096,0,0,0.34249547123908997,0,71,1,71,71,71,71,0
340,1.979501133786848,4096,0,0,0.37604761123657227,0,71,1,71,71,71,71,0
341,1.9853061224489796,4096,0,0,0.3487548232078552,0,71,1,71,71,71,71,0
342,1.991111111111111,4096,0,0,0.3079991340637207,0,71,1,71,71,71,71,0
343,1.9969160997732427,4096,0,0,0.3061409890651703,0,71,1,71,71,71,71,0
344,2.0027210884353743,4096,0,0,0.3069244623184204,0,71,1,71,71,71,71,0
345,2.0085260770975055,4096,0,0,0.3006414473056793,0,71,1,71,71,71,71,0
346,2.014331065759637,4096,0,0,0.3178268074989319,0,71,1,71,71,71,71,0
347,2.020136054421769,4096,0,0,0.3434073030948639,0,71,1,71,71,71,71,0
348,2.0259410430839004,4096,0,0,0.37027707695961,0,71,1,71,71,71,71,0
349,2.0317460317460316,4096,0,0,0.3087126910686493,0,71,1,71,71,71,71,0
350,2.0375510204081633,4096,0,0,0.2999735176563263,0,71,1,71,71,71,71,0
351,2.043356009070295,4096,0,0,0.30187925696372986,0,71,1,71,71,71,71,0
352,2.049160997732426,4096,0,0,0.3044239580631256,0,71,1,71,71,71,71,0
353,2.0549659863945577,4096,0,0,0.2849569320678711,0,71,1,71,71,71,71,0
354,2.0607709750566894,4096,0,0,0.3060495853424072,0,71,1,71,71,71,71,0
355,2.066575963718821,4096,0,0,0.3301161527633667,0,71,1,71,71,71,71,0
356,2.072380952380952,4096,0,0,0.350972443819046,0,71,1,71,71,71,71,0
357,2.078185941043084,4096,0,0,0.3079196810722351,0,71,1,71,71,71,71,0
358,2.0839909297052155,4096,0,0,0.29154911637306213,0,71,1,71,71,71,71,0
359,2.089795918367347,4096,0,0,0.28086841106414795,0,71,1,71,71,71,71,0
360,2.0956009070294783,4096,0,0,0.2860860526561737,0,71,1,71,71,71,71,0
361,2.10140589569161,4096,0,0,0.28874674439430237,0,71,1,71,71,71,71,0
362,2.1072108843537416,4096,0,0,0.28753307461738586,0,71,1,71,71,71,71,0
363,2.1130158730158732,4096,0,0,0.30248332023620605,0,71,1,71,71,71,71,0
364,2.1188208616780044,4096,0,0,0.3338089883327484,0,71,1,71,71,71,71,0
365,2.124625850340136,4096,0,0,0.3135717511177063,0,71,1,71,71,71,71,0
366,2.1304308390022677,4096,0,0,0.2843843400478363,0,71,1,71,71,71,71,0
367,2.136235827664399,4096,0,0,0.2829853296279907,0,71,1,71,71,71,71,0
368,2.1420408163265305,4096,0,0,0.2834128141403198,0,71,1,71,71,71,71,0
369,2.147845804988662,4096,0,0,0.2949882745742798,0,71,1,71,71,71,71,0
370,2.153650793650794,4096,0,0,0.2901294529438019,0,71,1,71,71,71,71,0
371,2.159455782312925,4096,0,0,0.3104860484600067,0,71,1,71,71,71,71,0
372,2.1652607709750566,4096,0,0,0.33337438106536865,0,71,1,71,71,71,71,0
373,2.1710657596371883,4096,0,0,0.2914685606956482,0,71,1,71,71,71,71,0
374,2.17687074829932,4096,0,0,0.2815570533275604,0,71,1,71,71,71,71,0
375,2.182675736961451,4096,0,0,0.28461024165153503,0,71,1,71,71,71,71,0
376,2.1884807256235828,4096,0,0,0.2951526343822479,0,71,1,71,71,71,71,0
377,2.1942857142857144,4096,0,0,0.2827063202857971,0,71,1,71,71,71,71,0
378,2.2000907029478456,4096,0,0,0.2995361089706421,0,71,1,71,71,71,71,0
379,2.2058956916099772,4096,0,0,0.3222801089286804,0,71,1,71,71,71,71,0
380,2.211700680272109,4096,0,0,0.32027027010917664,0,71,1,71,71,71,71,0
381,2.2175056689342405,4096,0,0,0.2829466760158539,0,71,1,71,71,71,71,0
382,2.2233106575963717,4096,0,0,0.2882446050643921,0,71,1,71,71,71,71,0
383,2.2291156462585033,4096,0,0,0.2856666147708893,0,71,1,71,71,71,71,0
384,2.234920634920635,4096,0,0,0.29654213786125183,0,71,1,71,71,71,71,0
385,2.2407256235827666,4096,0,0,0.2869523763656616,0,71,1,71,71,71,71,0
386,2.246530612244898,4096,0,0,0.30451351404190063,0,71,1,71,71,71,71,0
387,2.2523356009070294,4096,0,0,0.32212573289871216,0,71,1,71,71,71,71,0
388,2.258140589569161,4096,0,0,0.28856366872787476,0,71,1,71,71,71,71,0
389,2.2639455782312927,4096,0,0,0.2817045748233795,0,71,1,71,71,71,71,0
390,2.269750566893424,4096,0,0,0.28488972783088684,0,71,1,71,71,71,71,0
391,2.2755555555555556,4096,0,0,0.2931491434574127,0,71,1,71,71,71,71,0
392,2.281360544217687,4096,0,0,0.2828313112258911,0,71,1,71,71,71,71,0
393,2.2871655328798184,4096,0,0,0.29096123576164246,0,71,1,71,71,71,71,0
394,2.29297052154195,4096,0,0,0.3055982291698456,0,71,1,71,71,71,71,0
395,2.2987755102040817,4096,0,0,0.3200494647026062,0,71,1,71,71,71,71,0
396,2.3045804988662133,4096,0,0,0.28124138712882996,0,71,1,71,71,71,71,0
397,2.3103854875283445,4096,0,0,0.28556421399116516,0,71,1,71,71,71,71,0
398,2.316190476190476,4096,0,0,0.28360480070114136,0,71,1,71,71,71,71,0
399,2.3219954648526078,4096,0,0,0.29665616154670715,0,71,1,71,71,71,71,0
400,2.3278004535147394,4096,0,0,0.2941350042819977,0,71,1,71,71,71,71,0
401,2.3336054421768706,4096,0,0,0.2970375120639801,0,71,1,71,71,71,71,0
402,2.3394104308390022,4096,0,0,0.3151059150695801,0,71,1,71,71,71,71,0
403,2.345215419501134,4096,0,0,0.29772377014160156,0,71,1,71,71,71,71,0
404,2.3510204081632655,4096,0,0,0.2822738587856293,0,71,1,71,71,71,71,0
405,2.3568253968253967,4096,0,0,0.28794682025909424,0,71,1,71,71,71,71,0
406,2.3626303854875284,4096,0,0,0.2905408442020416,0,71,1,71,71,71,71,0
407,2.36843537414966,4096,0,0,0.2917909622192383,0,71,1,71,71,71,71,0
408,2.374240362811791,4096,0,0,0.2854348123073578,0,71,1,71,71,71,71,0
409,2.380045351473923,4096,0,0,0.29797327518463135,0,71,1,71,71,71,71,0
410,2.3858503401360545,4096,0,0,0.3107897937297821,0,71,1,71,71,71,71,0
411,2.391655328798186,4096,0,0,0.28016573190689087,0,71,1,71,71,71,71,0
412,2.3974603174603173,4096,0,0,0.28281596302986145,0,71,1,71,71,71,71,0
413,2.403265306122449,4096,0,0,0.28647905588150024,0,71,1,71,71,71,71,0
414,2.4090702947845806,4096,0,0,0.28951385617256165,0,71,1,71,71,71,71,0
415,2.414875283446712,4096,0,0,0.28291288018226624,0,71,1,71,71,71,71,0
416,2.4206802721088434,4096,0,0,0.2901947498321533,0,71,1,71,71,71,71,0
417,2.426485260770975,4096,0,0,0.3016677498817444,0,71,1,71,71,71,71,0
418,2.4322902494331067,4096,0,0,0.2954900562763214,0,71,1,71,71,71,71,0
419,2.4380952380952383,4096,0,0,0.2780205309391022,0,71,1,71,71,71,71,0
420,2.4439002267573695,4096,0,0,0.31290403008461,0,71,1,71,71,71,71,0
421,2.449705215419501,4096,0,0,0.3247639536857605,0,71,1,71,71,71,71,0
422,2.455510204081633,4096,0,0,0.38866496086120605,0,71,1,71,71,71,71,0
423,2.461315192743764,4096,0,0,0.43480703234672546,0,71,1,71,71,71,71,0
424,2.4671201814058956,4096,0,0,0.36472776532173157,0,71,1,71,71,71,71,0
425,2.4729251700680273,4096,0,0,0.29354533553123474,0,71,1,71,71,71,71,0
426,2.478730158730159,4096,0,0,0.2723175287246704,0,71,1,71,71,71,71,0
427,2.48453514739229,4096,0,0,0.2836913764476776,0,71,1,71,71,71,71,0
428,2.4903401360544217,4096,0,0,0.2797805070877075,0,71,1,71,71,71,71,0
429,2.4961451247165534,4096,0,0,0.2768840193748474,0,71,1,71,71,71,71,0
430,2.501950113378685,4096,0,0,0.2212730199098587,0,71,0,71,71,71,71,0
431,2.507755102040816,4096,0,0,0.10763048380613327,0,71,0,71,-1,-1,-1,0
432,2.513560090702948,4096,0,0,0.06090012937784195,0,71,0,71,-1,-1,-1,0
433,2.5193650793650795,4096,0,0,0.043465688824653625,0,71,0,71,-1,-1,-1,0
434,2.5251700680272107,4096,0,0,0.034340355545282364,0,71,0,71,-1,-1,-1,0
435,2.5309750566893423,4096,0,0,0.02990097738802433,0,71,0,71,-1,-1,-1,0
436,2.536780045351474,4096,0,0,0.028501026332378387,0,71,0,71,-1,-1,-1,0
437,2.5425850340136056,4096,0,0,0.02819432131946087,0,71,0,71,-1,-1,-1,0
438,2.5483900226757368,4096,0,0,0.028956379741430283,0,-1,0,71,-1,-1,-1,0
439,2.5541950113378684,4096,0,0,0.028830040246248245,0,-1,0,71,-1,-1,-1,0
440,2.56,4096,0,0,0.028018279001116753,0,-1,0,71,-1,-1,-1,0
441,2.5658049886621317,4096,0,0,0.030305152758955956,0,-1,0,71,-1,-1,-1,0
442,2.571609977324263,4096,0,0,0.03076125681400299,0,-1,0,71,-1,-1,-1,0
443,2.5774149659863945,4096,0,0,0.028141405433416367,0,-1,0,71,-1,-1,-1,0
444,2.583219954648526,4096,0,0,0.02827189490199089,0,-1,0,72,-1,-1,-1,0
445,2.589024943310658,4096,0,0,0.0284689050167799,0,-1,0,72,-1,-1,-1,0
446,2.594829931972789,4096,0,0,0.027802929282188416,0,-1,0,72,-1,-1,-1,0
447,2.6006349206349206,4096,0,0,0.028210017830133438,0,-1,0,72,-1,-1,-1,0
448,2.6064399092970523,4096,0,0,0.02810027450323105,0,-1,0,59,-1,-1,-1,0
449,2.6122448979591835,4096,0,0,0.02845911495387554,0,-1,0,59,-1,-1,-1,0
450,2.618049886621315,4096,0,0,0.028848279267549515,0,-1,0,59,-1,-1,-1,0
451,2.6238548752834467,4096,0,0,0.028509773313999176,0,-1,0,59,-1,-1,-1,0
452,2.6296598639455784,4096,0,0,0.02787512168288231,0,-1,0,59,-1,-1,-1,0
453,2.6354648526077096,4096,0,0,0.02801375277340412,0,-1,0,59,-1,-1,-1,0
454,2.641269841269841,4096,0,0,0.028116291388869286,0,-1,0,59,-1,-1,-1,0
455,2.647074829931973,4096,0,0,0.02784120850265026,0,-1,0,59,-1,-1,-1,0
456,2.6528798185941045,4096,0,0,0.027620108798146248,0,-1,0,59,-1,-1,-1,0
457,2.6586848072562357,4096,0,0,0.027372444048523903,0,-1,0,59,-1,-1,-1,0
458,2.6644897959183673,4096,0,0,0.027691027149558067,0,-1,0,59,-1,-1,-1,0
459,2.670294784580499,4096,0,0,0.028209686279296875,0,-1,0,59,-1,-1,-1,0
460,2.6760997732426306,512,1,0,0.5456545352935791,0,-1,1,59,-1,-1,-1,0
461,2.681904761904762,512,0,0,0.4510166049003601,0,-1,1,49,-1,-1,-1,0
462,2.6877097505668934,512,0,0,0.5749858021736145,0,61,1,61,-1,-1,-1,0
463,2.693514739229025,1024,0,0,0.5583662390708923,0,61,1,61,61,61,61,0
464,2.6993197278911563,1024,0,1,0.5909457802772522,1,61,1,61,61,61,61,0
465,2.705124716553288,2048,0,0,0.5066031217575073,0,61,1,61,61,61,61,0
466,2.7109297052154195,2048,0,0,0.527138352394104,0,61,1,61,61,61,61,0
467,2.716734693877551,2048,0,0,0.5483927130699158,0,61,1,61,61,61,61,0
468,2.7225396825396824,2048,0,0,0.49213072657585144,0,61,1,61,61,61,61,0
469,2.728344671201814,4096,0,0,0.5132802724838257,0,61,0,61,61,61,61,0
470,2.7341496598639456,4096,0,0,0.46810758113861084,0,61,1,61,61,61,61,0
471,2.7399546485260773,4096,0,0,0.5141922831535339,0,61,1,61,61,61,61,0
472,2.7457596371882085,4096,0,0,0.5419889092445374,0,61,1,61,61,61,61,0
473,2.75156462585034,4096,0,0,0.49735260009765625,0,61,1,61,61,61,61,0
474,2.7573696145124718,4096,0,0,0.4958289563655853,0,61,1,61,61,61,61,0
475,2.7631746031746034,4096,0,0,0.48745039105415344,0,61,1,61,61,61,61,0
476,2.7689795918367346,4096,0,0,0.5116142630577087,0,61,1,61,61,61,61,0
477,2.7747845804988662,4096,0,0,0.5311938524246216,0,61,1,61,61,61,61,0
478,2.780589569160998,4096,0,0,0.47408801317214966,0,61,1,61,61,61,61,0
479,2.786394557823129,4096,0,0,0.4334509074687958,0,61,1,61,61,61,61,0
480,2.7921995464852607,4096,0,0,0.46450313925743103,0,61,1,61,61,61,61,0
481,2.7980045351473923,4096,0,0,0.451770156621933,0,61,1,61,61,61,61,0
482,2.803809523809524,4096,0,0,0.47073453664779663,0,61,1,61,61,61,61,0
483,2.809614512471655,4096,0,0,0.383100688457489,0,61,1,61,61,61,61,0
484,2.815419501133787,4096,0,0,0.326519250869751,0,61,1,61,61,61,61,0
485,2.8212244897959184,4096,0,0,0.40999871492385864,0,61,1,61,61,61,61,0
486,2.82702947845805,4096,0,0,0.4013364315032959,0,61,1,61,61,61,61,0
487,2.8328344671201813,4096,0,0,0.42373126745224,0,61,1,61,61,61,61,0
488,2.838639455782313,4096,0,0,0.3462645709514618,0,61,1,61,61,61,61,0
489,2.8444444444444446,4096,0,0,0.3773171305656433,0,61,1,61,61,61,61,0
490,2.8502494331065757,4096,0,0,0.41155117750167847,0,61,1,61,61,61,61,0
491,2.8560544217687074,4096,0,0,0.4136931598186493,0,61,1,61,61,61,61,0
492,2.861859410430839,4096,0,0,0.4101889431476593,0,61,1,61,61,61,61,0
493,2.8676643990929707,4096,0,0,0.3061954975128174,0,61,1,61,61,61,61,0
494,2.873469387755102,4096,0,0,0.3644079566001892,0,61,1,61,61,61,61,0
495,2.8792743764172335,4096,0,0,0.3802971839904785,0,61,1,61,61,61,61,0
496,2.885079365079365,4096,0,0,0.3792199194431305,0,61,1,61,61,61,61,0
497,2.8908843537414968,4096,0,0,0.38545817136764526,0,61,1,61,61,61,61,0
498,2.896689342403628,4096,0,0,0.3527931272983551,0,61,1,61,61,61,61,0
499,2.9024943310657596,4096,0,0,0.38975659012794495,0,61,1,61,61,61,61,0
500,2.9082993197278912,4096,0,0,0.4114272892475128,0,61,1,61,61,61,61,0
501,2.914104308390023,4096,0,0,0.3784203827381134,0,61,1,61,61,61,61,0
502,2.919909297052154,4096,0,0,0.3712463080883026,0,61,1,61,61,61,61,0
503,2.9257142857142857,4096,0,0,0.3743301331996918,0,61,1,61,61,61,61,0
504,2.9315192743764173,4096,0,0,0.3754431903362274,0,61,1,61,61,61,61,0
505,2.9373242630385485,4096,0,0,0.4011240601539612,0,61,1,61,61,61,61,0
506,2.94312925170068,4096,0,0,0.338362455368042,0,61,1,61,61,61,61,0
507,2.948934240362812,4096,0,0,0.35100048780441284,0,61,1,61,61,61,61,0
508,2.9547392290249435,4096,0,0,0.39883673191070557,0,61,1,61,61,61,61,0
509,2.9605442176870747,4096,0,0,0.3773791491985321,0,61,1,61,61,61,61,0
510,2.9663492063492063,4096,0,0,0.3918728828430176,0,61,1,61,61,61,61,0
511,2.972154195011338,4096,0,0,0.3136501610279083,0,61,1,61,61,61,61,0
512,2.9779591836734696,4096,0,0,0.3610268235206604,0,61,1,61,61,61,61,0
513,2.9837641723356008,4096,0,0,0.3728603422641754,0,61,1,61,61,61,61,0
514,2.9895691609977324,4096,0,0,0.35328203439712524,0,61,1,61,61,61,61,0
515,2.995374149659864,4096,0,0,0.36101582646369934,0,61,1,61,61,61,61,0
516,3.0011791383219957,4096,0,0,0.299965500831604,0,61,1,61,61,61,61,0
517,3.006984126984127,4096,0,0,0.36126577854156494,0,61,1,61,61,61,61,0
518,3.0127891156462585,4096,0,0,0.3696594536304474,0,61,1,61,61,61,61,0
519,3.01859410430839,4096,0,0,0.33346012234687805,0,61,1,61,61,61,61,0
520,3.0243990929705213,4096,0,0,0.33881282806396484,0,61,1,61,61,61,61,0
521,3.030204081632653,4096,0,0,0.3372424244880676,0,61,1,61,61,61,61,0
522,3.0360090702947846,4096,0,0,0.35529017448425293,0,61,1,61,61,61,61,0
523,3.0418140589569163,4096,0,0,0.36338064074516296,0,61,1,61,61,61,61,0
524,3.0476190476190474,4096,0,0,0.31639808416366577,0,61,1,61,61,61,61,0
525,3.053424036281179,4096,0,0,0.29378992319107056,0,61,1,61,61,61,61,0
526,3.0592290249433107,4096,0,0,0.3475656509399414,0,61,1,61,61,61,61,0
527,3.0650340136054424,4096,0,0,0.3451383411884308,0,61,1,61,61,61,61,0
528,3.0708390022675736,4096,0,0,0.34720319509506226,0,61,1,61,61,61,61,0
529,3.076643990929705,4096,0,0,0.28422972559928894,0,61,1,61,61,61,61,0
530,3.082448979591837,4096,0,0,0.3099074959754944,0,61,1,61,61,61,61,0
531,3.0882539682539685,4096,0,0,0.3463056683540344,0,61,1,61,61,61,61,0
532,3.0940589569160997,4096,0,0,0.336850643157959,0,61,1,61,61,61,61,0
533,3.0998639455782313,4096,0,0,0.342617392539978,0,61,1,61,61,61,61,0
534,3.105668934240363,4096,0,0,0.26974186301231384,0,61,1,61,61,61,61,0
535,3.111473922902494,4096,0,0,0.32380858063697815,0,61,1,61,61,61,61,0
536,3.1172789115646258,4096,0,0,0.34522461891174316,0,61,1,61,61,61,61,0
537,3.1230839002267574,4096,0,0,0.3165891766548157,0,61,1,61,61,61,61,0
538,3.128888888888889,4096,0,0,0.3223356604576111,0,61,1,61,61,61,61,0
539,3.1346938775510202,4096,0,0,0.2825406789779663,0,61,1,61,61,61,61,0
540,3.140498866213152,4096,0,0,0.32568612694740295,0,61,1,61,61,61,61,0
541,3.1463038548752835,4096,0,0,0.34127530455589294,0,61,1,61,61,61,61,0
542,3.152108843537415,4096,0,0,0.3042495548725128,0,61,1,61,61,61,61,0
543,3.1579138321995464,4096,0,0,0.299345463514328,0,61,1,61,61,61,61,0
544,3.163718820861678,4096,0,0,0.31600362062454224,0,61,1,61,61,61,61,0
545,3.1695238095238096,4096,0,0,0.328214168548584,0,61,1,61,61,61,61,0
546,3.175328798185941,4096,0,0,0.3309921622276306,0,61,1,61,61,61,61,0
547,3.1811337868480725,4096,0,0,0.28656548261642456,0,61,1,61,61,61,61,0
548,3.186938775510204,4096,0,0,0.265971839427948,0,61,1,61,61,61,61,0
549,3.1927437641723357,4096,0,0,0.32056352496147156,0,61,1,61,61,61,61,0
550,3.198548752834467,4096,0,0,0.3194974958896637,0,61,1,61,61,61,61,0
551,3.2043537414965986,4096,0,0,0.32507142424583435,0,61,1,61,61,61,61,0
552,3.21015873015873,4096,0,0,0.2681426405906677,0,61,1,61,61,61,61,0
553,3.215963718820862,4096,0,0,0.293444961309433,0,61,1,61,61,61,61,0
554,3.221768707482993,4096,0,0,0.3307930827140808,0,61,1,61,61,61,61,0
555,3.2275736961451247,4096,0,0,0.32205212116241455,0,61,1,61,61,61,61,0
556,3.2333786848072563,4096,0,0,0.3221592307090759,0,61,1,61,61,61,61,0
557,3.239183673469388,4096,0,0,0.2550320327281952,0,61,1,61,61,61,61,0
558,3.244988662131519,4096,0,0,0.30384668707847595,0,61,1,61,61,61,61,0
559,3.250793650793651,4096,0,0,0.32515907287597656,0,61,1,61,61,61,61,0
560,3.2565986394557824,4096,0,0,0.3008269965648651,0,61,1,61,61,61,61,0
561,3.2624036281179136,4096,0,0,0.301432341337204,0,61,1,61,61,61,61,0
562,3.2682086167800453,4096,0,0,0.26958444714546204,0,61,1,61,61,61,61,0
563,3.274013605442177,4096,0,0,0.3099103569984436,0,61,1,61,61,61,61,0
564,3.2798185941043085,4096,0,0,0.3245496153831482,0,61,1,61,61,61,61,0
565,3.2856235827664397,4096,0,0,0.2973008453845978,0,61,1,61,61,61,61,0
566,3.2914285714285714,4096,0,0,0.28370583057403564,0,61,1,61,61,61,61,0
567,3.297233560090703,4096,0,0,0.29942354559898376,0,61,1,61,61,61,61,0
568,3.3030385487528346,4096,0,0,0.32068929076194763,0,61,1,61,61,61,61,0
569,3.308843537414966,4096,0,0,0.32398971915245056,0,61,1,61,61,61,61,0
570,3.3146485260770975,4096,0,0,0.2879428267478943,0,61,1,61,61,61,61,0
571,3.320453514739229,4096,0,0,0.26021844148635864,0,61,1,61,61,61,61,0
572,3.3262585034013608,4096,0,0,0.31001773476600647,0,61,1,61,61,61,61,0
573,3.332063492063492,4096,0,0,0.3115065395832062,0,61,1,61,61,61,61,0
574,3.3378684807256236,4096,0,0,0.3144558072090149,0,61,1,61,61,61,61,0
575,3.3436734693877552,4096,0,0,0.26166388392448425,0,61,1,61,61,61,61,0
576,3.3494784580498864,4096,0,0,0.2724369168281555,0,61,1,61,61,61,61,0
577,3.355283446712018,4096,0,0,0.3159690499305725,0,61,1,61,61,61,61,0
578,3.3610884353741497,4096,0,0,0.3061361610889435,0,61,1,61,61,61,61,0
579,3.3668934240362813,4096,0,0,0.3092144727706909,0,61,1,61,61,61,61,0
580,3.3726984126984125,4096,0,0,0.2481888085603714,0,61,1,61,61,61,61,0
581,3.378503401360544,4096,0,0,0.29088085889816284,0,61,1,61,61,61,61,0
582,3.384308390022676,4096,0,0,0.31721070408821106,0,61,1,61,61,61,61,0
583,3.3901133786848074,4096,0,0,0.29282623529434204,0,61,1,61,61,61,61,0
584,3.3959183673469386,4096,0,0,0.29017627239227295,0,61,1,61,61,61,61,0
585,3.4017233560090703,4096,0,0,0.2601805627346039,0,61,1,61,61,61,61,0
586,3.407528344671202,4096,0,0,0.2922118902206421,0,61,1,61,61,61,61,0
587,3.4133333333333336,4096,0,0,0.3134988844394684,0,61,1,61,61,61,61,0
588,3.4191383219954647,4096,0,0,0.28713175654411316,0,61,1,61,61,61,61,0
589,3.4249433106575964,4096,0,0,0.27682673931121826,0,61,1,61,61,61,61,0
590,3.430748299319728,4096,0,0,0.29146069288253784,0,61,1,61,61,61,61,0
591,3.436553287981859,4096,0,0,0.3125624358654022,0,61,1,61,61,61,61,0
592,3.442358276643991,4096,0,0,0.3182747960090637,0,61,1,61,61,61,61,0
593,3.4481632653061225,4096,0,0,0.2782365679740906,0,61,1,61,61,61,61,0
594,3.453968253968254,4096,0,0,0.25227677822113037,0,61,1,61,61,61,61,0
595,3.4597732426303853,4096,0,0,0.30358099937438965,0,61,1,61,61,61,61,0
596,3.465578231292517,4096,0,0,0.3307854235172272,0,61,1,61,61,61,61,0
597,3.4713832199546486,4096,0,0,0.3545735776424408,0,61,1,61,61,61,61,0
598,3.4771882086167802,4096,0,0,0.3042928874492645,0,61,1,61,61,61,61,0
599,3.4829931972789114,4096,0,0,0.19698777794837952,0,61,1,61,61,61,61,0
600,3.488798185941043,4096,0,0,0.1035926416516304,0,61,1,61,61,61,61,0
601,3.4946031746031747,4096,0,0,0.07539276778697968,0,61,0,61,61,61,61,0
602,3.500408163265306,4096,0,0,0.04794451966881752,0,61,0,61,-1,-1,-1,0
603,3.5062131519274375,4096,0,0,0.04059688374400139,0,61,0,61,-1,-1,-1,0
604,3.512018140589569,4096,0,0,0.03657977655529976,0,61,0,61,-1,-1,-1,0
605,3.517823129251701,4096,0,0,0.03127014636993408,0,61,0,61,-1,-1,-1,0
606,3.523628117913832,512,1,0,0.35905149579048157,0,61,1,59,-1,-1,-1,0
607,3.5294331065759637,512,0,0,0.6430063843727112,1,-1,1,57,-1,-1,-1,0
608,3.5352380952380953,512,0,0,0.5686607360839844,0,69,1,69,-1,-1,-1,0
609,3.541043083900227,1024,0,0,0.6104735732078552,1,69,1,69,69,69,69,0
610,3.546848072562358,1024,0,1,0.5826555490493774,0,69,1,69,69,69,69,0
611,3.5526530612244898,2048,0,0,0.4084121882915497,0,69,1,69,69,69,69,0
612,3.5584580498866214,2048,0,0,0.5330820083618164,0,69,1,69,69,69,69,0
613,3.564263038548753,2048,0,0,0.42419663071632385,0,69,1,69,69,69,69,0
614,3.5700680272108842,2048,0,0,0.4982967674732208,0,69,1,69,69,69,69,0
615,3.575873015873016,4096,0,0,0.5202702283859253,0,69,0,69,69,69,69,0
616,3.5816780045351475,4096,0,0,0.475923627614975,0,69,1,69,69,69,69,0
617,3.5874829931972787,4096,0,0,0.5652680397033691,0,69,1,69,69,69,69,0
618,3.5932879818594103,4096,0,0,0.49771103262901306,0,69,1,69,69,69,69,0
619,3.599092970521542,4096,0,0,0.5349233746528625,0,69,1,69,69,69,69,0
620,3.6048979591836736,4096,0,0,0.48795759677886963,0,69,1,69,69,69,69,0
621,3.610702947845805,4096,0,0,0.4972258508205414,0,69,1,69,69,69,69,0
622,3.6165079365079364,4096,0,0,0.4279164671897888,0,69,1,69,69,69,69,0
623,3.622312925170068,4096,0,0,0.49221473932266235,0,69,1,69,69,69,69,0
624,3.6281179138321997,4096,0,0,0.44233983755111694,0,69,1,69,69,69,69,0
625,3.633922902494331,4096,0,0,0.48831963539123535,0,69,1,69,69,69,69,0
626,3.6397278911564626,4096,0,0,0.548359215259552,0,69,1,69,69,69,69,0
627,3.645532879818594,4096,0,0,0.5262421369552612,0,69,1,69,69,69,69,0
628,3.651337868480726,4096,0,0,0.5791038870811462,0,69,1,69,69,69,69,0
629,3.657142857142857,4096,0,0,0.5397531390190125,0,69,1,69,69,69,69,0
630,3.6629478458049887,4096,0,0,0.5739923119544983,0,69,1,69,69,69,69,0
631,3.6687528344671203,4096,0,0,0.5255767703056335,0,69,1,69,69,69,69,0
632,3.6745578231292515,4096,0,0,0.5610437393188477,0,69,1,69,69,69,69,0
633,3.680362811791383,4096,0,0,0.46798980236053467,0,69,1,69,69,69,69,0
634,3.6861678004535148,4096,0,0,0.5341548323631287,0,69,1,69,69,69,69,0
635,3.6919727891156464,4096,0,0,0.45439568161964417,0,69,1,69,69,69,69,0
636,3.6977777777777776,4096,0,0,0.40633806586265564,0,69,1,69,69,69,69,0
637,3.7035827664399092,4096,0,0,0.4406962990760803,0,69,1,69,69,69,69,0
638,3.709387755102041,4096,0,0,0.3577972650527954,0,69,1,69,69,69,69,0
639,3.7151927437641725,4096,0,0,0.4517498016357422,0,69,1,69,69,69,69,0
640,3.7209977324263037,4096,0,0,0.3996378183364868,0,69,1,69,69,69,69,0
641,3.7268027210884354,4096,0,0,0.42076295614242554,0,69,1,69,69,69,69,0
642,3.732607709750567,4096,0,0,0.3829478919506073,0,69,1,69,69,69,69,0
643,3.7384126984126986,4096,0,0,0.4400245249271393,0,69,1,69,69,69,69,0
644,3.74421768707483,4096,0,0,0.3713025152683258,0,69,1,69,69,69,69,0
645,3.7500226757369615,4096,0,0,0.41882026195526123,0,69,1,69,69,69,69,0
646,3.755827664399093,4096,0,0,0.4207548201084137,0,69,1,69,69,69,69,0
647,3.7616326530612243,4096,0,0,0.3622433841228485,0,69,1,69,69,69,69,0
648,3.767437641723356,4096,0,0,0.3950648009777069,0,69,1,69,69,69,69,0
649,3.7732426303854876,4096,0,0,0.34376078844070435,0,69,1,69,69,69,69,0
650,3.779047619047619,4096,0,0,0.37007617950439453,0,69,1,69,69,69,69,0
651,3.7848526077097504,4096,0,0,0.28860682249069214,0,69,1,69,69,69,69,0
652,3.790657596371882,4096,0,0,0.39334750175476074,0,69,1,69,69,69,69,0
653,3.7964625850340137,4096,0,0,0.3216259181499481,0,69,1,69,69,69,69,0
654,3.8022675736961453,4096,0,0,0.39901241660118103,0,69,1,69,69,69,69,0
655,3.8080725623582765,4096,0,0,0.3930286169052124,0,69,1,69,69,69,69,0
656,3.813877551020408,4096,0,0,0.3865130841732025,0,69,1,69,69,69,69,0
657,3.81968253968254,4096,0,0,0.4287172555923462,0,69,1,69,69,69,69,0
658,3.825487528344671,4096,0,0,0.3773907721042633,0,69,1,69,69,69,69,0
659,3.8312925170068026,4096,0,0,0.4166124761104584,0,69,1,69,69,69,69,0
660,3.8370975056689343,4096,0,0,0.3760511875152588,0,69,1,69,69,69,69,0
661,3.842902494331066,4096,0,0,0.3989674746990204,0,69,1,69,69,69,69,0
662,3.848707482993197,4096,0,0,0.4078735113143921,0,69,1,69,69,69,69,0
663,3.8545124716553287,4096,0,0,0.5944724082946777,1,69,1,69,69,69,69,0
664,3.8603174603174604,4096,0,0,0.7323058247566223,1,69,1,69,69,69,69,0
665,3.866122448979592,4096,0,0,0.6854074001312256,1,69,1,69,69,69,69,0
666,3.871927437641723,4096,0,0,0.49404773116111755,0,69,1,69,69,69,69,0
667,3.877732426303855,4096,0,0,0.3798774480819702,0,69,1,69,69,69,69,0
668,3.8835374149659865,4096,0,0,0.3299776613712311,0,69,1,69,69,69,69,0
669,3.889342403628118,4096,0,0,0.18610846996307373,0,69,1,69,69,69,69,0
670,3.8951473922902493,512,1,0,0.08926453441381454,0,69,1,55,69,69,69,0
671,3.900952380952381,512,0,0,0.04652031138539314,0,69,1,55,55,69,69,0
672,3.9067573696145126,512,0,0,0.033036861568689346,0,69,1,59,55,69,69,0
673,3.912562358276644,1024,0,0,0.030213693156838417,0,69,0,55,55,69,69,0
674,3.9183673469387754,1024,0,0,0.02812231332063675,0,69,0,59,-1,-1,-1,0
675,3.924172335600907,2048,0,0,0.027387117967009544,0,69,0,67,-1,-1,-1,0
676,3.9299773242630387,2048,0,0,0.028831440955400467,0,-1,0,72,-1,-1,-1,0
677,3.93578231292517,2048,0,0,0.03181679546833038,0,-1,0,72,-1,-1,-1,0
678,3.9415873015873015,2048,0,0,0.033397506922483444,0,-1,0,72,-1,-1,-1,0
679,3.947392290249433,4096,0,0,0.03084266185760498,0,-1,0,68,-1,-1,-1,0
680,3.953197278911565,4096,0,0,0.030767086893320084,0,-1,0,72,-1,-1,-1,0
681,3.959002267573696,4096,0,0,0.03164856508374214,0,-1,0,67,-1,-1,-1,0
682,3.9648072562358276,4096,0,0,0.029902707785367966,0,-1,0,72,-1,-1,-1,0
683,3.9706122448979593,4096,0,0,0.029963336884975433,0,-1,0,72,-1,-1,-1,0
684,3.976417233560091,4096,0,0,0.03030899353325367,0,-1,0,72,-1,-1,-1,0
685,3.982222222222222,4096,0,0,0.05335008725523949,0,-1,0,72,-1,-1,-1,0
686,3.9880272108843537,4096,0,0,0.42336544394493103,0,-1,0,59,-1,-1,-1,0
687,3.9938321995464854,4096,0,0,0.40604984760284424,0,-1,0,59,-1,-1,-1,0
688,3.9996371882086166,4096,0,0,0.3061026632785797,0,59,0,59,-1,-1,-1,0
689,4.005442176870749,4096,0,0,0.39739108085632324,0,59,0,59,-1,-1,-1,0
690,4.01124716553288,4096,0,1,0.3307710886001587,0,59,0,59,-1,-1,-1,0
691,4.017052154195011,4096,0,0,0.36359623074531555,0,59,0,59,-1,-1,-1,0
692,4.022857142857143,4096,0,0,0.31325721740722656,0,59,0,59,-1,-1,-1,0
693,4.028662131519274,4096,0,0,0.29731661081314087,0,59,0,59,-1,-1,-1,0
694,4.0344671201814055,4096,0,0,0.3257509768009186,0,59,0,59,-1,-1,-1,0
695,4.040272108843538,4096,0,0,0.29909181594848633,0,59,0,59,-1,-1,-1,0
696,4.046077097505669,4096,0,0,0.3973805010318756,0,59,0,59,-1,-1,-1,0
697,4.051882086167801,4096,0,0,0.3440456688404083,0,59,0,59,-1,-1,-1,0
698,4.057687074829932,4096,0,0,0.3964444100856781,0,59,1,59,-1,-1,-1,0
699,4.063492063492063,4096,0,0,0.32794663310050964,0,59,1,59,59,59,59,0
700,4.069297052154195,4096,0,0,0.3284902274608612,0,59,1,59,59,59,59,0
701,4.0751020408163265,4096,0,0,0.3205374777317047,0,59,1,59,59,59,59,0
702,4.080907029478458,4096,0,0,0.2596740126609802,0,59,1,59,59,59,59,0
703,4.08671201814059,4096,0,0,0.2787829339504242,0,59,1,59,59,59,59,0
704,4.092517006802721,4096,0,0,0.245978444814682,0,59,1,59,59,59,59,0
705,4.098321995464852,4096,0,0,0.3733415901660919,0,59,1,59,59,59,59,0
706,4.104126984126984,4096,0,0,0.32510361075401306,0,59,1,59,59,59,59,0
707,4.1099319727891155,4096,0,0,0.3678188920021057,0,59,1,59,59,59,59,0
708,4.115736961451248,4096,0,0,0.3444342613220215,0,59,1,59,59,59,59,0
709,4.121541950113379,4096,0,0,0.29707539081573486,0,59,1,59,59,59,59,0
710,4.12734693877551,4096,0,0,0.30055221915245056,0,59,1,59,59,59,59,0
711,4.133151927437642,4096,0,0,0.25163716077804565,0,59,1,59,59,59,59,0
712,4.138956916099773,4096,0,0,0.3384875953197479,0,59,1,59,59,59,59,0
713,4.144761904761904,4096,0,0,0.29997143149375916,0,59,1,59,59,59,59,0
714,4.1505668934240365,4096,0,0,0.34630391001701355,0,59,1,59,59,59,59,0
715,4.156371882086168,4096,0,0,0.329047828912735,0,59,1,59,59,59,59,0
716,4.162176870748299,4096,0,0,0.3141029477119446,0,59,1,59,59,59,59,0
717,4.167981859410431,4096,0,0,0.3304942846298218,0,59,1,59,59,59,59,0
718,4.173786848072562,4096,0,0,0.2803144156932831,0,59,1,59,59,59,59,0
719,4.179591836734694,4096,0,0,0.302365243434906,0,59,1,59,59,59,59,0
720,4.1853968253968254,4096,0,0,0.26400110125541687,0,59,1,59,59,59,59,0
721,4.191201814058957,4096,0,0,0.32574066519737244,0,59,1,59,59,59,59,0
722,4.197006802721089,4096,0,0,0.298026442527771,0,59,1,59,59,59,59,0
723,4.20281179138322,4096,0,0,0.3112848699092865,0,59,1,59,59,59,59,0
724,4.208616780045351,4096,0,0,0.32131755352020264,0,59,1,59,59,59,59,0
725,4.214421768707483,4096,0,0,0.28430625796318054,0,59,1,59,59,59,59,0
726,4.220226757369614,4096,0,0,0.2897442877292633,0,59,1,59,59,59,59,0
727,4.2260317460317465,4096,0,0,0.2547316551208496,0,59,0,59,59,59,59,0
728,4.231836734693878,4096,0,0,0.30902543663978577,0,59,1,59,59,59,59,0
729,4.237641723356009,4096,0,0,0.28180816769599915,0,59,0,59,59,59,59,0
730,4.243446712018141,4096,0,0,0.32067954540252686,0,59,0,59,-1,-1,-1,0
731,4.249251700680272,4096,0,0,0.30456945300102234,0,59,1,59,-1,-1,-1,0
732,4.255056689342403,4096,0,0,0.27901050448417664,0,59,0,59,-1,-1,-1,0
733,4.260861678004535,4096,0,0,0.27659115195274353,0,59,0,59,-1,-1,-1,0
734,4.266666666666667,4096,0,0,0.2563760578632355,0,59,0,59,-1,-1,-1,0
735,4.272471655328798,4096,0,0,0.2682024836540222,0,59,0,59,-1,-1,-1,0
736,4.27827664399093,4096,0,0,0.24252590537071228,0,59,0,59,-1,-1,-1,0
737,4.284081632653061,4096,0,0,0.30500757694244385,0,59,0,59,-1,-1,-1,0
738,4.289886621315193,4096,0,0,0.28026890754699707,0,59,0,59,-1,-1,-1,0
739,4.295691609977324,4096,0,0,0.30624157190322876,0,59,0,59,-1,-1,-1,0
740,4.3014965986394555,4096,0,0,0.30610889196395874,0,59,1,59,-1,-1,-1,0
741,4.307301587301588,4096,0,0,0.288987934589386,0,59,1,59,59,59,59,0
742,4.313106575963719,4096,0,0,0.27001065015792847,0,59,0,59,59,59,59,0
743,4.31891156462585,4096,0,0,0.240125834941864,0,59,0,59,-1,-1,-1,0
744,4.324716553287982,4096,0,0,0.2892526388168335,0,59,0,59,-1,-1,-1,0
745,4.330521541950113,4096,0,0,0.26910313963890076,0,59,0,59,-1,-1,-1,0
746,4.3363265306122445,4096,0,0,0.3135465979576111,0,59,0,59,-1,-1,-1,0
747,4.342131519274377,4096,0,0,0.3062458634376526,0,59,0,59,-1,-1,-1,0
748,4.347936507936508,4096,0,0,0.2965593636035919,0,59,0,59,-1,-1,-1,0
749,4.35374149659864,4096,0,0,0.28534790873527527,0,59,0,59,-1,-1,-1,0
750,4.359546485260771,4096,0,0,0.25997689366340637,0,59,0,59,-1,-1,-1,0
751,4.365351473922902,4096,0,0,0.2758624255657196,0,59,0,59,-1,-1,-1,0
752,4.371156462585034,4096,0,0,0.25518903136253357,0,59,0,59,-1,-1,-1,0
753,4.3769614512471655,4096,0,0,0.30058082938194275,0,59,0,59,-1,-1,-1,0
754,4.382766439909297,4096,0,0,0.2851697504520416,0,59,0,59,-1,-1,-1,0
755,4.388571428571429,4096,0,0,0.28376755118370056,0,59,0,59,-1,-1,-1,0
756,4.39437641723356,4096,0,0,0.27699217200279236,0,59,1,59,-1,-1,-1,0
757,4.400181405895691,4096,0,0,0.2611701488494873,0,59,0,59,-1,-1,-1,0
758,4.405986394557823,4096,0,0,0.25094351172447205,0,59,0,59,-1,-1,-1,0
759,4.4117913832199545,4096,0,0,0.2212827503681183,0,59,0,59,-1,-1,-1,0
760,4.4175963718820865,4096,0,0,0.26634225249290466,0,59,0,59,-1,-1,-1,0
761,4.423401360544218,4096,0,0,0.24864304065704346,0,59,0,59,-1,-1,-1,0
762,4.429206349206349,4096,0,0,0.266400545835495,0,59,0,59,-1,-1,-1,0
763,4.435011337868481,4096,0,0,0.26105669140815735,0,59,0,59,-1,-1,-1,0
764,4.440816326530612,4096,0,0,0.2533866763114929,0,59,0,59,-1,-1,-1,0
765,4.446621315192743,4096,0,0,0.23093147575855255,0,59,0,59,-1,-1,-1,0
766,4.4524263038548755,4096,0,0,0.20240101218223572,0,59,0,59,-1,-1,-1,0
767,4.458231292517007,4096,0,0,0.2291553020477295,0,59,0,59,-1,-1,-1,0
768,4.464036281179139,4096,0,0,0.2134169042110443,0,59,0,59,-1,-1,-1,0
769,4.46984126984127,4096,0,0,0.24604924023151398,0,59,0,59,-1,-1,-1,0
770,4.475646258503401,4096,0,0,0.2392812967300415,0,59,0,59,-1,-1,-1,0
771,4.481451247165533,4096,0,0,0.23464827239513397,0,59,0,59,-1,-1,-1,0
772,4.487256235827664,4096,0,0,0.21862754225730896,0,59,0,59,-1,-1,-1,0
773,4.493061224489796,4096,0,0,0.19728124141693115,0,59,0,59,-1,-1,-1,0
774,4.498866213151928,4096,0,0,0.19582191109657288,0,59,0,59,-1,-1,-1,0
775,4.504671201814059,4096,0,0,0.17409366369247437,0,59,0,59,-1,-1,-1,0
776,4.51047619047619,4096,0,0,0.21093253791332245,0,59,0,59,-1,-1,-1,0
777,4.516281179138322,4096,0,0,0.2002066820859909,0,59,0,59,-1,-1,-1,0
778,4.522086167800453,4096,0,0,0.20919832587242126,0,59,0,59,-1,-1,-1,0
779,4.527891156462585,4096,0,0,0.21122506260871887,0,59,0,59,-1,-1,-1,0
780,4.533696145124717,4096,0,0,0.20455697178840637,0,59,0,59,-1,-1,-1,0
781,4.539501133786848,4096,0,0,0.18368321657180786,0,59,0,59,-1,-1,-1,0
782,4.54530612244898,4096,0,0,0.15196211636066437,0,59,0,59,-1,-1,-1,0
783,4.551111111111111,4096,0,0,0.1737067699432373,0,59,0,59,-1,-1,-1,0
784,4.556916099773242,4096,0,0,0.16136030852794647,0,59,0,59,-1,-1,-1,0
785,4.562721088435374,4096,0,0,0.17843632400035858,0,59,0,59,-1,-1,-1,0
786,4.568526077097506,4096,0,0,0.18210192024707794,0,59,0,59,-1,-1,-1,0
787,4.574331065759637,4096,0,0,0.18327127397060394,0,59,0,59,-1,-1,-1,0
788,4.580136054421769,4096,0,0,0.16850373148918152,0,59,0,59,-1,-1,-1,0
789,4.5859410430839,4096,0,0,0.14621642231941223,0,59,0,59,-1,-1,-1,0
790,4.591746031746032,4096,0,0,0.15334266424179077,0,59,0,59,-1,-1,-1,0
791,4.597551020408163,4096,0,0,0.13822540640830994,0,59,0,59,-1,-1,-1,0
792,4.6033560090702945,4096,0,0,0.1621541827917099,0,59,0,59,-1,-1,-1,0
793,4.609160997732427,4096,0,0,0.16396713256835938,0,59,0,59,-1,-1,-1,0
794,4.614965986394558,4096,0,0,0.17182788252830505,0,59,0,59,-1,-1,-1,0
795,4.620770975056689,4096,0,0,0.16863083839416504,0,59,0,59,-1,-1,-1,0
796,4.626575963718821,4096,0,0,0.16869805753231049,0,59,0,59,-1,-1,-1,0
797,4.632380952380952,4096,0,0,0.1553443968296051,0,59,0,59,-1,-1,-1,0
798,4.6381859410430835,4096,0,0,0.13803544640541077,0,59,0,59,-1,-1,-1,0
799,4.6439909297052155,4096,0,0,0.15629562735557556,0,59,0,59,-1,-1,-1,0
800,4.649795918367347,4096,0,0,0.1532280147075653,0,59,0,59,-1,-1,-1,0
801,4.655600907029479,4096,0,0,0.16349993646144867,0,59,0,59,-1,-1,-1,0
802,4.66140589569161,4096,0,0,0.16722457110881805,0,59,0,59,-1,-1,-1,0
803,4.667210884353741,4096,0,0,0.1777665615081787,0,59,0,59,-1,-1,-1,0
804,4.673015873015873,4096,0,0,0.1549295037984848,0,59,0,59,-1,-1,-1,0
805,4.6788208616780045,4096,0,0,0.14087961614131927,0,59,0,59,-1,-1,-1,0
806,4.684625850340136,4096,0,0,0.14557959139347076,0,59,0,59,-1,-1,-1,0
807,4.690430839002268,4096,0,0,0.14440618455410004,0,59,0,59,-1,-1,-1,0
808,4.696235827664399,4096,0,0,0.16499298810958862,0,59,0,59,-1,-1,-1,0
809,4.702040816326531,4096,0,0,0.17451313138008118,0,59,0,59,-1,-1,-1,0
810,4.707845804988662,4096,0,0,0.1922427862882614,0,59,0,59,-1,-1,-1,0
811,4.713650793650793,4096,0,0,0.17645296454429626,0,59,0,59,-1,-1,-1,0
812,4.7194557823129255,4096,0,0,0.17167659103870392,0,59,0,59,-1,-1,-1,0
813,4.725260770975057,4096,0,0,0.16617321968078613,0,59,0,59,-1,-1,-1,0
814,4.731065759637188,4096,0,0,0.15033291280269623,0,59,0,59,-1,-1,-1,0
815,4.73687074829932,4096,0,0,0.16480515897274017,0,59,0,59,-1,-1,-1,0
816,4.742675736961451,4096,0,0,0.14938631653785706,0,59,0,59,-1,-1,-1,0
817,4.748480725623582,4096,0,0,0.1277957707643509,0,59,0,59,-1,-1,-1,0
818,4.7542857142857144,4096,0,0,0.08486234396696091,0,59,0,59,-1,-1,-1,0
819,4.760090702947846,4096,0,0,0.054386332631111145,0,59,0,59,-1,-1,-1,0
820,4.765895691609978,4096,0,0,0.05165489390492439,0,59,0,59,-1,-1,-1,0
821,4.771700680272109,512,1,0,0.041449449956417084,0,59,1,49,-1,-1,-1,0
822,4.77750566893424,512,0,0,0.042365219444036484,0,59,1,49,49,49,49,0
823,4.783310657596372,512,0,0,0.03919585421681404,0,59,1,49,49,49,49,0
824,4.789115646258503,1024,0,0,0.03230130299925804,0,59,1,59,49,49,49,0
825,4.794920634920635,1024,0,0,0.6359816193580627,1,59,1,72,49,49,49,0
826,4.800725623582767,2048,0,0,0.6342313885688782,1,59,1,67,49,49,49,0
827,4.806530612244898,2048,0,0,0.6919935941696167,1,67,1,67,67,67,67,0
828,4.812335600907029,2048,0,0,0.8021129369735718,1,67,1,67,67,67,67,0
829,4.818140589569161,2048,0,1,0.8057861924171448,1,67,1,67,67,67,67,0
830,4.823945578231292,4096,0,0,0.7881366014480591,1,67,0,67,67,67,67,0
831,4.829750566893424,4096,0,0,0.7391967177391052,1,67,0,67,-1,-1,-1,0
832,4.835555555555556,4096,0,0,0.6608836650848389,1,67,0,67,-1,-1,-1,0
833,4.841360544217687,4096,0,0,0.5294860601425171,0,67,0,67,-1,-1,-1,0
834,4.847165532879819,4096,0,0,0.4764384627342224,0,67,0,67,-1,-1,-1,0
835,4.85297052154195,4096,0,0,0.42914846539497375,0,67,0,67,-1,-1,-1,0
836,4.858775510204081,4096,0,0,0.4569993317127228,0,67,0,67,-1,-1,-1,0
837,4.864580498866213,4096,0,0,0.4572560489177704,0,67,1,67,-1,-1,-1,0
838,4.8703854875283445,4096,0,0,0.5471236109733582,0,67,1,67,67,67,67,0
839,4.876190476190477,4096,0,0,0.6126528978347778,1,67,1,67,67,67,67,0
840,4.881995464852608,4096,0,0,0.632895827293396,1,67,1,67,67,67,67,0
841,4.887800453514739,4096,0,0,0.6195798516273499,1,67,1,67,67,67,67,0
842,4.893605442176871,4096,0,0,0.5355879664421082,0,67,1,67,67,67,67,0
843,4.899410430839002,4096,0,0,0.47232210636138916,0,67,1,67,67,67,67,0
844,4.9052154195011335,4096,0,0,0.32168081402778625,0,67,1,67,67,67,67,0
845,4.911020408163266,4096,0,0,0.35827362537384033,0,67,1,67,67,67,67,0
846,4.916825396825397,4096,0,0,0.5794000625610352,0,67,1,67,67,67,67,0
847,4.922630385487528,4096,0,0,0.5470862984657288,0,67,1,67,67,67,67,0
848,4.92843537414966,4096,0,0,0.5717018842697144,0,67,1,67,67,67,67,0
849,4.934240362811791,4096,0,0,0.515392005443573,0,67,1,67,67,67,67,0
850,4.940045351473923,4096,0,0,0.47357797622680664,0,67,1,67,67,67,67,0
851,4.9458503401360545,4096,0,0,0.435787171125412,0,67,1,67,67,67,67,0
852,4.951655328798186,4096,0,0,0.45562970638275146,0,67,1,67,67,67,67,0
853,4.957460317460318,4096,0,0,0.5465179085731506,0,67,1,67,67,67,67,0
854,4.963265306122449,4096,0,0,0.5224096179008484,0,67,1,67,67,67,67,0
855,4.96907029478458,4096,0,0,0.5236135721206665,0,67,1,67,67,67,67,0
856,4.974875283446712,4096,0,0,0.4909609854221344,0,67,1,67,67,67,67,0
857,4.9806802721088435,4096,0,0,0.4435667395591736,0,67,1,67,67,67,67,0
858,4.986485260770975,4096,0,0,0.32959887385368347,0,67,1,67,67,67,67,0
859,4.992290249433107,4096,0,0,0.3023332953453064,0,67,1,67,67,67,67,0
860,4.998095238095238,4096,0,0,0.3121478259563446,0,67,1,67,67,67,67,0
861,5.00390022675737,4096,0,0,0.33862683176994324,0,67,1,67,67,67,67,0
862,5.009705215419501,4096,0,0,0.38318538665771484,0,67,1,67,67,67,67,0
863,5.015510204081632,4096,0,0,0.43506595492362976,0,67,1,67,67,67,67,0
864,5.0213151927437645,4096,0,0,0.5369075536727905,0,67,1,67,67,67,67,0
865,5.027120181405896,4096,0,0,0.46413493156433105,0,67,1,67,67,67,67,0
866,5.032925170068027,4096,0,0,0.3984309136867523,0,67,1,67,67,67,67,0
867,5.038730158730159,4096,0,0,0.3083984851837158,0,67,1,67,67,67,67,0
868,5.04453514739229,4096,0,0,0.2298918217420578,0,67,1,67,67,67,67,0
869,5.050340136054421,4096,0,0,0.22345326840877533,0,67,1,67,67,67,67,0
870,5.056145124716553,4096,0,0,0.18318207561969757,0,67,1,67,67,67,67,0
871,5.061950113378685,4096,0,0,0.16786646842956543,0,67,1,67,67,67,67,0
872,5.067755102040817,4096,0,0,0.19486869871616364,0,67,1,67,67,67,67,0
873,5.073560090702948,4096,0,0,0.17852237820625305,0,67,1,67,67,67,67,0
874,5.079365079365079,4096,0,0,0.24887455999851227,0,67,1,67,67,67,67,0
875,5.085170068027211,4096,0,0,0.3130713999271393,0,67,1,67,67,67,67,0
876,5.090975056689342,4096,0,0,0.407696396112442,0,67,1,67,67,67,67,0
877,5.0967800453514736,4096,0,0,0.3487490117549896,0,67,1,67,67,67,67,0
878,5.102585034013606,4096,0,0,0.3404099643230438,0,67,1,67,67,67,67,0
879,5.108390022675737,4096,0,0,0.3130851984024048,0,67,1,67,67,67,67,0
880,5.114195011337869,4096,0,0,0.32417139410972595,0,67,1,67,67,67,67,0
881,5.12,4096,0,0,0.37781229615211487,0,67,1,67,67,67,67,0
882,5.125804988662131,4096,0,0,0.31106212735176086,0,67,1,67,67,67,67,0
883,5.131609977324263,4096,0,0,0.24923734366893768,0,67,1,67,67,67,67,0
884,5.137414965986395,4096,0,0,0.2573094964027405,0,67,1,67,67,67,67,0
885,5.143219954648526,4096,0,0,0.16165730357170105,0,67,1,67,67,67,67,0
886,5.149024943310658,4096,0,0,0.17566585540771484,0,67,1,67,67,67,67,0
887,5.154829931972789,4096,0,0,0.1706000119447708,0,67,1,67,67,67,67,0
888,5.16063492063492,4096,0,0,0.27176591753959656,0,67,1,67,67,67,67,0
889,5.166439909297052,4096,0,0,0.3521568477153778,0,67,1,67,67,67,67,0
890,5.1722448979591835,4096,0,0,0.393419474363327,0,67,1,67,67,67,67,0
891,5.178049886621316,4096,0,0,0.37818631529808044,0,67,1,67,67,67,67,0
892,5.183854875283447,4096,0,0,0.34194862842559814,0,67,1,67,67,67,67,0
893,5.189659863945578,4096,0,0,0.3004278838634491,0,67,1,67,67,67,67,0
894,5.19546485260771,4096,0,0,0.222370907664299,0,67,1,67,67,67,67,0
895,5.201269841269841,4096,0,0,0.23980289697647095,0,67,1,67,67,67,67,0
896,5.2070748299319725,4096,0,0,0.20445562899112701,0,67,1,67,67,67,67,0
897,5.2128798185941045,4096,0,0,0.18878185749053955,0,67,1,67,67,67,67,0
898,5.218684807256236,4096,0,0,0.21284635365009308,0,67,1,67,67,67,67,0
899,5.224489795918367,4096,0,0,0.1785188466310501,0,67,1,67,67,67,67,0
900,5.230294784580499,4096,0,0,0.18427467346191406,0,67,1,67,67,67,67,0
901,5.23609977324263,4096,0,0,0.1759302318096161,0,67,1,67,67,67,67,0
902,5.241904761904762,4096,0,0,0.21962381899356842,0,67,1,67,67,67,67,0
903,5.2477097505668935,4096,0,0,0.2507099509239197,0,67,1,67,67,67,67,0
904,5.253514739229025,4096,0,0,0.2550019323825836,0,67,1,67,67,67,67,0
905,5.259319727891157,4096,0,0,0.2773791551589966,0,67,1,67,67,67,67,0
906,5.265124716553288,4096,0,0,0.24163195490837097,0,67,1,67,67,67,67,0
907,5.270929705215419,4096,0,0,0.25359004735946655,0,67,1,67,67,67,67,0
908,5.276734693877551,4096,0,0,0.21676421165466309,0,67,1,67,67,67,67,0
909,5.282539682539682,4096,0,0,0.25196412205696106,0,67,1,67,67,67,67,0
910,5.288344671201814,4096,0,0,0.3047388195991516,0,67,1,67,67,67,67,0
911,5.294149659863946,4096,0,0,0.29850730299949646,0,67,1,67,67,67,67,0
912,5.299954648526077,4096,0,0,0.3582257330417633,0,67,1,67,67,67,67,0
913,5.305759637188209,4096,0,0,0.3907194137573242,0,67,1,67,67,67,67,0
914,5.31156462585034,4096,0,0,0.40874701738357544,0,67,1,67,67,67,67,0
915,5.317369614512471,4096,0,0,0.3556983768939972,0,67,1,67,67,67,67,0
916,5.3231746031746034,4096,0,0,0.40847742557525635,0,67,1,67,67,67,67,0
917,5.328979591836735,4096,0,0,0.43700557947158813,0,67,1,67,67,67,67,0
918,5.334784580498866,4096,0,0,0.38537049293518066,0,67,1,67,67,67,67,0
919,5.340589569160998,4096,0,0,0.3886834979057312,0,67,1,67,67,67,67,0
920,5.346394557823129,4096,0,0,0.40707361698150635,0,67,1,67,67,67,67,0
921,5.352199546485261,4096,0,0,0.3740910589694977,0,67,1,67,67,67,67,0
922,5.358004535147392,4096,0,0,0.3192175328731537,0,67,1,67,67,67,67,0
923,5.363809523809524,4096,0,0,0.34818053245544434,0,67,1,67,67,67,67,0
924,5.369614512471656,4096,0,0,0.33993446826934814,0,67,1,67,67,67,67,0
925,5.375419501133787,4096,0,0,0.30272313952445984,0,67,1,67,67,67,67,0
926,5.381224489795918,4096,0,0,0.30356913805007935,0,67,1,67,67,67,67,0
927,5.38702947845805,4096,0,0,0.33141443133354187,0,67,1,67,67,67,67,0
928,5.392834467120181,4096,0,0,0.30338820815086365,0,67,1,67,67,67,67,0
929,5.3986394557823125,4096,0,0,0.274873286485672,0,67,1,67,67,67,67,0
930,5.404444444444445,4096,0,0,0.2972871959209442,0,67,1,67,67,67,67,0
931,5.410249433106576,4096,0,0,0.30234000086784363,0,67,1,67,67,67,67,0
932,5.416054421768708,4096,0,0,0.2799425721168518,0,67,1,67,67,67,67,0
933,5.421859410430839,4096,0,0,0.2855488061904907,0,67,1,67,67,67,67,0
934,5.42766439909297,4096,0,0,0.3209178149700165,0,67,1,67,67,67,67,0
935,5.433469387755102,4096,0,0,0.31205683946609497,0,67,1,67,67,67,67,0
936,5.4392743764172335,4096,0,0,0.2927420139312744,0,67,1,67,67,67,67,0
937,5.445079365079365,4096,0,0,0.3129882514476776,0,67,1,67,67,67,67,0
938,5.450884353741497,4096,0,0,0.3419901132583618,0,67,1,67,67,67,67,0
939,5.456689342403628,4096,0,0,0.3213617205619812,0,67,1,67,67,67,67,0
940,5.462494331065759,4096,0,0,0.32691365480422974,0,67,1,67,67,67,67,0
941,5.468299319727891,4096,0,0,0.3629744350910187,0,67,1,67,67,67,67,0
942,5.4741043083900225,4096,0,0,0.3709326982498169,0,67,1,67,67,67,67,0
943,5.479909297052155,4096,0,0,0.3488047122955322,0,67,1,67,67,67,67,0
944,5.485714285714286,4096,0,0,0.3735540509223938,0,67,1,67,67,67,67,0
945,5.491519274376417,4096,0,0,0.4244536757469177,0,67,1,67,67,67,67,0
946,5.497324263038549,4096,0,0,0.40478891134262085,0,67,1,67,67,67,67,0
947,5.50312925170068,4096,0,0,0.41011467576026917,0,67,1,67,67,67,67,0
948,5.508934240362811,4096,0,0,0.4507051706314087,0,67,1,67,67,67,67,0
949,5.5147392290249435,4096,0,0,0.4448951184749603,0,67,1,67,67,67,67,0
950,5.520544217687075,4096,0,0,0.4108625054359436,0,67,1,67,67,67,67,0
951,5.526349206349207,4096,0,0,0.4370885193347931,0,67,1,67,67,67,67,0
952,5.532154195011338,4096,0,0,0.4567751884460449,0,67,1,67,67,67,67,0
953,5.537959183673469,4096,0,0,0.44506534934043884,0,67,1,67,67,67,67,0
954,5.543764172335601,4096,0,0,0.43084701895713806,0,67,1,67,67,67,67,0
955,5.5495691609977325,4096,0,0,0.5043298006057739,0,67,1,67,67,67,67,0
956,5.555374149659864,4096,0,0,0.46640491485595703,0,67,1,67,67,67,67,0
957,5.561179138321996,4096,0,0,0.3661549687385559,0,67,1,67,67,67,67,0
958,5.566984126984127,4096,0,0,0.34672558307647705,0,67,1,67,67,67,67,0
959,5.572789115646258,4096,0,0,0.32036441564559937,0,67,1,67,67,67,67,0
960,5.57859410430839,4096,0,0,0.30126386880874634,0,67,1,67,67,67,67,0
961,5.584399092970521,4096,0,0,0.21810108423233032,0,67,1,67,67,67,67,0
962,5.5902040816326535,4096,0,0,0.17906886339187622,0,67,1,67,67,67,67,0
963,5.596009070294785,4096,0,0,0.1013651043176651,0,67,1,67,67,67,67,0
964,5.601814058956916,4096,0,0,0.07237841933965683,0,67,1,67,67,67,67,0
965,5.607619047619048,4096,0,0,0.04861070215702057,0,67,0,67,67,67,67,0
966,5.613424036281179,4096,0,0,0.03766041621565819,0,67,0,67,-1,-1,-1,0
967,5.61922902494331,4096,0,0,0.032874513417482376,0,67,0,67,-1,-1,-1,0
968,5.625034013605442,4096,0,0,0.02982734516263008,0,67,0,67,-1,-1,-1,0
969,5.630839002267574,4096,0,0,0.02822834439575672,0,67,0,67,-1,-1,-1,0
970,5.636643990929705,4096,0,0,0.027758819982409477,0,67,0,67,-1,-1,-1,0
971,5.642448979591837,4096,0,0,0.027680376544594765,0,67,0,67,-1,-1,-1,0
972,5.648253968253968,4096,0,0,0.02769821509718895,0,67,0,67,-1,-1,-1,0
973,5.6540589569161,4096,0,0,0.02756619267165661,0,67,0,67,-1,-1,-1,0
974,5.659863945578231,4096,0,0,0.02733519859611988,0,67,0,67,-1,-1,-1,0
975,5.6656689342403626,4096,0,0,0.028534289449453354,0,-1,0,67,-1,-1,-1,0
976,5.671473922902495,4096,0,0,0.029146121814846992,0,-1,0,67,-1,-1,-1,0
977,5.677278911564626,4096,0,0,0.028582561761140823,0,-1,0,67,-1,-1,-1,0
978,5.683083900226757,4096,0,0,0.028950568288564682,0,-1,0,67,-1,-1,-1,0
979,5.688888888888889,4096,0,0,0.028592534363269806,0,-1,0,72,-1,-1,-1,0
980,5.69469387755102,4096,0,0,0.028297292068600655,0,-1,0,72,-1,-1,-1,0
981,5.7004988662131515,4096,0,0,0.027900420129299164,0,-1,0,59,-1,-1,-1,0
982,5.706303854875284,4096,0,0,0.02800663188099861,0,-1,0,59,-1,-1,-1,0
983,5.712108843537415,4096,0,0,0.028737496584653854,0,-1,0,59,-1,-1,-1,0
984,5.717913832199547,4096,0,0,0.029071921482682228,0,-1,0,59,-1,-1,-1,0
985,5.723718820861678,4096,0,0,0.0284323338419199,0,-1,0,59,-1,-1,-1,0
986,5.729523809523809,4096,0,0,0.027762396261096,0,-1,0,59,-1,-1,-1,0
987,5.735328798185941,4096,0,0,0.027640946209430695,0,-1,0,59,-1,-1,-1,0
988,5.7411337868480725,4096,0,0,0.02752256765961647,0,-1,0,59,-1,-1,-1,0
989,5.746938775510204,4096,0,0,0.02752714976668358,0,-1,0,59,-1,-1,-1,0
990,5.752743764172336,4096,0,0,0.02763833850622177,0,-1,0,59,-1,-1,-1,0
991,5.758548752834467,4096,0,0,0.02835935726761818,0,-1,0,59,-1,-1,-1,0
992,5.764353741496599,4096,0,0,0.029140125960111618,0,-1,0,59,-1,-1,-1,0
993,5.77015873015873,4096,0,0,0.02861812524497509,0,-1,0,59,-1,-1,-1,0
994,5.7759637188208615,512,1,0,0.5868278741836548,1,-1,1,49,-1,-1,-1,0
995,5.7817687074829935,512,0,0,0.5952964425086975,1,-1,1,58,-1,-1,-1,0
996,5.787573696145125,512,0,0,0.7326844930648804,1,59,1,59,-1,-1,-1,0
997,5.793378684807256,1024,0,0,0.7795741558074951,1,59,1,59,59,59,59,0
998,5.799183673469388,1024,0,1,0.737209677696228,1,59,1,59,59,59,59,0
999,5.804988662131519,2048,0,0,0.6243413686752319,1,59,1,59,59,59,59,0
1000,5.81079365079365,2048,0,0,0.6154031157493591,1,59,1,59,59,59,59,0
1001,5.8165986394557825,2048,0,0,0.6711894273757935,1,59,1,59,59,59,59,0
1002,5.822403628117914,2048,0,0,0.7289514541625977,1,59,1,59,59,59,59,0
1003,5.828208616780046,4096,0,0,0.5918104648590088,1,59,1,59,59,59,59,0
1004,5.834013605442177,4096,0,0,0.6002954840660095,1,59,1,59,59,59,59,0
1005,5.839818594104308,4096,0,0,0.6161976456642151,1,59,1,59,59,59,59,0
1006,5.84562358276644,4096,0,0,0.564395010471344,0,59,1,59,59,59,59,0
1007,5.851428571428571,4096,0,0,0.5319876074790955,0,59,1,59,59,59,59,0
1008,5.857233560090703,4096,0,0,0.6110753417015076,1,59,1,59,59,59,59,0
1009,5.863038548752835,4096,0,0,0.6263830065727234,1,59,1,59,59,59,59,0
1010,5.868843537414966,4096,0,0,0.6065945625305176,1,59,1,59,59,59,59,0
1011,5.874648526077097,4096,0,0,0.584488034248352,0,59,1,59,59,59,59,0
1012,5.880453514739229,4096,0,0,0.558708667755127,0,59,1,59,59,59,59,0
1013,5.88625850340136,4096,0,0,0.5229061841964722,0,59,1,59,59,59,59,0
1014,5.8920634920634924,4096,0,0,0.47712916135787964,0,59,1,59,59,59,59,0
1015,5.897868480725624,4096,0,0,0.4733246862888336,0,59,1,59,59,59,59,0
1016,5.903673469387755,4096,0,0,0.47333961725234985,0,59,1,59,59,59,59,0
1017,5.909478458049887,4096,0,0,0.5501692891120911,0,59,1,59,59,59,59,0
1018,5.915283446712018,4096,0,0,0.5412168502807617,0,59,1,59,59,59,59,0
1019,5.921088435374149,4096,0,0,0.531237006187439,0,59,1,59,59,59,59,0
1020,5.926893424036281,4096,0,0,0.5203139185905457,0,59,1,59,59,59,59,0
1021,5.932698412698413,4096,0,0,0.4909345805644989,0,59,1,59,59,59,59,0
1022,5.938503401360544,4096,0,0,0.4363616406917572,0,59,1,59,59,59,59,0
1023,5.944308390022676,4096,0,0,0.46905359625816345,0,59,1,59,59,59,59,0
1024,5.950113378684807,4096,0,0,0.5419973731040955,0,59,1,59,59,59,59,0
1025,5.955918367346939,4096,0,0,0.5233310461044312,0,59,1,59,59,59,59,0
1026,5.96172335600907,4096,0,0,0.5730771422386169,0,59,1,59,59,59,59,0
1027,5.9675283446712015,4096,0,0,0.5578957796096802,0,59,1,59,59,59,59,0
1028,5.973333333333334,4096,0,0,0.5165204405784607,0,59,1,59,59,59,59,0
1029,5.979138321995465,4096,0,0,0.4807358384132385,0,59,1,59,59,59,59,0
1030,5.984943310657596,4096,0,0,0.44434988498687744,0,59,1,59,59,59,59,0
1031,5.990748299319728,4096,0,0,0.5167787671089172,0,59,1,59,59,59,59,0
1032,5.996553287981859,4096,0,0,0.5147494077682495,0,59,1,59,59,59,59,0
1033,6.002358276643991,4096,0,0,0.49906983971595764,0,59,1,59,59,59,59,0
1034,6.0081632653061225,4096,0,0,0.44004642963409424,0,59,1,59,59,59,59,0
1035,6.013968253968254,4096,0,0,0.4702925384044647,0,59,1,59,59,59,59,0
1036,6.019773242630386,4096,0,0,0.5010778903961182,0,59,1,59,59,59,59,0
1037,6.025578231292517,4096,0,0,0.48756930232048035,0,59,1,59,59,59,59,0
1038,6.031383219954648,4096,0,0,0.5048049092292786,0,59,1,59,59,59,59,0
1039,6.03718820861678,4096,0,0,0.46332985162734985,0,59,1,59,59,59,59,0
1040,6.0429931972789115,4096,0,0,0.4826681613922119,0,59,1,59,59,59,59,0
1041,6.048798185941043,4096,0,0,0.43863189220428467,0,59,1,59,59,59,59,0
1042,6.054603174603175,4096,0,0,0.3713677227497101,0,57,1,59,59,59,59,0
1043,6.060408163265306,4096,0,0,0.40591785311698914,0,57,1,59,59,59,59,0
1044,6.066213151927438,4096,0,1,0.3693288564682007,0,57,1,59,59,59,59,0
1045,6.072018140589569,4096,0,0,0.3524208962917328,0,57,1,59,59,59,59,0
1046,6.0778231292517,4096,0,0,0.4124559760093689,0,57,1,58,59,59,59,0
1047,6.0836281179138325,4096,0,0,0.3926520049571991,0,57,1,58,58,59,59,0
1048,6.089433106575964,4096,0,0,0.2868979871273041,0,57,1,58,58,59,59,0
1049,6.095238095238095,4096,0,0,0.3719434440135956,0,57,1,58,58,59,59,0
1050,6.101043083900227,4096,0,0,0.34689199924468994,0,57,1,58,58,59,59,0
1051,6.106848072562358,4096,0,0,0.28345075249671936,0,57,1,58,58,59,59,0
1052,6.112653061224489,4096,0,0,0.21704716980457306,0,57,1,58,58,59,59,0
1053,6.1184580498866215,4096,0,0,0.3052493929862976,0,57,1,58,58,59,59,0
1054,6.124263038548753,4096,0,0,0.30003929138183594,0,57,1,58,58,59,59,0
1055,6.130068027210885,4096,0,0,0.2930968701839447,0,57,1,58,58,59,59,0
1056,6.135873015873016,4096,0,0,0.3324190378189087,0,57,1,57,58,59,59,0
1057,6.141678004535147,4096,0,0,0.330331951379776,0,57,1,57,57,59,59,0
1058,6.147482993197279,4096,0,0,0.1622198224067688,0,57,1,57,57,59,59,0
1059,6.15328798185941,4096,0,0,0.27675768733024597,0,57,1,57,57,59,59,0
1060,6.159092970521542,4096,0,0,0.33022159337997437,0,57,1,57,57,59,59,0
1061,6.164897959183674,4096,0,0,0.3100135028362274,0,-1,0,57,57,59,59,0
1062,6.170702947845805,4096,0,0,0.2934287488460541,0,-1,0,57,-1,-1,-1,0
1063,6.176507936507937,4096,0,0,0.2653297781944275,0,-1,1,57,-1,-1,-1,0
1064,6.182312925170068,4096,0,0,0.26810207962989807,0,-1,1,57,57,57,57,0
1065,6.188117913832199,4096,0,0,0.22419150173664093,0,-1,0,57,57,57,57,0
1066,6.193922902494331,4096,0,0,0.22351278364658356,0,-1,1,57,57,57,57,0
1067,6.199727891156463,4096,0,0,0.23853228986263275,0,-1,1,57,57,57,57,0
1068,6.205532879818594,4096,0,0,0.23505695164203644,0,-1,1,57,57,57,57,0
1069,6.211337868480726,4096,0,0,0.21401822566986084,0,-1,1,57,57,57,57,0
1070,6.217142857142857,4096,0,0,0.23373958468437195,0,-1,1,57,57,57,57,0
1071,6.222947845804988,4096,0,0,0.24102510511875153,0,-1,1,57,57,57,57,0
1072,6.22875283446712,4096,0,0,0.17805729806423187,0,-1,1,57,57,57,57,0
1073,6.2345578231292516,4096,0,0,0.18533554673194885,0,-1,1,57,57,57,57,0
1074,6.240362811791384,4096,0,0,0.2177850753068924,0,-1,1,57,57,57,57,0
1075,6.246167800453515,4096,0,0,0.21846935153007507,0,-1,1,57,57,57,57,0
1076,6.251972789115646,4096,0,0,0.18217594921588898,0,-1,1,57,57,57,57,0
1077,6.257777777777778,4096,0,0,0.1824609637260437,0,-1,1,57,57,57,57,0
1078,6.263582766439909,4096,0,0,0.20828877389431,0,-1,1,57,57,57,57,0
1079,6.2693877551020405,4096,0,0,0.14250972867012024,0,-1,1,57,57,57,57,0
1080,6.275192743764173,4096,0,0,0.15732310712337494,0,-1,1,57,57,57,57,0
1081,6.280997732426304,4096,0,0,0.18949247896671295,0,-1,1,57,57,57,57,0
1082,6.286802721088435,4096,0,0,0.17835654318332672,0,-1,1,57,57,57,57,0
1083,6.292607709750567,4096,0,0,0.15873685479164124,0,-1,1,57,57,57,57,0
1084,6.298412698412698,4096,0,0,0.14072658121585846,0,-1,1,57,57,57,57,0
1085,6.30421768707483,4096,0,0,0.16145740449428558,0,-1,1,57,57,57,57,0
1086,6.3100226757369615,4096,0,0,0.13349312543869019,0,-1,1,57,57,57,57,0
1087,6.315827664399093,4096,0,0,0.12964580953121185,0,-1,1,57,57,57,57,0
1088,6.321632653061225,4096,0,0,0.14545927941799164,0,-1,1,57,57,57,57,0
1089,6.327437641723356,4096,0,0,0.1480119824409485,0,-1,1,57,57,57,57,0
1090,6.333242630385487,4096,0,0,0.12769213318824768,0,-1,1,57,57,57,57,0
1091,6.339047619047619,4096,0,0,0.11248891055583954,0,-1,1,57,57,57,57,0
1092,6.3448526077097505,4096,0,0,0.12856604158878326,0,-1,1,57,57,57,57,0
1093,6.350657596371882,4096,0,0,0.1271531730890274,0,-1,1,57,57,57,57,0
1094,6.356462585034014,4096,0,0,0.11662648618221283,0,-1,1,57,57,57,57,0
1095,6.362267573696145,4096,0,0,0.10899942368268967,0,-1,1,57,57,57,57,0
1096,6.368072562358277,4096,0,0,0.1268075853586197,0,-1,1,57,57,57,57,0
1097,6.373877551020408,4096,0,0,0.10054520517587662,0,-1,1,57,57,57,57,0
1098,6.379682539682539,4096,0,0,0.0996767058968544,0,-1,1,57,57,57,57,0
1099,6.3854875283446715,4096,0,0,0.11082767695188522,0,-1,1,57,57,57,57,0
1100,6.391292517006803,4096,0,0,0.11247847229242325,0,-1,1,57,57,57,57,0
1101,6.397097505668934,4096,0,0,0.10998164862394333,0,-1,1,57,57,57,57,0
1102,6.402902494331066,4096,0,0,0.08993445336818695,0,-1,1,57,57,57,57,0
1103,6.408707482993197,4096,0,0,0.10553700476884842,0,-1,1,57,57,57,57,0
1104,6.414512471655329,4096,0,0,0.08604053407907486,0,-1,1,57,57,57,57,0
1105,6.42031746031746,4096,0,0,0.08562102168798447,0,-1,1,57,57,57,57,0
1106,6.426122448979592,4096,0,0,0.09328609704971313,0,-1,1,57,57,57,57,0
1107,6.431927437641724,4096,0,0,0.09845411032438278,0,-1,1,57,57,57,57,0
1108,6.437732426303855,4096,0,0,0.09391146898269653,0,-1,1,57,57,57,57,0
1109,6.443537414965986,4096,0,0,0.08265893161296844,0,-1,1,57,57,57,57,0
1110,6.449342403628118,4096,0,0,0.08720649778842926,0,-1,1,57,57,57,57,0
1111,6.455147392290249,4096,0,0,0.0836409330368042,0,-1,1,57,57,57,57,0
1112,6.460952380952381,4096,0,0,0.08026158809661865,0,-1,1,57,57,57,57,0
1113,6.466757369614513,4096,0,0,0.0743708610534668,0,-1,1,57,57,57,57,0
1114,6.472562358276644,4096,0,0,0.08586227148771286,0,-1,1,57,57,57,57,0
1115,6.478367346938776,4096,0,0,0.08055469393730164,0,-1,1,57,57,57,57,0
1116,6.484172335600907,4096,0,0,0.07137902081012726,0,-1,1,57,57,57,57,0
1117,6.489977324263038,4096,0,0,0.07393578439950943,0,-1,1,57,57,57,57,0
1118,6.49578231292517,4096,0,0,0.07734189182519913,0,-1,1,57,57,57,57,0
1119,6.501587301587302,512,1,0,0.08227500319480896,0,-1,1,57,57,57,57,0
1120,6.507392290249433,512,0,0,0.06573022156953812,0,-1,1,57,57,57,57,0
1121,6.513197278911565,512,0,0,0.07306883484125137,0,-1,1,57,57,57,57,0
1122,6.519002267573696,1024,0,0,0.06836365908384323,0,-1,1,57,57,57,57,0
1123,6.524807256235827,1024,0,0,0.06634465605020523,0,-1,1,57,57,57,57,0
1124,6.530612244897959,2048,0,0,0.06986761838197708,0,-1,1,57,57,57,57,0
1125,6.5364172335600905,2048,0,0,0.0743880420923233,0,-1,1,57,57,57,57,0
1126,6.542222222222223,2048,0,0,0.07538419961929321,0,-1,1,57,57,57,57,0
1127,6.548027210884354,2048,0,0,0.06494009494781494,0,-1,1,57,57,57,57,0
1128,6.553832199546485,4096,0,0,0.06557413190603256,0,-1,1,57,57,57,57,0
1129,6.559637188208617,4096,0,0,0.06367377936840057,0,-1,1,57,57,57,57,0
1130,6.565442176870748,4096,0,0,0.06526777893304825,0,-1,1,57,57,57,57,0
1131,6.5712471655328795,4096,0,0,0.05787502974271774,0,-1,1,57,57,57,57,0
1132,6.5770521541950115,4096,0,0,0.06452815234661102,0,-1,0,57,57,57,57,0
1133,6.582857142857143,4096,0,0,0.06671915203332901,0,-1,0,57,-1,-1,-1,0
1134,6.588662131519274,4096,0,0,0.06003647297620773,0,-1,0,57,-1,-1,-1,0
1135,6.594467120181406,512,1,0,0.057782936841249466,0,-1,1,57,-1,-1,-1,0
1136,6.600272108843537,512,0,0,0.05986920744180679,0,-1,1,57,57,57,57,0
1137,6.606077097505669,512,0,0,0.06115665286779404,0,-1,1,57,57,57,57,0
1138,6.6118820861678005,1024,0,0,0.05216651409864426,0,-1,1,57,57,57,57,0
1139,6.617687074829932,1024,0,0,0.05610983073711395,0,-1,1,57,57,57,57,0
1140,6.623492063492064,2048,0,0,0.054151780903339386,0,-1,1,57,57,57,57,0
1141,6.629297052154195,2048,0,0,0.05288513004779816,0,-1,1,57,57,57,57,0
1142,6.635102040816326,2048,0,0,0.0523550882935524,0,-1,1,57,57,57,57,0
1143,6.640907029478458,2048,0,0,0.055901482701301575,0,-1,1,57,57,57,57,0
1144,6.646712018140589,4096,0,0,0.058917608112096786,0,-1,0,57,57,57,57,0
1145,6.6525170068027215,4096,0,0,0.05252574011683464,0,-1,0,57,-1,-1,-1,0
1146,6.658321995464853,4096,0,0,0.0517805777490139,0,-1,0,57,-1,-1,-1,0
1147,6.664126984126984,4096,0,0,0.0518777072429657,0,-1,0,57,-1,-1,-1,0
1148,6.669931972789116,4096,0,0,0.05317920446395874,0,-1,0,57,-1,-1,-1,0
1149,6.675736961451247,4096,0,0,0.04782857745885849,0,-1,0,57,-1,-1,-1,0
1150,6.681541950113378,4096,0,0,0.05147898197174072,0,-1,0,57,-1,-1,-1,0
1151,6.6873469387755105,4096,0,0,0.053689487278461456,0,-1,0,57,-1,-1,-1,0
1152,6.693151927437642,4096,0,0,0.05046519264578819,0,-1,0,57,-1,-1,-1,0
1153,6.698956916099773,512,1,0,0.048960763961076736,0,-1,1,69,-1,-1,-1,0
1154,6.704761904761905,512,0,0,0.05067098140716553,0,-1,1,69,69,69,69,0
1155,6.710566893424036,512,0,0,0.052836451679468155,0,-1,1,69,69,69,69,0
1156,6.716371882086168,1024,0,0,0.04354742169380188,0,-1,1,57,69,69,69,0
1157,6.722176870748299,1024,0,0,0.047204986214637756,0,-1,1,57,57,69,69,0
1158,6.727981859410431,2048,0,0,0.04718836024403572,0,-1,1,57,57,69,69,0
1159,6.733786848072563,2048,0,0,0.04602261632680893,0,-1,1,57,57,69,69,0
1160,6.739591836734694,2048,0,0,0.0451512448489666,0,-1,1,57,57,69,69,0
1161,6.745396825396825,2048,0,0,0.047109294682741165,0,-1,1,57,57,69,69,0
1162,6.751201814058957,4096,0,0,0.04972786828875542,0,-1,0,57,57,69,69,0
1163,6.757006802721088,4096,0,0,0.045872077345848083,0,-1,0,57,-1,-1,-1,0
1164,6.7628117913832195,4096,0,0,0.04654596373438835,0,-1,0,57,-1,-1,-1,0
1165,6.768616780045352,4096,0,0,0.04551742598414421,0,-1,0,57,-1,-1,-1,0
1166,6.774421768707483,4096,0,0,0.04696562513709068,0,-1,0,57,-1,-1,-1,0
1167,6.780226757369615,4096,0,0,0.044066887348890305,0,-1,0,69,-1,-1,-1,0
1168,6.786031746031746,4096,0,0,0.04784274846315384,0,-1,0,69,-1,-1,-1,0
1169,6.791836734693877,4096,0,0,0.048014938831329346,0,-1,0,69,-1,-1,-1,0
1170,6.797641723356009,4096,0,0,0.04679883271455765,0,-1,0,69,-1,-1,-1,0
1171,6.8034467120181406,4096,0,0,0.043759409338235855,0,-1,0,69,-1,-1,-1,0
1172,6.809251700680272,4096,0,0,0.04539041593670845,0,-1,0,69,-1,-1,-1,0
1173,6.815056689342404,4096,0,0,0.04638681188225746,0,-1,0,69,-1,-1,-1,0
1174,6.820861678004535,4096,0,0,0.04071126505732536,0,-1,0,69,-1,-1,-1,0
1175,6.826666666666667,4096,0,0,0.0432823970913887,0,-1,0,69,-1,-1,-1,0
1176,6.832471655328798,4096,0,0,0.041879184544086456,0,-1,0,69,-1,-1,-1,0
1177,6.8382766439909295,4096,0,0,0.044050462543964386,0,-1,0,69,-1,-1,-1,0
1178,6.844081632653062,512,1,0,0.3699009120464325,0,-1,1,55,-1,-1,-1,0
1179,6.849886621315193,512,0,0,0.42784422636032104,0,-1,1,65,-1,-1,-1,0
1180,6.855691609977324,512,0,0,0.4461280107498169,0,66,1,66,-1,-1,-1,0
1181,6.861496598639456,1024,0,0,0.44084545969963074,0,66,1,66,66,66,66,0
1182,6.867301587301587,1024,0,1,0.4445734918117523,0,66,1,66,66,66,66,0
1183,6.873106575963718,2048,0,0,0.45526352524757385,0,66,1,66,66,66,66,0
1184,6.8789115646258505,2048,0,0,0.43344488739967346,0,66,1,66,66,66,66,0
1185,6.884716553287982,2048,0,0,0.4623306691646576,0,66,1,66,66,66,66,0
1186,6.890521541950114,2048,0,0,0.4446437656879425,0,66,1,66,66,66,66,0
1187,6.896326530612245,4096,0,0,0.4135199189186096,0,66,0,66,66,66,66,0
1188,6.902131519274376,4096,0,0,0.406695157289505,0,66,0,66,-1,-1,-1,0
1189,6.907936507936508,4096,0,0,0.3986018896102905,0,66,0,66,-1,-1,-1,0
1190,6.9137414965986395,4096,0,0,0.41777917742729187,0,66,1,66,-1,-1,-1,0
1191,6.919546485260771,4096,0,0,0.4143508970737457,0,66,1,66,66,66,66,0
1192,6.925351473922903,4096,0,0,0.4482880234718323,0,66,1,66,66,66,66,0
1193,6.931156462585034,4096,0,0,0.45319226384162903,0,66,1,66,66,66,66,0
1194,6.936961451247165,4096,0,0,0.43130379915237427,0,66,1,66,66,66,66,0
1195,6.942766439909297,4096,0,0,0.4087769687175751,0,66,1,66,66,66,66,0
1196,6.948571428571428,4096,0,0,0.3979426622390747,0,66,1,66,66,66,66,0
1197,6.9543764172335605,4096,0,0,0.4143398404121399,0,66,1,66,66,66,66,0
1198,6.960181405895692,4096,0,0,0.40459638833999634,0,66,1,66,66,66,66,0
1199,6.965986394557823,4096,0,0,0.3966578543186188,0,66,1,66,66,66,66,0
1200,6.971791383219955,4096,0,0,0.4165393114089966,0,66,1,66,66,66,66,0
1201,6.977596371882086,4096,0,0,0.4021979570388794,0,66,1,66,66,66,66,0
1202,6.983401360544217,4096,0,0,0.36850717663764954,0,66,1,66,66,66,66,0
1203,6.989206349206349,4096,0,0,0.3641897737979889,0,66,1,66,66,66,66,0
1204,6.995011337868481,4096,0,0,0.37086525559425354,0,66,1,66,66,66,66,0
1205,7.000816326530612,4096,0,0,0.3728964626789093,0,66,1,66,66,66,66,0
1206,7.006621315192744,4096,0,0,0.3590129315853119,0,66,1,66,66,66,66,0
1207,7.012426303854875,4096,0,0,0.37897270917892456,0,66,1,66,66,66,66,0
1208,7.018231292517007,4096,0,0,0.3755655586719513,0,66,1,66,66,66,66,0
1209,7.024036281179138,4096,0,0,0.3440192639827728,0,66,1,66,66,66,66,0
1210,7.02984126984127,4096,0,0,0.33725959062576294,0,66,1,66,66,66,66,0
1211,7.035646258503402,4096,0,0,0.3346514105796814,0,66,1,66,66,66,66,0
1212,7.041451247165533,4096,0,0,0.34513190388679504,0,66,1,66,66,66,66,0
1213,7.047256235827664,4096,0,0,0.3248484134674072,0,66,1,66,66,66,66,0
1214,7.053061224489796,4096,0,0,0.3359450697898865,0,66,1,66,66,66,66,0
1215,7.058866213151927,4096,0,0,0.3415316641330719,0,66,1,66,66,66,66,0
1216,7.064671201814059,4096,0,0,0.3140604794025421,0,66,1,66,66,66,66,0
1217,7.070476190476191,4096,0,0,0.31463533639907837,0,66,1,66,66,66,66,0
1218,7.076281179138322,4096,0,0,0.3099000155925751,0,66,1,66,66,66,66,0
1219,7.082086167800454,4096,0,0,0.33097043633461,0,66,1,66,66,66,66,0
1220,7.087891156462585,4096,0,0,0.3181172013282776,0,66,1,66,66,66,66,0
1221,7.093696145124716,4096,0,0,0.31308212876319885,0,66,1,66,66,66,66,0
1222,7.099501133786848,4096,0,0,0.3295106887817383,0,66,1,66,66,66,66,0
1223,7.1053061224489795,4096,0,0,0.3104451894760132,0,66,1,66,66,66,66,0
1224,7.111111111111111,4096,0,0,0.311737060546875,0,66,1,66,66,66,66,0
1225,7.116916099773243,4096,0,0,0.30026566982269287,0,66,1,66,66,66,66,0
1226,7.122721088435374,4096,0,0,0.32452744245529175,0,66,1,66,66,66,66,0
1227,7.128526077097506,4096,0,0,0.3210097551345825,0,66,1,66,66,66,66,0
1228,7.134331065759637,4096,0,0,0.30507922172546387,0,66,1,66,66,66,66,0
1229,7.1401360544217685,4096,0,0,0.32415732741355896,0,66,1,66,66,66,66,0
1230,7.1459410430839005,4096,0,0,0.3158705234527588,0,66,1,66,66,66,66,0
1231,7.151746031746032,4096,0,0,0.3062784671783447,0,66,1,66,66,66,66,0
1232,7.157551020408163,4096,0,0,0.29836270213127136,0,66,1,66,66,66,66,0
1233,7.163356009070295,4096,0,0,0.31181710958480835,0,66,1,66,66,66,66,0
1234,7.169160997732426,4096,0,0,0.33018437027931213,0,66,1,66,66,66,66,0
1235,7.174965986394557,4096,0,0,0.3132595419883728,0,66,1,66,66,66,66,0
1236,7.1807709750566895,4096,0,0,0.3267211318016052,0,66,1,66,66,66,66,0
1237,7.186575963718821,4096,0,0,0.3301973342895508,0,66,1,66,66,66,66,0
1238,7.192380952380953,4096,0,0,0.3110978901386261,0,66,1,66,66,66,66,0
1239,7.198185941043084,4096,0,0,0.30564430356025696,0,66,1,66,66,66,66,0
1240,7.203990929705215,4096,0,0,0.30928370356559753,0,66,1,66,66,66,66,0
1241,7.209795918367347,4096,0,0,0.3395204246044159,0,66,1,66,66,66,66,0
1242,7.215600907029478,4096,0,0,0.319678395986557,0,66,1,66,66,66,66,0
1243,7.22140589569161,4096,0,0,0.3218432068824768,0,66,1,66,66,66,66,0
1244,7.227210884353742,4096,0,0,0.337510883808136,0,66,1,66,66,66,66,0
1245,7.233015873015873,4096,0,0,0.31590536236763,0,66,1,66,66,66,66,0
1246,7.238820861678004,4096,0,0,0.3174535632133484,0,66,1,66,66,66,66,0
1247,7.244625850340136,4096,0,0,0.3045305907726288,0,66,1,66,66,66,66,0
1248,7.250430839002267,4096,0,0,0.3385717570781708,0,66,1,66,66,66,66,0
1249,7.2562358276643995,4096,0,0,0.33134201169013977,0,66,1,66,66,66,66,0
1250,7.262040816326531,4096,0,0,0.31012409925460815,0,66,1,66,66,66,66,0
1251,7.267845804988662,4096,0,0,0.33548542857170105,0,66,1,66,66,66,66,0
1252,7.273650793650794,4096,0,0,0.31901299953460693,0,66,1,66,66,66,66,0
1253,7.279455782312925,4096,0,0,0.3174535036087036,0,66,1,66,66,66,66,0
1254,7.285260770975056,4096,0,0,0.30135753750801086,0,66,1,66,66,66,66,0
1255,7.291065759637188,4096,0,0,0.32982587814331055,0,66,1,66,66,66,66,0
1256,7.29687074829932,4096,0,0,0.34037134051322937,0,66,1,66,66,66,66,0
1257,7.302675736961452,4096,0,0,0.31435781717300415,0,66,1,66,66,66,66,0
1258,7.308480725623583,4096,0,0,0.3255594074726105,0,66,1,66,66,66,66,0
1259,7.314285714285714,4096,0,0,0.32169651985168457,0,66,1,66,66,66,66,0
1260,7.320090702947846,4096,0,0,0.31728652119636536,0,66,1,66,66,66,66,0
1261,7.325895691609977,4096,0,0,0.2977510392665863,0,66,1,66,66,66,66,0
1262,7.3317006802721085,4096,0,0,0.3087335228919983,0,66,1,66,66,66,66,0
1263,7.337505668934241,4096,0,0,0.3392201066017151,0,66,1,66,66,66,66,0
1264,7.343310657596372,4096,0,0,0.31226879358291626,0,66,1,66,66,66,66,0
1265,7.349115646258503,4096,0,0,0.3131054639816284,0,66,1,66,66,66,66,0
1266,7.354920634920635,4096,0,0,0.32286494970321655,0,66,1,66,66,66,66,0
1267,7.360725623582766,4096,0,0,0.3117849826812744,0,66,1,66,66,66,66,0
1268,7.366530612244898,4096,0,0,0.30248627066612244,0,66,1,66,66,66,66,0
1269,7.3723356009070296,4096,0,0,0.29387518763542175,0,66,1,66,66,66,66,0
1270,7.378140589569161,4096,0,0,0.33559930324554443,0,66,1,66,66,66,66,0
1271,7.383945578231293,4096,0,0,0.3213944137096405,0,66,1,66,66,66,66,0
1272,7.389750566893424,4096,0,0,0.29929131269454956,0,66,1,66,66,66,66,0
1273,7.395555555555555,4096,0,0,0.31699424982070923,0,66,1,66,66,66,66,0
1274,7.401360544217687,4096,0,0,0.30667340755462646,0,66,1,66,66,66,66,0
1275,7.4071655328798185,4096,0,0,0.3086458742618561,0,66,1,66,66,66,66,0
1276,7.41297052154195,4096,0,0,0.2917546033859253,0,66,1,66,66,66,66,0
1277,7.418775510204082,4096,0,0,0.3225332796573639,0,66,1,66,66,66,66,0
1278,7.424580498866213,4096,0,0,0.3267940878868103,0,66,1,66,66,66,66,0
1279,7.430385487528345,4096,0,0,0.3012572228908539,0,66,1,66,66,66,66,0
1280,7.436190476190476,4096,0,0,0.3141554892063141,0,66,1,66,66,66,66,0
1281,7.441995464852607,4096,0,0,0.30801838636398315,0,66,1,66,66,66,66,0
1282,7.4478004535147395,4096,0,0,0.3098326623439789,0,66,1,66,66,66,66,0
1283,7.453605442176871,4096,0,0,0.2889862060546875,0,66,1,66,66,66,66,0
1284,7.459410430839002,4096,0,0,0.3026048243045807,0,66,1,66,66,66,66,0
1285,7.465215419501134,4096,0,0,0.3299117982387543,0,66,1,66,66,66,66,0
1286,7.471020408163265,4096,0,0,0.3040377199649811,0,66,1,66,66,66,66,0
1287,7.476825396825397,4096,0,0,0.296572744846344,0,66,1,66,66,66,66,0
1288,7.4826303854875285,4096,0,0,0.30327847599983215,0,66,1,66,66,66,66,0
1289,7.48843537414966,4096,0,0,0.3073619306087494,0,66,1,66,66,66,66,0
1290,7.494240362811792,4096,0,0,0.2879096567630768,0,66,1,66,66,66,66,0
1291,7.500045351473923,4096,0,0,0.2843919098377228,0,66,1,66,66,66,66,0
1292,7.505850340136054,4096,0,0,0.3233858644962311,0,66,1,66,66,66,66,0
1293,7.511655328798186,4096,0,0,0.3062499165534973,0,66,1,66,66,66,66,0
1294,7.517460317460317,4096,0,0,0.28471678495407104,0,66,1,66,66,66,66,0
1295,7.523265306122449,4096,0,0,0.3021378815174103,0,66,1,66,66,66,66,0
1296,7.529070294784581,4096,0,0,0.3036203682422638,0,66,1,66,66,66,66,0
1297,7.534875283446712,4096,0,0,0.2924306094646454,0,66,1,66,66,66,66,0
1298,7.540680272108844,4096,0,0,0.2779088616371155,0,66,1,66,66,66,66,0
1299,7.546485260770975,4096,0,0,0.3130582571029663,0,66,1,66,66,66,66,0
1300,7.552290249433106,4096,0,0,0.3106502592563629,0,66,1,66,66,66,66,0
1301,7.558095238095238,4096,0,0,0.2774336040019989,0,66,1,66,66,66,66,0
1302,7.56390022675737,4096,0,0,0.29292112588882446,0,66,1,66,66,66,66,0
1303,7.569705215419501,4096,0,0,0.2999977171421051,0,66,1,66,66,66,66,0
1304,7.575510204081633,4096,0,0,0.2897237241268158,0,66,1,66,66,66,66,0
1305,7.581315192743764,4096,0,0,0.22557292878627777,0,66,1,66,66,66,66,0
1306,7.587120181405895,4096,0,0,0.17755790054798126,0,66,1,66,66,66,66,0
1307,7.592925170068027,4096,0,0,0.12938402593135834,0,66,1,66,66,66,66,0
1308,7.598730158730159,4096,0,0,0.07128451019525528,0,66,1,66,66,66,66,0
1309,7.604535147392291,4096,0,0,0.042893629521131516,0,66,0,66,66,66,66,0
1310,7.610340136054422,4096,0,0,0.03362717851996422,0,66,0,66,-1,-1,-1,0
1311,7.616145124716553,4096,0,0,0.030574684962630272,0,66,0,66,-1,-1,-1,0
1312,7.621950113378685,4096,0,0,0.028739243745803833,0,66,0,66,-1,-1,-1,0
1313,7.627755102040816,4096,0,0,0.027485068887472153,0,66,0,66,-1,-1,-1,0
1314,7.6335600907029475,4096,0,0,0.02744337171316147,0,66,0,66,-1,-1,-1,0
1315,7.63936507936508,4096,0,0,0.028123704716563225,0,-1,0,66,-1,-1,-1,0
1316,7.645170068027211,4096,0,0,0.029623348265886307,0,-1,0,66,-1,-1,-1,0
1317,7.650975056689342,4096,0,0,0.02996542491018772,0,-1,0,66,-1,-1,-1,0
1318,7.656780045351474,4096,0,0,0.02983158826828003,0,-1,0,66,-1,-1,-1,0
1319,7.662585034013605,4096,0,0,0.030741043388843536,0,-1,0,66,-1,-1,-1,0
1320,7.668390022675737,4096,0,0,0.03139978647232056,0,-1,0,72,-1,-1,-1,0
1321,7.6741950113378685,4096,0,0,0.031080717220902443,0,-1,0,72,-1,-1,-1,0
1322,7.68,4096,0,0,0.03058021329343319,0,-1,0,72,-1,-1,-1,0
1323,7.685804988662132,4096,0,0,0.03085341677069664,0,-1,0,72,-1,-1,-1,0
1324,7.691609977324263,4096,0,0,0.03196846321225166,0,-1,0,72,-1,-1,-1,0
1325,7.697414965986394,4096,0,0,0.0335591584444046,0,-1,0,72,-1,-1,-1,0
1326,7.703219954648526,4096,0,0,0.034434687346220016,0,-1,0,72,-1,-1,-1,0
1327,7.7090249433106575,4096,0,0,0.03360847383737564,0,-1,0,72,-1,-1,-1,0
1328,7.7148299319727895,4096,0,0,0.03145807981491089,0,-1,0,72,-1,-1,-1,0
1329,7.720634920634921,4096,0,0,0.03002791665494442,0,-1,0,72,-1,-1,-1,0
1330,7.726439909297052,4096,0,0,0.029527168720960617,0,-1,0,72,-1,-1,-1,0
1331,7.732244897959184,4096,0,0,0.030002059414982796,0,-1,0,72,-1,-1,-1,0
1332,7.738049886621315,4096,0,0,0.030322078615427017,0,-1,0,72,-1,-1,-1,0
1333,7.743854875283446,4096,0,0,0.030738186091184616,0,-1,0,72,-1,-1,-1,0
1334,7.7496598639455785,4096,0,0,0.029975149780511856,0,-1,0,72,-1,-1,-1,0
1335,7.75546485260771,512,1,0,0.5020850300788879,0,-1,1,59,-1,-1,-1,0
1336,7.761269841269841,512,0,0,0.6790347695350647,1,-1,1,55,-1,-1,-1,0
1337,7.767074829931973,512,0,0,0.8226853013038635,1,57,1,57,-1,-1,-1,0
1338,7.772879818594104,1024,0,0,0.8231773376464844,1,57,1,57,57,57,57,0
1339,7.778684807256236,1024,0,1,0.7573080062866211,1,57,1,57,57,57,57,0
1340,7.784489795918367,2048,0,0,0.7662365436553955,1,57,1,57,57,57,57,0
1341,7.790294784580499,2048,0,0,0.7689188718795776,1,57,1,57,57,57,57,0
1342,7.796099773242631,2048,0,0,0.778540849685669,1,57,1,57,57,57,57,0
1343,7.801904761904762,2048,0,0,0.7299521565437317,1,57,1,57,57,57,57,0
1344,7.807709750566893,4096,0,0,0.7212170958518982,1,57,0,57,57,57,57,0
1345,7.813514739229025,4096,0,0,0.6598248481750488,1,57,0,57,-1,-1,-1,0
1346,7.819319727891156,4096,0,0,0.6697801947593689,1,57,1,57,-1,-1,-1,0
1347,7.825124716553288,4096,0,0,0.6693994402885437,1,57,1,57,57,57,57,0
1348,7.83092970521542,4096,0,0,0.6388677358627319,1,57,1,57,57,57,57,0
1349,7.836734693877551,4096,0,0,0.69764643907547,1,57,1,57,57,57,57,0
1350,7.842539682539683,4096,0,0,0.644607424736023,1,57,1,57,57,57,57,0
1351,7.848344671201814,4096,0,0,0.6053410768508911,1,57,1,57,57,57,57,0
1352,7.854149659863945,4096,0,0,0.6321442127227783,1,57,1,57,57,57,57,0
1353,7.859954648526077,4096,0,0,0.6220578551292419,1,57,1,57,57,57,57,0
1354,7.865759637188209,4096,0,0,0.5711575746536255,0,57,1,57,57,57,57,0
1355,7.87156462585034,4096,0,0,0.6021283268928528,1,57,1,57,57,57,57,0
1356,7.877369614512472,4096,0,0,0.5565581917762756,0,57,1,57,57,57,57,0
1357,7.883174603174603,4096,0,0,0.5822370648384094,0,57,1,57,57,57,57,0
1358,7.888979591836734,4096,0,0,0.5778639316558838,0,57,1,57,57,57,57,0
1359,7.894784580498866,4096,0,0,0.540974497795105,0,57,1,57,57,57,57,0
1360,7.9005895691609975,4096,0,0,0.5748031735420227,0,57,1,57,57,57,57,0
1361,7.90639455782313,4096,0,0,0.5607710480690002,0,57,1,57,57,57,57,0
1362,7.912199546485261,4096,0,0,0.5323439240455627,0,57,1,57,57,57,57,0
1363,7.918004535147392,4096,0,0,0.4503488540649414,0,57,1,57,57,57,57,0
1364,7.923809523809524,4096,0,0,0.5053986310958862,0,57,1,57,57,57,57,0
1365,7.929614512471655,4096,0,0,0.5317496657371521,0,57,1,57,57,57,57,0
1366,7.9354195011337865,4096,0,0,0.43286702036857605,0,57,1,57,57,57,57,0
1367,7.9412244897959186,4096,0,0,0.5122163891792297,0,57,1,57,57,57,57,0
1368,7.94702947845805,4096,0,0,0.5141981244087219,0,57,1,57,57,57,57,0
1369,7.952834467120182,4096,0,0,0.4860554337501526,0,57,1,57,57,57,57,0
1370,7.958639455782313,4096,0,0,0.4583454430103302,0,57,1,57,57,57,57,0
1371,7.964444444444444,4096,0,0,0.4874003529548645,0,57,1,57,57,57,57,0
1372,7.970249433106576,4096,0,0,0.5024140477180481,0,57,1,57,57,57,57,0
1373,7.9760544217687075,4096,0,0,0.42104411125183105,0,57,1,57,57,57,57,0
1374,7.981859410430839,4096,0,0,0.3926980495452881,0,57,1,57,57,57,57,0
1375,7.987664399092971,4096,0,0,0.45048171281814575,0,57,1,57,57,57,57,0
1376,7.993469387755102,4096,0,0,0.4175596237182617,0,57,1,57,57,57,57,0
1377,7.999274376417233,4096,0,0,0.3978087306022644,0,57,1,57,57,57,57,0
1378,8.005079365079364,4096,0,0,0.40133392810821533,0,57,1,57,57,57,57,0
1379,8.010884353741497,4096,0,0,0.40968558192253113,0,57,1,57,57,57,57,0
1380,8.016689342403629,4096,0,0,0.37834078073501587,0,57,1,57,57,57,57,0
1381,8.02249433106576,4096,0,0,0.3241726756095886,0,57,1,57,57,57,57,0
1382,8.028299319727891,4096,0,0,0.3573991358280182,0,57,1,57,57,57,57,0
1383,8.034104308390022,4096,0,0,0.35832712054252625,0,57,1,57,57,57,57,0
1384,8.039909297052155,4096,0,0,0.42924991250038147,0,57,1,57,57,57,57,0
1385,8.045714285714286,4096,0,0,0.40850380063056946,0,55,1,57,57,57,57,0
1386,8.051519274376417,4096,0,0,0.4338783025741577,0,55,1,57,57,57,57,0
1387,8.057324263038549,4096,0,1,0.40170231461524963,0,55,1,57,57,57,57,0
1388,8.06312925170068,4096,0,0,0.36821848154067993,0,55,1,57,57,57,57,0
1389,8.068934240362811,4096,0,0,0.3708312511444092,0,55,1,57,57,57,57,0
1390,8.074739229024944,4096,0,0,0.34799349308013916,0,55,1,57,57,57,57,0
1391,8.080544217687075,4096,0,0,0.39531654119491577,0,55,1,56,57,57,57,0
1392,8.086349206349206,4096,0,0,0.42338234186172485,0,55,1,56,56,57,57,0
1393,8.092154195011338,4096,0,0,0.3663506507873535,0,55,1,56,56,57,57,0
1394,8.097959183673469,4096,0,0,0.33177515864372253,0,55,1,56,56,57,57,0
1395,8.103764172335602,4096,0,0,0.28131958842277527,0,55,1,56,56,57,57,0
1396,8.109569160997733,4096,0,0,0.26448091864585876,0,55,1,56,56,57,57,0
1397,8.115374149659864,4096,0,0,0.2857796549797058,0,55,1,56,56,57,57,0
1398,8.121179138321995,4096,0,0,0.27599841356277466,0,55,1,56,56,57,57,0
1399,8.126984126984127,4096,0,0,0.2676270008087158,0,55,1,56,56,57,57,0
1400,8.132789115646258,4096,0,0,0.25015196204185486,0,55,1,55,56,57,57,0
1401,8.13859410430839,4096,0,0,0.22700254619121552,0,55,1,55,55,57,57,0
1402,8.144399092970522,4096,0,0,0.22561389207839966,0,55,1,55,55,57,57,0
1403,8.150204081632653,4096,0,0,0.2239784300327301,0,55,1,55,55,57,57,0
1404,8.156009070294784,4096,0,0,0.2535404562950134,0,55,1,55,55,57,57,0
1405,8.161814058956915,4096,0,0,0.2275753617286682,0,55,1,55,55,57,57,0
1406,8.167619047619048,4096,0,0,0.2195555716753006,0,55,1,55,55,57,57,0
1407,8.17342403628118,4096,0,0,0.20201537013053894,0,55,1,55,55,57,57,0
1408,8.17922902494331,4096,0,0,0.1819421648979187,0,55,1,55,55,57,57,0
1409,8.185034013605442,4096,0,0,0.1677069216966629,0,55,1,55,55,57,57,0
1410,8.190839002267573,4096,0,0,0.16697628796100616,0,55,1,55,55,57,57,0
1411,8.196643990929704,4096,0,0,0.1983277052640915,0,55,1,55,55,57,57,0
1412,8.202448979591837,4096,0,0,0.15857820212841034,0,55,1,55,55,57,57,0
1413,8.208253968253969,4096,0,0,0.16026797890663147,0,55,1,55,55,57,57,0
1414,8.2140589569161,512,1,0,0.13125872611999512,0,55,1,55,55,57,57,0
1415,8.219863945578231,512,0,0,0.1261771023273468,0,55,1,55,55,57,57,0
1416,8.225668934240362,512,0,0,0.11543017625808716,0,55,1,55,55,57,57,0
1417,8.231473922902495,1024,0,0,0.11128026992082596,0,55,1,55,55,57,57,0
1418,8.237278911564626,1024,0,0,0.12368246912956238,0,55,1,55,55,57,57,0
1419,8.243083900226758,2048,0,0,0.09386993199586868,0,55,1,55,55,57,57,0
1420,8.248888888888889,2048,0,0,0.09659504890441895,0,55,1,55,55,57,57,0
1421,8.25469387755102,2048,0,0,0.07580430805683136,0,55,1,55,55,57,57,0
1422,8.260498866213151,2048,0,0,0.0725422203540802,0,55,1,55,55,57,57,0
1423,8.266303854875284,4096,0,0,0.06504421681165695,0,55,0,55,55,57,57,0
1424,8.272108843537415,4096,0,0,0.06254644691944122,0,55,0,55,-1,-1,-1,0
1425,8.277913832199546,4096,0,0,0.06722267717123032,0,55,0,55,-1,-1,-1,0
1426,8.283718820861678,4096,0,0,0.05466170981526375,0,-1,0,55,-1,-1,-1,0
1427,8.289523809523809,4096,0,0,0.0570010282099247,0,-1,0,55,-1,-1,-1,0
1428,8.295328798185942,4096,0,0,0.04859123378992081,0,-1,0,55,-1,-1,-1,0
1429,8.301133786848073,4096,0,0,0.04976499453186989,0,-1,0,55,-1,-1,-1,0
1430,8.306938775510204,4096,0,0,0.0468844436109066,0,-1,0,55,-1,-1,-1,0
1431,8.312743764172335,4096,0,0,0.04541011527180672,0,-1,0,55,-1,-1,-1,0
1432,8.318548752834467,4096,0,0,0.04805475100874901,0,-1,0,55,-1,-1,-1,0
1433,8.324353741496598,4096,0,0,0.04413861781358719,0,-1,0,55,-1,-1,-1,0
1434,8.33015873015873,4096,0,0,0.04634346440434456,0,-1,0,55,-1,-1,-1,0
1435,8.335963718820862,4096,0,0,0.04210634157061577,0,-1,0,55,-1,-1,-1,0
1436,8.341768707482993,4096,0,0,0.04209960252046585,0,-1,0,55,-1,-1,-1,0
1437,8.347573696145124,4096,0,0,0.04082649573683739,0,-1,0,55,-1,-1,-1,0
1438,8.353378684807256,4096,0,0,0.03981500491499901,0,-1,0,55,-1,-1,-1,0
1439,8.359183673469389,4096,0,0,0.0413207970559597,0,-1,0,55,-1,-1,-1,0
1440,8.36498866213152,4096,0,0,0.04043731465935707,0,-1,0,55,-1,-1,-1,0
1441,8.370793650793651,4096,0,0,0.03968524560332298,0,-1,0,55,-1,-1,-1,0
1442,8.376598639455782,4096,0,0,0.037315692752599716,0,-1,0,55,-1,-1,-1,0
1443,8.382403628117913,4096,0,0,0.03830103576183319,0,-1,0,55,-1,-1,-1,0
1444,8.388208616780044,4096,0,0,0.037808097898960114,0,-1,0,55,-1,-1,-1,0
1445,8.394013605442177,4096,0,0,0.038207728415727615,0,-1,0,55,-1,-1,-1,0
1446,8.399818594104309,4096,0,0,0.037686947733163834,0,-1,0,55,-1,-1,-1,0
1447,8.40562358276644,4096,0,0,0.03755749762058258,0,-1,0,55,-1,-1,-1,0
1448,8.411428571428571,4096,0,0,0.037564411759376526,0,-1,0,55,-1,-1,-1,0
1449,8.417233560090702,4096,0,0,0.03566616773605347,0,-1,0,55,-1,-1,-1,0
1450,8.423038548752835,4096,0,0,0.035773199051618576,0,-1,0,55,-1,-1,-1,0
1451,8.428843537414966,4096,0,0,0.035540949553251266,0,-1,0,55,-1,-1,-1,0
1452,8.434648526077098,4096,0,0,0.03689001873135567,0,-1,0,55,-1,-1,-1,0
1453,8.440453514739229,4096,0,0,0.03651098906993866,0,-1,0,55,-1,-1,-1,0
1454,8.44625850340136,4096,0,0,0.036316923797130585,0,-1,0,55,-1,-1,-1,0
1455,8.452063492063493,4096,0,0,0.03503723815083504,0,-1,0,55,-1,-1,-1,0
1456,8.457868480725624,4096,0,0,0.0347551666200161,0,-1,0,55,-1,-1,-1,0
1457,8.463673469387755,4096,0,0,0.03408543020486832,0,-1,0,55,-1,-1,-1,0
1458,8.469478458049887,4096,0,0,0.03350619226694107,0,-1,0,55,-1,-1,-1,0
1459,8.475283446712018,4096,0,0,0.03397343307733536,0,-1,0,55,-1,-1,-1,0
1460,8.481088435374149,4096,0,0,0.033025484532117844,0,-1,0,55,-1,-1,-1,0
1461,8.486893424036282,4096,0,0,0.03398190066218376,0,-1,0,55,-1,-1,-1,0
1462,8.492698412698413,4096,0,0,0.03334919363260269,0,-1,0,55,-1,-1,-1,0
1463,8.498503401360544,4096,0,0,0.0335533507168293,0,-1,0,55,-1,-1,-1,0
1464,8.504308390022675,4096,0,0,0.03293135017156601,0,-1,0,67,-1,-1,-1,0
1465,8.510113378684807,4096,0,0,0.03311477601528168,0,-1,0,67,-1,-1,-1,0
1466,8.51591836734694,4096,0,0,0.03353145718574524,0,-1,0,67,-1,-1,-1,0
1467,8.52172335600907,4096,0,0,0.032255448400974274,0,-1,0,67,-1,-1,-1,0
1468,8.527528344671202,4096,0,0,0.03286818042397499,0,-1,0,67,-1,-1,-1,0
1469,8.533333333333333,4096,0,0,0.03154410794377327,0,-1,0,67,-1,-1,-1,0
1470,8.539138321995464,4096,0,0,0.03189169242978096,0,-1,0,67,-1,-1,-1,0
1471,8.544943310657596,4096,0,0,0.031836170703172684,0,-1,0,67,-1,-1,-1,0
1472,8.550748299319729,4096,0,0,0.03134099394083023,0,-1,0,67,-1,-1,-1,0
1473,8.55655328798186,4096,0,0,0.03160972148180008,0,-1,0,67,-1,-1,-1,0
1474,8.562358276643991,4096,0,0,0.030927905812859535,0,-1,0,67,-1,-1,-1,0
1475,8.568163265306122,4096,0,0,0.031693823635578156,0,-1,0,67,-1,-1,-1,0
1476,8.573968253968253,4096,0,0,0.03170257434248924,0,-1,0,67,-1,-1,-1,0
1477,8.579773242630386,4096,0,0,0.031370606273412704,0,-1,0,67,-1,-1,-1,0
1478,8.585578231292518,4096,0,0,0.030153604224324226,0,-1,0,67,-1,-1,-1,0
1479,8.591383219954649,4096,0,0,0.030699871480464935,0,-1,0,67,-1,-1,-1,0
1480,8.59718820861678,4096,0,0,0.030917800962924957,0,-1,0,67,-1,-1,-1,0
1481,8.602993197278911,4096,0,0,0.03032209351658821,0,-1,0,67,-1,-1,-1,0
1482,8.608798185941042,4096,0,0,0.030302664265036583,0,-1,0,67,-1,-1,-1,0
1483,8.614603174603175,4096,0,0,0.030153952538967133,0,-1,0,55,-1,-1,-1,0
1484,8.620408163265306,4096,0,0,0.03050130605697632,0,-1,0,55,-1,-1,-1,0
1485,8.626213151927438,4096,0,0,0.02966431714594364,0,-1,0,55,-1,-1,-1,0
1486,8.632018140589569,4096,0,0,0.030129849910736084,0,-1,0,55,-1,-1,-1,0
1487,8.6378231292517,4096,0,0,0.030022721737623215,0,-1,0,55,-1,-1,-1,0
1488,8.643628117913833,4096,0,0,0.030356235802173615,0,-1,0,55,-1,-1,-1,0
1489,8.649433106575964,4096,0,0,0.029807204380631447,0,-1,0,55,-1,-1,-1,0
1490,8.655238095238095,4096,0,0,0.02862737886607647,0,-1,0,55,-1,-1,-1,0
1491,8.661043083900227,4096,0,0,0.028257614001631737,0,-1,0,55,-1,-1,-1,0
1492,8.666848072562358,4096,0,0,0.027901174500584602,0,-1,0,55,-1,-1,-1,0
1493,8.672653061224489,4096,0,0,0.02791004814207554,0,-1,0,55,-1,-1,-1,0
1494,8.678458049886622,4096,0,0,0.027740592136979103,0,-1,0,55,-1,-1,-1,0
1495,8.684263038548753,4096,0,0,0.027555348351597786,0,-1,0,55,-1,-1,-1,0
1496,8.690068027210884,4096,0,0,0.027213048189878464,0,-1,0,55,-1,-1,-1,0
1497,8.695873015873016,4096,0,0,0.027315394952893257,0,-1,0,55,-1,-1,-1,0
1498,8.701678004535147,4096,0,0,0.027574175968766212,0,-1,0,55,-1,-1,-1,0
1499,8.70748299319728,4096,0,0,0.027388745918869972,0,-1,0,72,-1,-1,-1,0
1500,8.713287981859411,4096,0,0,0.027309101074934006,0,-1,0,72,-1,-1,-1,0
1501,8.719092970521542,4096,0,0,0.027991829439997673,0,-1,0,72,-1,-1,-1,0
1502,8.724897959183673,4096,0,0,0.02857339382171631,0,-1,0,59,-1,-1,-1,0
1503,8.730702947845804,4096,0,0,0.029383761808276176,0,-1,0,59,-1,-1,-1,0
1504,8.736507936507936,4096,0,0,0.029097504913806915,0,-1,0,59,-1,-1,-1,0
1505,8.742312925170069,4096,0,0,0.02846800908446312,0,-1,0,59,-1,-1,-1,0
1506,8.7481179138322,4096,0,0,0.028787853196263313,0,-1,0,59,-1,-1,-1,0
1507,8.753922902494331,4096,0,0,0.028259478509426117,0,-1,0,59,-1,-1,-1,0
1508,8.759727891156462,4096,0,0,0.02737555094063282,0,-1,0,59,-1,-1,-1,0
1509,8.765532879818593,4096,0,0,0.026958532631397247,0,-1,0,59,-1,-1,-1,0
1510,8.771337868480726,4096,0,0,0.027140606194734573,0,-1,0,59,-1,-1,-1,0
1511,8.777142857142858,4096,0,0,0.026883400976657867,0,-1,0,59,-1,-1,-1,0
1512,8.782947845804989,4096,0,0,0.02704797312617302,0,-1,0,59,-1,-1,-1,0
1513,8.78875283446712,4096,0,0,0.02746422030031681,0,-1,0,59,-1,-1,-1,0
1514,8.794557823129251,4096,0,0,0.02770351618528366,0,-1,0,59,-1,-1,-1,0
1515,8.800362811791382,4096,0,0,0.02840241976082325,0,-1,0,59,-1,-1,-1,0
1516,8.806167800453515,512,1,0,0.19932207465171814,0,-1,1,49,-1,-1,-1,0
1517,8.811972789115647,512,0,0,0.46944183111190796,0,-1,1,45,-1,-1,-1,0
1518,8.817777777777778,512,0,0,0.5689777731895447,0,59,1,59,-1,-1,-1,0
1519,8.823582766439909,1024,0,0,0.5555988550186157,0,59,1,59,59,59,59,0
1520,8.82938775510204,1024,0,1,0.5686473846435547,0,59,1,59,59,59,59,0
1521,8.835192743764173,2048,0,0,0.44502732157707214,0,59,1,59,59,59,59,0
1522,8.840997732426304,2048,0,0,0.5442391037940979,0,59,1,59,59,59,59,0
1523,8.846802721088435,2048,0,0,0.5226926207542419,0,59,1,59,59,59,59,0
1524,8.852607709750567,2048,0,0,0.5398935675621033,0,59,1,59,59,59,59,0
1525,8.858412698412698,4096,0,0,0.4444277882575989,0,59,0,59,59,59,59,0
1526,8.864217687074829,4096,0,0,0.4621785581111908,0,59,0,59,-1,-1,-1,0
1527,8.870022675736962,4096,0,0,0.518120527267456,0,59,0,59,-1,-1,-1,0
1528,8.875827664399093,4096,0,0,0.43948692083358765,0,59,1,59,-1,-1,-1,0
1529,8.881632653061224,4096,0,0,0.5285030603408813,0,59,1,59,59,59,59,0
1530,8.887437641723356,4096,0,0,0.3813082277774811,0,59,1,59,59,59,59,0
1531,8.893242630385487,4096,0,0,0.4430233836174011,0,59,1,59,59,59,59,0
1532,8.89904761904762,4096,0,0,0.40156006813049316,0,59,1,59,59,59,59,0
1533,8.904852607709751,4096,0,0,0.4626867473125458,0,59,1,59,59,59,59,0
1534,8.910657596371882,4096,0,0,0.48491188883781433,0,59,1,59,59,59,59,0
1535,8.916462585034013,4096,0,0,0.36123964190483093,0,59,1,59,59,59,59,0
1536,8.922267573696145,4096,0,0,0.4280603528022766,0,59,1,59,59,59,59,0
1537,8.928072562358278,4096,0,0,0.3609899580478668,0,59,1,59,59,59,59,0
1538,8.933877551020409,4096,0,0,0.4217187166213989,0,59,1,59,59,59,59,0
1539,8.93968253968254,4096,0,0,0.3734877109527588,0,59,1,59,59,59,59,0
1540,8.945487528344671,4096,0,0,0.3981437385082245,0,59,1,59,59,59,59,0
1541,8.951292517006802,4096,0,0,0.37884631752967834,0,59,1,59,59,59,59,0
1542,8.957097505668933,4096,0,0,0.3898751437664032,0,59,1,59,59,59,59,0
1543,8.962902494331066,4096,0,0,0.4302279055118561,0,59,1,59,59,59,59,0
1544,8.968707482993198,4096,0,0,0.3729340434074402,0,59,1,59,59,59,59,0
1545,8.974512471655329,4096,0,0,0.45037710666656494,0,59,1,59,59,59,59,0
1546,8.98031746031746,4096,0,0,0.37718525528907776,0,59,1,59,59,59,59,0
1547,8.986122448979591,4096,0,0,0.36761385202407837,0,59,1,59,59,59,59,0
1548,8.991927437641724,4096,0,0,0.383322536945343,0,59,1,59,59,59,59,0
1549,8.997732426303855,4096,0,0,0.3814481496810913,0,59,1,59,59,59,59,0
1550,9.003537414965987,4096,0,0,0.43729087710380554,0,59,1,59,59,59,59,0
1551,9.009342403628118,4096,0,0,0.3480110466480255,0,59,1,59,59,59,59,0
1552,9.015147392290249,4096,0,0,0.41932055354118347,0,59,1,59,59,59,59,0
1553,9.02095238095238,4096,0,0,0.35049545764923096,0,59,1,59,59,59,59,0
1554,9.026757369614513,4096,0,0,0.35477253794670105,0,59,1,59,59,59,59,0
1555,9.032562358276644,4096,0,0,0.3649693727493286,0,59,1,59,59,59,59,0
1556,9.038367346938776,4096,0,0,0.35219207406044006,0,59,1,59,59,59,59,0
1557,9.044172335600907,4096,0,0,0.3786328136920929,0,59,1,59,59,59,59,0
1558,9.049977324263038,4096,0,0,0.32807427644729614,0,59,1,59,59,59,59,0
1559,9.05578231292517,4096,0,0,0.3854408264160156,0,59,1,59,59,59,59,0
1560,9.061587301587302,4096,0,0,0.3559865653514862,0,59,1,59,59,59,59,0
1561,9.067392290249433,4096,0,0,0.40644732117652893,0,59,1,59,59,59,59,0
1562,9.073197278911564,4096,0,0,0.3749353587627411,0,59,1,59,59,59,59,0
1563,9.079002267573696,4096,0,0,0.31702861189842224,0,59,1,59,59,59,59,0
1564,9.084807256235827,4096,0,0,0.3686441481113434,0,59,1,59,59,59,59,0
1565,9.09061224489796,4096,0,0,0.32480984926223755,0,59,1,59,59,59,59,0
1566,9.096417233560091,4096,0,0,0.3990890681743622,0,59,1,59,59,59,59,0
1567,9.102222222222222,4096,0,0,0.3420700132846832,0,59,1,59,59,59,59,0
1568,9.108027210884353,4096,0,0,0.40937334299087524,0,59,1,59,59,59,59,0
1569,9.113832199546485,4096,0,0,0.3693098723888397,0,59,1,59,59,59,59,0
1570,9.119637188208618,4096,0,0,0.3317428529262543,0,59,1,59,59,59,59,0
1571,9.125442176870749,4096,0,0,0.3798433244228363,0,59,1,59,59,59,59,0
1572,9.13124716553288,4096,0,0,0.3057895600795746,0,59,1,59,59,59,59,0
1573,9.137052154195011,4096,0,0,0.3644803762435913,0,59,1,59,59,59,59,0
1574,9.142857142857142,4096,0,0,0.30736276507377625,0,59,1,59,59,59,59,0
1575,9.148662131519274,4096,0,0,0.396060049533844,0,59,1,59,59,59,59,0
1576,9.154467120181407,4096,0,0,0.3492394983768463,0,59,1,59,59,59,59,0
1577,9.160272108843538,4096,0,0,0.35280102491378784,0,59,1,59,59,59,59,0
1578,9.166077097505669,4096,0,0,0.3586435616016388,0,59,1,59,59,59,59,0
1579,9.1718820861678,4096,0,0,0.29848623275756836,0,59,1,59,59,59,59,0
1580,9.177687074829931,4096,0,0,0.32859688997268677,0,59,1,59,59,59,59,0
1581,9.183492063492064,4096,0,0,0.2830897569656372,0,59,1,59,59,59,59,0
1582,9.189297052154195,4096,0,0,0.35342028737068176,0,59,1,59,59,59,59,0
1583,9.195102040816327,4096,0,0,0.3200675845146179,0,59,1,59,59,59,59,0
1584,9.200907029478458,4096,0,0,0.36504799127578735,0,59,1,59,59,59,59,0
1585,9.206712018140589,4096,0,0,0.3459983170032501,0,59,1,59,59,59,59,0
1586,9.21251700680272,4096,0,0,0.29778149724006653,0,59,1,59,59,59,59,0
1587,9.218321995464853,4096,0,0,0.33519211411476135,0,59,1,59,59,59,59,0
1588,9.224126984126984,4096,0,0,0.2791254222393036,0,59,1,59,59,59,59,0
1589,9.229931972789116,4096,0,0,0.3231251537799835,0,59,1,59,59,59,59,0
1590,9.235736961451247,4096,0,0,0.2560655474662781,0,59,1,59,59,59,59,0
1591,9.241541950113378,4096,0,0,0.2987355589866638,0,59,1,59,59,59,59,0
1592,9.247346938775511,512,1,0,0.20825907588005066,0,59,1,58,59,59,59,0
1593,9.253151927437642,512,0,0,0.1254548579454422,0,59,1,58,58,59,59,0
1594,9.258956916099773,512,0,0,0.07670462876558304,0,59,1,58,58,59,59,0
1595,9.264761904761905,1024,0,0,0.04873599112033844,0,59,1,58,58,59,59,0
1596,9.270566893424036,1024,0,0,0.0433850921690464,0,59,1,59,58,59,59,0
1597,9.276371882086167,2048,0,0,0.03473130241036415,0,59,1,59,59,59,59,0
1598,9.2821768707483,2048,0,0,0.03195803239941597,0,59,1,58,59,59,59,0
1599,9.287981859410431,2048,0,0,0.03122113086283207,0,-1,0,59,59,59,59,0
1600,9.293786848072562,2048,0,0,0.02991708368062973,0,-1,0,59,-1,-1,-1,0
1601,9.299591836734693,4096,0,0,0.029534196481108665,0,-1,0,59,-1,-1,-1,0
1602,9.305396825396825,4096,0,0,0.028464792296290398,0,-1,0,59,-1,-1,-1,0
1603,9.311201814058958,4096,0,0,0.028634382411837578,0,-1,0,59,-1,-1,-1,0
1604,9.317006802721089,4096,0,0,0.03303224965929985,0,-1,0,59,-1,-1,-1,0
1605,9.32281179138322,4096,0,0,0.5672376155853271,0,-1,0,59,-1,-1,-1,0
1606,9.328616780045351,4096,0,0,0.5594621300697327,0,-1,0,59,-1,-1,-1,0
1607,9.334421768707482,4096,0,0,0.5874098539352417,1,64,0,59,-1,-1,-1,0
1608,9.340226757369615,4096,0,0,0.5898190140724182,1,64,0,59,-1,-1,-1,0
1609,9.346031746031747,4096,0,1,0.5497522354125977,0,64,0,64,-1,-1,-1,0
1610,9.351836734693878,4096,0,0,0.5468498468399048,0,64,0,64,-1,-1,-1,0
1611,9.357641723356009,4096,0,0,0.6091073751449585,1,64,0,64,-1,-1,-1,0
1612,9.36344671201814,4096,0,0,0.6051896810531616,1,64,0,64,-1,-1,-1,0
1613,9.369251700680271,4096,0,0,0.6324089765548706,1,64,0,64,-1,-1,-1,0
1614,9.375056689342404,4096,0,0,0.6836064457893372,1,64,0,64,-1,-1,-1,0
1615,9.380861678004536,4096,0,0,0.6107653379440308,1,64,0,64,-1,-1,-1,0
1616,9.386666666666667,4096,0,0,0.6064719557762146,1,64,1,64,-1,-1,-1,0
1617,9.392471655328798,4096,0,0,0.5532293319702148,0,64,1,64,64,64,64,0
1618,9.398276643990929,4096,0,0,0.5603728890419006,0,64,1,64,64,64,64,0
1619,9.404081632653062,4096,0,0,0.5512875318527222,0,64,1,64,64,64,64,0
1620,9.409886621315193,4096,0,0,0.5411540269851685,0,64,1,64,64,64,64,0
1621,9.415691609977324,4096,0,0,0.46239110827445984,0,64,1,64,64,64,64,0
1622,9.421496598639456,4096,0,0,0.5379340648651123,0,64,1,64,64,64,64,0
1623,9.427301587301587,4096,0,0,0.5548302531242371,0,64,1,64,64,64,64,0
1624,9.433106575963718,4096,0,0,0.5472009778022766,0,64,1,64,64,64,64,0
1625,9.438911564625851,4096,0,0,0.5382416248321533,0,64,1,64,64,64,64,0
1626,9.444716553287982,4096,0,0,0.5472627878189087,0,64,1,64,64,64,64,0
1627,9.450521541950113,4096,0,0,0.5384505987167358,0,64,1,64,64,64,64,0
1628,9.456326530612245,4096,0,0,0.5054493546485901,0,64,1,64,64,64,64,0
1629,9.462131519274376,4096,0,0,0.49007707834243774,0,64,1,64,64,64,64,0
1630,9.467936507936509,4096,0,0,0.5042361617088318,0,64,1,64,64,64,64,0
1631,9.47374149659864,4096,0,0,0.5179181694984436,0,64,1,64,64,64,64,0
1632,9.479546485260771,4096,0,0,0.4555506110191345,0,64,1,64,64,64,64,0
1633,9.485351473922902,4096,0,0,0.4748147130012512,0,64,1,64,64,64,64,0
1634,9.491156462585034,4096,0,0,0.5012204051017761,0,64,1,64,64,64,64,0
1635,9.496961451247165,4096,0,0,0.5252116918563843,0,64,1,64,64,64,64,0
1636,9.502766439909298,4096,0,0,0.531283438205719,0,64,1,64,64,64,64,0
1637,9.508571428571429,4096,0,0,0.5372962951660156,0,64,1,64,64,64,64,0
1638,9.51437641723356,4096,0,0,0.46657511591911316,0,64,1,64,64,64,64,0
1639,9.520181405895691,4096,0,0,0.39305490255355835,0,64,1,64,64,64,64,0
1640,9.525986394557822,4096,0,0,0.3274655044078827,0,64,1,64,64,64,64,0
1641,9.531791383219955,4096,0,0,0.28714022040367126,0,64,1,64,64,64,64,0
1642,9.537596371882087,4096,0,0,0.17322291433811188,0,64,1,64,64,64,64,0
1643,9.543401360544218,4096,0,0,0.06486658751964569,0,64,1,64,64,64,64,0
1644,9.549206349206349,4096,0,0,0.033751510083675385,0,64,1,64,64,64,64,0
1645,9.55501133786848,4096,0,0,0.02847687527537346,0,64,1,64,64,64,64,0
1646,9.560816326530611,4096,0,0,0.027373600751161575,0,64,0,64,64,64,64,0
1647,9.566621315192744,4096,0,0,0.028134401887655258,0,64,0,64,-1,-1,-1,0
1648,9.572426303854876,4096,0,0,0.030896548181772232,0,64,0,64,-1,-1,-1,0
1649,9.578231292517007,4096,0,0,0.039767250418663025,0,64,0,64,-1,-1,-1,0
1650,9.584036281179138,4096,0,0,0.04408290237188339,0,-1,0,64,-1,-1,-1,0
1651,9.58984126984127,512,1,0,0.09218870848417282,0,-1,1,49,-1,-1,-1,0
1652,9.595646258503402,512,0,0,0.30105769634246826,0,-1,1,58,-1,-1,-1,0
1653,9.601451247165533,512,0,0,0.32919514179229736,0,-1,1,47,-1,-1,-1,0
1654,9.607256235827665,1024,0,0,0.3119599521160126,0,59,1,59,-1,-1,-1,0
1655,9.613061224489796,1024,0,0,0.302041232585907,0,59,1,59,59,59,59,0
1656,9.618866213151927,2048,0,1,0.3548552691936493,0,59,1,59,59,59,59,0
1657,9.624671201814058,2048,0,0,0.3263714611530304,0,59,1,59,59,59,59,0
1658,9.630476190476191,2048,0,0,0.3298553228378296,0,59,1,59,59,59,59,0
1659,9.636281179138322,2048,0,0,0.29901349544525146,0,59,1,59,59,59,59,0
1660,9.642086167800453,4096,0,0,0.2874896228313446,0,59,0,59,59,59,59,0
1661,9.647891156462585,4096,0,0,0.3117813467979431,0,59,0,59,-1,-1,-1,0
1662,9.653696145124716,4096,0,0,0.33971983194351196,0,59,0,59,-1,-1,-1,0
1663,9.659501133786849,4096,0,0,0.35744231939315796,0,59,0,59,-1,-1,-1,0
1664,9.66530612244898,4096,0,0,0.30285176634788513,0,59,0,59,-1,-1,-1,0
1665,9.671111111111111,4096,0,0,0.33112087845802307,0,59,0,59,-1,-1,-1,0
1666,9.676916099773242,4096,0,0,0.2998034954071045,0,59,1,59,-1,-1,-1,0
1667,9.682721088435374,4096,0,0,0.28968384861946106,0,59,0,59,-1,-1,-1,0
1668,9.688526077097505,4096,0,0,0.3013557493686676,0,59,1,59,-1,-1,-1,0
1669,9.694331065759638,4096,0,0,0.2978998124599457,0,59,1,59,59,59,59,0
1670,9.700136054421769,4096,0,0,0.30773210525512695,0,59,0,59,59,59,59,0
1671,9.7059410430839,4096,0,0,0.2890658378601074,0,59,0,59,-1,-1,-1,0
1672,9.711746031746031,4096,0,0,0.3380652666091919,0,59,0,59,-1,-1,-1,0
1673,9.717551020408163,4096,0,0,0.2883608043193817,0,59,0,59,-1,-1,-1,0
1674,9.723356009070296,4096,0,0,0.2568782866001129,0,59,0,59,-1,-1,-1,0
1675,9.729160997732427,4096,0,0,0.26071417331695557,0,59,0,59,-1,-1,-1,0
1676,9.734965986394558,4096,0,0,0.26813140511512756,0,59,0,59,-1,-1,-1,0
1677,9.740770975056689,4096,0,0,0.2844228744506836,0,59,0,59,-1,-1,-1,0
1678,9.74657596371882,4096,0,0,0.25305551290512085,0,59,0,59,-1,-1,-1,0
1679,9.752380952380953,4096,0,0,0.29015979170799255,0,59,0,59,-1,-1,-1,0
1680,9.758185941043084,4096,0,0,0.2276642918586731,0,59,0,59,-1,-1,-1,0
1681,9.763990929705216,4096,0,0,0.24413476884365082,0,59,0,59,-1,-1,-1,0
1682,9.769795918367347,4096,0,0,0.23211534321308136,0,59,0,59,-1,-1,-1,0
1683,9.775600907029478,4096,0,0,0.2234656810760498,0,59,0,59,-1,-1,-1,0
1684,9.78140589569161,4096,0,0,0.2552379369735718,0,59,0,59,-1,-1,-1,0
1685,9.787210884353742,4096,0,0,0.30112215876579285,0,59,0,59,-1,-1,-1,0
1686,9.793015873015873,4096,0,0,0.30031970143318176,0,59,0,59,-1,-1,-1,0
1687,9.798820861678005,4096,0,0,0.3405768871307373,0,59,0,59,-1,-1,-1,0
1688,9.804625850340136,4096,0,0,0.204009547829628,0,59,0,59,-1,-1,-1,0
1689,9.810430839002267,4096,0,0,0.23941905796527863,0,59,0,59,-1,-1,-1,0
1690,9.8162358276644,4096,0,0,0.26069340109825134,0,59,0,59,-1,-1,-1,0
1691,9.822040816326531,512,1,0,0.2463420033454895,0,59,1,54,-1,-1,-1,0
1692,9.827845804988662,512,0,0,0.19197207689285278,0,59,1,55,-1,-1,-1,0
1693,9.833650793650794,512,0,0,0.22825805842876434,0,59,1,55,55,55,55,0
1694,9.839455782312925,1024,0,0,0.2228982299566269,0,59,1,55,55,55,55,0
1695,9.845260770975056,1024,0,0,0.14750920236110687,0,59,1,55,55,55,55,0
1696,9.851065759637189,2048,0,0,0.15501083433628082,0,59,1,55,55,55,55,0
1697,9.85687074829932,2048,0,0,0.15694139897823334,0,59,1,55,55,55,55,0
1698,9.862675736961451,2048,0,0,0.15642574429512024,0,59,1,55,55,55,55,0
1699,9.868480725623582,2048,0,0,0.14498338103294373,0,59,1,55,55,55,55,0
1700,9.874285714285714,4096,0,0,0.1294238269329071,0,59,1,55,55,55,55,0
1701,9.880090702947847,4096,0,0,0.14386501908302307,0,-1,1,55,55,55,55,0
1702,9.885895691609978,4096,0,0,0.11548126488924026,0,-1,1,55,55,55,55,0
1703,9.891700680272109,4096,0,0,0.09653782844543457,0,-1,1,55,55,55,55,0
1704,9.89750566893424,4096,0,0,0.08608441054821014,0,-1,1,55,55,55,55,0
1705,9.903310657596371,4096,0,0,0.08265890181064606,0,-1,1,55,55,55,55,0
1706,9.909115646258503,4096,0,0,0.07514650374650955,0,-1,1,55,55,55,55,0
1707,9.914920634920636,4096,0,0,0.046532709151506424,0,-1,1,55,55,55,55,0
1708,9.920725623582767,4096,0,0,0.03179546818137169,0,-1,0,55,55,55,55,0
1709,9.926530612244898,4096,0,0,0.03141791373491287,0,-1,0,55,-1,-1,-1,0
1710,9.93233560090703,4096,0,0,0.04112130030989647,0,-1,0,55,-1,-1,-1,0
1711,9.93814058956916,4096,0,0,0.037330299615859985,0,-1,0,55,-1,-1,-1,0
1712,9.943945578231293,4096,0,0,0.03177649527788162,0,-1,0,55,-1,-1,-1,0
1713,9.949750566893425,4096,0,0,0.03141438588500023,0,-1,0,55,-1,-1,-1,0
1714,9.955555555555556,4096,0,0,0.030568093061447144,0,-1,0,55,-1,-1,-1,0
1715,9.961360544217687,4096,0,0,0.031430743634700775,0,-1,0,55,-1,-1,-1,0
1716,9.967165532879818,4096,0,0,0.029667474329471588,0,-1,0,55,-1,-1,-1,0
1717,9.97297052154195,4096,0,0,0.029711861163377762,0,-1,0,55,-1,-1,-1,0
1718,9.978775510204082,4096,0,0,0.030216220766305923,0,-1,0,55,-1,-1,-1,0
1719,9.984580498866213,4096,0,0,0.028908178210258484,0,-1,0,55,-1,-1,-1,0
1720,9.990385487528345,4096,0,0,0.02880558930337429,0,-1,0,55,-1,-1,-1,0
1721,9.996190476190476,4096,0,0,0.029478011652827263,0,-1,0,56,-1,-1,-1,0
1722,10.001995464852607,4096,0,0,0.028694791719317436,0,-1,0,59,-1,-1,-1,0
1723,10.00780045351474,4096,0,0,0.02794557623565197,0,-1,0,59,-1,-1,-1,0
1724,10.013605442176871,4096,0,0,0.02876296453177929,0,-1,0,59,-1,-1,-1,0
1725,10.019410430839002,4096,0,0,0.030007146298885345,0,-1,0,59,-1,-1,-1,0
1726,10.025215419501134,4096,0,0,0.03025444597005844,0,-1,0,59,-1,-1,-1,0
1727,10.031020408163265,4096,0,0,0.030260471627116203,0,-1,0,59,-1,-1,-1,0
1728,10.036825396825396,4096,0,0,0.03056054748594761,0,-1,0,59,-1,-1,-1,0
1729,10.042630385487529,4096,0,0,0.029962798580527306,0,-1,0,59,-1,-1,-1,0
1730,10.04843537414966,4096,0,0,0.029004525393247604,0,-1,0,59,-1,-1,-1,0
1731,10.054240362811791,4096,0,0,0.029628930613398552,0,-1,0,59,-1,-1,-1,0
1732,10.060045351473923,512,1,0,0.37806591391563416,0,-1,1,49,-1,-1,-1,0
1733,10.065850340136054,512,0,0,0.31191542744636536,0,-1,1,53,-1,-1,-1,0
1734,10.071655328798187,512,0,0,0.4250110685825348,0,54,1,54,-1,-1,-1,0
1735,10.077460317460318,1024,0,0,0.4009658992290497,0,54,1,54,54,54,54,0
1736,10.083265306122449,1024,0,1,0.40822163224220276,0,54,1,54,54,54,54,0
1737,10.08907029478458,2048,0,0,0.39616629481315613,0,54,1,54,54,54,54,0
1738,10.094875283446711,2048,0,0,0.3968428373336792,0,54,1,54,54,54,54,0
1739,10.100680272108843,2048,0,0,0.3313768804073334,0,54,1,54,54,54,54,0
1740,10.106485260770976,2048,0,0,0.32211950421333313,0,54,1,54,54,54,54,0
1741,10.112290249433107,4096,0,0,0.31781840324401855,0,54,0,54,54,54,54,0
1742,10.118095238095238,4096,0,0,0.32153788208961487,0,54,0,54,-1,-1,-1,0
1743,10.12390022675737,4096,0,0,0.3268040716648102,0,54,0,54,-1,-1,-1,0
1744,10.1297052154195,4096,0,0,0.35663026571273804,0,54,0,54,-1,-1,-1,0
1745,10.135510204081633,4096,0,0,0.40716102719306946,0,54,1,54,-1,-1,-1,0
1746,10.141315192743765,4096,0,0,0.41733914613723755,0,54,1,54,54,54,54,0
1747,10.147120181405896,4096,0,0,0.4154784679412842,0,54,1,54,54,54,54,0
1748,10.152925170068027,4096,0,0,0.3396754562854767,0,54,1,54,54,54,54,0
1749,10.158730158730158,4096,0,0,0.36676010489463806,0,54,1,54,54,54,54,0
1750,10.164535147392291,4096,0,0,0.37819281220436096,0,54,1,54,54,54,54,0
1751,10.170340136054422,4096,0,0,0.37467285990715027,0,54,1,54,54,54,54,0
1752,10.176145124716554,4096,0,0,0.33407577872276306,0,54,1,54,54,54,54,0
1753,10.181950113378685,4096,0,0,0.2961581349372864,0,54,1,54,54,54,54,0
1754,10.187755102040816,4096,0,0,0.2925046384334564,0,54,1,54,54,54,54,0
1755,10.193560090702947,4096,0,0,0.2885356545448303,0,54,1,54,54,54,54,0
1756,10.19936507936508,4096,0,0,0.28575074672698975,0,54,1,54,54,54,54,0
1757,10.205170068027211,4096,0,0,0.2841232120990753,0,54,1,54,54,54,54,0
1758,10.210975056689342,4096,0,0,0.3308549225330353,0,54,1,54,54,54,54,0
1759,10.216780045351474,4096,0,0,0.36392879486083984,0,54,1,54,54,54,54,0
1760,10.222585034013605,4096,0,0,0.3718950152397156,0,54,1,54,54,54,54,0
1761,10.228390022675738,4096,0,0,0.3470306098461151,0,54,1,54,54,54,54,0
1762,10.234195011337869,4096,0,0,0.29204124212265015,0,54,1,54,54,54,54,0
1763,10.24,4096,0,0,0.32129353284835815,0,54,1,54,54,54,54,0
1764,10.245804988662131,4096,0,0,0.3275790512561798,0,54,1,54,54,54,54,0
1765,10.251609977324263,4096,0,0,0.3072536289691925,0,54,1,54,54,54,54,0
1766,10.257414965986394,4096,0,0,0.27879348397254944,0,54,1,54,54,54,54,0
1767,10.263219954648527,4096,0,0,0.27726975083351135,0,54,1,54,54,54,54,0
1768,10.269024943310658,4096,0,0,0.28164908289909363,0,54,1,54,54,54,54,0
1769,10.27482993197279,4096,0,0,0.28403615951538086,0,54,1,54,54,54,54,0
1770,10.28063492063492,4096,0,0,0.2797064483165741,0,54,1,54,54,54,54,0
1771,10.286439909297052,4096,0,0,0.27731966972351074,0,54,1,54,54,54,54,0
1772,10.292244897959185,4096,0,0,0.32750141620635986,0,54,1,54,54,54,54,0
1773,10.298049886621316,4096,0,0,0.3493657410144806,0,54,1,54,54,54,54,0
1774,10.303854875283447,4096,0,0,0.343829870223999,0,54,1,54,54,54,54,0
1775,10.309659863945578,4096,0,0,0.2923344075679779,0,54,1,54,54,54,54,0
1776,10.31546485260771,4096,0,0,0.2891228497028351,0,54,1,54,54,54,54,0
1777,10.32126984126984,4096,0,0,0.3029346466064453,0,54,1,54,54,54,54,0
1778,10.327074829931973,4096,0,0,0.29042690992355347,0,54,1,54,54,54,54,0
1779,10.332879818594105,4096,0,0,0.2683735191822052,0,54,1,54,54,54,54,0
1780,10.338684807256236,4096,0,0,0.2649211585521698,0,54,1,54,54,54,54,0
1781,10.344489795918367,4096,0,0,0.26601889729499817,0,54,1,54,54,54,54,0
1782,10.350294784580498,4096,0,0,0.23443853855133057,0,54,1,54,54,54,54,0
1783,10.356099773242631,4096,0,0,0.16022193431854248,0,54,1,54,54,54,54,0
1784,10.361904761904762,4096,0,0,0.07902945578098297,0,54,1,54,54,54,54,0
1785,10.367709750566894,4096,0,0,0.044524408876895905,0,54,1,54,54,54,54,0
1786,10.373514739229025,4096,0,0,0.03410061448812485,0,54,1,54,54,54,54,0
1787,10.379319727891156,4096,0,0,0.03018277697265148,0,54,1,54,54,54,54,0
1788,10.385124716553287,4096,0,0,0.028275005519390106,0,54,0,54,54,54,54,0
1789,10.39092970521542,4096,0,0,0.029026025906205177,0,54,0,54,-1,-1,-1,0
1790,10.396734693877551,512,1,0,0.12204144895076752,0,54,1,49,-1,-1,-1,0
1791,10.402539682539683,512,0,0,0.2770599126815796,0,-1,1,45,-1,-1,-1,0
1792,10.408344671201814,512,0,0,0.3039294183254242,0,57,1,57,-1,-1,-1,0
1793,10.414149659863945,1024,0,0,0.33180058002471924,0,57,1,57,57,57,57,0
1794,10.419954648526078,1024,0,1,0.2660216689109802,0,57,1,57,57,57,57,0
1795,10.425759637188209,2048,0,0,0.29256537556648254,0,57,1,57,57,57,57,0
1796,10.43156462585034,2048,0,0,0.2746618390083313,0,57,1,57,57,57,57,0
1797,10.437369614512471,2048,0,0,0.30002328753471375,0,57,1,57,57,57,57,0
1798,10.443174603174603,2048,0,0,0.27026718854904175,0,57,1,57,57,57,57,0
1799,10.448979591836734,4096,0,0,0.29793986678123474,0,57,0,57,57,57,57,0
1800,10.454784580498867,4096,0,0,0.30677899718284607,0,57,0,57,-1,-1,-1,0
1801,10.460589569160998,4096,0,0,0.2416294366121292,0,57,0,57,-1,-1,-1,0
1802,10.46639455782313,4096,0,0,0.2579905092716217,0,57,0,57,-1,-1,-1,0
1803,10.47219954648526,4096,0,0,0.2572917640209198,0,57,0,57,-1,-1,-1,0
1804,10.478004535147392,4096,0,0,0.2654236853122711,0,57,0,57,-1,-1,-1,0
1805,10.483809523809525,512,1,0,0.22134165465831757,0,57,1,57,-1,-1,-1,0
1806,10.489614512471656,512,0,0,0.2352529913187027,0,57,1,57,57,57,57,0
1807,10.495419501133787,512,0,0,0.23830324411392212,0,57,1,57,57,57,57,0
1808,10.501224489795918,1024,0,0,0.19478735327720642,0,57,1,57,57,57,57,0
1809,10.50702947845805,1024,0,0,0.19151195883750916,0,57,1,57,57,57,57,0
1810,10.51283446712018,2048,0,0,0.21654747426509857,0,57,1,57,57,57,57,0
1811,10.518639455782314,2048,0,0,0.24667160212993622,0,-1,1,57,57,57,57,0
1812,10.524444444444445,2048,0,0,0.18473830819129944,0,-1,1,57,57,57,57,0
1813,10.530249433106576,2048,0,0,0.17977382242679596,0,-1,1,57,57,57,57,0
1814,10.536054421768707,4096,0,0,0.18471674621105194,0,-1,1,57,57,57,57,0
1815,10.541859410430838,4096,0,0,0.18050222098827362,0,-1,1,57,57,57,57,0
1816,10.547664399092971,4096,0,0,0.14180463552474976,0,-1,1,57,57,57,57,0
1817,10.553469387755102,4096,0,0,0.17302069067955017,0,-1,1,57,57,57,57,0
1818,10.559274376417234,4096,0,0,0.21361517906188965,0,-1,1,57,57,57,57,0
1819,10.565079365079365,4096,0,0,0.15695002675056458,0,-1,1,57,57,57,57,0
1820,10.570884353741496,4096,0,0,0.14927883446216583,0,-1,1,57,57,57,57,0
1821,10.576689342403627,4096,0,0,0.1677677184343338,0,-1,1,57,57,57,57,0
1822,10.58249433106576,4096,0,0,0.18051661550998688,0,-1,1,57,57,57,57,0
1823,10.588299319727891,4096,0,0,0.14165617525577545,0,-1,1,57,57,57,57,0
1824,10.594104308390023,4096,0,0,0.14787766337394714,0,-1,1,57,57,57,57,0
1825,10.599909297052154,4096,0,0,0.1539219319820404,0,-1,1,57,57,57,57,0
1826,10.605714285714285,4096,0,0,0.1387655884027481,0,-1,1,57,57,57,57,0
1827,10.611519274376418,4096,0,0,0.11929649859666824,0,-1,1,57,57,57,57,0
1828,10.61732426303855,4096,0,0,0.14047257602214813,0,-1,1,57,57,57,57,0
1829,10.62312925170068,4096,0,0,0.17668473720550537,0,-1,1,57,57,57,57,0
1830,10.628934240362812,4096,0,0,0.15001440048217773,0,-1,1,57,57,57,57,0
1831,10.634739229024943,4096,0,0,0.1336681842803955,0,-1,1,57,57,57,57,0
1832,10.640544217687076,4096,0,0,0.13711987435817719,0,-1,1,57,57,57,57,0
1833,10.646349206349207,4096,0,0,0.1420464664697647,0,-1,1,57,57,57,57,0
1834,10.652154195011338,4096,0,0,0.11549396067857742,0,-1,1,57,57,57,57,0
1835,10.65795918367347,4096,0,0,0.1255846470594406,0,-1,1,57,57,57,57,0
1836,10.6637641723356,4096,0,0,0.14760072529315948,0,-1,1,57,57,57,57,0
1837,10.669569160997732,4096,0,0,0.13605114817619324,0,-1,1,57,57,57,57,0
1838,10.675374149659865,4096,0,0,0.1138976514339447,0,-1,1,57,57,57,57,0
1839,10.681179138321996,4096,0,0,0.12089667469263077,0,-1,1,57,57,57,57,0
1840,10.686984126984127,4096,0,0,0.1363966464996338,0,-1,1,57,57,57,57,0
1841,10.692789115646258,4096,0,0,0.12076503038406372,0,-1,1,57,57,57,57,0
1842,10.69859410430839,4096,0,0,0.12540052831172943,0,-1,1,57,57,57,57,0
1843,10.704399092970522,4096,0,0,0.11542932689189911,0,-1,1,57,57,57,57,0
1844,10.710204081632654,4096,0,0,0.1186068132519722,0,-1,1,57,57,57,57,0
1845,10.716009070294785,4096,0,0,0.10323087871074677,0,-1,1,57,57,57,57,0
1846,10.721814058956916,4096,0,0,0.10847927629947662,0,-1,1,57,57,57,57,0
1847,10.727619047619047,4096,0,0,0.13408005237579346,0,-1,1,57,57,57,57,0
1848,10.733424036281178,4096,0,0,0.12413108348846436,0,-1,1,57,57,57,57,0
1849,10.739229024943311,4096,0,0,0.1180962398648262,0,-1,1,57,57,57,57,0
1850,10.745034013605443,4096,0,0,0.11604440957307816,0,-1,1,57,57,57,57,0
1851,10.750839002267574,4096,0,0,0.11742997169494629,0,-1,1,57,57,57,57,0
1852,10.756643990929705,4096,0,0,0.10474276542663574,0,-1,1,57,57,57,57,0
1853,10.762448979591836,4096,0,0,0.11245802044868469,0,-1,1,57,57,57,57,0
1854,10.768253968253969,4096,0,0,0.10887956619262695,0,-1,1,57,57,57,57,0
1855,10.7740589569161,4096,0,0,0.1068933755159378,0,-1,0,57,57,57,57,0
1856,10.779863945578231,4096,0,0,0.06679238379001617,0,-1,0,57,-1,-1,-1,0
1857,10.785668934240363,4096,0,0,0.05377080664038658,0,-1,0,57,-1,-1,-1,0
1858,10.791473922902494,4096,0,0,0.04522506520152092,0,-1,0,57,-1,-1,-1,0
1859,10.797278911564625,4096,0,0,0.03771252930164337,0,-1,0,57,-1,-1,-1,0
1860,10.803083900226758,4096,0,0,0.031519558280706406,0,-1,0,57,-1,-1,-1,0
1861,10.80888888888889,512,1,0,0.3680065870285034,0,-1,1,59,-1,-1,-1,0
1862,10.81469387755102,512,0,0,0.5893208980560303,1,-1,1,61,-1,-1,-1,0
1863,10.820498866213152,512,0,0,0.6622692942619324,1,62,1,62,-1,-1,-1,0
1864,10.826303854875283,1024,0,0,0.6660811305046082,1,62,1,62,62,62,62,0
1865,10.832108843537416,1024,0,1,0.6650877594947815,1,62,1,62,62,62,62,0
1866,10.837913832199547,2048,0,0,0.6318997740745544,1,62,1,62,62,62,62,0
1867,10.843718820861678,2048,0,0,0.6563529372215271,1,62,1,62,62,62,62,0
1868,10.84952380952381,2048,0,0,0.6621726751327515,1,62,1,62,62,62,62,0
1869,10.85532879818594,2048,0,0,0.6167932748794556,1,62,1,62,62,62,62,0
1870,10.861133786848072,4096,0,0,0.6503092050552368,1,62,0,62,62,62,62,0
1871,10.866938775510205,4096,0,0,0.6436206102371216,1,62,1,62,62,62,62,0
1872,10.872743764172336,4096,0,0,0.599564254283905,1,62,1,62,62,62,62,0
1873,10.878548752834467,4096,0,0,0.5430793762207031,0,62,1,62,62,62,62,0
1874,10.884353741496598,4096,0,0,0.6140452027320862,1,62,1,62,62,62,62,0
1875,10.89015873015873,4096,0,0,0.6005213856697083,1,62,1,62,62,62,62,0
1876,10.895963718820862,4096,0,0,0.5615409016609192,0,62,1,62,62,62,62,0
1877,10.901768707482994,4096,0,0,0.595741868019104,1,62,1,62,62,62,62,0
1878,10.907573696145125,4096,0,0,0.6010027527809143,1,62,1,62,62,62,62,0
1879,10.913378684807256,4096,0,0,0.627303421497345,1,62,1,62,62,62,62,0
1880,10.919183673469387,4096,0,0,0.5859090089797974,1,62,1,62,62,62,62,0
1881,10.924988662131518,4096,0,0,0.6288080811500549,1,62,1,62,62,62,62,0
1882,10.930793650793651,4096,0,0,0.6584001183509827,1,62,1,62,62,62,62,0
1883,10.936598639455783,4096,0,0,0.563987135887146,0,62,1,62,62,62,62,0
1884,10.942403628117914,4096,0,0,0.596047043800354,1,62,1,62,62,62,62,0
1885,10.948208616780045,4096,0,0,0.6252198219299316,1,62,1,62,62,62,62,0
1886,10.954013605442176,4096,0,0,0.6437259316444397,1,62,1,62,62,62,62,0
1887,10.95981859410431,4096,0,0,0.600394070148468,1,62,1,62,62,62,62,0
1888,10.96562358276644,4096,0,0,0.6298021078109741,1,62,1,62,62,62,62,0
1889,10.971428571428572,4096,0,0,0.6390196084976196,1,62,1,62,62,62,62,0
1890,10.977233560090703,4096,0,0,0.563825786113739,0,62,1,62,62,62,62,0
1891,10.983038548752834,4096,0,0,0.5586838722229004,0,62,1,62,62,62,62,0
1892,10.988843537414965,4096,0,0,0.5970619320869446,1,62,1,62,62,62,62,0
1893,10.994648526077098,4096,0,0,0.5374020338058472,0,62,1,62,62,62,62,0
1894,11.00045351473923,4096,0,0,0.5171183347702026,0,62,1,62,62,62,62,0
1895,11.00625850340136,4096,0,0,0.5770276784896851,0,62,1,62,62,62,62,0
1896,11.012063492063492,4096,0,0,0.5636601448059082,0,62,1,62,62,62,62,0
1897,11.017868480725623,4096,0,0,0.521450400352478,0,62,1,62,62,62,62,0
1898,11.023673469387756,4096,0,0,0.5506337881088257,0,62,1,62,62,62,62,0
1899,11.029478458049887,4096,0,0,0.5764465928077698,0,62,1,62,62,62,62,0
1900,11.035283446712018,4096,0,0,0.49501290917396545,0,62,1,62,62,62,62,0
1901,11.04108843537415,4096,0,0,0.4998219907283783,0,62,1,62,62,62,62,0
1902,11.04689342403628,4096,0,0,0.5144298672676086,0,62,1,62,62,62,62,0
1903,11.052698412698414,4096,0,0,0.528823971748352,0,62,1,62,62,62,62,0
1904,11.058503401360545,4096,0,0,0.4636550545692444,0,62,1,62,62,62,62,0
1905,11.064308390022676,4096,0,0,0.4920138716697693,0,62,1,62,62,62,62,0
1906,11.070113378684807,4096,0,0,0.46276575326919556,0,62,1,62,62,62,62,0
1907,11.075918367346938,4096,0,0,0.470316618680954,0,62,1,62,62,62,62,0
1908,11.08172335600907,4096,0,0,0.4547470510005951,0,62,1,62,62,62,62,0
1909,11.087528344671203,4096,0,0,0.507764458656311,0,62,1,62,62,62,62,0
1910,11.093333333333334,4096,0,0,0.4788553714752197,0,62,1,62,62,62,62,0
1911,11.099138321995465,4096,0,0,0.4286927282810211,0,62,1,62,62,62,62,0
1912,11.104943310657596,4096,0,0,0.44991618394851685,0,62,1,62,62,62,62,0
1913,11.110748299319727,4096,0,0,0.46945586800575256,0,62,1,62,62,62,62,0
1914,11.11655328798186,4096,0,0,0.4646894335746765,0,62,1,62,62,62,62,0
1915,11.122358276643991,4096,0,0,0.4210558235645294,0,62,1,62,62,62,62,0
1916,11.128163265306123,4096,0,0,0.46300801634788513,0,62,1,62,62,62,62,0
1917,11.133968253968254,4096,0,0,0.44120651483535767,0,62,1,62,62,62,62,0
1918,11.139773242630385,4096,0,0,0.3939379155635834,0,62,1,62,62,62,62,0
1919,11.145578231292516,4096,0,0,0.41438618302345276,0,62,1,62,62,62,62,0
1920,11.15138321995465,4096,0,0,0.4373626112937927,0,62,1,62,62,62,62,0
1921,11.15718820861678,4096,0,0,0.4071415066719055,0,62,1,62,62,62,62,0
1922,11.162993197278912,4096,0,0,0.3913404941558838,0,62,1,62,62,62,62,0
1923,11.168798185941043,4096,0,0,0.44199350476264954,0,62,1,62,62,62,62,0
1924,11.174603174603174,4096,0,0,0.4140736758708954,0,62,1,62,62,62,62,0
1925,11.180408163265307,4096,0,0,0.37310612201690674,0,62,1,62,62,62,62,0
1926,11.186213151927438,4096,0,0,0.3983668386936188,0,62,1,62,62,62,62,0
1927,11.19201814058957,4096,0,0,0.4106490910053253,0,62,1,62,62,62,62,0
1928,11.1978231292517,4096,0,0,0.3738197684288025,0,62,1,62,62,62,62,0
1929,11.203628117913832,4096,0,0,0.38642793893814087,0,62,1,62,62,62,62,0
1930,11.209433106575963,4096,0,0,0.43919649720191956,0,62,1,62,62,62,62,0
1931,11.215238095238096,4096,0,0,0.42628827691078186,0,62,1,62,62,62,62,0
1932,11.221043083900227,4096,0,0,0.3815224766731262,0,62,1,62,62,62,62,0
1933,11.226848072562358,4096,0,0,0.4083395004272461,0,62,1,62,62,62,62,0
1934,11.23265306122449,4096,0,0,0.4097069799900055,0,62,1,62,62,62,62,0
1935,11.23845804988662,4096,0,0,0.36257877945899963,0,62,1,62,62,62,62,0
1936,11.244263038548754,4096,0,0,0.38399839401245117,0,62,1,62,62,62,62,0
1937,11.250068027210885,4096,0,0,0.4330117106437683,0,62,1,62,62,62,62,0
1938,11.255873015873016,4096,0,0,0.4167361855506897,0,62,1,62,62,62,62,0
1939,11.261678004535147,4096,0,0,0.3746185302734375,0,62,1,62,62,62,62,0
1940,11.267482993197278,4096,0,0,0.41605597734451294,0,62,1,62,62,62,62,0
1941,11.27328798185941,4096,0,0,0.41313186287879944,0,62,1,62,62,62,62,0
1942,11.279092970521543,4096,0,0,0.36472004652023315,0,62,1,62,62,62,62,0
1943,11.284897959183674,4096,0,0,0.37514162063598633,0,62,1,62,62,62,62,0
1944,11.290702947845805,4096,0,0,0.4255654215812683,0,62,1,62,62,62,62,0
1945,11.296507936507936,4096,0,0,0.4080711305141449,0,62,1,62,62,62,62,0
1946,11.302312925170067,4096,0,0,0.3719225525856018,0,62,1,62,62,62,62,0
1947,11.3081179138322,4096,0,0,0.4172755479812622,0,62,1,62,62,62,62,0
1948,11.313922902494332,4096,0,0,0.4047662019729614,0,62,1,62,62,62,62,0
1949,11.319727891156463,4096,0,0,0.36511874198913574,0,62,1,62,62,62,62,0
1950,11.325532879818594,4096,0,0,0.3678273558616638,0,62,1,62,62,62,62,0
1951,11.331337868480725,4096,0,0,0.41830918192863464,0,62,1,62,62,62,62,0
1952,11.337142857142856,4096,0,0,0.39372143149375916,0,62,1,62,62,62,62,0
1953,11.34294784580499,4096,0,0,0.3659151792526245,0,62,1,62,62,62,62,0
1954,11.34875283446712,4096,0,0,0.41848430037498474,0,62,1,62,62,62,62,0
1955,11.354557823129252,4096,0,0,0.3996696174144745,0,62,1,62,62,62,62,0
1956,11.360362811791383,4096,0,0,0.35886308550834656,0,62,1,62,62,62,62,0
1957,11.366167800453514,4096,0,0,0.3611406981945038,0,62,1,62,62,62,62,0
1958,11.371972789115647,4096,0,0,0.39462071657180786,0,62,1,62,62,62,62,0
1959,11.377777777777778,4096,0,0,0.36740902066230774,0,62,1,62,62,62,62,0
1960,11.38358276643991,4096,0,0,0.3553692400455475,0,62,1,62,62,62,62,0
1961,11.38938775510204,4096,0,0,0.410381019115448,0,62,1,62,62,62,62,0
1962,11.395192743764172,4096,0,0,0.381475031375885,0,62,1,62,62,62,62,0
1963,11.400997732426303,4096,0,0,0.34399881958961487,0,62,1,62,62,62,62,0
1964,11.406802721088436,4096,0,0,0.3542249798774719,0,62,1,62,62,62,62,0
1965,11.412607709750567,4096,0,0,0.35888761281967163,0,62,1,62,62,62,62,0
1966,11.418412698412698,4096,0,0,0.34154871106147766,0,62,1,62,62,62,62,0
1967,11.42421768707483,4096,0,0,0.34146997332572937,0,62,1,62,62,62,62,0
1968,11.43002267573696,4096,0,0,0.40253064036369324,0,62,1,62,62,62,62,0
1969,11.435827664399094,4096,0,0,0.37276461720466614,0,62,1,62,62,62,62,0
1970,11.441632653061225,4096,0,0,0.3366522192955017,0,62,1,62,62,62,62,0
1971,11.447437641723356,4096,0,0,0.3557501435279846,0,62,1,62,62,62,62,0
1972,11.453242630385487,4096,0,0,0.34654730558395386,0,62,1,62,62,62,62,0
1973,11.459047619047618,4096,0,0,0.3302978575229645,0,62,1,62,62,62,62,0
1974,11.464852607709751,4096,0,0,0.33279767632484436,0,62,1,62,62,62,62,0
1975,11.470657596371883,4096,0,0,0.3967060148715973,0,62,1,62,62,62,62,0
1976,11.476462585034014,4096,0,0,0.3669471740722656,0,62,1,62,62,62,62,0
1977,11.482267573696145,4096,0,0,0.33244431018829346,0,62,1,62,62,62,62,0
1978,11.488072562358276,4096,0,0,0.36425188183784485,0,62,1,62,62,62,62,0
1979,11.493877551020407,4096,0,0,0.3534136414527893,0,62,1,62,62,62,62,0
1980,11.49968253968254,4096,0,0,0.3208141326904297,0,62,1,62,62,62,62,0
1981,11.505487528344672,4096,0,0,0.3221980035305023,0,62,1,62,62,62,62,0
1982,11.511292517006803,4096,0,0,0.38490423560142517,0,62,1,62,62,62,62,0
1983,11.517097505668934,4096,0,0,0.3537307381629944,0,62,1,62,62,62,62,0
1984,11.522902494331065,4096,0,0,0.32404980063438416,0,62,1,62,62,62,62,0
1985,11.528707482993198,4096,0,0,0.3721292018890381,0,62,1,62,62,62,62,0
1986,11.53451247165533,4096,0,0,0.35679787397384644,0,62,1,62,62,62,62,0
1987,11.54031746031746,4096,0,0,0.32377123832702637,0,62,1,62,62,62,62,0
1988,11.546122448979592,4096,0,0,0.33161917328834534,0,62,1,62,62,62,62,0
1989,11.551927437641723,4096,0,0,0.3800821006298065,0,62,1,62,62,62,62,0
1990,11.557732426303854,4096,0,0,0.33969810605049133,0,62,1,62,62,62,62,0
1991,11.563537414965987,4096,0,0,0.3056015074253082,0,62,1,62,62,62,62,0
1992,11.569342403628118,4096,0,0,0.3591209650039673,0,62,1,62,62,62,62,0
1993,11.57514739229025,4096,0,0,0.31113293766975403,0,62,1,62,62,62,62,0
1994,11.58095238095238,4096,0,0,0.2575795352458954,0,62,1,62,62,62,62,0
1995,11.586757369614512,4096,0,0,0.2610388696193695,0,62,1,62,62,62,62,0
1996,11.592562358276645,4096,0,0,0.18785281479358673,0,62,1,62,62,62,62,0
1997,11.598367346938776,4096,0,0,0.1081487387418747,0,62,1,62,62,62,62,0
1998,11.604172335600907,4096,0,0,0.08893682807683945,0,62,1,62,62,62,62,0
1999,11.609977324263038,4096,0,0,0.061310771852731705,0,62,1,62,62,62,62,0
2000,11.61578231292517,4096,0,0,0.03959893435239792,0,62,1,62,62,62,62,0
2001,11.6215873015873,4096,0,0,0.03466290980577469,0,62,1,62,62,62,62,0
2002,11.627392290249434,4096,0,0,0.0308820977807045,0,62,0,62,62,62,62,0
2003,11.633197278911565,4096,0,0,0.02752096578478813,0,62,0,62,-1,-1,-1,0
2004,11.639002267573696,4096,0,0,0.026826506480574608,0,62,0,62,-1,-1,-1,0
2005,11.644807256235827,4096,0,0,0.02682572603225708,0,62,0,62,-1,-1,-1,0
2006,11.650612244897959,4096,0,0,0.027071595191955566,0,62,0,62,-1,-1,-1,0
2007,11.656417233560092,4096,0,0,0.02738168090581894,0,62,0,62,-1,-1,-1,0
2008,11.662222222222223,4096,0,0,0.027400843799114227,0,-1,0,62,-1,-1,-1,0
2009,11.668027210884354,4096,0,0,0.027116309851408005,0,-1,0,62,-1,-1,-1,0
2010,11.673832199546485,4096,0,0,0.027064675465226173,0,-1,0,62,-1,-1,-1,0
2011,11.679637188208616,4096,0,0,0.02730044536292553,0,-1,0,62,-1,-1,-1,0
2012,11.685442176870747,4096,0,0,0.027555815875530243,0,-1,0,59,-1,-1,-1,0
2013,11.69124716553288,4096,0,0,0.028250962495803833,0,-1,0,59,-1,-1,-1,0
2014,11.697052154195012,4096,0,0,0.02820408344268799,0,-1,0,59,-1,-1,-1,0
2015,11.702857142857143,4096,0,0,0.02777908369898796,0,-1,0,59,-1,-1,-1,0
2016,11.708662131519274,4096,0,0,0.028016503900289536,0,-1,0,59,-1,-1,-1,0
2017,11.714467120181405,4096,0,0,0.028053002431988716,0,-1,0,59,-1,-1,-1,0
2018,11.720272108843538,4096,0,0,0.028315870091319084,0,-1,0,59,-1,-1,-1,0
2019,11.72607709750567,4096,0,0,0.027883179485797882,0,-1,0,59,-1,-1,-1,0
2020,11.7318820861678,4096,0,0,0.027253827080130577,0,-1,0,59,-1,-1,-1,0
2021,11.737687074829932,4096,0,0,0.028246277943253517,0,-1,0,59,-1,-1,-1,0
2022,11.743492063492063,4096,0,0,0.029175231233239174,0,-1,0,59,-1,-1,-1,0
2023,11.749297052154194,4096,0,0,0.029626062139868736,0,-1,0,59,-1,-1,-1,0
2024,11.755102040816327,4096,0,0,0.029513800516724586,0,-1,0,59,-1,-1,-1,0
2025,11.760907029478458,4096,0,0,0.029136234894394875,0,-1,0,59,-1,-1,-1,0
2026,11.76671201814059,4096,0,0,0.029199007898569107,0,-1,0,59,-1,-1,-1,0
2027,11.77251700680272,4096,0,0,0.029380396008491516,0,-1,0,59,-1,-1,-1,0
2028,11.778321995464852,4096,0,0,0.028477177023887634,0,-1,0,59,-1,-1,-1,0
2029,11.784126984126985,4096,0,0,0.02775956504046917,0,-1,0,59,-1,-1,-1,0
2030,11.789931972789116,4096,0,0,0.02797878161072731,0,-1,0,59,-1,-1,-1,0
2031,11.795736961451247,4096,0,0,0.02766999416053295,0,-1,0,59,-1,-1,-1,0
2032,11.801541950113378,512,1,0,0.5032835006713867,0,-1,1,59,-1,-1,-1,0
2033,11.80734693877551,512,0,0,0.6475732326507568,1,-1,1,49,-1,-1,-1,0
2034,11.81315192743764,512,0,0,0.733757495880127,1,54,1,54,-1,-1,-1,0
2035,11.818956916099774,1024,0,0,0.641139030456543,1,54,1,54,54,54,54,0
2036,11.824761904761905,1024,0,1,0.6920905113220215,1,54,1,54,54,54,54,0
2037,11.830566893424036,2048,0,0,0.7417098879814148,1,54,1,54,54,54,54,0
2038,11.836371882086167,2048,0,0,0.7511352300643921,1,54,1,54,54,54,54,0
2039,11.842176870748299,2048,0,0,0.6974144577980042,1,54,1,54,54,54,54,0
2040,11.847981859410432,2048,0,0,0.6877517104148865,1,54,1,54,54,54,54,0
2041,11.853786848072563,4096,0,0,0.7140623927116394,1,54,0,54,54,54,54,0
2042,11.859591836734694,4096,0,0,0.7132371664047241,1,54,0,54,-1,-1,-1,0
2043,11.865396825396825,4096,0,0,0.6396089196205139,1,54,0,54,-1,-1,-1,0
2044,11.871201814058956,4096,0,0,0.643887460231781,1,54,0,54,-1,-1,-1,0
2045,11.877006802721088,4096,0,0,0.6825348734855652,1,54,1,54,-1,-1,-1,0
2046,11.88281179138322,4096,0,0,0.6732528209686279,1,54,1,54,54,54,54,0
2047,11.888616780045352,4096,0,0,0.614594578742981,1,54,1,54,54,54,54,0
2048,11.894421768707483,4096,0,0,0.5554797649383545,0,54,1,54,54,54,54,0
2049,11.900226757369614,4096,0,0,0.5912723541259766,1,54,1,54,54,54,54,0
2050,11.906031746031745,4096,0,0,0.5977631211280823,1,54,1,54,54,54,54,0
2051,11.911836734693878,4096,0,0,0.5877528190612793,1,54,1,54,54,54,54,0
2052,11.91764172335601,4096,0,0,0.5737472176551819,0,54,1,54,54,54,54,0
2053,11.92344671201814,4096,0,0,0.5279145240783691,0,54,1,54,54,54,54,0
2054,11.929251700680272,4096,0,0,0.5997561812400818,1,54,1,54,54,54,54,0
2055,11.935056689342403,4096,0,0,0.6222432851791382,1,54,1,54,54,54,54,0
2056,11.940861678004536,4096,0,0,0.5467289090156555,0,54,1,54,54,54,54,0
2057,11.946666666666667,4096,0,0,0.5326470136642456,0,54,1,54,54,54,54,0
2058,11.952471655328798,4096,0,0,0.5978717803955078,1,54,1,54,54,54,54,0
2059,11.95827664399093,4096,0,0,0.6005808115005493,1,54,1,54,54,54,54,0
2060,11.96408163265306,4096,0,0,0.5973067283630371,1,54,1,54,54,54,54,0
2061,11.969886621315192,4096,0,0,0.5830549001693726,0,54,1,54,54,54,54,0
2062,11.975691609977325,4096,0,0,0.5651280283927917,0,54,1,54,54,54,54,0
2063,11.981496598639456,4096,0,0,0.5610471963882446,0,54,1,54,54,54,54,0
2064,11.987301587301587,4096,0,0,0.5084512233734131,0,54,1,54,54,54,54,0
2065,11.993106575963719,4096,0,0,0.48748400807380676,0,54,1,54,54,54,54,0
2066,11.99891156462585,4096,0,0,0.5217158198356628,0,54,1,54,54,54,54,0
2067,12.004716553287983,4096,0,0,0.5069028735160828,0,54,1,54,54,54,54,0
2068,12.010521541950114,4096,0,0,0.5130358934402466,0,54,1,54,54,54,54,0
2069,12.016326530612245,4096,0,0,0.5031665563583374,0,54,1,54,54,54,54,0
2070,12.022131519274376,4096,0,0,0.45121508836746216,0,54,1,54,54,54,54,0
2071,12.027936507936507,4096,0,0,0.4332362711429596,0,54,1,54,54,54,54,0
2072,12.033741496598639,4096,0,0,0.4404281973838806,0,54,1,54,54,54,54,0
2073,12.039546485260772,4096,0,0,0.5127275586128235,0,54,1,54,54,54,54,0
2074,12.045351473922903,4096,0,0,0.5220566987991333,0,54,1,54,54,54,54,0
2075,12.051156462585034,4096,0,0,0.44197705388069153,0,54,1,54,54,54,54,0
2076,12.056961451247165,4096,0,0,0.41845616698265076,0,54,1,54,54,54,54,0
2077,12.062766439909296,4096,0,0,0.3991437256336212,0,54,1,54,54,54,54,0
2078,12.06857142857143,4096,0,0,0.375224769115448,0,54,1,54,54,54,54,0
2079,12.07437641723356,4096,0,0,0.41669222712516785,0,54,1,54,54,54,54,0
2080,12.080181405895692,4096,0,0,0.3862179219722748,0,54,1,54,54,54,54,0
2081,12.085986394557823,4096,0,0,0.37985408306121826,0,54,1,54,54,54,54,0
2082,12.091791383219954,4096,0,0,0.398434042930603,0,54,1,54,54,54,54,0
2083,12.097596371882085,4096,0,0,0.4237809479236603,0,55,1,54,54,54,54,0
2084,12.103401360544218,4096,0,0,0.37389233708381653,0,55,1,54,54,54,54,0
2085,12.10920634920635,4096,0,1,0.39083990454673767,0,55,1,54,54,54,54,0
2086,12.11501133786848,4096,0,0,0.3860544264316559,0,55,1,54,54,54,54,0
2087,12.120816326530612,4096,0,0,0.4038204550743103,0,55,1,54,54,54,54,0
2088,12.126621315192743,4096,0,0,0.4312807023525238,0,55,1,55,54,54,54,0
2089,12.132426303854876,4096,0,0,0.35859766602516174,0,55,1,55,55,54,54,0
2090,12.138231292517007,4096,0,0,0.412102073431015,0,55,1,55,55,54,54,0
2091,12.144036281179138,4096,0,0,0.37369969487190247,0,55,1,55,55,54,54,0
2092,12.14984126984127,4096,0,0,0.3567332625389099,0,55,1,55,55,54,54,0
2093,12.1556462585034,4096,0,0,0.3684157431125641,0,55,1,55,55,54,54,0
2094,12.161451247165532,4096,0,0,0.3726186156272888,0,55,1,55,55,54,54,0
2095,12.167256235827665,4096,0,0,0.42712321877479553,0,55,1,55,55,54,54,0
2096,12.173061224489796,4096,0,0,0.3822493255138397,0,55,1,55,55,54,54,0
2097,12.178866213151927,4096,0,0,0.3789840042591095,0,55,1,55,55,54,54,0
2098,12.184671201814059,4096,0,0,0.389122873544693,0,55,1,55,55,54,54,0
2099,12.19047619047619,4096,0,0,0.3461725115776062,0,55,1,55,55,54,54,0
2100,12.196281179138323,4096,0,0,0.3387390673160553,0,55,1,55,55,54,54,0
2101,12.202086167800454,4096,0,0,0.3392088711261749,0,55,1,55,55,54,54,0
2102,12.207891156462585,4096,0,0,0.3866220712661743,0,55,1,55,55,54,54,0
2103,12.213696145124716,4096,0,0,0.38029977679252625,0,55,1,55,55,54,54,0
2104,12.219501133786848,4096,0,0,0.33136045932769775,0,55,1,55,55,54,54,0
2105,12.225306122448979,4096,0,0,0.37723472714424133,0,55,1,55,55,54,54,0
2106,12.231111111111112,4096,0,0,0.35251685976982117,0,55,1,55,55,54,54,0
2107,12.236916099773243,4096,0,0,0.3568737208843231,0,55,1,55,55,54,54,0
2108,12.242721088435374,4096,0,0,0.3520057201385498,0,55,1,55,55,54,54,0
2109,12.248526077097505,4096,0,0,0.36347928643226624,0,55,1,55,55,54,54,0
2110,12.254331065759636,4096,0,0,0.4006533920764923,0,55,1,55,55,54,54,0
2111,12.26013605442177,4096,0,0,0.3553430736064911,0,55,1,55,55,54,54,0
2112,12.2659410430839,4096,0,0,0.36097052693367004,0,55,1,55,55,54,54,0
2113,12.271746031746032,4096,0,0,0.3233025372028351,0,55,1,55,55,54,54,0
2114,12.277551020408163,4096,0,0,0.31839272379875183,0,55,1,55,55,54,54,0
2115,12.283356009070294,4096,0,0,0.3122825026512146,0,55,1,55,55,54,54,0
2116,12.289160997732425,4096,0,0,0.32896125316619873,0,55,1,55,55,54,54,0
2117,12.294965986394558,4096,0,0,0.36159318685531616,0,55,1,55,55,54,54,0
2118,12.30077097505669,4096,0,0,0.33215054869651794,0,55,1,55,55,54,54,0
2119,12.30657596371882,512,1,0,0.3128737509250641,0,55,1,55,55,54,54,0
2120,12.312380952380952,512,0,0,0.30057916045188904,0,55,1,55,55,54,54,0
2121,12.318185941043083,512,0,0,0.30114877223968506,0,55,1,55,55,54,54,0
2122,12.323990929705216,1024,0,0,0.2977924346923828,0,55,1,55,55,54,54,0
2123,12.329795918367347,1024,0,0,0.3236657977104187,0,55,1,55,55,54,54,0
2124,12.335600907029479,2048,0,0,0.3406352400779724,0,55,1,55,55,54,54,0
2125,12.34140589569161,2048,0,0,0.3374732732772827,0,55,1,55,55,54,54,0
2126,12.347210884353741,2048,0,0,0.31239911913871765,0,55,1,55,55,54,54,0
2127,12.353015873015874,2048,0,0,0.3202216625213623,0,55,1,55,55,54,54,0
2128,12.358820861678005,4096,0,0,0.30391839146614075,0,55,1,55,55,54,54,0
2129,12.364625850340136,4096,0,0,0.29669874906539917,0,55,1,55,55,54,54,0
2130,12.370430839002267,4096,0,0,0.31870102882385254,0,55,1,55,55,54,54,0
2131,12.376235827664399,4096,0,0,0.29567137360572815,0,55,1,55,55,54,54,0
2132,12.38204081632653,4096,0,0,0.31215959787368774,0,55,1,55,55,54,54,0
2133,12.387845804988663,4096,0,0,0.3026233911514282,0,55,1,55,55,54,54,0
2134,12.393650793650794,4096,0,0,0.2921989858150482,0,55,1,55,55,54,54,0
2135,12.399455782312925,4096,0,0,0.2584094703197479,0,55,1,55,55,54,54,0
2136,12.405260770975056,512,1,0,0.26181021332740784,0,55,1,55,55,54,54,0
2137,12.411065759637188,512,0,0,0.2707076072692871,0,55,1,55,55,54,54,0
2138,12.41687074829932,512,0,0,0.2618487775325775,0,55,1,55,55,54,54,0
2139,12.422675736961452,1024,0,0,0.27212220430374146,0,55,1,55,55,54,54,0
2140,12.428480725623583,1024,0,0,0.28329870104789734,0,55,1,55,55,54,54,0
2141,12.434285714285714,2048,0,0,0.2720829248428345,0,55,1,55,55,54,54,0
2142,12.440090702947845,2048,0,0,0.2604951858520508,0,55,1,55,55,54,54,0
2143,12.445895691609977,2048,0,0,0.32517221570014954,0,55,1,55,55,54,54,0
2144,12.45170068027211,2048,0,0,0.3637629449367523,0,55,1,55,55,54,54,0
2145,12.45750566893424,4096,0,0,0.3613436222076416,0,-1,1,55,55,54,54,0
2146,12.463310657596372,4096,0,0,0.37022078037261963,0,-1,1,55,55,54,54,0
2147,12.469115646258503,4096,0,0,0.3965221643447876,0,-1,0,55,55,54,54,0
2148,12.474920634920634,4096,0,0,0.4329075515270233,0,-1,0,55,-1,-1,-1,0
2149,12.480725623582767,4096,0,0,0.3401528298854828,0,-1,0,55,-1,-1,-1,0
2150,12.486530612244898,4096,0,0,0.3928118348121643,0,-1,0,55,-1,-1,-1,0
2151,12.49233560090703,4096,0,0,0.31223732233047485,0,-1,0,59,-1,-1,-1,0
2152,12.49814058956916,4096,0,0,0.36192741990089417,0,59,0,59,-1,-1,-1,0
2153,12.503945578231292,4096,0,0,0.33883073925971985,0,59,0,59,-1,-1,-1,0
2154,12.509750566893423,4096,0,0,0.36336392164230347,0,59,0,59,-1,-1,-1,0
2155,12.515555555555556,4096,0,0,0.37593328952789307,0,59,1,59,-1,-1,-1,0
2156,12.521360544217687,4096,0,0,0.3147946298122406,0,59,1,59,59,59,59,0
2157,12.527165532879819,4096,0,0,0.37026336789131165,0,59,1,59,59,59,59,0
2158,12.53297052154195,4096,0,0,0.28994035720825195,0,59,1,59,59,59,59,0
2159,12.538775510204081,4096,0,0,0.2736629545688629,0,59,1,59,59,59,59,0
2160,12.544580498866214,4096,0,0,0.2950681746006012,0,59,1,59,59,59,59,0
2161,12.550385487528345,4096,0,0,0.32400763034820557,0,59,1,59,59,59,59,0
2162,12.556190476190476,4096,0,0,0.32994571328163147,0,59,1,59,59,59,59,0
2163,12.561995464852608,4096,0,0,0.3137253522872925,0,59,1,59,59,59,59,0
2164,12.567800453514739,4096,0,0,0.35116952657699585,0,59,1,59,59,59,59,0
2165,12.57360544217687,4096,0,0,0.28777366876602173,0,59,1,59,59,59,59,0
2166,12.579410430839003,4096,0,0,0.28300854563713074,0,59,1,59,59,59,59,0
2167,12.585215419501134,4096,0,0,0.27437683939933777,0,59,1,59,59,59,59,0
2168,12.591020408163265,4096,0,0,0.2772718667984009,0,59,1,59,59,59,59,0
2169,12.596825396825396,4096,0,0,0.2763858437538147,0,59,1,59,59,59,59,0
2170,12.602630385487528,4096,0,0,0.28351935744285583,0,59,1,59,59,59,59,0
2171,12.60843537414966,512,1,0,0.295209139585495,0,59,1,59,59,59,59,0
2172,12.614240362811792,512,0,0,0.26187825202941895,0,59,1,59,59,59,59,0
2173,12.620045351473923,512,0,0,0.26173484325408936,0,59,1,59,59,59,59,0
2174,12.625850340136054,1024,0,0,0.2228655368089676,0,59,1,59,59,59,59,0
2175,12.631655328798185,1024,0,0,0.1869913786649704,0,59,1,59,59,59,59,0
2176,12.637460317460317,2048,0,0,0.19203731417655945,0,59,1,59,59,59,59,0
2177,12.64326530612245,2048,0,0,0.19305169582366943,0,59,1,59,59,59,59,0
2178,12.64907029478458,2048,0,0,0.17310641705989838,0,59,1,59,59,59,59,0
2179,12.654875283446712,2048,0,0,0.18151924014091492,0,59,1,59,59,59,59,0
2180,12.660680272108843,4096,0,0,0.22992275655269623,0,59,0,59,59,59,59,0
2181,12.666485260770974,4096,0,0,0.23563344776630402,0,59,0,59,-1,-1,-1,0
2182,12.672290249433107,4096,0,0,0.2312103807926178,0,59,0,59,-1,-1,-1,0
2183,12.678095238095239,4096,0,0,0.21263490617275238,0,59,0,59,-1,-1,-1,0
2184,12.68390022675737,4096,0,0,0.17279309034347534,0,59,0,59,-1,-1,-1,0
2185,12.689705215419501,4096,0,0,0.168416827917099,0,59,0,59,-1,-1,-1,0
2186,12.695510204081632,4096,0,0,0.16207487881183624,0,59,0,59,-1,-1,-1,0
2187,12.701315192743763,4096,0,0,0.18933475017547607,0,59,0,59,-1,-1,-1,0
2188,12.707120181405896,4096,0,0,0.1585836261510849,0,59,0,59,-1,-1,-1,0
2189,12.712925170068027,4096,0,0,0.1897704005241394,0,59,0,59,-1,-1,-1,0
2190,12.718730158730159,4096,0,0,0.16890928149223328,0,59,0,59,-1,-1,-1,0
2191,12.72453514739229,4096,0,0,0.1523054540157318,0,59,0,59,-1,-1,-1,0
2192,12.730340136054421,4096,0,0,0.1410297304391861,0,59,0,59,-1,-1,-1,0
2193,12.736145124716554,4096,0,0,0.1294315755367279,0,59,0,59,-1,-1,-1,0
2194,12.741950113378685,4096,0,0,0.13629814982414246,0,59,0,59,-1,-1,-1,0
2195,12.747755102040816,4096,0,0,0.12055497616529465,0,59,0,59,-1,-1,-1,0
2196,12.753560090702948,4096,0,0,0.14997263252735138,0,59,0,59,-1,-1,-1,0
2197,12.759365079365079,4096,0,0,0.1297038048505783,0,59,0,59,-1,-1,-1,0
2198,12.765170068027212,4096,0,0,0.13726849853992462,0,59,0,59,-1,-1,-1,0
2199,12.770975056689343,4096,0,0,0.13283531367778778,0,59,0,59,-1,-1,-1,0
2200,12.776780045351474,4096,0,0,0.11207781732082367,0,59,0,59,-1,-1,-1,0
2201,12.782585034013605,4096,0,0,0.11084619909524918,0,59,0,59,-1,-1,-1,0
2202,12.788390022675737,4096,0,0,0.09575166553258896,0,59,0,59,-1,-1,-1,0
2203,12.794195011337868,4096,0,0,0.11060293763875961,0,59,0,59,-1,-1,-1,0
2204,12.8,4096,0,0,0.09628747403621674,0,59,0,59,-1,-1,-1,0
2205,12.805804988662132,4096,0,0,0.10988660156726837,0,59,0,59,-1,-1,-1,0
2206,12.811609977324263,4096,0,0,0.1033073216676712,0,59,0,59,-1,-1,-1,0
2207,12.817414965986394,4096,0,0,0.09914695471525192,0,59,0,59,-1,-1,-1,0
2208,12.823219954648525,4096,0,0,0.09684955328702927,0,59,0,59,-1,-1,-1,0
2209,12.829024943310658,4096,0,0,0.08172789961099625,0,59,0,59,-1,-1,-1,0
2210,12.83482993197279,4096,0,0,0.09270310401916504,0,59,0,59,-1,-1,-1,0
2211,12.84063492063492,4096,0,0,0.07690274715423584,0,59,0,59,-1,-1,-1,0
2212,12.846439909297052,4096,0,0,0.0907403826713562,0,59,0,59,-1,-1,-1,0
2213,12.852244897959183,4096,0,0,0.09190979599952698,0,59,0,59,-1,-1,-1,0
2214,12.858049886621314,512,1,0,0.4178731441497803,0,59,1,50,-1,-1,-1,0
2215,12.863854875283447,512,0,0,0.5570148825645447,0,59,1,64,-1,-1,-1,0
2216,12.869659863945579,512,0,0,0.6406481266021729,1,-1,1,64,64,64,64,0
2217,12.87546485260771,1024,0,0,0.6634291410446167,1,-1,1,64,64,64,64,0
2218,12.881269841269841,1024,0,0,0.6968357563018799,1,-1,1,64,64,64,64,0
2219,12.887074829931972,2048,0,0,0.6668322682380676,1,-1,1,64,64,64,64,0
2220,12.892879818594105,2048,0,0,0.6275517344474792,1,-1,1,64,64,64,64,0
2221,12.898684807256236,2048,0,0,0.605108380317688,1,-1,1,64,64,64,64,0
2222,12.904489795918368,2048,0,0,0.5763745903968811,0,-1,1,64,64,64,64,0
2223,12.910294784580499,4096,0,0,0.494891494512558,0,64,0,64,64,64,64,0
2224,12.91609977324263,4096,0,0,0.5243430733680725,0,64,1,64,64,64,64,0
2225,12.921904761904761,4096,0,0,0.4820902943611145,0,64,1,64,64,64,64,0
2226,12.927709750566894,4096,0,0,0.5689452290534973,0,64,1,64,64,64,64,0
2227,12.933514739229025,4096,0,0,0.5642450451850891,0,64,1,64,64,64,64,0
2228,12.939319727891156,4096,0,0,0.5864103436470032,1,64,1,64,64,64,64,0
2229,12.945124716553288,4096,0,0,0.632535994052887,1,64,1,64,64,64,64,0
2230,12.950929705215419,4096,0,0,0.5512197017669678,0,64,1,64,64,64,64,0
2231,12.956734693877552,4096,0,0,0.5892016291618347,1,64,1,64,64,64,64,0
2232,12.962539682539683,4096,0,0,0.609569251537323,1,64,1,64,64,64,64,0
2233,12.968344671201814,4096,0,0,0.5488852858543396,0,64,1,64,64,64,64,0
2234,12.974149659863945,4096,0,0,0.5706380605697632,0,64,1,64,64,64,64,0
2235,12.979954648526077,4096,0,0,0.5785099864006042,0,64,1,64,64,64,64,0
2236,12.985759637188208,4096,0,0,0.4743228554725647,0,64,1,64,64,64,64,0
2237,12.99156462585034,4096,0,0,0.5683278441429138,0,64,1,64,64,64,64,0
2238,12.997369614512472,4096,0,0,0.5758460164070129,0,64,1,64,64,64,64,0
2239,13.003174603174603,4096,0,0,0.5927472710609436,1,64,1,64,64,64,64,0
2240,13.008979591836734,4096,0,0,0.5909870266914368,1,64,1,64,64,64,64,0
2241,13.014784580498866,4096,0,0,0.5440036058425903,0,64,1,64,64,64,64,0
2242,13.020589569160999,4096,0,0,0.5532760620117188,0,64,1,64,64,64,64,0
2243,13.02639455782313,4096,0,0,0.5173096060752869,0,64,1,64,64,64,64,0
2244,13.032199546485261,4096,0,0,0.4764384627342224,0,64,1,64,64,64,64,0
2245,13.038004535147392,4096,0,0,0.546612560749054,0,64,1,64,64,64,64,0
2246,13.043809523809523,4096,0,0,0.5417090654373169,0,64,1,64,64,64,64,0
2247,13.049614512471654,4096,0,0,0.4563605785369873,0,64,1,64,64,64,64,0
2248,13.055419501133787,4096,0,0,0.5447646379470825,0,64,1,64,64,64,64,0
2249,13.061224489795919,4096,0,0,0.5420867204666138,0,64,1,64,64,64,64,0
2250,13.06702947845805,4096,0,0,0.5325521230697632,0,64,1,64,64,64,64,0
2251,13.072834467120181,4096,0,0,0.5037415623664856,0,64,1,64,64,64,64,0
2252,13.078639455782312,4096,0,0,0.5088890790939331,0,64,1,64,64,64,64,0
2253,13.084444444444445,4096,0,0,0.5042822360992432,0,64,1,64,64,64,64,0
2254,13.090249433106576,4096,0,0,0.4713459014892578,0,64,1,64,64,64,64,0
2255,13.096054421768708,4096,0,0,0.45754241943359375,0,64,1,64,64,64,64,0
2256,13.101859410430839,4096,0,0,0.4995395839214325,0,64,1,64,64,64,64,0
2257,13.10766439909297,4096,0,0,0.47015607357025146,0,64,1,64,64,64,64,0
2258,13.113469387755101,4096,0,0,0.41910040378570557,0,64,1,64,64,64,64,0
2259,13.119274376417234,4096,0,0,0.4444443881511688,0,64,1,64,64,64,64,0
2260,13.125079365079365,4096,0,0,0.4712495803833008,0,64,1,64,64,64,64,0
2261,13.130884353741497,4096,0,0,0.4740603268146515,0,64,1,64,64,64,64,0
2262,13.136689342403628,4096,0,0,0.426099956035614,0,64,1,64,64,64,64,0
2263,13.142494331065759,4096,0,0,0.4606079161167145,0,64,1,64,64,64,64,0
2264,13.148299319727892,4096,0,0,0.4521367847919464,0,64,1,64,64,64,64,0
2265,13.154104308390023,4096,0,0,0.4344373345375061,0,64,1,64,64,64,64,0
2266,13.159909297052154,4096,0,0,0.43778643012046814,0,64,1,64,64,64,64,0
2267,13.165714285714285,4096,0,0,0.4392940402030945,0,64,1,64,64,64,64,0
2268,13.171519274376417,4096,0,0,0.4335443675518036,0,64,1,64,64,64,64,0
2269,13.177324263038548,4096,0,0,0.3960808217525482,0,64,1,64,64,64,64,0
2270,13.18312925170068,4096,0,0,0.41067492961883545,0,64,1,64,64,64,64,0
2271,13.188934240362812,4096,0,0,0.4469977021217346,0,64,1,64,64,64,64,0
2272,13.194739229024943,4096,0,0,0.448019802570343,0,64,1,64,64,64,64,0
2273,13.200544217687074,4096,0,0,0.43261656165122986,0,64,1,64,64,64,64,0
2274,13.206349206349206,4096,0,0,0.4614965617656708,0,64,1,64,64,64,64,0
2275,13.212154195011339,4096,0,0,0.44817209243774414,0,64,1,64,64,64,64,0
2276,13.21795918367347,4096,0,0,0.4376685619354248,0,64,1,64,64,64,64,0
2277,13.223764172335601,4096,0,0,0.4309278726577759,0,64,1,64,64,64,64,0
2278,13.229569160997732,4096,0,0,0.43564343452453613,0,64,1,64,64,64,64,0
2279,13.235374149659863,4096,0,0,0.4304400384426117,0,64,1,64,64,64,64,0
2280,13.241179138321996,4096,0,0,0.39701607823371887,0,64,1,64,64,64,64,0
2281,13.246984126984128,4096,0,0,0.4140152037143707,0,64,1,64,64,64,64,0
2282,13.252789115646259,4096,0,0,0.4579080045223236,0,64,1,64,64,64,64,0
2283,13.25859410430839,4096,0,0,0.4721795320510864,0,64,1,64,64,64,64,0
2284,13.264399092970521,4096,0,0,0.4886217713356018,0,64,1,64,64,64,64,0
2285,13.270204081632652,4096,0,0,0.48273226618766785,0,64,1,64,64,64,64,0
2286,13.276009070294785,4096,0,0,0.4682382345199585,0,64,1,64,64,64,64,0
2287,13.281814058956916,4096,0,0,0.47054922580718994,0,64,1,64,64,64,64,0
2288,13.287619047619048,4096,0,0,0.452299565076828,0,64,1,64,64,64,64,0
2289,13.293424036281179,4096,0,0,0.455214262008667,0,64,1,64,64,64,64,0
2290,13.29922902494331,4096,0,0,0.4598166048526764,0,64,1,64,64,64,64,0
2291,13.305034013605443,4096,0,0,0.43596726655960083,0,64,1,64,64,64,64,0
2292,13.310839002267574,4096,0,0,0.4636581838130951,0,64,1,64,64,64,64,0
2293,13.316643990929705,4096,0,0,0.49867352843284607,0,64,1,64,64,64,64,0
2294,13.322448979591837,4096,0,0,0.5239322185516357,0,64,1,64,64,64,64,0
2295,13.328253968253968,4096,0,0,0.5272077322006226,0,64,1,64,64,64,64,0
2296,13.334058956916099,4096,0,0,0.44584137201309204,0,64,1,64,64,64,64,0
2297,13.339863945578232,4096,0,0,0.491251140832901,0,64,1,64,64,64,64,0
2298,13.345668934240363,4096,0,0,0.5044755339622498,0,-1,1,64,64,64,64,0
2299,13.351473922902494,4096,0,0,0.41612645983695984,0,-1,1,64,64,64,64,0
2300,13.357278911564626,4096,0,0,0.47844433784484863,0,-1,1,64,64,64,64,0
2301,13.363083900226757,4096,0,0,0.41412046551704407,0,-1,1,64,64,64,64,0
2302,13.36888888888889,4096,0,0,0.43199989199638367,0,-1,1,64,64,64,64,0
2303,13.374693877551021,4096,0,0,0.4574100971221924,0,-1,1,64,64,64,64,0
2304,13.380498866213152,4096,0,0,0.48497703671455383,0,-1,1,64,64,64,64,0
2305,13.386303854875283,4096,0,0,0.4530613124370575,0,-1,1,64,64,64,64,0
2306,13.392108843537414,4096,0,0,0.48500150442123413,0,-1,1,64,64,64,64,0
2307,13.397913832199546,4096,0,0,0.5044174194335938,0,-1,1,64,64,64,64,0
2308,13.403718820861679,4096,0,0,0.4846477210521698,0,-1,1,64,64,64,64,0
2309,13.40952380952381,4096,0,0,0.43356478214263916,0,-1,1,64,64,64,64,0
2310,13.415328798185941,4096,0,0,0.4456353187561035,0,-1,1,64,64,64,64,0
2311,13.421133786848072,4096,0,0,0.46368440985679626,0,-1,1,64,64,64,64,0
2312,13.426938775510203,4096,0,0,0.4651987850666046,0,-1,1,64,64,64,64,0
2313,13.432743764172336,4096,0,0,0.4161575436592102,0,-1,1,64,64,64,64,0
2314,13.438548752834468,4096,0,0,0.4767683148384094,0,-1,1,64,64,64,64,0
2315,13.444353741496599,4096,0,0,0.47970375418663025,0,-1,1,64,64,64,64,0
2316,13.45015873015873,4096,0,0,0.48388415575027466,0,-1,1,64,64,64,64,0
2317,13.455963718820861,4096,0,0,0.46892204880714417,0,-1,1,64,64,64,64,0
2318,13.461768707482992,4096,0,0,0.4652828872203827,0,-1,1,64,64,64,64,0
2319,13.467573696145125,4096,0,0,0.49214237928390503,0,-1,1,64,64,64,64,0
2320,13.473378684807257,4096,0,0,0.4229499399662018,0,-1,1,64,64,64,64,0
2321,13.479183673469388,4096,0,0,0.4626096487045288,0,-1,1,64,64,64,64,0
2322,13.484988662131519,4096,0,0,0.4373769164085388,0,-1,1,64,64,64,64,0
2323,13.49079365079365,4096,0,0,0.43543460965156555,0,-1,1,64,64,64,64,0
2324,13.496598639455783,4096,0,0,0.40845492482185364,0,-1,1,64,64,64,64,0
2325,13.502403628117914,4096,0,0,0.4701923727989197,0,-1,1,64,64,64,64,0
2326,13.508208616780045,4096,0,0,0.4494223892688751,0,-1,1,64,64,64,64,0
2327,13.514013605442177,4096,0,0,0.464447021484375,0,-1,1,64,64,64,64,0
2328,13.519818594104308,4096,0,0,0.4692581593990326,0,-1,1,64,64,64,64,0
2329,13.525623582766439,4096,0,0,0.4413578510284424,0,-1,1,64,64,64,64,0
2330,13.531428571428572,4096,0,0,0.47112682461738586,0,-1,1,64,64,64,64,0
2331,13.537233560090703,4096,0,0,0.39455553889274597,0,-1,1,64,64,64,64,0
2332,13.543038548752834,4096,0,0,0.4070424437522888,0,-1,1,64,64,64,64,0
2333,13.548843537414966,4096,0,0,0.40602555871009827,0,-1,1,64,64,64,64,0
2334,13.554648526077097,4096,0,0,0.40513646602630615,0,-1,1,64,64,64,64,0
2335,13.56045351473923,4096,0,0,0.3793886601924896,0,-1,1,64,64,64,64,0
2336,13.566258503401361,4096,0,0,0.4422556757926941,0,-1,1,64,64,64,64,0
2337,13.572063492063492,4096,0,0,0.42248985171318054,0,-1,1,64,64,64,64,0
2338,13.577868480725623,4096,0,0,0.4216369092464447,0,-1,1,64,64,64,64,0
2339,13.583673469387755,4096,0,0,0.4573902189731598,0,-1,1,64,64,64,64,0
2340,13.589478458049886,4096,0,0,0.5115696787834167,0,-1,1,64,64,64,64,0
2341,13.595283446712019,4096,0,0,0.4672839343547821,0,-1,1,64,64,64,64,0
2342,13.60108843537415,4096,0,0,0.6024042963981628,1,-1,1,64,64,64,64,0
2343,13.606893424036281,4096,0,0,0.6149640679359436,1,-1,1,64,64,64,64,0
2344,13.612698412698412,4096,0,0,0.4385364055633545,0,-1,1,64,64,64,64,0
2345,13.618503401360543,4096,0,0,0.522263765335083,0,-1,1,64,64,64,64,0
2346,13.624308390022676,4096,0,0,0.4960920810699463,0,-1,1,64,64,64,64,0
2347,13.630113378684808,4096,0,0,0.49343767762184143,0,-1,1,64,64,64,64,0
2348,13.635918367346939,4096,0,0,0.4784887433052063,0,-1,1,64,64,64,64,0
2349,13.64172335600907,4096,0,0,0.4087698459625244,0,-1,1,55,64,64,64,0
2350,13.647528344671201,4096,0,0,0.5089278817176819,0,-1,1,55,55,64,64,0
2351,13.653333333333334,4096,0,0,0.5089864730834961,0,-1,1,55,55,64,64,0
2352,13.659138321995465,4096,0,0,0.4424198567867279,0,-1,1,55,55,64,64,0
2353,13.664943310657597,4096,0,0,0.4427870213985443,0,-1,1,55,55,64,64,0
2354,13.670748299319728,4096,0,0,0.3442344069480896,0,-1,1,55,55,64,64,0
2355,13.676553287981859,4096,0,0,0.40332671999931335,0,-1,1,55,55,64,64,0
2356,13.68235827664399,4096,0,0,0.3950732946395874,0,-1,1,55,55,64,64,0
2357,13.688163265306123,4096,0,0,0.3546799123287201,0,-1,1,55,55,64,64,0
2358,13.693968253968254,4096,0,0,0.40769076347351074,0,-1,1,55,55,64,64,0
2359,13.699773242630386,4096,0,0,0.45431241393089294,0,-1,1,55,55,64,64,0
2360,13.705578231292517,4096,0,0,0.4598214030265808,0,-1,1,55,55,64,64,0
2361,13.711383219954648,4096,0,0,0.4604048430919647,0,-1,1,55,55,64,64,0
2362,13.717188208616781,4096,0,0,0.39054885506629944,0,-1,1,55,55,64,64,0
2363,13.722993197278912,4096,0,0,0.4195057451725006,0,-1,1,55,55,64,64,0
2364,13.728798185941043,4096,0,0,0.4601159989833832,0,-1,1,55,55,64,64,0
2365,13.734603174603174,4096,0,0,0.43740811944007874,0,-1,1,55,55,64,64,0
2366,13.740408163265306,4096,0,0,0.4755363464355469,0,-1,1,55,55,64,64,0
2367,13.746213151927437,4096,0,0,0.46649569272994995,0,-1,1,55,55,64,64,0
2368,13.75201814058957,4096,0,0,0.4133288562297821,0,-1,1,55,55,64,64,0
2369,13.757823129251701,4096,0,0,0.35996320843696594,0,-1,1,55,55,64,64,0
2370,13.763628117913832,4096,0,0,0.3484148681163788,0,-1,1,55,55,64,64,0
2371,13.769433106575963,4096,0,0,0.34172579646110535,0,-1,1,55,55,64,64,0
2372,13.775238095238095,4096,0,0,0.3854477107524872,0,-1,1,55,55,64,64,0
2373,13.781043083900228,4096,0,0,0.3777962327003479,0,-1,1,55,55,64,64,0
2374,13.786848072562359,4096,0,0,0.344791978597641,0,-1,1,55,55,64,64,0
2375,13.79265306122449,4096,0,0,0.36841440200805664,0,-1,1,55,55,64,64,0
2376,13.798458049886621,4096,0,0,0.3142378628253937,0,-1,1,55,55,64,64,0
2377,13.804263038548752,4096,0,0,0.3366548418998718,0,-1,1,55,55,64,64,0
2378,13.810068027210884,4096,0,0,0.2932344079017639,0,-1,1,55,55,64,64,0
2379,13.815873015873017,4096,0,0,0.352446973323822,0,-1,1,55,55,64,64,0
2380,13.821678004535148,4096,0,0,0.34368470311164856,0,-1,1,55,55,64,64,0
2381,13.827482993197279,4096,0,0,0.34146514534950256,0,57,1,55,55,64,64,0
2382,13.83328798185941,4096,0,0,0.33325356245040894,0,57,1,55,55,64,64,0
2383,13.839092970521541,4096,0,1,0.33269888162612915,0,57,1,55,55,64,64,0
2384,13.844897959183674,4096,0,0,0.32847660779953003,0,57,1,55,55,64,64,0
2385,13.850702947845805,4096,0,0,0.3344948887825012,0,57,1,55,55,64,64,0
2386,13.856507936507937,4096,0,0,0.31159713864326477,0,57,1,55,55,64,64,0
2387,13.862312925170068,4096,0,0,0.3056807219982147,0,57,1,56,55,64,64,0
2388,13.868117913832199,4096,0,0,0.3241591155529022,0,57,1,56,56,64,64,0
2389,13.87392290249433,512,1,0,0.36328089237213135,0,57,1,57,56,64,64,0
2390,13.879727891156463,512,0,0,0.32038673758506775,0,57,1,57,57,64,64,0
2391,13.885532879818594,512,0,0,0.3150222897529602,0,57,1,57,57,64,64,0
2392,13.891337868480726,1024,0,0,0.29933372139930725,0,57,1,57,57,64,64,0
2393,13.897142857142857,1024,0,0,0.3133554756641388,0,57,1,57,57,64,64,0
2394,13.902947845804988,2048,0,0,0.2635030448436737,0,57,1,57,57,64,64,0
2395,13.908752834467121,2048,0,0,0.24513861536979675,0,57,1,57,57,64,64,0
2396,13.914557823129252,2048,0,0,0.18230581283569336,0,57,1,57,57,64,64,0
2397,13.920362811791383,2048,0,0,0.13420604169368744,0,57,1,57,57,64,64,0
2398,13.926167800453515,4096,0,0,0.11373265832662582,0,57,1,57,57,64,64,0
2399,13.931972789115646,4096,0,0,0.065816730260849,0,57,0,57,57,64,64,0
2400,13.937777777777777,4096,0,0,0.03717269375920296,0,57,0,57,-1,-1,-1,0
2401,13.94358276643991,4096,0,0,0.030658818781375885,0,57,0,57,-1,-1,-1,0
2402,13.949387755102041,4096,0,0,0.02912663109600544,0,57,0,57,-1,-1,-1,0
2403,13.955192743764172,4096,0,0,0.027940252795815468,0,57,0,57,-1,-1,-1,0
2404,13.960997732426303,4096,0,0,0.027487995103001595,0,57,0,57,-1,-1,-1,0
2405,13.966802721088435,4096,0,0,0.02766316942870617,0,57,0,58,-1,-1,-1,0
2406,13.972607709750568,4096,0,0,0.028003444895148277,0,57,0,58,-1,-1,-1,0
2407,13.978412698412699,4096,0,0,0.028136886656284332,0,57,0,58,-1,-1,-1,0
2408,13.98421768707483,4096,0,0,0.027421394363045692,0,57,0,58,-1,-1,-1,0
2409,13.990022675736961,4096,0,0,0.027172964066267014,0,-1,0,58,-1,-1,-1,0
2410,13.995827664399092,4096,0,0,0.02765827812254429,0,-1,0,59,-1,-1,-1,0
2411,14.001632653061224,4096,0,0,0.02788330242037773,0,-1,0,59,-1,-1,-1,0
2412,14.007437641723357,4096,0,0,0.02819431573152542,0,-1,0,59,-1,-1,-1,0
2413,14.013242630385488,4096,0,0,0.02881390042603016,0,-1,0,59,-1,-1,-1,0
2414,14.019047619047619,4096,0,0,0.02938603237271309,0,-1,0,59,-1,-1,-1,0
2415,14.02485260770975,4096,0,0,0.029927559196949005,0,-1,0,59,-1,-1,-1,0
2416,14.030657596371881,4096,0,0,0.030969010666012764,0,-1,0,59,-1,-1,-1,0
2417,14.036462585034014,4096,0,0,0.0314486138522625,0,-1,0,59,-1,-1,-1,0
2418,14.042267573696146,4096,0,0,0.03078737109899521,0,-1,0,59,-1,-1,-1,0
2419,14.048072562358277,4096,0,0,0.030864374712109566,0,-1,0,59,-1,-1,-1,0
2420,14.053877551020408,4096,0,0,0.031082306057214737,0,-1,0,59,-1,-1,-1,0
2421,14.05968253968254,4096,0,0,0.031139859929680824,0,-1,0,59,-1,-1,-1,0
2422,14.065487528344672,4096,0,0,0.029432229697704315,0,-1,0,59,-1,-1,-1,0
2423,14.071292517006803,4096,0,0,0.029608849436044693,0,-1,0,59,-1,-1,-1,0
2424,14.077097505668934,4096,0,0,0.02978166565299034,0,-1,0,59,-1,-1,-1,0
2425,14.082902494331066,4096,0,0,0.02965785749256611,0,-1,0,59,-1,-1,-1,0
2426,14.088707482993197,4096,0,0,0.031095359474420547,0,-1,0,59,-1,-1,-1,0
2427,14.094512471655328,4096,0,0,0.03136426582932472,0,-1,0,59,-1,-1,-1,0
2428,14.100317460317461,4096,0,0,0.03231119364500046,0,-1,0,59,-1,-1,-1,0
2429,14.106122448979592,512,1,0,0.41471216082572937,0,-1,1,49,-1,-1,-1,0
2430,14.111927437641723,512,0,0,0.46027544140815735,0,-1,1,49,49,49,49,0
2431,14.117732426303855,512,0,0,0.36293506622314453,0,57,1,57,49,49,49,0
2432,14.123537414965986,1024,0,0,0.4295531213283539,0,57,1,57,57,49,49,0
2433,14.129342403628119,1024,0,1,0.4773103594779968,0,57,1,57,57,49,49,0
2434,14.13514739229025,2048,0,0,0.49622511863708496,0,57,1,57,57,49,49,0
2435,14.140952380952381,2048,0,0,0.3590730130672455,0,57,1,57,57,49,49,0
2436,14.146757369614512,2048,0,0,0.45106783509254456,0,57,1,57,57,49,49,0
2437,14.152562358276644,2048,0,0,0.41859760880470276,0,57,1,57,57,49,49,0
2438,14.158367346938775,4096,0,0,0.4626045227050781,0,57,0,57,57,49,49,0
2439,14.164172335600908,4096,0,0,0.3134745657444,0,57,0,57,-1,-1,-1,0
2440,14.169977324263039,4096,0,0,0.427895188331604,0,57,1,57,-1,-1,-1,0
2441,14.17578231292517,4096,0,0,0.45455431938171387,0,57,1,57,57,57,57,0
2442,14.181587301587301,4096,0,0,0.3406018614768982,0,57,1,57,57,57,57,0
2443,14.187392290249432,4096,0,0,0.31789636611938477,0,57,1,57,57,57,57,0
2444,14.193197278911565,4096,0,0,0.40487441420555115,0,57,1,57,57,57,57,0
2445,14.199002267573697,4096,0,0,0.39658215641975403,0,57,1,57,57,57,57,0
2446,14.204807256235828,4096,0,0,0.30127131938934326,0,57,1,57,57,57,57,0
2447,14.210612244897959,4096,0,0,0.3499888479709625,0,57,1,57,57,57,57,0
2448,14.21641723356009,4096,0,0,0.35714632272720337,0,57,1,57,57,57,57,0
2449,14.222222222222221,4096,0,0,0.32806527614593506,0,57,1,57,57,57,57,0
2450,14.228027210884354,4096,0,0,0.2840816378593445,0,57,1,57,57,57,57,0
2451,14.233832199546486,4096,0,0,0.3543844521045685,0,57,1,57,57,57,57,0
2452,14.239637188208617,4096,0,0,0.36249902844429016,0,57,1,57,57,57,57,0
2453,14.245442176870748,4096,0,0,0.2931387424468994,0,57,1,57,57,57,57,0
2454,14.25124716553288,4096,0,0,0.30973541736602783,0,57,1,57,57,57,57,0
2455,14.257052154195012,4096,0,0,0.3280104100704193,0,57,1,57,57,57,57,0
2456,14.262857142857143,4096,0,0,0.32893460988998413,0,57,1,57,57,57,57,0
2457,14.268662131519275,4096,0,0,0.2848880887031555,0,57,1,57,57,57,57,0
2458,14.274467120181406,4096,0,0,0.34093520045280457,0,57,1,57,57,57,57,0
2459,14.280272108843537,4096,0,0,0.36242344975471497,0,57,1,57,57,57,57,0
2460,14.286077097505668,4096,0,0,0.2984767556190491,0,57,1,57,57,57,57,0
2461,14.291882086167801,4096,0,0,0.2926981449127197,0,57,1,57,57,57,57,0
2462,14.297687074829932,4096,0,0,0.3364657759666443,0,57,1,57,57,57,57,0
2463,14.303492063492063,4096,0,0,0.3420109748840332,0,57,1,57,57,57,57,0
2464,14.309297052154195,4096,0,0,0.30641239881515503,0,57,1,57,57,57,57,0
2465,14.315102040816326,4096,0,0,0.3362521231174469,0,57,1,57,57,57,57,0
2466,14.320907029478459,4096,0,0,0.35973918437957764,0,57,1,57,57,57,57,0
2467,14.32671201814059,4096,0,0,0.28274092078208923,0,57,1,57,57,57,57,0
2468,14.332517006802721,4096,0,0,0.2816055417060852,0,57,1,57,57,57,57,0
2469,14.338321995464852,4096,0,0,0.34279298782348633,0,57,1,57,57,57,57,0
2470,14.344126984126984,4096,0,0,0.34703612327575684,0,57,1,57,57,57,57,0
2471,14.349931972789115,4096,0,0,0.319989413022995,0,57,1,57,57,57,57,0
2472,14.355736961451248,4096,0,0,0.30953356623649597,0,57,1,57,57,57,57,0
2473,14.361541950113379,4096,0,0,0.3337077498435974,0,57,1,57,57,57,57,0
2474,14.36734693877551,4096,0,0,0.2973475456237793,0,57,1,57,57,57,57,0
2475,14.373151927437641,4096,0,0,0.27079835534095764,0,57,1,57,57,57,57,0
2476,14.378956916099773,4096,0,0,0.3050347566604614,0,57,1,57,57,57,57,0
2477,14.384761904761906,512,1,0,0.31784433126449585,0,57,1,57,57,57,57,0
2478,14.390566893424037,512,0,0,0.2698811888694763,0,57,1,57,57,57,57,0
2479,14.396371882086168,512,0,0,0.24986054003238678,0,-1,1,57,57,57,57,0
2480,14.402176870748299,1024,0,0,0.28876185417175293,0,-1,1,57,57,57,57,0
2481,14.40798185941043,1024,0,0,0.25944018363952637,0,-1,1,57,57,57,57,0
2482,14.413786848072561,2048,0,0,0.20511803030967712,0,-1,1,57,57,57,57,0
2483,14.419591836734694,2048,0,0,0.23506313562393188,0,-1,1,57,57,57,57,0
2484,14.425396825396826,2048,0,0,0.25887539982795715,0,-1,1,57,57,57,57,0
2485,14.431201814058957,2048,0,0,0.2058124542236328,0,-1,1,57,57,57,57,0
2486,14.437006802721088,4096,0,0,0.20398195087909698,0,-1,1,57,57,57,57,0
2487,14.44281179138322,4096,0,0,0.2644519805908203,0,-1,1,57,57,57,57,0
2488,14.448616780045352,4096,0,0,0.25093576312065125,0,-1,1,57,57,57,57,0
2489,14.454421768707483,4096,0,0,0.21548141539096832,0,-1,1,57,57,57,57,0
2490,14.460226757369615,4096,0,0,0.23244641721248627,0,-1,1,57,57,57,57,0
2491,14.466031746031746,4096,0,0,0.2726903557777405,0,-1,1,57,57,57,57,0
2492,14.471836734693877,512,1,0,0.23143114149570465,0,-1,1,57,57,57,57,0
2493,14.477641723356008,512,0,0,0.23522573709487915,0,-1,1,57,57,57,57,0
2494,14.483446712018141,512,0,0,0.28521081805229187,0,-1,1,57,57,57,57,0
2495,14.489251700680272,1024,0,0,0.28302115201950073,0,-1,1,57,57,57,57,0
2496,14.495056689342404,1024,0,0,0.26537448167800903,0,-1,1,57,57,57,57,0
2497,14.500861678004535,2048,0,0,0.2345631718635559,0,-1,1,57,57,57,57,0
2498,14.506666666666666,2048,0,0,0.2608589828014374,0,-1,1,57,57,57,57,0
2499,14.512471655328799,2048,0,0,0.22334516048431396,0,-1,1,57,57,57,57,0
2500,14.51827664399093,2048,0,0,0.22207783162593842,0,-1,1,57,57,57,57,0
2501,14.524081632653061,4096,0,0,0.25689947605133057,0,-1,1,57,57,57,57,0
2502,14.529886621315192,4096,0,0,0.26378577947616577,0,-1,1,57,57,57,57,0
2503,14.535691609977324,4096,0,0,0.2445790022611618,0,-1,1,57,57,57,57,0
2504,14.541496598639457,4096,0,0,0.2104819416999817,0,-1,1,57,57,57,57,0
2505,14.547301587301588,4096,0,0,0.22892922163009644,0,-1,1,57,57,57,57,0
2506,14.553106575963719,4096,0,0,0.210098534822464,0,-1,1,57,57,57,57,0
2507,14.55891156462585,512,1,0,0.20178715884685516,0,-1,1,57,57,57,57,0
2508,14.564716553287981,512,0,0,0.21649481356143951,0,-1,1,57,57,57,57,0
2509,14.570521541950113,512,0,0,0.224649116396904,0,-1,1,57,57,57,57,0
2510,14.576326530612246,1024,0,0,0.212088942527771,0,-1,1,57,57,57,57,0
2511,14.582131519274377,1024,0,0,0.1924423724412918,0,-1,1,57,57,57,57,0
2512,14.587936507936508,2048,0,0,0.20807336270809174,0,-1,1,57,57,57,57,0
2513,14.59374149659864,2048,0,0,0.20117652416229248,0,-1,1,57,57,57,57,0
2514,14.59954648526077,2048,0,0,0.19744552671909332,0,-1,1,57,57,57,57,0
2515,14.605351473922903,2048,0,0,0.18436723947525024,0,-1,1,57,57,57,57,0
2516,14.611156462585035,4096,0,0,0.19923333823680878,0,-1,1,57,57,57,57,0
2517,14.616961451247166,4096,0,0,0.18184341490268707,0,-1,1,57,57,57,57,0
2518,14.622766439909297,4096,0,0,0.18019847571849823,0,-1,1,57,57,57,57,0
2519,14.628571428571428,4096,0,0,0.20304420590400696,0,-1,1,57,57,57,57,0
2520,14.63437641723356,4096,0,0,0.21683330833911896,0,-1,1,57,57,57,57,0
2521,14.640181405895692,4096,0,0,0.24360892176628113,0,-1,1,57,57,57,57,0
2522,14.645986394557823,4096,0,0,0.18792489171028137,0,-1,1,57,57,57,57,0
2523,14.651791383219955,4096,0,0,0.15875685214996338,0,-1,1,57,57,57,57,0
2524,14.657596371882086,4096,0,0,0.0790819302201271,0,-1,1,57,57,57,57,0
2525,14.663401360544217,4096,0,0,0.04180825874209404,0,-1,1,57,57,57,57,0
2526,14.66920634920635,4096,0,0,0.0346071831882,0,-1,1,57,57,57,57,0
2527,14.675011337868481,4096,0,0,0.030126923695206642,0,-1,1,57,57,57,57,0
2528,14.680816326530612,4096,0,0,0.030004341155290604,0,-1,0,57,57,57,57,0
2529,14.686621315192744,4096,0,0,0.02959071658551693,0,-1,0,57,-1,-1,-1,0
2530,14.692426303854875,4096,0,0,0.028775889426469803,0,-1,0,57,-1,-1,-1,0
2531,14.698231292517006,4096,0,0,0.028578810393810272,0,-1,0,57,-1,-1,-1,0
2532,14.704036281179139,4096,0,0,0.027949398383498192,0,-1,0,57,-1,-1,-1,0
2533,14.70984126984127,4096,0,0,0.027330463752150536,0,-1,0,57,-1,-1,-1,0
2534,14.715646258503401,4096,0,0,0.0271759070456028,0,-1,0,57,-1,-1,-1,0
2535,14.721451247165533,4096,0,0,0.027268750593066216,0,-1,0,57,-1,-1,-1,0
2536,14.727256235827664,4096,0,0,0.02751542069017887,0,-1,0,57,-1,-1,-1,0
2537,14.733061224489797,4096,0,0,0.027335193008184433,0,-1,0,57,-1,-1,-1,0
2538,14.738866213151928,4096,0,0,0.027090193703770638,0,-1,0,59,-1,-1,-1,0
2539,14.744671201814059,4096,0,0,0.0269909854978323,0,-1,0,59,-1,-1,-1,0
2540,14.75047619047619,4096,0,0,0.0276508666574955,0,-1,0,59,-1,-1,-1,0
2541,14.756281179138321,4096,0,0,0.028073016554117203,0,-1,0,59,-1,-1,-1,0
2542,14.762086167800453,4096,0,0,0.028953993692994118,0,-1,0,59,-1,-1,-1,0
2543,14.767891156462586,4096,0,0,0.031455885618925095,0,-1,0,59,-1,-1,-1,0
2544,14.773696145124717,4096,0,0,0.03295379504561424,0,-1,0,59,-1,-1,-1,0
2545,14.779501133786848,4096,0,0,0.030852174386382103,0,-1,0,59,-1,-1,-1,0
2546,14.78530612244898,4096,0,0,0.02955009788274765,0,-1,0,59,-1,-1,-1,0
2547,14.79111111111111,4096,0,0,0.029379192739725113,0,-1,0,59,-1,-1,-1,0
2548,14.796916099773243,4096,0,0,0.028400788083672523,0,-1,0,59,-1,-1,-1,0
2549,14.802721088435375,4096,0,0,0.02743629738688469,0,-1,0,59,-1,-1,-1,0
2550,14.808526077097506,4096,0,0,0.027324892580509186,0,-1,0,59,-1,-1,-1,0
2551,14.814331065759637,4096,0,0,0.027154985815286636,0,-1,0,59,-1,-1,-1,0
2552,14.820136054421768,4096,0,0,0.026968322694301605,0,-1,0,59,-1,-1,-1,0
2553,14.8259410430839,4096,0,0,0.028371673077344894,0,-1,0,59,-1,-1,-1,0
2554,14.831746031746032,4096,0,0,0.02906084433197975,0,-1,0,59,-1,-1,-1,0
2555,14.837551020408164,4096,0,0,0.031223982572555542,0,-1,0,59,-1,-1,-1,0
2556,14.843356009070295,512,1,0,0.5117590427398682,0,-1,1,49,-1,-1,-1,0
2557,14.849160997732426,512,0,0,0.6105829477310181,1,-1,1,62,-1,-1,-1,0
2558,14.854965986394557,512,0,0,0.5510172843933105,0,62,1,62,62,62,62,0
2559,14.86077097505669,1024,0,0,0.605389416217804,1,62,1,62,62,62,62,0
2560,14.866575963718821,1024,0,1,0.581197202205658,0,62,1,62,62,62,62,0
2561,14.872380952380952,2048,0,0,0.612999677658081,1,62,1,62,62,62,62,0
2562,14.878185941043084,2048,0,0,0.5366217494010925,0,62,1,62,62,62,62,0
2563,14.883990929705215,2048,0,0,0.45950356125831604,0,62,1,62,62,62,62,0
2564,14.889795918367346,2048,0,0,0.47231703996658325,0,62,1,62,62,62,62,0
2565,14.895600907029479,4096,0,0,0.4316539466381073,0,62,0,62,62,62,62,0
2566,14.90140589569161,4096,0,0,0.4158393144607544,0,62,1,62,62,62,62,0
2567,14.907210884353741,4096,0,0,0.40378236770629883,0,62,1,62,62,62,62,0
2568,14.913015873015873,4096,0,0,0.38522279262542725,0,62,1,62,62,62,62,0
2569,14.918820861678004,4096,0,0,0.3934074342250824,0,62,1,62,62,62,62,0
2570,14.924625850340137,4096,0,0,0.4092312455177307,0,62,1,62,62,62,62,0
2571,14.930430839002268,4096,0,0,0.3840799033641815,0,62,1,62,62,62,62,0
2572,14.9362358276644,4096,0,0,0.3454844355583191,0,62,1,62,62,62,62,0
2573,14.94204081632653,4096,0,0,0.39862462878227234,0,62,1,62,62,62,62,0
2574,14.947845804988662,4096,0,0,0.4079606831073761,0,62,1,62,62,62,62,0
2575,14.953650793650795,4096,0,0,0.35913413763046265,0,62,1,62,62,62,62,0
2576,14.959455782312926,4096,0,0,0.29222917556762695,0,-1,1,62,62,62,62,0
2577,14.965260770975057,4096,0,0,0.40431705117225647,0,63,1,62,62,62,62,0
2578,14.971065759637188,4096,0,0,0.47623488306999207,0,63,1,62,62,62,62,0
2579,14.97687074829932,4096,0,1,0.41245537996292114,0,63,1,62,62,62,62,0
2580,14.98267573696145,4096,0,0,0.35161739587783813,0,63,1,62,62,62,62,0
2581,14.988480725623583,4096,0,0,0.3716680407524109,0,63,1,62,62,62,62,0
2582,14.994285714285715,4096,0,0,0.48333626985549927,0,63,1,62,62,62,62,0
2583,15.000090702947846,4096,0,0,0.4736863076686859,0,63,1,63,62,62,62,0
2584,15.005895691609977,4096,0,0,0.4149646759033203,0,63,1,63,63,62,62,0
2585,15.011700680272108,4096,0,0,0.3802742063999176,0,63,1,63,63,62,62,0
2586,15.017505668934241,4096,0,0,0.3677883744239807,0,63,1,63,63,62,62,0
2587,15.023310657596372,4096,0,0,0.4616173207759857,0,63,1,63,63,62,62,0
2588,15.029115646258504,4096,0,0,0.4666672348976135,0,63,1,63,63,62,62,0
2589,15.034920634920635,4096,0,0,0.5015156269073486,0,63,1,63,63,62,62,0
2590,15.040725623582766,4096,0,0,0.6521134376525879,1,63,1,63,63,63,63,0
2591,15.046530612244897,4096,0,0,0.656555712223053,1,63,1,63,63,63,63,0
2592,15.05233560090703,4096,0,0,0.6211336851119995,1,63,1,63,63,63,63,0
2593,15.058140589569161,4096,0,0,0.6535628437995911,1,63,1,63,63,63,63,0
2594,15.063945578231293,4096,0,0,0.6444891691207886,1,63,1,63,63,63,63,0
2595,15.069750566893424,4096,0,0,0.6315143704414368,1,63,1,63,63,63,63,0
2596,15.075555555555555,4096,0,0,0.640502393245697,1,63,1,63,63,63,63,0
2597,15.081360544217688,4096,0,0,0.6533805727958679,1,63,1,62,63,63,63,0
2598,15.087165532879819,4096,0,0,0.5321473479270935,0,63,1,62,62,62,62,0
2599,15.09297052154195,4096,0,0,0.5979399681091309,1,62,1,62,62,62,62,0
2600,15.098775510204081,4096,0,0,0.5358269214630127,0,62,1,62,62,62,62,0
2601,15.104580498866213,4096,0,1,0.5189787745475769,0,62,1,62,62,62,62,0
2602,15.110385487528344,4096,0,0,0.508430540561676,0,62,1,62,62,62,62,0
2603,15.116190476190477,4096,0,0,0.49002400040626526,0,62,1,62,62,62,62,0
2604,15.121995464852608,4096,0,0,0.5100167393684387,0,62,1,62,62,62,62,0
2605,15.12780045351474,4096,0,0,0.501783013343811,0,62,1,62,62,62,62,0
2606,15.13360544217687,4096,0,0,0.482244610786438,0,62,1,62,62,62,62,0
2607,15.139410430839002,4096,0,0,0.5008189678192139,0,62,1,62,62,62,62,0
2608,15.145215419501135,4096,0,0,0.46588343381881714,0,62,1,62,62,62,62,0
2609,15.151020408163266,4096,0,0,0.4632865786552429,0,62,1,62,62,62,62,0
2610,15.156825396825397,4096,0,0,0.44210463762283325,0,62,1,62,62,62,62,0
2611,15.162630385487528,4096,0,0,0.4708627760410309,0,62,1,62,62,62,62,0
2612,15.16843537414966,4096,0,0,0.4446481168270111,0,62,1,62,62,62,62,0
2613,15.17424036281179,4096,0,0,0.4296397566795349,0,62,1,62,62,62,62,0
2614,15.180045351473924,4096,0,0,0.4566393196582794,0,62,1,62,62,62,62,0
2615,15.185850340136055,4096,0,0,0.45147383213043213,0,62,1,62,62,62,62,0
2616,15.191655328798186,4096,0,0,0.4566417336463928,0,62,1,62,62,62,62,0
2617,15.197460317460317,4096,0,0,0.4541478753089905,0,62,1,62,62,62,62,0
2618,15.203265306122448,4096,0,0,0.4405360221862793,0,62,1,62,62,62,62,0
2619,15.209070294784581,4096,0,0,0.4349479675292969,0,62,1,62,62,62,62,0
2620,15.214875283446712,4096,0,0,0.41786161065101624,0,62,1,62,62,62,62,0
2621,15.220680272108844,4096,0,0,0.4453749358654022,0,62,1,62,62,62,62,0
2622,15.226485260770975,4096,0,0,0.43653440475463867,0,62,1,62,62,62,62,0
2623,15.232290249433106,4096,0,0,0.4571689963340759,0,62,1,62,62,62,62,0
2624,15.238095238095237,4096,0,0,0.46859243512153625,0,62,1,62,62,62,62,0
2625,15.24390022675737,4096,0,0,0.4438825845718384,0,62,1,62,62,62,62,0
2626,15.249705215419501,4096,0,0,0.47947031259536743,0,62,1,62,62,62,62,0
2627,15.255510204081633,4096,0,0,0.4663296639919281,0,62,1,62,62,62,62,0
2628,15.261315192743764,4096,0,0,0.44563591480255127,0,62,1,62,62,62,62,0
2629,15.267120181405895,4096,0,0,0.44397231936454773,0,62,1,62,62,62,62,0
2630,15.272925170068028,4096,0,0,0.4205823242664337,0,62,1,62,62,62,62,0
2631,15.27873015873016,4096,0,0,0.433383047580719,0,62,1,62,62,62,62,0
2632,15.28453514739229,4096,0,0,0.4310239255428314,0,62,1,62,62,62,62,0
2633,15.290340136054422,4096,0,0,0.40284669399261475,0,62,1,62,62,62,62,0
2634,15.296145124716553,4096,0,0,0.4383374750614166,0,62,1,62,62,62,62,0
2635,15.301950113378684,4096,0,0,0.39823001623153687,0,62,1,62,62,62,62,0
2636,15.307755102040817,4096,0,0,0.44020387530326843,0,62,1,62,62,62,62,0
2637,15.313560090702948,4096,0,0,0.4037979245185852,0,62,1,62,62,62,62,0
2638,15.31936507936508,4096,0,0,0.38690611720085144,0,62,1,62,62,62,62,0
2639,15.32517006802721,4096,0,0,0.3933773636817932,0,62,1,62,62,62,62,0
2640,15.330975056689342,4096,0,0,0.3621594309806824,0,62,1,62,62,62,62,0
2641,15.336780045351475,4096,0,0,0.3809077739715576,0,62,1,62,62,62,62,0
2642,15.342585034013606,4096,0,0,0.38623717427253723,0,62,1,62,62,62,62,0
2643,15.348390022675737,4096,0,0,0.40370291471481323,0,62,1,62,62,62,62,0
2644,15.354195011337868,4096,0,0,0.4616284966468811,0,62,1,62,62,62,62,0
2645,15.36,4096,0,0,0.3773745894432068,0,62,1,62,62,62,62,0
2646,15.365804988662132,4096,0,0,0.5157073140144348,0,62,1,62,62,62,62,0
2647,15.371609977324264,4096,0,0,0.4649655222892761,0,62,1,62,62,62,62,0
2648,15.377414965986395,4096,0,0,0.3716740608215332,0,62,1,62,62,62,62,0
2649,15.383219954648526,4096,0,0,0.3750072121620178,0,62,1,62,62,62,62,0
2650,15.389024943310657,4096,0,0,0.31989777088165283,0,62,1,62,62,62,62,0
2651,15.394829931972788,4096,0,0,0.24217864871025085,0,62,0,62,62,62,62,0
2652,15.400634920634921,4096,0,0,0.05930064246058464,0,62,0,62,-1,-1,-1,0
2653,15.406439909297053,4096,0,0,0.061492208391427994,0,62,0,62,-1,-1,-1,0
2654,15.412244897959184,4096,0,0,0.09385612607002258,0,62,0,62,-1,-1,-1,0
2655,15.418049886621315,4096,0,0,0.096263088285923,0,62,0,62,-1,-1,-1,0
2656,15.423854875283446,4096,0,0,0.07294190675020218,0,62,0,62,-1,-1,-1,0
2657,15.429659863945579,4096,0,0,0.07280705869197845,0,62,0,62,-1,-1,-1,0
2658,15.43546485260771,4096,0,0,0.06787171214818954,0,62,0,61,-1,-1,-1,0
2659,15.441269841269841,4096,0,0,0.0739620104432106,0,62,0,61,-1,-1,-1,0
2660,15.447074829931973,4096,0,0,0.06562065333127975,0,-1,0,61,-1,-1,-1,0
2661,15.452879818594104,4096,0,0,0.0647263377904892,0,-1,0,60,-1,-1,-1,0
2662,15.458684807256235,4096,0,0,0.057708922773599625,0,-1,0,60,-1,-1,-1,0
2663,15.464489795918368,4096,0,0,0.06280545890331268,0,-1,0,60,-1,-1,-1,0
2664,15.4702947845805,4096,0,0,0.05994448810815811,0,-1,0,60,-1,-1,-1,0
2665,15.47609977324263,4096,0,0,0.059892307966947556,0,-1,0,59,-1,-1,-1,0
2666,15.481904761904762,4096,0,0,0.05782400071620941,0,-1,0,59,-1,-1,-1,0
2667,15.487709750566893,4096,0,0,0.05577026307582855,0,-1,0,59,-1,-1,-1,0
2668,15.493514739229026,4096,0,0,0.055174924433231354,0,-1,0,59,-1,-1,-1,0
2669,15.499319727891157,4096,0,0,0.05142423138022423,0,-1,0,59,-1,-1,-1,0
2670,15.505124716553288,4096,0,0,0.05650754272937775,0,-1,0,59,-1,-1,-1,0
2671,15.51092970521542,4096,0,0,0.05034817382693291,0,-1,0,59,-1,-1,-1,0
2672,15.51673469387755,4096,0,0,0.05475684627890587,0,-1,0,59,-1,-1,-1,0
2673,15.522539682539682,4096,0,0,0.05155078321695328,0,-1,0,59,-1,-1,-1,0
2674,15.528344671201815,4096,0,0,0.056368499994277954,0,-1,0,59,-1,-1,-1,0
2675,15.534149659863946,4096,0,0,0.05415909364819527,0,-1,0,59,-1,-1,-1,0
2676,15.539954648526077,4096,0,0,0.052000392228364944,0,-1,0,59,-1,-1,-1,0
2677,15.545759637188208,4096,0,0,0.04017367213964462,0,-1,0,59,-1,-1,-1,0
2678,15.55156462585034,4096,0,0,0.03963887318968773,0,-1,0,59,-1,-1,-1,0
2679,15.557369614512472,4096,0,0,0.040233440697193146,0,-1,0,59,-1,-1,-1,0
2680,15.563174603174604,4096,0,0,0.04332425445318222,0,-1,0,59,-1,-1,-1,0
2681,15.568979591836735,4096,0,0,0.04907938092947006,0,-1,0,59,-1,-1,-1,0
2682,15.574784580498866,4096,0,0,0.04511283338069916,0,-1,0,59,-1,-1,-1,0
2683,15.580589569160997,4096,0,0,0.03732796758413315,0,-1,0,59,-1,-1,-1,0
2684,15.586394557823128,4096,0,0,0.031814076006412506,0,-1,0,59,-1,-1,-1,0
2685,15.592199546485261,4096,0,0,0.028855254873633385,0,-1,0,59,-1,-1,-1,0
2686,15.598004535147393,4096,0,0,0.0276239812374115,0,-1,0,59,-1,-1,-1,0
2687,15.603809523809524,4096,0,0,0.028738513588905334,0,-1,0,59,-1,-1,-1,0
2688,15.609614512471655,512,1,0,0.28350403904914856,0,-1,1,49,-1,-1,-1,0
2689,15.615419501133786,512,0,0,0.3023340702056885,0,-1,1,62,-1,-1,-1,0
2690,15.62122448979592,512,0,0,0.38774746656417847,0,62,1,62,62,62,62,0
2691,15.62702947845805,1024,0,0,0.30870911478996277,0,62,1,62,62,62,62,0
2692,15.632834467120182,1024,0,1,0.3465217649936676,0,62,1,62,62,62,62,0
2693,15.638639455782313,2048,0,0,0.3166520297527313,0,62,1,62,62,62,62,0
2694,15.644444444444444,2048,0,0,0.36527371406555176,0,62,1,62,62,62,62,0
2695,15.650249433106575,2048,0,0,0.36846986413002014,0,62,1,62,62,62,62,0
2696,15.656054421768708,2048,0,0,0.32456788420677185,0,62,1,62,62,62,62,0
2697,15.66185941043084,4096,0,0,0.36083167791366577,0,62,0,62,62,62,62,0
2698,15.66766439909297,4096,0,0,0.3492792844772339,0,62,0,62,-1,-1,-1,0
2699,15.673469387755102,4096,0,0,0.3322877883911133,0,62,0,62,-1,-1,-1,0
2700,15.679274376417233,4096,0,0,0.34828826785087585,0,62,0,62,-1,-1,-1,0
2701,15.685079365079366,4096,0,0,0.3294859230518341,0,62,1,62,-1,-1,-1,0
2702,15.690884353741497,4096,0,0,0.36533641815185547,0,62,1,62,62,62,62,0
2703,15.696689342403628,4096,0,0,0.3215774893760681,0,62,1,62,62,62,62,0
2704,15.70249433106576,4096,0,0,0.35756710171699524,0,62,1,62,62,62,62,0
2705,15.70829931972789,4096,0,0,0.3565107583999634,0,62,1,62,62,62,62,0
2706,15.714104308390022,4096,0,0,0.3171187937259674,0,62,1,62,62,62,62,0
2707,15.719909297052155,4096,0,0,0.3492448627948761,0,62,1,62,62,62,62,0
2708,15.725714285714286,4096,0,0,0.3193550407886505,0,62,1,62,62,62,62,0
2709,15.731519274376417,4096,0,0,0.32720518112182617,0,62,1,62,62,62,62,0
2710,15.737324263038548,4096,0,0,0.3302766680717468,0,62,1,62,62,62,62,0
2711,15.74312925170068,4096,0,0,0.33892151713371277,0,62,1,62,62,62,62,0
2712,15.748934240362813,4096,0,0,0.3508577048778534,0,62,1,62,62,62,62,0
2713,15.754739229024944,4096,0,0,0.30495479702949524,0,62,1,62,62,62,62,0
2714,15.760544217687075,4096,0,0,0.3467758297920227,0,62,1,62,62,62,62,0
2715,15.766349206349206,4096,0,0,0.3448254466056824,0,62,1,62,62,62,62,0
2716,15.772154195011337,4096,0,0,0.30856168270111084,0,62,1,62,62,62,62,0
2717,15.777959183673469,4096,0,0,0.3404589891433716,0,62,1,62,62,62,62,0
2718,15.783764172335601,4096,0,0,0.29462966322898865,0,62,1,62,62,62,62,0
2719,15.789569160997733,4096,0,0,0.31521621346473694,0,62,1,62,62,62,62,0
2720,15.795374149659864,4096,0,0,0.3045097291469574,0,62,1,62,62,62,62,0
2721,15.801179138321995,4096,0,0,0.33462828397750854,0,62,1,62,62,62,62,0
2722,15.806984126984126,4096,0,0,0.330028772354126,0,62,1,62,62,62,62,0
2723,15.81278911564626,4096,0,0,0.28648361563682556,0,62,1,62,62,62,62,0
2724,15.81859410430839,4096,0,0,0.33113551139831543,0,62,1,62,62,62,62,0
2725,15.824399092970522,4096,0,0,0.3054986000061035,0,62,1,62,62,62,62,0
2726,15.830204081632653,4096,0,0,0.28083565831184387,0,62,1,62,62,62,62,0
2727,15.836009070294784,4096,0,0,0.3064942955970764,0,62,1,62,62,62,62,0
2728,15.841814058956917,512,1,0,0.2452513575553894,0,62,1,61,62,62,62,0
2729,15.847619047619048,512,0,0,0.29614901542663574,0,62,1,45,62,62,62,0
2730,15.85342403628118,512,0,0,0.2871279716491699,0,62,1,49,62,62,62,0
2731,15.85922902494331,1024,0,0,0.3130488097667694,0,62,1,61,62,62,62,0
2732,15.865034013605442,1024,0,0,0.17998436093330383,0,62,1,59,62,62,62,0
2733,15.870839002267573,2048,0,0,0.14090171456336975,0,62,1,61,62,62,62,0
2734,15.876643990929706,2048,0,0,0.19580301642417908,0,62,1,60,62,62,62,0
2735,15.882448979591837,2048,0,0,0.21517054736614227,0,62,1,60,60,62,62,0
2736,15.888253968253968,2048,0,0,0.17877233028411865,0,62,1,60,60,62,62,0
2737,15.8940589569161,4096,0,0,0.16202691197395325,0,62,0,61,60,62,62,0
2738,15.89986394557823,4096,0,0,0.15423402190208435,0,62,0,61,-1,-1,-1,0
2739,15.905668934240364,4096,0,0,0.16631324589252472,0,62,0,61,-1,-1,-1,0
2740,15.911473922902495,4096,0,0,0.15085744857788086,0,62,0,60,-1,-1,-1,0
2741,15.917278911564626,4096,0,0,0.1540328562259674,0,62,0,60,-1,-1,-1,0
2742,15.923083900226757,4096,0,0,0.13808390498161316,0,-1,0,60,-1,-1,-1,0
2743,15.928888888888888,4096,0,0,0.14232772588729858,0,-1,0,60,-1,-1,-1,0
2744,15.93469387755102,4096,0,0,0.12640807032585144,0,-1,0,60,-1,-1,-1,0
2745,15.940498866213153,4096,0,0,0.14554643630981445,0,-1,0,60,-1,-1,-1,0
2746,15.946303854875284,4096,0,0,0.1247449591755867,0,-1,0,60,-1,-1,-1,0
2747,15.952108843537415,4096,0,0,0.1315632462501526,0,-1,0,60,-1,-1,-1,0
2748,15.957913832199546,4096,0,0,0.11874644458293915,0,-1,0,60,-1,-1,-1,0
2749,15.963718820861677,4096,0,0,0.12407492846250534,0,-1,0,60,-1,-1,-1,0
2750,15.96952380952381,4096,0,0,0.10991323739290237,0,-1,0,60,-1,-1,-1,0
2751,15.975328798185942,4096,0,0,0.11360525339841843,0,-1,0,60,-1,-1,-1,0
2752,15.981133786848073,4096,0,0,0.10918541252613068,0,-1,0,60,-1,-1,-1,0
2753,15.986938775510204,4096,0,0,0.1203170046210289,0,-1,0,60,-1,-1,-1,0
2754,15.992743764172335,4096,0,0,0.10239330679178238,0,-1,0,60,-1,-1,-1,0
2755,15.998548752834466,4096,0,0,0.08726301789283752,0,-1,0,60,-1,-1,-1,0
2756,16.004353741496598,4096,0,0,0.05889509618282318,0,-1,0,60,-1,-1,-1,0
2757,16.01015873015873,4096,0,0,0.055960193276405334,0,-1,0,60,-1,-1,-1,0
2758,16.015963718820863,4096,0,0,0.046617940068244934,0,-1,0,60,-1,-1,-1,0
2759,16.021768707482995,4096,0,0,0.04239415004849434,0,-1,0,60,-1,-1,-1,0
2760,16.027573696145126,4096,0,0,0.03341304138302803,0,-1,0,59,-1,-1,-1,0
2761,16.033378684807257,4096,0,0,0.029352741315960884,0,-1,0,59,-1,-1,-1,0
2762,16.03918367346939,4096,0,0,0.027387628331780434,0,-1,0,59,-1,-1,-1,0
2763,16.04498866213152,4096,0,0,0.027737321332097054,0,-1,0,59,-1,-1,-1,0
2764,16.05079365079365,4096,0,0,0.028074217960238457,0,-1,0,59,-1,-1,-1,0
2765,16.056598639455782,4096,0,0,0.02799055352807045,0,-1,0,59,-1,-1,-1,0
2766,16.062403628117913,4096,0,0,0.028842883184552193,0,-1,0,59,-1,-1,-1,0
2767,16.068208616780044,4096,0,0,0.028835974633693695,0,-1,0,59,-1,-1,-1,0
2768,16.074013605442175,4096,0,0,0.02783253602683544,0,-1,0,59,-1,-1,-1,0
2769,16.07981859410431,4096,0,0,0.027336813509464264,0,-1,0,59,-1,-1,-1,0
2770,16.08562358276644,4096,0,0,0.02776830643415451,0,-1,0,59,-1,-1,-1,0
2771,16.091428571428573,512,1,0,0.0746915191411972,0,-1,1,59,-1,-1,-1,0
2772,16.097233560090704,512,0,0,0.32786768674850464,0,-1,1,49,-1,-1,-1,0
2773,16.103038548752835,512,0,0,0.3416152000427246,0,-1,1,58,-1,-1,-1,0
2774,16.108843537414966,1024,0,0,0.3066120445728302,0,-1,1,59,-1,-1,-1,0
2775,16.114648526077097,1024,0,0,0.3076780438423157,0,-1,1,59,59,59,59,0
2776,16.12045351473923,2048,0,0,0.25430402159690857,0,-1,1,59,59,59,59,0
2777,16.12625850340136,2048,0,0,0.2973686754703522,0,-1,1,59,59,59,59,0
2778,16.13206349206349,2048,0,0,0.27676868438720703,0,-1,1,59,59,59,59,0
2779,16.137868480725622,2048,0,0,0.34596967697143555,0,-1,1,59,59,59,59,0
2780,16.143673469387757,4096,0,0,0.31171903014183044,0,-1,0,59,59,59,59,0
2781,16.149478458049888,4096,0,0,0.2986321449279785,0,-1,0,59,-1,-1,-1,0
2782,16.15528344671202,4096,0,0,0.3056376576423645,0,-1,0,59,-1,-1,-1,0
2783,16.16108843537415,4096,0,0,0.2594670057296753,0,-1,0,59,-1,-1,-1,0
2784,16.16689342403628,4096,0,0,0.27746063470840454,0,-1,0,59,-1,-1,-1,0
2785,16.172698412698413,4096,0,0,0.2500251531600952,0,-1,0,59,-1,-1,-1,0
2786,16.178503401360544,4096,0,0,0.30546870827674866,0,-1,0,59,-1,-1,-1,0
2787,16.184308390022675,512,1,0,0.26970791816711426,0,-1,1,59,-1,-1,-1,0
2788,16.190113378684806,512,0,0,0.2779027223587036,0,-1,1,59,59,59,59,0
2789,16.195918367346938,512,0,0,0.2791763246059418,0,-1,1,58,59,59,59,0
2790,16.20172335600907,1024,0,0,0.22914212942123413,0,-1,1,59,59,59,59,0
2791,16.207528344671204,1024,0,0,0.2250063270330429,0,-1,1,59,59,59,59,0
2792,16.213333333333335,2048,0,0,0.17606991529464722,0,-1,1,59,59,59,59,0
2793,16.219138321995466,2048,0,0,0.20691798627376556,0,-1,1,59,59,59,59,0
2794,16.224943310657597,2048,0,0,0.1671837419271469,0,-1,1,59,59,59,59,0
2795,16.23074829931973,2048,0,0,0.1816157102584839,0,-1,1,59,59,59,59,0
2796,16.23655328798186,4096,0,0,0.16535423696041107,0,-1,0,59,59,59,59,0
2797,16.24235827664399,4096,0,0,0.14425155520439148,0,-1,0,59,-1,-1,-1,0
2798,16.248163265306122,4096,0,0,0.13543492555618286,0,-1,0,59,-1,-1,-1,0
2799,16.253968253968253,4096,0,0,0.12110181897878647,0,-1,0,59,-1,-1,-1,0
2800,16.259773242630384,4096,0,0,0.12408245354890823,0,-1,0,59,-1,-1,-1,0
2801,16.265578231292515,4096,0,0,0.10575760900974274,0,-1,0,59,-1,-1,-1,0
2802,16.27138321995465,4096,0,0,0.1302076131105423,0,-1,0,59,-1,-1,-1,0
2803,16.27718820861678,4096,0,0,0.11172331124544144,0,-1,0,59,-1,-1,-1,0
2804,16.282993197278913,4096,0,0,0.12264465540647507,0,-1,0,59,-1,-1,-1,0
2805,16.288798185941044,4096,0,0,0.12267962843179703,0,-1,0,59,-1,-1,-1,0
2806,16.294603174603175,4096,0,0,0.11684468388557434,0,-1,0,59,-1,-1,-1,0
2807,16.300408163265306,4096,0,0,0.11723209917545319,0,-1,0,59,-1,-1,-1,0
2808,16.306213151927437,4096,0,0,0.11034142971038818,0,-1,0,59,-1,-1,-1,0
2809,16.31201814058957,4096,0,0,0.1299997717142105,0,-1,0,59,-1,-1,-1,0
2810,16.3178231292517,4096,0,0,0.11828791350126266,0,-1,0,59,-1,-1,-1,0
2811,16.32362811791383,4096,0,0,0.15440894663333893,0,-1,0,59,-1,-1,-1,0
2812,16.329433106575962,4096,0,0,0.1448894888162613,0,-1,0,59,-1,-1,-1,0
2813,16.335238095238097,4096,0,0,0.15278559923171997,0,-1,0,59,-1,-1,-1,0
2814,16.341043083900228,4096,0,0,0.15454024076461792,0,-1,0,59,-1,-1,-1,0
2815,16.34684807256236,4096,0,0,0.15304656326770782,0,-1,0,59,-1,-1,-1,0
2816,16.35265306122449,4096,0,0,0.14132340252399445,0,-1,0,59,-1,-1,-1,0
2817,16.35845804988662,4096,0,0,0.12192418426275253,0,-1,0,59,-1,-1,-1,0
2818,16.364263038548753,4096,0,0,0.15117187798023224,0,-1,0,59,-1,-1,-1,0
2819,16.370068027210884,4096,0,0,0.12947788834571838,0,-1,0,59,-1,-1,-1,0
2820,16.375873015873015,4096,0,0,0.14982157945632935,0,-1,0,59,-1,-1,-1,0
2821,16.381678004535146,4096,0,0,0.14898771047592163,0,-1,0,59,-1,-1,-1,0
2822,16.387482993197278,4096,0,0,0.13713893294334412,0,-1,0,59,-1,-1,-1,0
2823,16.39328798185941,4096,0,0,0.12586115300655365,0,-1,0,59,-1,-1,-1,0
2824,16.399092970521544,4096,0,0,0.10762930661439896,0,-1,0,59,-1,-1,-1,0
2825,16.404897959183675,4096,0,0,0.11497505009174347,0,-1,0,59,-1,-1,-1,0
2826,16.410702947845806,4096,0,0,0.1024717465043068,0,-1,0,59,-1,-1,-1,0
2827,16.416507936507937,4096,0,0,0.12387220561504364,0,-1,0,59,-1,-1,-1,0
2828,16.42231292517007,4096,0,0,0.10798712819814682,0,-1,0,59,-1,-1,-1,0
2829,16.4281179138322,4096,0,0,0.10135695338249207,0,-1,0,59,-1,-1,-1,0
2830,16.43392290249433,4096,0,0,0.09726694226264954,0,-1,0,59,-1,-1,-1,0
2831,16.439727891156462,4096,0,0,0.08901532739400864,0,-1,0,59,-1,-1,-1,0
2832,16.445532879818593,4096,0,0,0.08714020997285843,0,-1,0,59,-1,-1,-1,0
2833,16.451337868480724,4096,0,0,0.07371196150779724,0,-1,0,59,-1,-1,-1,0
2834,16.457142857142856,4096,0,0,0.08439913392066956,0,-1,0,59,-1,-1,-1,0
2835,16.46294784580499,4096,0,0,0.0705939531326294,0,-1,0,59,-1,-1,-1,0
2836,16.46875283446712,4096,0,0,0.07310647517442703,0,-1,0,59,-1,-1,-1,0
2837,16.474557823129253,4096,0,0,0.06988047808408737,0,-1,0,59,-1,-1,-1,0
2838,16.480362811791384,4096,0,0,0.0691334530711174,0,-1,0,59,-1,-1,-1,0
2839,16.486167800453515,4096,0,0,0.06874444335699081,0,-1,0,59,-1,-1,-1,0
2840,16.491972789115646,4096,0,0,0.061507467180490494,0,-1,0,59,-1,-1,-1,0
2841,16.497777777777777,4096,0,0,0.0599084347486496,0,-1,0,59,-1,-1,-1,0
2842,16.50358276643991,4096,0,0,0.05152161419391632,0,-1,0,59,-1,-1,-1,0
2843,16.50938775510204,4096,0,0,0.057223912328481674,0,-1,0,59,-1,-1,-1,0
2844,16.51519274376417,4096,0,0,0.056557830423116684,0,-1,0,59,-1,-1,-1,0
2845,16.520997732426302,4096,0,0,0.058679793030023575,0,-1,0,59,-1,-1,-1,0
2846,16.526802721088437,4096,0,0,0.05661933124065399,0,-1,0,59,-1,-1,-1,0
2847,16.532607709750568,4096,0,0,0.048869408667087555,0,-1,0,59,-1,-1,-1,0
2848,16.5384126984127,4096,0,0,0.04504307731986046,0,-1,0,59,-1,-1,-1,0
2849,16.54421768707483,4096,0,0,0.04113948345184326,0,-1,0,59,-1,-1,-1,0
2850,16.55002267573696,4096,0,0,0.04645942524075508,0,-1,0,59,-1,-1,-1,0
2851,16.555827664399093,4096,0,0,0.043119318783283234,0,-1,0,59,-1,-1,-1,0
2852,16.561632653061224,4096,0,0,0.0438539944589138,0,-1,0,59,-1,-1,-1,0
2853,16.567437641723355,4096,0,0,0.045252081006765366,0,-1,0,59,-1,-1,-1,0
2854,16.573242630385487,4096,0,0,0.045851707458496094,0,-1,0,59,-1,-1,-1,0
2855,16.579047619047618,4096,0,0,0.045043542981147766,0,-1,0,59,-1,-1,-1,0
2856,16.58485260770975,4096,0,0,0.04160574823617935,0,-1,0,59,-1,-1,-1,0
2857,16.590657596371884,4096,0,0,0.04608430340886116,0,-1,0,59,-1,-1,-1,0
2858,16.596462585034015,4096,0,0,0.04379018768668175,0,-1,0,59,-1,-1,-1,0
2859,16.602267573696146,4096,0,0,0.05118520185351372,0,-1,0,59,-1,-1,-1,0
2860,16.608072562358277,4096,0,0,0.05176069214940071,0,-1,0,59,-1,-1,-1,0
2861,16.61387755102041,4096,0,0,0.05158640816807747,0,-1,0,59,-1,-1,-1,0
2862,16.61968253968254,4096,0,0,0.05196557939052582,0,-1,0,59,-1,-1,-1,0
2863,16.62548752834467,4096,0,0,0.04978341981768608,0,-1,0,59,-1,-1,-1,0
2864,16.631292517006802,4096,0,0,0.051204558461904526,0,-1,0,59,-1,-1,-1,0
2865,16.637097505668933,4096,0,0,0.04600827023386955,0,-1,0,59,-1,-1,-1,0
2866,16.642902494331064,4096,0,0,0.05076536163687706,0,-1,0,59,-1,-1,-1,0
2867,16.648707482993196,4096,0,0,0.04920825734734535,0,-1,0,59,-1,-1,-1,0
2868,16.65451247165533,4096,0,0,0.050628986209630966,0,-1,0,59,-1,-1,-1,0
2869,16.66031746031746,4096,0,0,0.05156998708844185,0,-1,0,59,-1,-1,-1,0
2870,16.666122448979593,4096,0,0,0.05051295831799507,0,-1,0,59,-1,-1,-1,0
2871,16.671927437641724,4096,0,0,0.04790683835744858,0,-1,0,59,-1,-1,-1,0
2872,16.677732426303855,4096,0,0,0.04242786392569542,0,-1,0,59,-1,-1,-1,0
2873,16.683537414965986,4096,0,0,0.044454365968704224,0,-1,0,59,-1,-1,-1,0
2874,16.689342403628117,4096,0,0,0.040426138788461685,0,-1,0,59,-1,-1,-1,0
2875,16.69514739229025,4096,0,0,0.03868282213807106,0,-1,0,59,-1,-1,-1,0
2876,16.70095238095238,4096,0,0,0.0361628383398056,0,-1,0,59,-1,-1,-1,0
2877,16.70675736961451,4096,0,0,0.03201853856444359,0,-1,0,59,-1,-1,-1,0
2878,16.712562358276642,4096,0,0,0.030295800417661667,0,-1,0,59,-1,-1,-1,0
2879,16.718367346938777,4096,0,0,0.028502365574240685,0,-1,0,59,-1,-1,-1,0
2880,16.724172335600908,4096,0,0,0.028535928577184677,0,-1,0,59,-1,-1,-1,0
2881,16.72997732426304,4096,0,0,0.029411597177386284,0,-1,0,59,-1,-1,-1,0
2882,16.73578231292517,4096,0,0,0.029004564508795738,0,-1,0,59,-1,-1,-1,0
2883,16.741587301587302,4096,0,0,0.029263949021697044,0,-1,0,59,-1,-1,-1,0
2884,16.747392290249433,4096,0,0,0.029972828924655914,0,-1,0,59,-1,-1,-1,0
2885,16.753197278911564,4096,0,0,0.029594384133815765,0,-1,0,59,-1,-1,-1,0
2886,16.759002267573695,4096,0,0,0.030012765899300575,0,-1,0,59,-1,-1,-1,0
2887,16.764807256235827,4096,0,0,0.03065633401274681,0,-1,0,59,-1,-1,-1,0
2888,16.770612244897958,4096,0,0,0.031529463827610016,0,-1,0,59,-1,-1,-1,0
2889,16.77641723356009,4096,0,0,0.031464047729969025,0,-1,0,59,-1,-1,-1,0
2890,16.782222222222224,4096,0,0,0.03122962825000286,0,-1,0,59,-1,-1,-1,0
2891,16.788027210884355,4096,0,0,0.030753478407859802,0,-1,0,59,-1,-1,-1,0
2892,16.793832199546486,4096,0,0,0.02952606976032257,0,-1,0,59,-1,-1,-1,0
2893,16.799637188208617,4096,0,0,0.029017111286520958,0,-1,0,59,-1,-1,-1,0
2894,16.80544217687075,4096,0,0,0.029153568670153618,0,-1,0,59,-1,-1,-1,0
2895,16.81124716553288,4096,0,0,0.02883049286901951,0,-1,0,59,-1,-1,-1,0
2896,16.81705215419501,4096,0,0,0.02816183678805828,0,-1,0,59,-1,-1,-1,0
2897,16.822857142857142,4096,0,0,0.027369901537895203,0,-1,0,59,-1,-1,-1,0
2898,16.828662131519273,4096,0,0,0.0274699404835701,0,-1,0,59,-1,-1,-1,0
2899,16.834467120181404,4096,0,0,0.027349496260285378,0,-1,0,59,-1,-1,-1,0
2900,16.840272108843536,4096,0,0,0.02735183574259281,0,-1,0,59,-1,-1,-1,0
2901,16.84607709750567,4096,0,0,0.02746616117656231,0,-1,0,59,-1,-1,-1,0
2902,16.8518820861678,4096,0,0,0.02738865092396736,0,-1,0,59,-1,-1,-1,0
2903,16.857687074829933,4096,0,0,0.028123799711465836,0,-1,0,59,-1,-1,-1,0
2904,16.863492063492064,4096,0,0,0.03690626844763756,0,-1,0,59,-1,-1,-1,0
2905,16.869297052154195,512,1,0,0.5130679607391357,0,-1,1,62,-1,-1,-1,0
2906,16.875102040816326,512,0,0,0.534017026424408,0,62,1,62,62,62,62,0
2907,16.880907029478458,512,0,0,0.4994804263114929,0,62,1,62,62,62,62,0
2908,16.88671201814059,1024,0,1,0.46467408537864685,0,62,1,62,62,62,62,0
2909,16.89251700680272,1024,0,0,0.516238808631897,0,62,1,62,62,62,62,0
2910,16.89832199546485,2048,0,0,0.5039530992507935,0,62,1,62,62,62,62,0
2911,16.904126984126986,2048,0,0,0.4464989900588989,0,62,1,62,62,62,62,0
2912,16.909931972789117,2048,0,0,0.5048090815544128,0,62,1,62,62,62,62,0
2913,16.91573696145125,2048,0,0,0.4779696464538574,0,62,1,62,62,62,62,0
2914,16.92154195011338,4096,0,0,0.47615715861320496,0,62,1,62,62,62,62,0
2915,16.92734693877551,4096,0,0,0.4583669900894165,0,62,1,62,62,62,62,0
2916,16.933151927437642,4096,0,0,0.4490354061126709,0,62,1,62,62,62,62,0
2917,16.938956916099773,4096,0,0,0.41759055852890015,0,62,1,62,62,62,62,0
2918,16.944761904761904,4096,0,0,0.41772395372390747,0,62,1,62,62,62,62,0
2919,16.950566893424035,4096,0,0,0.4256155788898468,0,62,1,62,62,62,62,0
2920,16.956371882086167,4096,0,0,0.4214579463005066,0,62,1,62,62,62,62,0
2921,16.962176870748298,4096,0,0,0.40852999687194824,0,62,1,62,62,62,62,0
2922,16.967981859410433,4096,0,0,0.4271429181098938,0,62,1,62,62,62,62,0
2923,16.973786848072564,4096,0,0,0.44656896591186523,0,62,1,62,62,62,62,0
2924,16.979591836734695,4096,0,0,0.4345238506793976,0,62,1,62,62,62,62,0
2925,16.985396825396826,4096,0,0,0.40246620774269104,0,62,1,62,62,62,62,0
2926,16.991201814058957,4096,0,0,0.4129483699798584,0,62,1,62,62,62,62,0
2927,16.99700680272109,4096,0,0,0.39177343249320984,0,62,1,62,62,62,62,0
2928,17.00281179138322,4096,0,0,0.3735143840312958,0,62,1,62,62,62,62,0
2929,17.00861678004535,4096,0,0,0.4173690378665924,0,62,1,62,62,62,62,0
2930,17.014421768707482,4096,0,0,0.4071952998638153,0,62,1,62,62,62,62,0
2931,17.020226757369613,4096,0,0,0.3908297121524811,0,62,1,62,62,62,62,0
2932,17.026031746031745,4096,0,0,0.4123510718345642,0,62,1,62,62,62,62,0
2933,17.03183673469388,4096,0,0,0.4256172776222229,0,62,1,62,62,62,62,0
2934,17.03764172335601,4096,0,0,0.4181582033634186,0,62,1,62,62,62,62,0
2935,17.04344671201814,4096,0,0,0.4013139009475708,0,62,1,62,62,62,62,0
2936,17.049251700680273,4096,0,0,0.4733116030693054,0,62,1,62,62,62,62,0
2937,17.055056689342404,4096,0,0,0.4421130120754242,0,62,1,62,62,62,62,0
2938,17.060861678004535,4096,0,0,0.36220309138298035,0,62,1,62,62,62,62,0
2939,17.066666666666666,4096,0,0,0.4046640694141388,0,62,1,62,62,62,62,0
2940,17.072471655328798,4096,0,0,0.39091089367866516,0,62,1,62,62,62,62,0
2941,17.07827664399093,4096,0,0,0.3318307399749756,0,62,1,62,62,62,62,0
2942,17.08408163265306,4096,0,0,0.3155880570411682,0,62,1,62,62,62,62,0
2943,17.08988662131519,4096,0,0,0.2332640290260315,0,62,1,62,62,62,62,0
2944,17.095691609977326,4096,0,0,0.18802188336849213,0,62,1,62,62,62,62,0
2945,17.101496598639457,4096,0,0,0.1863250881433487,0,62,1,62,62,62,62,0
2946,17.10730158730159,4096,0,0,0.17010311782360077,0,-1,1,62,62,62,62,0
2947,17.11310657596372,4096,0,0,0.12253580242395401,0,-1,1,62,62,62,62,0
2948,17.11891156462585,4096,0,0,0.09559930115938187,0,-1,1,62,62,62,62,0
2949,17.124716553287982,4096,0,0,0.06337945908308029,0,-1,1,62,62,62,62,0
2950,17.130521541950113,4096,0,0,0.05251872166991234,0,-1,0,62,62,62,62,0
2951,17.136326530612244,4096,0,0,0.042752280831336975,0,-1,0,62,-1,-1,-1,0
2952,17.142131519274376,4096,0,0,0.03751702979207039,0,-1,0,62,-1,-1,-1,0
2953,17.147936507936507,4096,0,0,0.03520034998655319,0,-1,0,62,-1,-1,-1,0
2954,17.153741496598638,4096,0,0,0.03426065668463707,0,-1,0,62,-1,-1,-1,0
2955,17.159546485260773,4096,0,0,0.03371633589267731,0,-1,0,62,-1,-1,-1,0
2956,17.165351473922904,4096,0,0,0.030940912663936615,0,-1,0,62,-1,-1,-1,0
2957,17.171156462585035,4096,0,0,0.030145792290568352,0,-1,0,62,-1,-1,-1,0
2958,17.176961451247166,4096,0,0,0.030308201909065247,0,-1,0,62,-1,-1,-1,0
2959,17.182766439909297,4096,0,0,0.03022073581814766,0,-1,0,62,-1,-1,-1,0
2960,17.18857142857143,4096,0,0,0.029647326096892357,0,-1,0,62,-1,-1,-1,0
2961,17.19437641723356,4096,0,0,0.028902702033519745,0,-1,0,62,-1,-1,-1,0
2962,17.20018140589569,4096,0,0,0.028573177754878998,0,-1,0,61,-1,-1,-1,0
2963,17.205986394557822,4096,0,0,0.028011182323098183,0,-1,0,61,-1,-1,-1,0
2964,17.211791383219953,4096,0,0,0.028545746579766273,0,-1,0,61,-1,-1,-1,0
2965,17.217596371882085,4096,0,0,0.028439197689294815,0,-1,0,72,-1,-1,-1,0
2966,17.22340136054422,4096,0,0,0.029096130281686783,0,-1,0,72,-1,-1,-1,0
2967,17.22920634920635,4096,0,0,0.028951559215784073,0,-1,0,72,-1,-1,-1,0
2968,17.23501133786848,4096,0,0,0.02825215272605419,0,-1,0,72,-1,-1,-1,0
2969,17.240816326530613,4096,0,0,0.02849189005792141,0,-1,0,72,-1,-1,-1,0
2970,17.246621315192744,4096,0,0,0.027701789513230324,0,-1,0,72,-1,-1,-1,0
2971,17.252426303854875,4096,0,0,0.027838824316859245,0,-1,0,72,-1,-1,-1,0
2972,17.258231292517006,4096,0,0,0.02834409289062023,0,-1,0,72,-1,-1,-1,0
2973,17.264036281179138,4096,0,0,0.027767173945903778,0,-1,0,72,-1,-1,-1,0
2974,17.26984126984127,4096,0,0,0.02838810905814171,0,-1,0,72,-1,-1,-1,0
2975,17.2756462585034,512,1,0,0.46927157044410706,0,-1,1,59,-1,-1,-1,0
2976,17.28145124716553,512,0,0,0.7484803199768066,1,-1,1,53,-1,-1,-1,0
2977,17.287256235827666,512,0,0,0.7018488049507141,1,66,1,66,-1,-1,-1,0
2978,17.293061224489797,1024,0,0,0.7623002529144287,1,66,1,66,66,66,66,0
2979,17.29886621315193,1024,0,1,0.7256652116775513,1,66,1,66,66,66,66,0
2980,17.30467120181406,2048,0,0,0.5772624015808105,0,66,1,66,66,66,66,0
2981,17.31047619047619,2048,0,0,0.6447599530220032,1,66,1,66,66,66,66,0
2982,17.316281179138322,2048,0,0,0.5437334179878235,0,66,1,66,66,66,66,0
2983,17.322086167800453,2048,0,0,0.4475955367088318,0,66,1,66,66,66,66,0
2984,17.327891156462584,4096,0,0,0.405029296875,0,66,0,66,66,66,66,0
2985,17.333696145124716,4096,0,0,0.4516832232475281,0,66,0,66,-1,-1,-1,0
2986,17.339501133786847,4096,0,0,0.5315576791763306,0,66,1,66,-1,-1,-1,0
2987,17.345306122448978,4096,0,0,0.5474838018417358,0,66,1,66,66,66,66,0
2988,17.351111111111113,4096,0,0,0.6295527815818787,1,66,1,66,66,66,66,0
2989,17.356916099773244,4096,0,0,0.5753635764122009,0,66,1,66,66,66,66,0
2990,17.362721088435375,4096,0,0,0.5368872880935669,0,66,1,66,66,66,66,0
2991,17.368526077097506,4096,0,0,0.49933815002441406,0,66,1,66,66,66,66,0
2992,17.374331065759637,4096,0,0,0.46375373005867004,0,66,1,66,66,66,66,0
2993,17.38013605442177,4096,0,0,0.5857290029525757,1,66,1,66,66,66,66,0
2994,17.3859410430839,4096,0,0,0.4789150655269623,0,66,1,66,66,66,66,0
2995,17.39174603174603,4096,0,0,0.4380241334438324,0,66,1,66,66,66,66,0
2996,17.397551020408162,4096,0,0,0.4088711440563202,0,66,1,66,66,66,66,0
2997,17.403356009070293,4096,0,0,0.4216805100440979,0,66,1,66,66,66,66,0
2998,17.409160997732425,4096,0,0,0.5176281332969666,0,66,1,66,66,66,66,0
2999,17.41496598639456,4096,0,0,0.5019275546073914,0,66,1,66,66,66,66,0
3000,17.42077097505669,4096,0,0,0.5227057337760925,0,66,1,66,66,66,66,0
3001,17.426575963718822,4096,0,0,0.3981320858001709,0,66,1,66,66,66,66,0
3002,17.432380952380953,4096,0,0,0.4848727285861969,0,66,1,66,66,66,66,0
3003,17.438185941043084,4096,0,0,0.48275822401046753,0,66,1,66,66,66,66,0
3004,17.443990929705215,4096,0,0,0.5024807453155518,0,66,1,66,66,66,66,0
3005,17.449795918367347,4096,0,0,0.5212131142616272,0,66,1,66,66,66,66,0
3006,17.455600907029478,4096,0,0,0.49007806181907654,0,66,1,66,66,66,66,0
3007,17.46140589569161,4096,0,0,0.5281451344490051,0,66,1,66,66,66,66,0
3008,17.46721088435374,4096,0,0,0.4178347587585449,0,66,1,66,66,66,66,0
3009,17.47301587301587,4096,0,0,0.49225425720214844,0,66,1,66,66,66,66,0
3010,17.478820861678006,4096,0,0,0.4454801082611084,0,66,1,66,66,66,66,0
3011,17.484625850340137,4096,0,0,0.4441041052341461,0,66,1,66,66,66,66,0
3012,17.49043083900227,4096,0,0,0.4672348201274872,0,66,1,66,66,66,66,0
3013,17.4962358276644,4096,0,0,0.43175193667411804,0,66,1,66,66,66,66,0
3014,17.50204081632653,4096,0,0,0.4734066426753998,0,66,1,66,66,66,66,0
3015,17.507845804988662,4096,0,0,0.454281747341156,0,66,1,66,66,66,66,0
3016,17.513650793650793,4096,0,0,0.5441070199012756,0,66,1,66,66,66,66,0
3017,17.519455782312924,4096,0,0,0.5333021879196167,0,66,1,66,66,66,66,0
3018,17.525260770975056,4096,0,0,0.5513679385185242,0,66,1,66,66,66,66,0
3019,17.531065759637187,4096,0,0,0.640973687171936,1,66,1,66,66,66,66,0
3020,17.536870748299318,4096,0,0,0.7089942693710327,1,66,1,66,66,66,66,0
3021,17.542675736961453,4096,0,0,0.5170064568519592,0,66,1,66,66,66,66,0
3022,17.548480725623584,4096,0,0,0.41943520307540894,0,66,1,66,66,66,66,0
3023,17.554285714285715,4096,0,0,0.5228835344314575,0,66,1,66,66,66,66,0
3024,17.560090702947846,4096,0,0,0.4896460771560669,0,66,1,66,66,66,66,0
3025,17.565895691609978,4096,0,0,0.1309501975774765,0,66,1,66,66,66,66,0
3026,17.57170068027211,4096,0,0,0.054941363632678986,0,66,1,66,66,66,66,0
3027,17.57750566893424,4096,0,0,0.034909237176179886,0,66,0,66,66,66,66,0
3028,17.58331065759637,4096,0,0,0.028577763587236404,0,-1,0,66,-1,-1,-1,0
3029,17.589115646258502,4096,0,0,0.02822781540453434,0,-1,0,66,-1,-1,-1,0
3030,17.594920634920634,4096,0,0,0.029268139973282814,0,-1,0,66,-1,-1,-1,0
3031,17.600725623582765,4096,0,0,0.03004714846611023,0,-1,0,66,-1,-1,-1,0
3032,17.6065306122449,4096,0,0,0.028812183067202568,0,-1,0,66,-1,-1,-1,0
3033,17.61233560090703,512,1,0,0.4471004605293274,0,-1,1,59,-1,-1,-1,0
3034,17.618140589569162,512,0,0,0.5476889610290527,0,-1,1,67,-1,-1,-1,0
3035,17.623945578231293,512,0,0,0.539584755897522,0,67,1,67,67,67,67,0
3036,17.629750566893424,1024,0,0,0.674413800239563,1,67,1,67,67,67,67,0
3037,17.635555555555555,1024,0,1,0.6725915670394897,1,67,1,67,67,67,67,0
3038,17.641360544217687,2048,0,0,0.6826777458190918,1,67,1,67,67,67,67,0
3039,17.647165532879818,2048,0,0,0.6752144694328308,1,67,1,67,67,67,67,0
3040,17.65297052154195,2048,0,0,0.6332005858421326,1,67,1,67,67,67,67,0
3041,17.65877551020408,2048,0,0,0.5986741185188293,1,67,1,67,67,67,67,0
3042,17.66458049886621,4096,0,0,0.503930389881134,0,67,0,67,67,67,67,0
3043,17.670385487528346,4096,0,0,0.39044034481048584,0,67,0,67,-1,-1,-1,0
3044,17.676190476190477,4096,0,0,0.3762539327144623,0,67,0,67,-1,-1,-1,0
3045,17.68199546485261,4096,0,0,0.4973009526729584,0,67,1,67,-1,-1,-1,0
3046,17.68780045351474,4096,0,0,0.5837321281433105,0,67,1,67,67,67,67,0
3047,17.69360544217687,4096,0,0,0.6336784362792969,1,67,1,67,67,67,67,0
3048,17.699410430839002,4096,0,0,0.6340339779853821,1,67,1,67,67,67,67,0
3049,17.705215419501133,4096,0,0,0.6533799171447754,1,67,1,67,67,67,67,0
3050,17.711020408163265,4096,0,0,0.5322517156600952,0,67,1,67,67,67,67,0
3051,17.716825396825396,4096,0,0,0.44558292627334595,0,67,1,67,67,67,67,0
3052,17.722630385487527,4096,0,0,0.3979550898075104,0,67,1,67,67,67,67,0
3053,17.728435374149658,4096,0,0,0.4111776053905487,0,67,1,67,67,67,67,0
3054,17.734240362811793,4096,0,0,0.366983562707901,0,67,1,67,67,67,67,0
3055,17.740045351473924,4096,0,0,0.30349045991897583,0,67,1,67,67,67,67,0
3056,17.745850340136055,4096,0,0,0.3276047110557556,0,67,1,67,67,67,67,0
3057,17.751655328798186,4096,0,0,0.3338578939437866,0,67,1,67,67,67,67,0
3058,17.757460317460318,4096,0,0,0.41300639510154724,0,67,1,67,67,67,67,0
3059,17.76326530612245,4096,0,0,0.4653879404067993,0,67,1,67,67,67,67,0
3060,17.76907029478458,4096,0,0,0.5139235258102417,0,67,1,67,67,67,67,0
3061,17.77487528344671,4096,0,0,0.49741148948669434,0,67,1,67,67,67,67,0
3062,17.780680272108842,4096,0,0,0.4304031729698181,0,67,1,67,67,67,67,0
3063,17.786485260770974,4096,0,0,0.4567016065120697,0,67,1,67,67,67,67,0
3064,17.79229024943311,4096,0,0,0.4079574644565582,0,67,1,67,67,67,67,0
3065,17.79809523809524,4096,0,0,0.4308058023452759,0,67,1,67,67,67,67,0
3066,17.80390022675737,4096,0,0,0.38960498571395874,0,67,1,67,67,67,67,0
3067,17.809705215419502,4096,0,0,0.4989810585975647,0,67,1,67,67,67,67,0
3068,17.815510204081633,4096,0,0,0.5049324631690979,0,67,1,67,67,67,67,0
3069,17.821315192743764,4096,0,0,0.459028959274292,0,67,1,67,67,67,67,0
3070,17.827120181405895,4096,0,0,0.5036149621009827,0,67,1,67,67,67,67,0
3071,17.832925170068027,4096,0,0,0.477110356092453,0,67,1,67,67,67,67,0
3072,17.838730158730158,4096,0,0,0.4723621904850006,0,67,1,67,67,67,67,0
3073,17.84453514739229,4096,0,0,0.3947116434574127,0,67,1,67,67,67,67,0
3074,17.85034013605442,4096,0,0,0.4553932249546051,0,67,1,67,67,67,67,0
3075,17.856145124716555,4096,0,0,0.43896937370300293,0,67,1,67,67,67,67,0
3076,17.861950113378686,4096,0,0,0.36246317625045776,0,67,1,67,67,67,67,0
3077,17.867755102040817,4096,0,0,0.35876986384391785,0,67,1,67,67,67,67,0
3078,17.87356009070295,4096,0,0,0.35460546612739563,0,67,1,67,67,67,67,0
3079,17.87936507936508,4096,0,0,0.3414376378059387,0,67,1,67,67,67,67,0
3080,17.88517006802721,512,1,0,0.3258747458457947,0,67,1,68,67,67,67,0
3081,17.890975056689342,512,0,0,0.3423612415790558,0,67,1,69,67,67,67,0
3082,17.896780045351473,512,0,0,0.2876444160938263,0,67,1,70,67,67,67,0
3083,17.902585034013605,1024,0,0,0.06611993908882141,0,67,1,69,67,67,67,0
3084,17.908390022675736,1024,0,0,0.04398360103368759,0,67,1,67,67,67,67,0
3085,17.914195011337867,2048,0,0,0.04421824589371681,0,67,0,67,67,67,67,0
3086,17.92,2048,0,0,0.03764466941356659,0,-1,0,67,-1,-1,-1,0
3087,17.925804988662133,2048,0,0,0.038148920983076096,0,-1,0,67,-1,-1,-1,0
3088,17.931609977324264,2048,0,0,0.03788585960865021,0,-1,0,67,-1,-1,-1,0
3089,17.937414965986395,4096,0,0,0.03836742788553238,0,-1,0,67,-1,-1,-1,0
3090,17.943219954648526,4096,0,0,0.03883722797036171,0,-1,0,67,-1,-1,-1,0
3091,17.949024943310658,4096,0,0,0.3521440625190735,0,-1,0,67,-1,-1,-1,0
3092,17.95482993197279,4096,0,0,0.519523561000824,0,-1,0,67,-1,-1,-1,0
3093,17.96063492063492,4096,0,0,0.45627185702323914,0,69,0,67,-1,-1,-1,0
3094,17.96643990929705,4096,0,0,0.4471564292907715,0,69,0,67,-1,-1,-1,0
3095,17.972244897959182,4096,0,1,0.45626142621040344,0,69,0,67,-1,-1,-1,0
3096,17.978049886621314,4096,0,0,0.46090391278266907,0,69,0,67,-1,-1,-1,0
3097,17.98385487528345,4096,0,0,0.41801372170448303,0,69,0,69,-1,-1,-1,0
3098,17.98965986394558,4096,0,0,0.43606552481651306,0,69,0,69,-1,-1,-1,0
3099,17.99546485260771,4096,0,0,0.42021486163139343,0,69,0,69,-1,-1,-1,0
3100,18.001269841269842,4096,0,0,0.4172106981277466,0,69,1,69,-1,-1,-1,0
3101,18.007074829931973,4096,0,0,0.3508009910583496,0,69,1,69,69,69,69,0
3102,18.012879818594104,4096,0,0,0.4195132255554199,0,69,1,69,69,69,69,0
3103,18.018684807256236,4096,0,0,0.36941665410995483,0,69,1,69,69,69,69,0
3104,18.024489795918367,4096,0,0,0.399287611246109,0,69,1,69,69,69,69,0
3105,18.030294784580498,4096,0,0,0.4236923158168793,0,69,1,69,69,69,69,0
3106,18.03609977324263,4096,0,0,0.42409759759902954,0,69,1,69,69,69,69,0
3107,18.04190476190476,4096,0,0,0.43366101384162903,0,69,1,69,69,69,69,0
3108,18.047709750566895,4096,0,0,0.4448834955692291,0,69,1,69,69,69,69,0
3109,18.053514739229026,4096,0,0,0.48999109864234924,0,69,1,69,69,69,69,0
3110,18.059319727891157,4096,0,0,0.43976736068725586,0,69,1,69,69,69,69,0
3111,18.06512471655329,4096,0,0,0.5169597268104553,0,69,1,69,69,69,69,0
3112,18.07092970521542,4096,0,0,0.4493867754936218,0,69,1,69,69,69,69,0
3113,18.07673469387755,4096,0,0,0.5145339369773865,0,69,1,69,69,69,69,0
3114,18.082539682539682,4096,0,0,0.5536210536956787,0,69,1,69,69,69,69,0
3115,18.088344671201813,4096,0,0,0.5273951888084412,0,69,1,69,69,69,69,0
3116,18.094149659863945,4096,0,0,0.5514573454856873,0,69,1,69,69,69,69,0
3117,18.099954648526076,4096,0,0,0.4702099561691284,0,69,1,69,69,69,69,0
3118,18.105759637188207,4096,0,0,0.5143077373504639,0,69,1,69,69,69,69,0
3119,18.11156462585034,4096,0,0,0.43487057089805603,0,69,1,69,69,69,69,0
3120,18.117369614512473,4096,0,0,0.48115459084510803,0,69,1,69,69,69,69,0
3121,18.123174603174604,4096,0,0,0.4224558174610138,0,69,1,69,69,69,69,0
3122,18.128979591836735,4096,0,0,0.44349217414855957,0,69,1,69,69,69,69,0
3123,18.134784580498867,4096,0,0,0.4525255262851715,0,69,1,69,69,69,69,0
3124,18.140589569160998,4096,0,0,0.3882336914539337,0,69,1,69,69,69,69,0
3125,18.14639455782313,4096,0,0,0.41993004083633423,0,69,1,69,69,69,69,0
3126,18.15219954648526,4096,0,0,0.38403233885765076,0,69,1,69,69,69,69,0
3127,18.15800453514739,4096,0,0,0.3703279197216034,0,69,1,69,69,69,69,0
3128,18.163809523809523,4096,0,0,0.4104888141155243,0,69,1,69,69,69,69,0
3129,18.169614512471654,4096,0,0,0.3883911967277527,0,69,1,69,69,69,69,0
3130,18.17541950113379,4096,0,0,0.3903518319129944,0,69,1,69,69,69,69,0
3131,18.18122448979592,4096,0,0,0.3300835192203522,0,69,1,69,69,69,69,0
3132,18.18702947845805,4096,0,0,0.35212644934654236,0,69,1,69,69,69,69,0
3133,18.192834467120182,4096,0,0,0.38328367471694946,0,69,1,69,69,69,69,0
3134,18.198639455782313,4096,0,0,0.35445842146873474,0,69,1,69,69,69,69,0
3135,18.204444444444444,4096,0,0,0.3491807281970978,0,69,1,69,69,69,69,0
3136,18.210249433106576,4096,0,0,0.3170957863330841,0,69,1,69,69,69,69,0
3137,18.216054421768707,4096,0,0,0.3865529000759125,0,69,1,69,69,69,69,0
3138,18.221859410430838,4096,0,0,0.35645216703414917,0,69,1,69,69,69,69,0
3139,18.22766439909297,4096,0,0,0.3449461758136749,0,69,1,69,69,69,69,0
3140,18.2334693877551,4096,0,0,0.3782127797603607,0,69,1,69,69,69,69,0
3141,18.239274376417235,4096,0,0,0.3055616319179535,0,69,1,69,69,69,69,0
3142,18.245079365079366,4096,0,0,0.365302711725235,0,69,1,69,69,69,69,0
3143,18.250884353741498,4096,0,0,0.3630877137184143,0,69,1,69,69,69,69,0
3144,18.25668934240363,4096,0,0,0.35247501730918884,0,69,1,69,69,69,69,0
3145,18.26249433106576,4096,0,0,0.397465318441391,0,69,1,69,69,69,69,0
3146,18.26829931972789,4096,0,0,0.39796051383018494,0,69,1,69,69,69,69,0
3147,18.274104308390022,4096,0,0,0.4277428090572357,0,69,1,69,69,69,69,0
3148,18.279909297052154,4096,0,0,0.35397088527679443,0,69,1,69,69,69,69,0
3149,18.285714285714285,4096,0,0,0.3775433599948883,0,69,1,69,69,69,69,0
3150,18.291519274376416,4096,0,0,0.313141793012619,0,69,1,69,69,69,69,0
3151,18.297324263038547,4096,0,0,0.34304216504096985,0,69,1,69,69,69,69,0
3152,18.303129251700682,4096,0,0,0.3636089861392975,0,69,1,69,69,69,69,0
3153,18.308934240362813,4096,0,0,0.3313627243041992,0,69,1,69,69,69,69,0
3154,18.314739229024944,4096,0,0,0.38179904222488403,0,69,1,69,69,69,69,0
3155,18.320544217687075,4096,0,0,0.3471420705318451,0,69,1,69,69,69,69,0
3156,18.326349206349207,4096,0,0,0.36979952454566956,0,69,1,69,69,69,69,0
3157,18.332154195011338,4096,0,0,0.3298422396183014,0,69,1,69,69,69,69,0
3158,18.33795918367347,4096,0,0,0.3585180938243866,0,69,1,69,69,69,69,0
3159,18.3437641723356,4096,0,0,0.31720539927482605,0,69,1,69,69,69,69,0
3160,18.34956916099773,4096,0,0,0.34404394030570984,0,69,1,69,69,69,69,0
3161,18.355374149659863,4096,0,0,0.3630220592021942,0,69,1,69,69,69,69,0
3162,18.361179138321994,4096,0,0,0.3535725772380829,0,69,1,69,69,69,69,0
3163,18.36698412698413,4096,0,0,0.36461111903190613,0,69,1,69,69,69,69,0
3164,18.37278911564626,4096,0,0,0.3062479794025421,0,69,1,69,69,69,69,0
3165,18.37859410430839,4096,0,0,0.35604211688041687,0,69,1,69,69,69,69,0
3166,18.384399092970522,4096,0,0,0.27938637137413025,0,69,1,69,69,69,69,0
3167,18.390204081632653,4096,0,0,0.304275780916214,0,69,1,69,69,69,69,0
3168,18.396009070294784,4096,0,0,0.32965996861457825,0,69,1,69,69,69,69,0
3169,18.401814058956916,4096,0,0,0.2814648449420929,0,69,1,69,69,69,69,0
3170,18.407619047619047,4096,0,0,0.3235778510570526,0,69,1,69,69,69,69,0
3171,18.413424036281178,4096,0,0,0.27032992243766785,0,69,1,69,69,69,69,0
3172,18.41922902494331,4096,0,0,0.2658858895301819,0,69,1,69,69,69,69,0
3173,18.42503401360544,4096,0,0,0.3224276900291443,0,69,1,69,69,69,69,0
3174,18.430839002267575,4096,0,0,0.2811741828918457,0,69,1,69,69,69,69,0
3175,18.436643990929706,4096,0,0,0.2895240783691406,0,69,1,69,69,69,69,0
3176,18.442448979591838,4096,0,0,0.2786175310611725,0,69,1,69,69,69,69,0
3177,18.44825396825397,4096,0,0,0.2800956964492798,0,69,1,69,69,69,69,0
3178,18.4540589569161,4096,0,0,0.2960413098335266,0,69,1,69,69,69,69,0
3179,18.45986394557823,4096,0,0,0.29572373628616333,0,69,1,69,69,69,69,0
3180,18.465668934240362,4096,0,0,0.31753450632095337,0,69,1,69,69,69,69,0
3181,18.471473922902494,4096,0,0,0.28851422667503357,0,69,1,69,69,69,69,0
3182,18.477278911564625,4096,0,0,0.31958848237991333,0,69,1,69,69,69,69,0
3183,18.483083900226756,4096,0,0,0.2819979786872864,0,69,1,69,69,69,69,0
3184,18.488888888888887,4096,0,0,0.3140551745891571,0,69,1,69,69,69,69,0
3185,18.494693877551022,4096,0,0,0.3288799524307251,0,69,1,69,69,69,69,0
3186,18.500498866213153,4096,0,0,0.3279505968093872,0,69,1,69,69,69,69,0
3187,18.506303854875284,4096,0,0,0.3640144169330597,0,69,1,69,69,69,69,0
3188,18.512108843537415,4096,0,0,0.34562569856643677,0,69,1,69,69,69,69,0
3189,18.517913832199547,4096,0,0,0.425621896982193,0,69,1,69,69,69,69,0
3190,18.523718820861678,4096,0,0,0.40464267134666443,0,69,1,69,69,69,69,0
3191,18.52952380952381,4096,0,0,0.3953285217285156,0,69,1,69,69,69,69,0
3192,18.53532879818594,4096,0,0,0.3460386097431183,0,69,1,69,69,69,69,0
3193,18.54113378684807,4096,0,0,0.32121583819389343,0,69,1,69,69,69,69,0
3194,18.546938775510203,4096,0,0,0.3181351125240326,0,69,1,69,69,69,69,0
3195,18.552743764172334,4096,0,0,0.2774260342121124,0,69,1,69,69,69,69,0
3196,18.55854875283447,4096,0,0,0.3084912598133087,0,69,1,69,69,69,69,0
3197,18.5643537414966,4096,0,0,0.2833782136440277,0,69,1,69,69,69,69,0
3198,18.57015873015873,4096,0,0,0.3283221423625946,0,69,1,69,69,69,69,0
3199,18.575963718820862,4096,0,0,0.33140823245048523,0,69,1,69,69,69,69,0
3200,18.581768707482993,4096,0,0,0.3267633616924286,0,69,1,69,69,69,69,0
3201,18.587573696145125,4096,0,0,0.34504565596580505,0,69,1,69,69,69,69,0
3202,18.593378684807256,4096,0,0,0.309920072555542,0,69,1,69,69,69,69,0
3203,18.599183673469387,4096,0,0,0.31407055258750916,0,69,1,69,69,69,69,0
3204,18.604988662131518,4096,0,0,0.28464025259017944,0,69,1,69,69,69,69,0
3205,18.61079365079365,4096,0,0,0.3031042218208313,0,69,1,69,69,69,69,0
3206,18.616598639455784,4096,0,0,0.32884326577186584,0,69,1,69,69,69,69,0
3207,18.622403628117915,4096,0,0,0.2945292592048645,0,69,1,69,69,69,69,0
3208,18.628208616780046,4096,0,0,0.32009512186050415,0,69,1,69,69,69,69,0
3209,18.634013605442178,4096,0,0,0.27663204073905945,0,69,1,69,69,69,69,0
3210,18.63981859410431,4096,0,0,0.29469239711761475,0,69,1,69,69,69,69,0
3211,18.64562358276644,4096,0,0,0.2952519655227661,0,69,1,69,69,69,69,0
3212,18.65142857142857,4096,0,0,0.29073217511177063,0,69,1,69,69,69,69,0
3213,18.657233560090702,4096,0,0,0.3020136058330536,0,69,1,69,69,69,69,0
3214,18.663038548752834,4096,0,0,0.26996394991874695,0,69,1,69,69,69,69,0
3215,18.668843537414965,4096,0,0,0.2988314628601074,0,69,1,69,69,69,69,0
3216,18.674648526077096,4096,0,0,0.2539590895175934,0,69,1,69,69,69,69,0
3217,18.68045351473923,4096,0,0,0.27462148666381836,0,69,1,69,69,69,69,0
3218,18.686258503401362,4096,0,0,0.27751824259757996,0,69,1,69,69,69,69,0
3219,18.692063492063493,4096,0,0,0.2543443739414215,0,69,1,69,69,69,69,0
3220,18.697868480725624,4096,0,0,0.2816869020462036,0,69,1,69,69,69,69,0
3221,18.703673469387756,4096,0,0,0.24548332393169403,0,69,1,69,69,69,69,0
3222,18.709478458049887,4096,0,0,0.26908230781555176,0,69,1,69,69,69,69,0
3223,18.715283446712018,4096,0,0,0.2884867787361145,0,69,1,69,69,69,69,0
3224,18.72108843537415,512,1,0,0.296008825302124,0,69,1,69,69,69,69,0
3225,18.72689342403628,512,0,0,0.31582173705101013,0,69,1,69,69,69,69,0
3226,18.73269841269841,512,0,0,0.295405775308609,0,69,1,69,69,69,69,0
3227,18.738503401360543,1024,0,0,0.058619752526283264,0,69,1,69,69,69,69,0
3228,18.744308390022677,1024,0,0,0.028577657416462898,0,69,0,69,69,69,69,0
3229,18.75011337868481,2048,0,0,0.028016453608870506,0,69,0,69,-1,-1,-1,0
3230,18.75591836734694,2048,0,0,0.028224559500813484,0,69,0,69,-1,-1,-1,0
3231,18.76172335600907,2048,0,0,0.03234293311834335,0,-1,0,69,-1,-1,-1,0
3232,18.767528344671202,2048,0,0,0.0308526623994112,0,-1,0,72,-1,-1,-1,0
3233,18.773333333333333,4096,0,0,0.027837298810482025,0,-1,0,69,-1,-1,-1,0
3234,18.779138321995465,4096,0,0,0.0277546513825655,0,-1,0,69,-1,-1,-1,0
3235,18.784943310657596,4096,0,0,0.02729952521622181,0,-1,0,69,-1,-1,-1,0
3236,18.790748299319727,4096,0,0,0.02740476094186306,0,-1,0,69,-1,-1,-1,0
3237,18.796553287981858,4096,0,0,0.02777962200343609,0,-1,0,69,-1,-1,-1,0
3238,18.80235827664399,4096,0,0,0.02769606187939644,0,-1,0,69,-1,-1,-1,0
3239,18.808163265306124,4096,0,0,0.02738499827682972,0,-1,0,72,-1,-1,-1,0
3240,18.813968253968255,4096,0,0,0.02710680104792118,0,-1,0,59,-1,-1,-1,0
3241,18.819773242630387,4096,0,0,0.027464035898447037,0,-1,0,59,-1,-1,-1,0
3242,18.825578231292518,4096,0,0,0.027864016592502594,0,-1,0,59,-1,-1,-1,0
3243,18.83138321995465,4096,0,0,0.1872224658727646,0,-1,0,59,-1,-1,-1,0
3244,18.83718820861678,4096,0,0,0.3649696707725525,0,-1,0,59,-1,-1,-1,0
3245,18.84299319727891,4096,0,0,0.27134424448013306,0,-1,0,59,-1,-1,-1,0
3246,18.848798185941043,4096,0,0,0.10473862290382385,0,-1,0,59,-1,-1,-1,0
3247,18.854603174603174,4096,0,0,0.07509557902812958,0,-1,0,59,-1,-1,-1,0
3248,18.860408163265305,4096,0,0,0.06093490868806839,0,-1,0,65,-1,-1,-1,0
3249,18.866213151927436,4096,0,0,0.04533446952700615,0,-1,0,65,-1,-1,-1,0
3250,18.87201814058957,4096,0,0,0.03540143743157387,0,-1,0,65,-1,-1,-1,0
3251,18.877823129251702,4096,0,0,0.03259560465812683,0,-1,0,65,-1,-1,-1,0
3252,18.883628117913833,4096,0,0,0.030773216858506203,0,-1,0,65,-1,-1,-1,0
3253,18.889433106575964,4096,0,0,0.02926468662917614,0,-1,0,65,-1,-1,-1,0
3254,18.895238095238096,4096,0,0,0.028747040778398514,0,-1,0,65,-1,-1,-1,0
3255,18.901043083900227,4096,0,0,0.029085936024785042,0,-1,0,65,-1,-1,-1,0
3256,18.906848072562358,4096,0,0,0.029210276901721954,0,-1,0,65,-1,-1,-1,0
3257,18.91265306122449,4096,0,0,0.02955663949251175,0,-1,0,65,-1,-1,-1,0
3258,18.91845804988662,4096,0,0,0.02927296794950962,0,-1,0,65,-1,-1,-1,0
3259,18.92426303854875,4096,0,0,0.03094731643795967,0,-1,0,65,-1,-1,-1,0
3260,18.930068027210883,4096,0,0,0.054933421313762665,0,-1,0,65,-1,-1,-1,0
3261,18.935873015873018,4096,0,0,0.06953859329223633,0,-1,0,65,-1,-1,-1,0
3262,18.94167800453515,512,1,0,0.2748504877090454,0,-1,1,49,-1,-1,-1,0
3263,18.94748299319728,512,0,0,0.317377507686615,0,-1,1,64,-1,-1,-1,0
3264,18.95328798185941,512,0,0,0.32750821113586426,0,-1,1,64,64,64,64,0
3265,18.959092970521542,1024,0,0,0.3386442959308624,0,-1,1,64,64,64,64,0
3266,18.964897959183673,1024,0,0,0.33484750986099243,0,-1,1,64,64,64,64,0
3267,18.970702947845805,2048,0,0,0.3464595377445221,0,-1,1,64,64,64,64,0
3268,18.976507936507936,2048,0,0,0.32881274819374084,0,-1,1,64,64,64,64,0
3269,18.982312925170067,2048,0,0,0.2879677712917328,0,-1,1,64,64,64,64,0
3270,18.9881179138322,2048,0,0,0.29938003420829773,0,-1,1,64,64,64,64,0
3271,18.99392290249433,4096,0,0,0.32088324427604675,0,-1,0,64,64,64,64,0
3272,18.999727891156464,4096,0,0,0.31680750846862793,0,-1,0,64,-1,-1,-1,0
3273,19.005532879818595,4096,0,0,0.31089192628860474,0,-1,0,64,-1,-1,-1,0
3274,19.011337868480727,4096,0,0,0.3078397810459137,0,-1,0,64,-1,-1,-1,0
3275,19.017142857142858,4096,0,0,0.2850680947303772,0,-1,0,64,-1,-1,-1,0
3276,19.02294784580499,4096,0,0,0.29504814743995667,0,-1,1,64,-1,-1,-1,0
3277,19.02875283446712,4096,0,0,0.317488431930542,0,-1,1,64,64,64,64,0
3278,19.03455782312925,512,1,0,0.3301335275173187,0,-1,1,64,64,64,64,0
3279,19.040362811791383,512,0,0,0.3187187612056732,0,-1,1,64,64,64,64,0
3280,19.046167800453514,512,0,0,0.2827916443347931,0,-1,1,64,64,64,64,0
3281,19.051972789115645,1024,0,0,0.2670791745185852,0,-1,1,64,64,64,64,0
3282,19.057777777777776,1024,0,0,0.3004309833049774,0,-1,1,64,64,64,64,0
3283,19.06358276643991,2048,0,0,0.30909234285354614,0,-1,1,64,64,64,64,0
3284,19.069387755102042,2048,0,0,0.3029727339744568,0,-1,1,64,64,64,64,0
3285,19.075192743764173,2048,0,0,0.30548790097236633,0,-1,1,64,64,64,64,0
3286,19.080997732426304,2048,0,0,0.30207473039627075,0,-1,1,64,64,64,64,0
3287,19.086802721088436,4096,0,0,0.09019264578819275,0,-1,0,64,64,64,64,0
3288,19.092607709750567,4096,0,0,0.029850581660866737,0,-1,0,64,-1,-1,-1,0
3289,19.098412698412698,4096,0,0,0.027379479259252548,0,-1,0,64,-1,-1,-1,0
3290,19.10421768707483,4096,0,0,0.027581041678786278,0,-1,0,64,-1,-1,-1,0
3291,19.11002267573696,4096,0,0,0.028747091069817543,0,-1,0,64,-1,-1,-1,0
3292,19.11582766439909,4096,0,0,0.04023019224405289,0,-1,0,64,-1,-1,-1,0
3293,19.121632653061223,4096,0,0,0.19430190324783325,0,-1,0,64,-1,-1,-1,0
3294,19.127437641723358,4096,0,0,0.314303457736969,0,-1,0,64,-1,-1,-1,0
3295,19.13324263038549,4096,0,0,0.23378996551036835,0,-1,0,64,-1,-1,-1,0
3296,19.13904761904762,4096,0,0,0.2449963539838791,0,-1,0,64,-1,-1,-1,0
3297,19.14485260770975,4096,0,0,0.24999436736106873,0,-1,0,64,-1,-1,-1,0
3298,19.150657596371882,4096,0,0,0.22755169868469238,0,-1,0,62,-1,-1,-1,0
3299,19.156462585034014,4096,0,0,0.25911685824394226,0,-1,0,62,-1,-1,-1,0
3300,19.162267573696145,4096,0,0,0.21702232956886292,0,-1,0,62,-1,-1,-1,0
3301,19.168072562358276,4096,0,0,0.246971994638443,0,-1,0,62,-1,-1,-1,0
3302,19.173877551020407,4096,0,0,0.23117336630821228,0,-1,0,62,-1,-1,-1,0
3303,19.17968253968254,4096,0,0,0.2126845121383667,0,-1,0,62,-1,-1,-1,0
3304,19.18548752834467,4096,0,0,0.24473164975643158,0,-1,0,62,-1,-1,-1,0
3305,19.191292517006804,4096,0,0,0.21789419651031494,0,-1,0,62,-1,-1,-1,0
3306,19.197097505668935,4096,0,0,0.24685584008693695,0,-1,0,62,-1,-1,-1,0
3307,19.202902494331067,4096,0,0,0.2243220955133438,0,-1,0,62,-1,-1,-1,0
3308,19.208707482993198,4096,0,0,0.21739119291305542,0,-1,0,62,-1,-1,-1,0
3309,19.21451247165533,4096,0,0,0.24023723602294922,0,-1,0,62,-1,-1,-1,0
3310,19.22031746031746,4096,0,0,0.2073793113231659,0,-1,0,62,-1,-1,-1,0
3311,19.22612244897959,4096,0,0,0.2396819293498993,0,-1,0,62,-1,-1,-1,0
3312,19.231927437641723,4096,0,0,0.21595421433448792,0,-1,0,62,-1,-1,-1,0
3313,19.237732426303854,4096,0,0,0.21506673097610474,0,-1,0,62,-1,-1,-1,0
3314,19.243537414965985,4096,0,0,0.2243872880935669,0,-1,0,62,-1,-1,-1,0
3315,19.249342403628116,4096,0,0,0.19967517256736755,0,-1,0,62,-1,-1,-1,0
3316,19.25514739229025,4096,0,0,0.22844244539737701,0,-1,0,62,-1,-1,-1,0
3317,19.260952380952382,4096,0,0,0.19436943531036377,0,-1,0,62,-1,-1,-1,0
3318,19.266757369614513,4096,0,0,0.22041955590248108,0,-1,0,62,-1,-1,-1,0
3319,19.272562358276645,4096,0,0,0.21795308589935303,0,-1,0,62,-1,-1,-1,0
3320,19.278367346938776,4096,0,0,0.1967087686061859,0,-1,0,62,-1,-1,-1,0
3321,19.284172335600907,4096,0,0,0.2263694852590561,0,-1,0,62,-1,-1,-1,0
3322,19.289977324263038,4096,0,0,0.1853352189064026,0,-1,0,62,-1,-1,-1,0
3323,19.29578231292517,4096,0,0,0.20101261138916016,0,-1,0,62,-1,-1,-1,0
3324,19.3015873015873,4096,0,0,0.2039463073015213,0,-1,0,62,-1,-1,-1,0
3325,19.30739229024943,4096,0,0,0.18975667655467987,0,-1,0,62,-1,-1,-1,0
3326,19.313197278911563,4096,0,0,0.21033000946044922,0,-1,0,62,-1,-1,-1,0
3327,19.319002267573698,4096,0,0,0.17479699850082397,0,-1,0,62,-1,-1,-1,0
3328,19.32480725623583,4096,0,0,0.20740962028503418,0,-1,0,62,-1,-1,-1,0
3329,19.33061224489796,4096,0,0,0.19112271070480347,0,-1,0,62,-1,-1,-1,0
3330,19.33641723356009,4096,0,0,0.18476268649101257,0,-1,0,62,-1,-1,-1,0
3331,19.342222222222222,4096,0,0,0.19721345603466034,0,-1,0,62,-1,-1,-1,0
3332,19.348027210884354,4096,0,0,0.16736333072185516,0,-1,0,62,-1,-1,-1,0
3333,19.353832199546485,4096,0,0,0.18731218576431274,0,-1,0,62,-1,-1,-1,0
3334,19.359637188208616,4096,0,0,0.17103008925914764,0,-1,0,62,-1,-1,-1,0
3335,19.365442176870747,4096,0,0,0.1891588270664215,0,-1,0,62,-1,-1,-1,0
3336,19.37124716553288,4096,0,0,0.15197239816188812,0,-1,0,62,-1,-1,-1,0
3337,19.37705215419501,4096,0,0,0.06652522087097168,0,-1,0,62,-1,-1,-1,0
3338,19.382857142857144,4096,0,0,0.039332401007413864,0,-1,0,62,-1,-1,-1,0
3339,19.388662131519276,4096,0,0,0.03489739075303078,0,-1,0,62,-1,-1,-1,0
3340,19.394467120181407,4096,0,0,0.031041249632835388,0,-1,0,62,-1,-1,-1,0
3341,19.400272108843538,4096,0,0,0.0262093935161829,0,-1,0,62,-1,-1,-1,0
3342,19.40607709750567,4096,0,0,0.02786075696349144,0,-1,0,62,-1,-1,-1,0
3343,19.4118820861678,4096,0,0,0.02925964817404747,0,-1,0,62,-1,-1,-1,0
3344,19.41768707482993,4096,0,0,0.030085662379860878,0,-1,0,62,-1,-1,-1,0
3345,19.423492063492063,4096,0,0,0.12237603217363358,0,-1,0,62,-1,-1,-1,0
3346,19.429297052154194,4096,0,0,0.24457569420337677,0,-1,0,62,-1,-1,-1,0
3347,19.435102040816325,4096,0,0,0.22771085798740387,0,-1,0,62,-1,-1,-1,0
3348,19.440907029478456,4096,0,0,0.2645927965641022,0,-1,0,61,-1,-1,-1,0
3349,19.44671201814059,4096,0,0,0.2324732393026352,0,-1,0,61,-1,-1,-1,0
3350,19.452517006802722,4096,0,0,0.19636856019496918,0,-1,0,61,-1,-1,-1,0
3351,19.458321995464853,4096,0,0,0.2144097089767456,0,-1,0,61,-1,-1,-1,0
3352,19.464126984126985,4096,0,0,0.21197858452796936,0,-1,0,61,-1,-1,-1,0
3353,19.469931972789116,4096,0,0,0.23110249638557434,0,-1,0,61,-1,-1,-1,0
3354,19.475736961451247,4096,0,0,0.21210694313049316,0,-1,0,61,-1,-1,-1,0
3355,19.481541950113378,4096,0,0,0.1972958892583847,0,-1,0,61,-1,-1,-1,0
3356,19.48734693877551,4096,0,0,0.24806427955627441,0,-1,0,61,-1,-1,-1,0
3357,19.49315192743764,4096,0,0,0.21909241378307343,0,-1,0,61,-1,-1,-1,0
3358,19.49895691609977,4096,0,0,0.21301928162574768,0,-1,0,61,-1,-1,-1,0
3359,19.504761904761907,4096,0,0,0.1994473785161972,0,-1,0,61,-1,-1,-1,0
3360,19.510566893424038,4096,0,0,0.20076622068881989,0,-1,0,61,-1,-1,-1,0
3361,19.51637188208617,4096,0,0,0.2382570207118988,0,-1,0,61,-1,-1,-1,0
3362,19.5221768707483,4096,0,0,0.20312489569187164,0,-1,0,61,-1,-1,-1,0
3363,19.52798185941043,4096,0,0,0.178472638130188,0,-1,0,61,-1,-1,-1,0
3364,19.533786848072562,4096,0,0,0.17392133176326752,0,-1,1,61,-1,-1,-1,0
3365,19.539591836734694,4096,0,0,0.1803552359342575,0,-1,0,61,-1,-1,-1,0
3366,19.545396825396825,4096,0,0,0.21445338428020477,0,-1,0,61,-1,-1,-1,0
3367,19.551201814058956,4096,0,0,0.1840788573026657,0,-1,0,61,-1,-1,-1,0
3368,19.557006802721087,4096,0,0,0.16013281047344208,0,-1,0,61,-1,-1,-1,0
3369,19.56281179138322,4096,0,0,0.17940108478069305,0,-1,0,61,-1,-1,-1,0
3370,19.568616780045353,4096,0,0,0.16832129657268524,0,-1,0,61,-1,-1,-1,0
3371,19.574421768707484,4096,0,0,0.18015417456626892,0,-1,0,61,-1,-1,-1,0
3372,19.580226757369616,4096,0,0,0.1595430225133896,0,-1,0,61,-1,-1,-1,0
3373,19.586031746031747,4096,0,0,0.15898701548576355,0,-1,0,61,-1,-1,-1,0
3374,19.591836734693878,4096,0,0,0.19989031553268433,0,-1,0,61,-1,-1,-1,0
3375,19.59764172335601,4096,0,0,0.16778376698493958,0,-1,0,61,-1,-1,-1,0
3376,19.60344671201814,4096,0,0,0.15528935194015503,0,-1,0,61,-1,-1,-1,0
3377,19.60925170068027,4096,0,0,0.15318113565444946,0,-1,1,61,-1,-1,-1,0
3378,19.615056689342403,4096,0,0,0.16185958683490753,0,-1,0,61,-1,-1,-1,0
3379,19.620861678004534,4096,0,0,0.19007395207881927,0,-1,0,61,-1,-1,-1,0
3380,19.626666666666665,4096,0,0,0.15947893261909485,0,-1,0,61,-1,-1,-1,0
3381,19.6324716553288,4096,0,0,0.14586709439754486,0,-1,0,61,-1,-1,-1,0
3382,19.63827664399093,4096,0,0,0.16374917328357697,0,-1,1,61,-1,-1,-1,0
3383,19.644081632653062,4096,0,0,0.1508077085018158,0,-1,0,61,-1,-1,-1,0
3384,19.649886621315193,4096,0,0,0.1652792990207672,0,-1,0,61,-1,-1,-1,0
3385,19.655691609977325,4096,0,0,0.14300531148910522,0,-1,0,61,-1,-1,-1,0
3386,19.661496598639456,4096,0,0,0.1413262039422989,0,-1,0,61,-1,-1,-1,0
3387,19.667301587301587,4096,0,0,0.1719622015953064,0,-1,0,61,-1,-1,-1,0
3388,19.67310657596372,4096,0,0,0.14801707863807678,0,-1,0,61,-1,-1,-1,0
3389,19.67891156462585,4096,0,0,0.13982945680618286,0,-1,0,61,-1,-1,-1,0
3390,19.68471655328798,4096,0,0,0.13200443983078003,0,-1,1,61,-1,-1,-1,0
3391,19.690521541950112,4096,0,0,0.14180682599544525,0,-1,1,61,61,61,61,0
3392,19.696326530612247,4096,0,0,0.16847647726535797,0,-1,0,61,61,61,61,0
3393,19.702131519274378,4096,0,0,0.1391996145248413,0,-1,0,61,-1,-1,-1,0
3394,19.70793650793651,4096,0,0,0.12832601368427277,0,-1,0,61,-1,-1,-1,0
3395,19.71374149659864,4096,0,0,0.12972301244735718,0,-1,1,61,-1,-1,-1,0
3396,19.71954648526077,4096,0,0,0.13305909931659698,0,-1,0,61,-1,-1,-1,0
3397,19.725351473922903,4096,0,0,0.1539987325668335,0,-1,0,61,-1,-1,-1,0
3398,19.731156462585034,4096,0,0,0.12612125277519226,0,-1,0,61,-1,-1,-1,0
3399,19.736961451247165,4096,0,0,0.12108119577169418,0,-1,0,61,-1,-1,-1,0
3400,19.742766439909296,4096,0,0,0.13773010671138763,0,-1,1,61,-1,-1,-1,0
3401,19.748571428571427,4096,0,0,0.12112919986248016,0,-1,0,61,-1,-1,-1,0
3402,19.75437641723356,4096,0,0,0.1279541403055191,0,-1,0,61,-1,-1,-1,0
3403,19.760181405895693,4096,0,0,0.1155218854546547,0,-1,1,61,-1,-1,-1,0
3404,19.765986394557824,4096,0,0,0.11978960782289505,0,-1,1,61,61,61,61,0
3405,19.771791383219956,4096,0,0,0.14483270049095154,0,-1,0,61,61,61,61,0
3406,19.777596371882087,4096,0,0,0.11755921691656113,0,-1,0,61,-1,-1,-1,0
3407,19.783401360544218,4096,0,0,0.10931986570358276,0,-1,0,61,-1,-1,-1,0
3408,19.78920634920635,4096,0,0,0.10724857449531555,0,-1,1,61,-1,-1,-1,0
3409,19.79501133786848,4096,0,0,0.11440993845462799,0,-1,1,61,61,61,61,0
3410,19.80081632653061,4096,0,0,0.13556411862373352,0,-1,0,61,61,61,61,0
3411,19.806621315192743,4096,0,0,0.10865335166454315,0,-1,0,61,-1,-1,-1,0
3412,19.812426303854874,4096,0,0,0.1039930060505867,0,-1,0,61,-1,-1,-1,0
3413,19.818231292517005,4096,0,0,0.11370055377483368,0,-1,1,61,-1,-1,-1,0
3414,19.82403628117914,4096,0,0,0.10868914425373077,0,-1,1,61,61,61,61,0
3415,19.82984126984127,4096,0,0,0.11898046731948853,0,-1,1,61,61,61,61,0
3416,19.835646258503402,4096,0,0,0.09978603571653366,0,-1,1,61,61,61,61,0
3417,19.841451247165534,4096,0,0,0.10246933251619339,0,-1,1,61,61,61,61,0
3418,19.847256235827665,4096,0,0,0.12008317559957504,0,-1,1,61,61,61,61,0
3419,19.853061224489796,4096,0,0,0.10568194836378098,0,-1,1,61,61,61,61,0
3420,19.858866213151927,4096,0,0,0.10087306797504425,0,-1,1,61,61,61,61,0
3421,19.86467120181406,4096,0,0,0.09473370760679245,0,-1,1,61,61,61,61,0
3422,19.87047619047619,4096,0,0,0.10216676443815231,0,-1,1,61,61,61,61,0
3423,19.87628117913832,4096,0,0,0.11956925690174103,0,-1,1,61,61,61,61,0
3424,19.882086167800452,4096,0,0,0.09554631263017654,0,-1,1,61,61,61,61,0
3425,19.887891156462587,4096,0,0,0.08798464387655258,0,-1,1,61,61,61,61,0
3426,19.893696145124718,4096,0,0,0.09207876026630402,0,-1,1,61,61,61,61,0
3427,19.89950113378685,4096,0,0,0.09589473158121109,0,-1,1,61,61,61,61,0
3428,19.90530612244898,4096,0,0,0.10891307890415192,0,-1,1,61,61,61,61,0
3429,19.91111111111111,4096,0,0,0.0883149728178978,0,-1,1,61,61,61,61,0
3430,19.916916099773243,4096,0,0,0.09045836329460144,0,-1,1,61,61,61,61,0
3431,19.922721088435374,4096,0,0,0.09850907325744629,0,-1,1,61,61,61,61,0
3432,19.928526077097505,4096,0,0,0.08321832865476608,0,-1,1,61,61,61,61,0
3433,19.934331065759636,4096,0,0,0.06710821390151978,0,-1,1,61,61,61,61,0
3434,19.940136054421767,4096,0,0,0.04026266187429428,0,-1,1,61,61,61,61,0
3435,19.9459410430839,4096,0,0,0.03255084529519081,0,-1,0,61,61,61,61,0
3436,19.951746031746033,4096,0,0,0.03038884326815605,0,-1,0,61,-1,-1,-1,0
3437,19.957551020408165,4096,0,0,0.028149329125881195,0,-1,0,61,-1,-1,-1,0
3438,19.963356009070296,4096,0,0,0.027960821986198425,0,-1,0,61,-1,-1,-1,0
3439,19.969160997732427,4096,0,0,0.028800787404179573,0,-1,0,61,-1,-1,-1,0
3440,19.974965986394558,4096,0,0,0.03110411763191223,0,-1,0,61,-1,-1,-1,0
3441,19.98077097505669,4096,0,0,0.030047442764043808,0,-1,0,61,-1,-1,-1,0
3442,19.98657596371882,4096,0,0,0.029613152146339417,0,-1,0,61,-1,-1,-1,0
3443,19.99238095238095,4096,0,0,0.03184099867939949,0,-1,0,61,-1,-1,-1,0
3444,19.998185941043083,4096,0,0,0.031634021550416946,0,-1,0,61,-1,-1,-1,0
3445,20.003990929705214,4096,0,0,0.0295796487480402,0,-1,0,61,-1,-1,-1,0
3446,20.009795918367345,4096,0,0,0.02932262420654297,0,-1,0,59,-1,-1,-1,0
3447,20.01560090702948,4096,0,0,0.027800302952528,0,-1,0,59,-1,-1,-1,0
3448,20.02140589569161,4096,0,0,0.027824468910694122,0,-1,0,59,-1,-1,-1,0
3449,20.027210884353742,4096,0,0,0.029332410544157028,0,-1,0,59,-1,-1,-1,0
3450,20.033015873015874,4096,0,0,0.0288481954485178,0,-1,0,59,-1,-1,-1,0
3451,20.038820861678005,4096,0,0,0.028168972581624985,0,-1,0,59,-1,-1,-1,0
3452,20.044625850340136,4096,0,0,0.028154995292425156,0,-1,0,59,-1,-1,-1,0
3453,20.050430839002267,4096,0,0,0.027632374316453934,0,-1,0,59,-1,-1,-1,0
3454,20.0562358276644,4096,0,0,0.027335001155734062,0,-1,0,59,-1,-1,-1,0
3455,20.06204081632653,4096,0,0,0.02693740837275982,0,-1,0,59,-1,-1,-1,0
3456,20.06784580498866,4096,0,0,0.027148256078362465,0,-1,0,59,-1,-1,-1,0
3457,20.073650793650792,4096,0,0,0.02741480991244316,0,-1,0,59,-1,-1,-1,0
3458,20.079455782312927,4096,0,0,0.02735237404704094,0,-1,0,59,-1,-1,-1,0
3459,20.085260770975058,4096,0,0,0.0274041760712862,0,-1,0,59,-1,-1,-1,0
3460,20.09106575963719,4096,0,0,0.02760837972164154,0,-1,0,59,-1,-1,-1,0
3461,20.09687074829932,4096,0,0,0.027918027713894844,0,-1,0,59,-1,-1,-1,0
3462,20.10267573696145,4096,0,0,0.028295230120420456,0,-1,0,59,-1,-1,-1,0
3463,20.108480725623583,4096,0,0,0.028279749676585197,0,-1,0,59,-1,-1,-1,0
3464,20.114285714285714,4096,0,0,0.02823539450764656,0,-1,0,59,-1,-1,-1,0
3465,20.120090702947845,4096,0,0,0.02817828580737114,0,-1,0,59,-1,-1,-1,0
3466,20.125895691609976,4096,0,0,0.02767259255051613,0,-1,0,59,-1,-1,-1,0
3467,20.131700680272107,4096,0,0,0.02722751908004284,0,-1,0,59,-1,-1,-1,0
3468,20.13750566893424,4096,0,0,0.027623383328318596,0,-1,0,59,-1,-1,-1,0
3469,20.143310657596373,4096,0,0,0.0277328472584486,0,-1,0,59,-1,-1,-1,0
3470,20.149115646258505,4096,0,0,0.027507275342941284,0,-1,0,59,-1,-1,-1,0
3471,20.154920634920636,4096,0,0,0.027659352868795395,0,-1,0,59,-1,-1,-1,0
3472,20.160725623582767,4096,0,0,0.02705211564898491,0,-1,0,59,-1,-1,-1,0
3473,20.166530612244898,4096,0,0,0.02682597003877163,0,-1,0,59,-1,-1,-1,0
3474,20.17233560090703,4096,0,0,0.027568863704800606,0,-1,0,59,-1,-1,-1,0
3475,20.17814058956916,4096,0,0,0.02808227576315403,0,-1,0,59,-1,-1,-1,0
3476,20.18394557823129,4096,0,0,0.028082815930247307,0,-1,0,59,-1,-1,-1,0
3477,20.189750566893423,4096,0,0,0.028320005163550377,0,-1,0,59,-1,-1,-1,0
3478,20.195555555555554,4096,0,0,0.02794324792921543,0,-1,0,59,-1,-1,-1,0
3479,20.201360544217685,4096,0,0,0.02781022898852825,0,-1,0,59,-1,-1,-1,0
3480,20.20716553287982,4096,0,0,0.02768167108297348,0,-1,0,59,-1,-1,-1,0
3481,20.21297052154195,4096,0,0,0.027356751263141632,0,-1,0,59,-1,-1,-1,0
3482,20.218775510204082,4096,0,0,0.0275537371635437,0,-1,0,59,-1,-1,-1,0
3483,20.224580498866214,4096,0,0,0.027652302756905556,0,-1,0,59,-1,-1,-1,0
3484,20.230385487528345,4096,0,0,0.02804664708673954,0,-1,0,59,-1,-1,-1,0
3485,20.236190476190476,4096,0,0,0.02736414410173893,0,-1,0,59,-1,-1,-1,0
3486,20.241995464852607,4096,0,0,0.02734605222940445,0,-1,0,59,-1,-1,-1,0
3487,20.24780045351474,4096,0,0,0.027454063296318054,0,-1,0,59,-1,-1,-1,0
3488,20.25360544217687,4096,0,0,0.027229780331254005,0,-1,0,59,-1,-1,-1,0
3489,20.259410430839,4096,0,0,0.02760159596800804,0,-1,0,59,-1,-1,-1,0
3490,20.265215419501132,4096,0,0,0.02720417082309723,0,-1,0,59,-1,-1,-1,0
3491,20.271020408163267,4096,0,0,0.02722678706049919,0,-1,0,59,-1,-1,-1,0
3492,20.276825396825398,4096,0,0,0.027715712785720825,0,-1,0,59,-1,-1,-1,0
3493,20.28263038548753,4096,0,0,0.027800636366009712,0,-1,0,59,-1,-1,-1,0
3494,20.28843537414966,4096,0,0,0.027772922068834305,0,-1,0,59,-1,-1,-1,0
3495,20.29424036281179,4096,0,0,0.0281319972127676,0,-1,0,59,-1,-1,-1,0
3496,20.300045351473923,4096,0,0,0.027751008048653603,0,-1,0,59,-1,-1,-1,0
3497,20.305850340136054,4096,0,0,0.027593059465289116,0,-1,0,59,-1,-1,-1,0
3498,20.311655328798185,4096,0,0,0.02782471291720867,0,-1,0,59,-1,-1,-1,0
3499,20.317460317460316,4096,0,0,0.027798999100923538,0,-1,0,59,-1,-1,-1,0
3500,20.323265306122448,4096,0,0,0.027369026094675064,0,-1,0,59,-1,-1,-1,0
3501,20.329070294784582,4096,0,0,0.026822548359632492,0,-1,0,59,-1,-1,-1,0
3502,20.334875283446713,4096,0,0,0.02725818194448948,0,-1,0,59,-1,-1,-1,0
3503,20.340680272108845,4096,0,0,0.02734188549220562,0,-1,0,59,-1,-1,-1,0
3504,20.346485260770976,4096,0,0,0.027633441612124443,0,-1,0,59,-1,-1,-1,0
3505,20.352290249433107,4096,0,0,0.02765156328678131,0,-1,0,59,-1,-1,-1,0
3506,20.35809523809524,4096,0,0,0.027472155168652534,0,-1,0,59,-1,-1,-1,0
3507,20.36390022675737,4096,0,0,0.027465209364891052,0,-1,0,59,-1,-1,-1,0
3508,20.3697052154195,4096,0,0,0.027591614052653313,0,-1,0,59,-1,-1,-1,0
3509,20.375510204081632,4096,0,0,0.027579911053180695,0,-1,0,59,-1,-1,-1,0
3510,20.381315192743763,4096,0,0,0.028005555272102356,0,-1,0,59,-1,-1,-1,0
3511,20.387120181405894,4096,0,0,0.028369342908263206,0,-1,0,59,-1,-1,-1,0
3512,20.39292517006803,4096,0,0,0.0280007254332304,0,-1,0,59,-1,-1,-1,0
3513,20.39873015873016,4096,0,0,0.027397694066166878,0,-1,0,59,-1,-1,-1,0
3514,20.40453514739229,4096,0,0,0.02763800509274006,0,-1,0,59,-1,-1,-1,0
3515,20.410340136054423,4096,0,0,0.027463264763355255,0,-1,0,59,-1,-1,-1,0
3516,20.416145124716554,4096,0,0,0.02784276008605957,0,-1,0,59,-1,-1,-1,0
3517,20.421950113378685,4096,0,0,0.027733489871025085,0,-1,0,59,-1,-1,-1,0
3518,20.427755102040816,4096,0,0,0.027311254292726517,0,-1,0,59,-1,-1,-1,0
3519,20.433560090702947,4096,0,0,0.027855750173330307,0,-1,0,59,-1,-1,-1,0
3520,20.43936507936508,4096,0,0,0.028013458475470543,0,-1,0,59,-1,-1,-1,0
3521,20.44517006802721,4096,0,0,0.027739161625504494,0,-1,0,59,-1,-1,-1,0
3522,20.45097505668934,4096,0,0,0.027468187734484673,0,-1,0,59,-1,-1,-1,0
3523,20.456780045351476,4096,0,0,0.02806546352803707,0,-1,0,59,-1,-1,-1,0
3524,20.462585034013607,4096,0,0,0.028224283829331398,0,-1,0,59,-1,-1,-1,0
3525,20.468390022675738,4096,0,0,0.02834036573767662,0,-1,0,59,-1,-1,-1,0
3526,20.47419501133787,4096,0,0,0.027989286929368973,0,-1,0,59,-1,-1,-1,0
3527,20.48,4096,0,0,0.027896283194422722,0,-1,0,59,-1,-1,-1,0
3528,20.48580498866213,4096,0,0,0.028223000466823578,0,-1,0,59,-1,-1,-1,0
3529,20.491609977324263,4096,0,0,0.02756713703274727,0,-1,0,59,-1,-1,-1,0
3530,20.497414965986394,4096,0,0,0.02726835012435913,0,-1,0,59,-1,-1,-1,0
3531,20.503219954648525,4096,0,0,0.02758481726050377,0,-1,0,59,-1,-1,-1,0
3532,20.509024943310656,4096,0,0,0.028031818568706512,0,-1,0,59,-1,-1,-1,0
3533,20.514829931972788,4096,0,0,0.027725566178560257,0,-1,0,59,-1,-1,-1,0
3534,20.520634920634922,4096,0,0,0.02753366529941559,0,-1,0,59,-1,-1,-1,0
3535,20.526439909297054,4096,0,0,0.02817559614777565,0,-1,0,59,-1,-1,-1,0
3536,20.532244897959185,4096,0,0,0.02819916419684887,0,-1,0,59,-1,-1,-1,0
3537,20.538049886621316,4096,0,0,0.02796952985227108,0,-1,0,59,-1,-1,-1,0
3538,20.543854875283447,4096,0,0,0.027816569432616234,0,-1,0,59,-1,-1,-1,0
3539,20.54965986394558,4096,0,0,0.027642495930194855,0,-1,0,59,-1,-1,-1,0
3540,20.55546485260771,4096,0,0,0.027054084464907646,0,-1,0,59,-1,-1,-1,0
3541,20.56126984126984,4096,0,0,0.027091236785054207,0,-1,0,59,-1,-1,-1,0
3542,20.567074829931972,4096,0,0,0.02716977335512638,0,-1,0,59,-1,-1,-1,0
3543,20.572879818594103,4096,0,0,0.02719028666615486,0,-1,0,59,-1,-1,-1,0
3544,20.578684807256234,4096,0,0,0.027886604890227318,0,-1,0,59,-1,-1,-1,0
3545,20.58448979591837,4096,0,0,0.02758774720132351,0,-1,0,59,-1,-1,-1,0
3546,20.5902947845805,4096,0,0,0.02718188986182213,0,-1,0,59,-1,-1,-1,0
3547,20.59609977324263,4096,0,0,0.027539290487766266,0,-1,0,59,-1,-1,-1,0
3548,20.601904761904763,4096,0,0,0.02773144096136093,0,-1,0,59,-1,-1,-1,0
3549,20.607709750566894,4096,0,0,0.02754390425980091,0,-1,0,59,-1,-1,-1,0
3550,20.613514739229025,4096,0,0,0.027375612407922745,0,-1,0,59,-1,-1,-1,0
3551,20.619319727891156,4096,0,0,0.0277489572763443,0,-1,0,59,-1,-1,-1,0
3552,20.625124716553287,4096,0,0,0.02762775681912899,0,-1,0,59,-1,-1,-1,0
3553,20.63092970521542,4096,0,0,0.02754669450223446,0,-1,0,59,-1,-1,-1,0
3554,20.63673469387755,4096,0,0,0.02790253423154354,0,-1,0,59,-1,-1,-1,0
3555,20.64253968253968,4096,0,0,0.028187338262796402,0,-1,0,59,-1,-1,-1,0
3556,20.648344671201816,4096,0,0,0.027343319728970528,0,-1,0,59,-1,-1,-1,0
3557,20.654149659863947,4096,0,0,0.02713119424879551,0,-1,0,59,-1,-1,-1,0
3558,20.659954648526078,4096,0,0,0.02755524031817913,0,-1,0,59,-1,-1,-1,0
3559,20.66575963718821,4096,0,0,0.027649756520986557,0,-1,0,59,-1,-1,-1,0
3560,20.67156462585034,4096,0,0,0.027471454814076424,0,-1,0,59,-1,-1,-1,0
3561,20.67736961451247,4096,0,0,0.02740502543747425,0,-1,0,59,-1,-1,-1,0
3562,20.683174603174603,4096,0,0,0.027430929243564606,0,-1,0,59,-1,-1,-1,0
3563,20.688979591836734,4096,0,0,0.027190010994672775,0,-1,0,59,-1,-1,-1,0
3564,20.694784580498865,4096,0,0,0.027565278112888336,0,-1,0,59,-1,-1,-1,0
3565,20.700589569160996,4096,0,0,0.027966350317001343,0,-1,0,59,-1,-1,-1,0
3566,20.706394557823128,4096,0,0,0.027565887197852135,0,-1,0,59,-1,-1,-1,0
3567,20.712199546485262,4096,0,0,0.02763468399643898,0,-1,0,59,-1,-1,-1,0
3568,20.718004535147394,4096,0,0,0.028090372681617737,0,-1,0,59,-1,-1,-1,0
3569,20.723809523809525,4096,0,0,0.02805251069366932,0,-1,0,59,-1,-1,-1,0
3570,20.729614512471656,4096,0,0,0.02793543040752411,0,-1,0,59,-1,-1,-1,0
3571,20.735419501133787,4096,0,0,0.028247453272342682,0,-1,0,59,-1,-1,-1,0
3572,20.74122448979592,4096,0,0,0.02813412994146347,0,-1,0,59,-1,-1,-1,0
3573,20.74702947845805,4096,0,0,0.02777833677828312,0,-1,0,59,-1,-1,-1,0
3574,20.75283446712018,4096,0,0,0.027345413342118263,0,-1,0,59,-1,-1,-1,0
3575,20.758639455782312,4096,0,0,0.027531228959560394,0,-1,0,59,-1,-1,-1,0
3576,20.764444444444443,4096,0,0,0.02805810607969761,0,-1,0,59,-1,-1,-1,0
3577,20.770249433106574,4096,0,0,0.027481794357299805,0,-1,0,59,-1,-1,-1,0
3578,20.77605442176871,4096,0,0,0.02735544554889202,0,-1,0,59,-1,-1,-1,0
3579,20.78185941043084,4096,0,0,0.02736549638211727,0,-1,0,59,-1,-1,-1,0
3580,20.78766439909297,4096,0,0,0.027070408686995506,0,-1,0,59,-1,-1,-1,0
3581,20.793469387755103,4096,0,0,0.027004271745681763,0,-1,0,59,-1,-1,-1,0
3582,20.799274376417234,4096,0,0,0.027619412168860435,0,-1,0,59,-1,-1,-1,0
3583,20.805079365079365,4096,0,0,0.0274799894541502,0,-1,0,59,-1,-1,-1,0
3584,20.810884353741496,4096,0,0,0.027271214872598648,0,-1,0,59,-1,-1,-1,0
3585,20.816689342403627,4096,0,0,0.027362355962395668,0,-1,0,59,-1,-1,-1,0
3586,20.82249433106576,4096,0,0,0.02743127942085266,0,-1,0,59,-1,-1,-1,0
3587,20.82829931972789,4096,0,0,0.027613474056124687,0,-1,0,59,-1,-1,-1,0
3588,20.83410430839002,4096,0,0,0.02747499756515026,0,-1,0,59,-1,-1,-1,0
3589,20.839909297052156,4096,0,0,0.02755207009613514,0,-1,0,59,-1,-1,-1,0
3590,20.845714285714287,4096,0,0,0.027434764429926872,0,-1,0,59,-1,-1,-1,0
3591,20.851519274376418,4096,0,0,0.027156241238117218,0,-1,0,59,-1,-1,-1,0
3592,20.85732426303855,4096,0,0,0.027407778427004814,0,-1,0,59,-1,-1,-1,0
3593,20.86312925170068,4096,0,0,0.0275930967181921,0,-1,0,59,-1,-1,-1,0
3594,20.86893424036281,4096,0,0,0.027659092098474503,0,-1,0,59,-1,-1,-1,0
3595,20.874739229024943,4096,0,0,0.027404943481087685,0,-1,0,59,-1,-1,-1,0
3596,20.880544217687074,4096,0,0,0.02745025046169758,0,-1,0,59,-1,-1,-1,0
3597,20.886349206349205,4096,0,0,0.027827443554997444,0,-1,0,59,-1,-1,-1,0
3598,20.892154195011337,4096,0,0,0.02802731655538082,0,-1,0,59,-1,-1,-1,0
3599,20.897959183673468,4096,0,0,0.028121063485741615,0,-1,0,59,-1,-1,-1,0
3600,20.903764172335602,4096,0,0,0.027529401704669,0,-1,0,59,-1,-1,-1,0
3601,20.909569160997734,4096,0,0,0.027322515845298767,0,-1,0,59,-1,-1,-1,0
3602,20.915374149659865,4096,0,0,0.027536410838365555,0,-1,0,59,-1,-1,-1,0
3603,20.921179138321996,4096,0,0,0.02782842330634594,0,-1,0,59,-1,-1,-1,0
3604,20.926984126984127,512,1,0,0.0363251194357872,0,-1,1,59,-1,-1,-1,0
3605,20.93278911564626,512,0,0,0.4920821487903595,0,-1,1,49,-1,-1,-1,0
3606,20.93859410430839,512,0,0,0.5711207985877991,0,60,1,60,-1,-1,-1,0
3607,20.94439909297052,1024,0,0,0.5599032044410706,0,60,1,60,60,60,60,0
3608,20.950204081632652,1024,0,1,0.6264150142669678,1,60,1,60,60,60,60,0
3609,20.956009070294783,2048,0,0,0.536455512046814,0,60,1,60,60,60,60,0
3610,20.961814058956914,2048,0,0,0.5523557066917419,0,60,1,60,60,60,60,0
3611,20.96761904761905,2048,0,0,0.5048945546150208,0,60,1,60,60,60,60,0
3612,20.97342403628118,2048,0,0,0.50835782289505,0,60,1,60,60,60,60,0
3613,20.97922902494331,4096,0,0,0.4261775314807892,0,60,0,60,60,60,60,0
3614,20.985034013605443,4096,0,0,0.5039116740226746,0,60,1,60,60,60,60,0
3615,20.990839002267574,4096,0,0,0.3920954465866089,0,60,1,60,60,60,60,0
3616,20.996643990929705,4096,0,0,0.4549507796764374,0,60,1,60,60,60,60,0
3617,21.002448979591836,4096,0,0,0.37077969312667847,0,60,1,60,60,60,60,0
3618,21.008253968253968,4096,0,0,0.44054242968559265,0,60,1,60,60,60,60,0
3619,21.0140589569161,4096,0,0,0.37712687253952026,0,60,1,60,60,60,60,0
3620,21.01986394557823,4096,0,0,0.45464909076690674,0,60,1,60,60,60,60,0
3621,21.02566893424036,4096,0,0,0.37657055258750916,0,60,1,60,60,60,60,0
3622,21.031473922902496,4096,0,0,0.45493370294570923,0,60,1,60,60,60,60,0
3623,21.037278911564627,4096,0,0,0.40140169858932495,0,60,1,60,60,60,60,0
3624,21.04308390022676,4096,0,0,0.4251762628555298,0,60,1,60,60,60,60,0
3625,21.04888888888889,4096,0,0,0.3770960569381714,0,60,1,60,60,60,60,0
3626,21.05469387755102,4096,0,0,0.40232157707214355,0,60,1,60,60,60,60,0
3627,21.060498866213152,4096,0,0,0.40973567962646484,0,60,1,60,60,60,60,0
3628,21.066303854875283,4096,0,0,0.3742990493774414,0,60,1,60,60,60,60,0
3629,21.072108843537414,4096,0,0,0.39717864990234375,0,60,1,60,60,60,60,0
3630,21.077913832199545,4096,0,0,0.35564932227134705,0,60,1,60,60,60,60,0
3631,21.083718820861677,4096,0,0,0.4225914180278778,0,60,1,60,60,60,60,0
3632,21.089523809523808,4096,0,0,0.36094561219215393,0,60,1,60,60,60,60,0
3633,21.095328798185943,4096,0,0,0.4145890772342682,0,60,1,60,60,60,60,0
3634,21.101133786848074,4096,0,0,0.3620627522468567,0,60,1,60,60,60,60,0
3635,21.106938775510205,4096,0,0,0.42376574873924255,0,60,1,60,60,60,60,0
3636,21.112743764172336,4096,0,0,0.3356691896915436,0,60,1,60,60,60,60,0
3637,21.118548752834467,4096,0,0,0.3881469964981079,0,60,1,60,60,60,60,0
3638,21.1243537414966,4096,0,0,0.35051414370536804,0,60,1,60,60,60,60,0
3639,21.13015873015873,4096,0,0,0.36395350098609924,0,60,1,60,60,60,60,0
3640,21.13596371882086,4096,0,0,0.3264040946960449,0,60,1,60,60,60,60,0
3641,21.141768707482992,4096,0,0,0.37893393635749817,0,60,1,60,60,60,60,0
3642,21.147573696145123,4096,0,0,0.3416540324687958,0,60,1,60,60,60,60,0
3643,21.153378684807254,4096,0,0,0.41295507550239563,0,60,1,60,60,60,60,0
3644,21.15918367346939,4096,0,0,0.3278872072696686,0,60,1,60,60,60,60,0
3645,21.16498866213152,4096,0,0,0.3905577063560486,0,60,1,60,60,60,60,0
3646,21.17079365079365,4096,0,0,0.3387771248817444,0,60,1,60,60,60,60,0
3647,21.176598639455783,4096,0,0,0.3881617784500122,0,60,1,60,60,60,60,0
3648,21.182403628117914,4096,0,0,0.32739174365997314,0,60,1,60,60,60,60,0
3649,21.188208616780045,4096,0,0,0.37951913475990295,0,60,1,60,60,60,60,0
3650,21.194013605442176,4096,0,0,0.3420758843421936,0,60,1,60,60,60,60,0
3651,21.199818594104308,4096,0,0,0.3347283601760864,0,60,1,60,60,60,60,0
3652,21.20562358276644,4096,0,0,0.3549119830131531,0,60,1,60,60,60,60,0
3653,21.21142857142857,4096,0,0,0.33654654026031494,0,60,1,60,60,60,60,0
3654,21.217233560090705,4096,0,0,0.35635697841644287,0,60,1,60,60,60,60,0
3655,21.223038548752836,4096,0,0,0.3055172860622406,0,60,1,60,60,60,60,0
3656,21.228843537414967,4096,0,0,0.3775714337825775,0,60,1,60,60,60,60,0
3657,21.2346485260771,4096,0,0,0.31010475754737854,0,60,1,60,60,60,60,0
3658,21.24045351473923,4096,0,0,0.351574569940567,0,60,1,60,60,60,60,0
3659,21.24625850340136,4096,0,0,0.33063948154449463,0,60,1,60,60,60,60,0
3660,21.252063492063492,4096,0,0,0.32951685786247253,0,60,1,60,60,60,60,0
3661,21.257868480725623,4096,0,0,0.32839909195899963,0,60,1,60,60,60,60,0
3662,21.263673469387754,4096,0,0,0.3361389935016632,0,60,1,60,60,60,60,0
3663,21.269478458049885,4096,0,0,0.3401696979999542,0,60,1,60,60,60,60,0
3664,21.275283446712017,4096,0,0,0.37948405742645264,0,60,1,60,60,60,60,0
3665,21.28108843537415,4096,0,0,0.3222320079803467,0,60,1,60,60,60,60,0
3666,21.286893424036283,4096,0,0,0.3875180780887604,0,60,1,60,60,60,60,0
3667,21.292698412698414,4096,0,0,0.3331587016582489,0,60,1,60,60,60,60,0
3668,21.298503401360545,4096,0,0,0.40422743558883667,0,60,1,60,60,60,60,0
3669,21.304308390022676,4096,0,0,0.3934306800365448,0,60,1,60,60,60,60,0
3670,21.310113378684807,4096,0,0,0.3507401645183563,0,60,1,60,60,60,60,0
3671,21.31591836734694,4096,0,0,0.04022417217493057,0,60,1,60,60,60,60,0
3672,21.32172335600907,4096,0,0,0.028994888067245483,0,60,0,60,60,60,60,0
3673,21.3275283446712,4096,0,0,0.028011763468384743,0,60,0,60,-1,-1,-1,0
3674,21.333333333333332,4096,0,0,0.028080755844712257,0,-1,0,60,-1,-1,-1,0
3675,21.339138321995463,4096,0,0,0.02850310131907463,0,-1,0,60,-1,-1,-1,0
3676,21.344943310657598,4096,0,0,0.027977969497442245,0,-1,0,60,-1,-1,-1,0
3677,21.35074829931973,4096,0,0,0.027870314195752144,0,-1,0,60,-1,-1,-1,0
3678,21.35655328798186,4096,0,0,0.028229398652911186,0,-1,0,60,-1,-1,-1,0
3679,21.36235827664399,4096,0,0,0.028989220038056374,0,-1,0,60,-1,-1,-1,0
3680,21.368163265306123,4096,0,0,0.03254946321249008,0,-1,0,60,-1,-1,-1,0
3681,21.373968253968254,4096,0,0,0.03453107550740242,0,-1,0,59,-1,-1,-1,0
3682,21.379773242630385,512,1,0,0.42191797494888306,0,-1,1,49,-1,-1,-1,0
3683,21.385578231292516,512,0,0,0.5349020957946777,0,-1,1,62,-1,-1,-1,0
3684,21.391383219954648,512,0,0,0.5116954445838928,0,62,1,62,62,62,62,0
3685,21.39718820861678,1024,0,0,0.543745756149292,0,62,1,62,62,62,62,0
3686,21.40299319727891,1024,0,1,0.5058585405349731,0,62,1,62,62,62,62,0
3687,21.408798185941045,2048,0,0,0.5406633019447327,0,62,1,62,62,62,62,0
3688,21.414603174603176,2048,0,0,0.5303643345832825,0,62,1,62,62,62,62,0
3689,21.420408163265307,2048,0,0,0.5308952331542969,0,62,1,62,62,62,62,0
3690,21.42621315192744,2048,0,0,0.46367666125297546,0,62,1,62,62,62,62,0
3691,21.43201814058957,4096,0,0,0.4494965076446533,0,62,0,62,62,62,62,0
3692,21.4378231292517,4096,0,0,0.42154860496520996,0,62,1,62,62,62,62,0
3693,21.443628117913832,4096,0,0,0.3580211400985718,0,62,1,62,62,62,62,0
3694,21.449433106575963,4096,0,0,0.3884918689727783,0,62,1,62,62,62,62,0
3695,21.455238095238094,4096,0,0,0.4372005760669708,0,62,1,62,62,62,62,0
3696,21.461043083900226,4096,0,0,0.44718611240386963,0,62,1,62,62,62,62,0
3697,21.466848072562357,4096,0,0,0.35843250155448914,0,62,1,62,62,62,62,0
3698,21.47265306122449,4096,0,0,0.3455246090888977,0,62,1,62,62,62,62,0
3699,21.478458049886623,4096,0,0,0.3757610321044922,0,62,1,62,62,62,62,0
3700,21.484263038548754,4096,0,0,0.35052499175071716,0,62,1,62,62,62,62,0
3701,21.490068027210885,4096,0,0,0.3339650332927704,0,62,1,62,62,62,62,0
3702,21.495873015873016,4096,0,0,0.3894965946674347,0,62,1,62,62,62,62,0
3703,21.501678004535147,4096,0,0,0.3882029950618744,0,62,1,62,62,62,62,0
3704,21.50748299319728,4096,0,0,0.3418453633785248,0,62,1,62,62,62,62,0
3705,21.51328798185941,4096,0,0,0.3765580952167511,0,62,1,62,62,62,62,0
3706,21.51909297052154,4096,0,0,0.3838120400905609,0,62,1,62,62,62,62,0
3707,21.524897959183672,4096,0,0,0.34697195887565613,0,62,1,62,62,62,62,0
3708,21.530702947845803,4096,0,0,0.3782263696193695,0,62,1,62,62,62,62,0
3709,21.536507936507938,4096,0,0,0.38471561670303345,0,62,1,62,62,62,62,0
3710,21.54231292517007,4096,0,0,0.36002689599990845,0,62,1,62,62,62,62,0
3711,21.5481179138322,4096,0,0,0.37623870372772217,0,62,1,62,62,62,62,0
3712,21.55392290249433,4096,0,0,0.3968607485294342,0,62,1,62,62,62,62,0
3713,21.559727891156463,4096,0,0,0.4509292542934418,0,62,1,62,62,62,62,0
3714,21.565532879818594,4096,0,0,0.42911970615386963,0,62,1,62,62,62,62,0
3715,21.571337868480725,4096,0,0,0.4273960292339325,0,62,1,62,62,62,62,0
3716,21.577142857142857,4096,0,0,0.4514736533164978,0,62,1,62,62,62,62,0
3717,21.582947845804988,4096,0,0,0.4352221190929413,0,62,1,62,62,62,62,0
3718,21.58875283446712,4096,0,0,0.4658353328704834,0,62,1,62,62,62,62,0
3719,21.59455782312925,4096,0,0,0.5943188071250916,1,62,1,62,62,62,62,0
3720,21.600362811791385,4096,0,0,0.5986083745956421,1,62,1,62,62,62,62,0
3721,21.606167800453516,4096,0,0,0.44399845600128174,0,62,1,62,62,62,62,0
3722,21.611972789115647,4096,0,0,0.47710105776786804,0,62,1,62,62,62,62,0
3723,21.61777777777778,4096,0,0,0.3345959782600403,0,62,1,62,62,62,62,0
3724,21.62358276643991,4096,0,0,0.2510845959186554,0,62,1,62,62,62,62,0
3725,21.62938775510204,4096,0,0,0.09957277774810791,0,62,1,62,62,62,62,0
3726,21.635192743764172,4096,0,0,0.03407743200659752,0,62,1,62,62,62,62,0
3727,21.640997732426303,4096,0,0,0.02891732007265091,0,62,0,62,62,62,62,0
3728,21.646802721088434,512,1,0,0.03336718678474426,0,62,1,59,62,62,62,0
3729,21.652607709750566,512,0,0,0.7181928157806396,1,-1,1,49,62,62,62,0
3730,21.658412698412697,512,0,0,0.7231401205062866,1,64,1,64,62,62,62,0
3731,21.66421768707483,1024,0,0,0.7308444380760193,1,64,1,64,64,64,64,0
3732,21.670022675736963,1024,0,1,0.6400805711746216,1,64,1,64,64,64,64,0
3733,21.675827664399094,2048,0,0,0.636325478553772,1,64,1,64,64,64,64,0
3734,21.681632653061225,2048,0,0,0.5354844331741333,0,64,1,64,64,64,64,0
3735,21.687437641723356,2048,0,0,0.5013090968132019,0,64,1,64,64,64,64,0
3736,21.693242630385488,2048,0,0,0.4798851013183594,0,64,1,64,64,64,64,0
3737,21.69904761904762,4096,0,0,0.4711657762527466,0,64,0,63,64,64,64,0
3738,21.70485260770975,4096,0,0,0.5136045217514038,0,64,0,63,-1,-1,-1,0
3739,21.71065759637188,4096,0,0,0.4950581192970276,0,64,1,64,-1,-1,-1,0
3740,21.716462585034012,4096,0,0,0.5815438628196716,0,64,1,64,64,64,64,0
3741,21.722267573696143,4096,0,0,0.5384103655815125,0,64,1,64,64,64,64,0
3742,21.728072562358278,4096,0,0,0.4101790189743042,0,64,1,64,64,64,64,0
3743,21.73387755102041,4096,0,0,0.44414716958999634,0,64,1,64,64,64,64,0
3744,21.73968253968254,4096,0,0,0.4942322373390198,0,64,1,64,64,64,64,0
3745,21.745487528344672,4096,0,0,0.38238874077796936,0,64,1,64,64,64,64,0
3746,21.751292517006803,4096,0,0,0.4188455641269684,0,64,1,64,64,64,64,0
3747,21.757097505668934,4096,0,0,0.4384126365184784,0,64,1,64,64,64,64,0
3748,21.762902494331065,4096,0,0,0.5315588116645813,0,64,1,64,64,64,64,0
3749,21.768707482993197,4096,0,0,0.585141122341156,1,64,1,64,64,64,64,0
3750,21.774512471655328,4096,0,0,0.569495439529419,0,64,1,64,64,64,64,0
3751,21.78031746031746,4096,0,0,0.46619006991386414,0,64,1,64,64,64,64,0
3752,21.78612244897959,4096,0,0,0.4369240403175354,0,64,1,64,64,64,64,0
3753,21.791927437641725,4096,0,0,0.3752235472202301,0,64,1,64,64,64,64,0
3754,21.797732426303856,4096,0,0,0.4145123362541199,0,64,1,64,64,64,64,0
3755,21.803537414965987,4096,0,0,0.4123883545398712,0,64,1,64,64,64,64,0
3756,21.80934240362812,4096,0,0,0.3778330087661743,0,64,1,64,64,64,64,0
3757,21.81514739229025,4096,0,0,0.3467283546924591,0,64,1,64,64,64,64,0
3758,21.82095238095238,4096,0,0,0.3963049352169037,0,64,1,64,64,64,64,0
3759,21.826757369614512,4096,0,0,0.3947305381298065,0,64,1,64,64,64,64,0
3760,21.832562358276643,4096,0,0,0.4348839819431305,0,64,1,64,64,64,64,0
3761,21.838367346938774,4096,0,0,0.45296016335487366,0,64,1,64,64,64,64,0
3762,21.844172335600906,4096,0,0,0.46889278292655945,0,64,1,64,64,64,64,0
3763,21.849977324263037,4096,0,0,0.481084942817688,0,64,1,64,64,64,64,0
3764,21.85578231292517,4096,0,0,0.42271527647972107,0,64,1,64,64,64,64,0
3765,21.861587301587303,4096,0,0,0.39724472165107727,0,64,1,64,64,64,64,0
3766,21.867392290249434,4096,0,0,0.39271244406700134,0,64,1,64,64,64,64,0
3767,21.873197278911565,4096,0,0,0.26769351959228516,0,64,1,64,64,64,64,0
3768,21.879002267573696,4096,0,0,0.04810083284974098,0,64,1,64,64,64,64,0
3769,21.884807256235828,4096,0,0,0.03541037067770958,0,64,1,64,64,64,64,0
3770,21.89061224489796,4096,0,0,0.0329786092042923,0,-1,0,64,64,64,64,0
3771,21.89641723356009,4096,0,0,0.03739852458238602,0,-1,0,64,-1,-1,-1,0
3772,21.90222222222222,4096,0,0,0.038762472569942474,0,-1,0,64,-1,-1,-1,0
3773,21.908027210884352,4096,0,0,0.03813755884766579,0,-1,0,64,-1,-1,-1,0
3774,21.913832199546484,512,1,0,0.5250757336616516,0,-1,1,49,-1,-1,-1,0
3775,21.91963718820862,512,0,0,0.7160450220108032,1,-1,1,66,-1,-1,-1,0
3776,21.92544217687075,512,0,0,0.6981019377708435,1,66,1,66,66,66,66,0
3777,21.93124716553288,1024,0,0,0.7891119718551636,1,66,1,66,66,66,66,0
3778,21.937052154195012,1024,0,1,0.6656916737556458,1,66,1,66,66,66,66,0
3779,21.942857142857143,2048,0,0,0.6984212398529053,1,66,1,66,66,66,66,0
3780,21.948662131519274,2048,0,0,0.6643357276916504,1,66,1,66,66,66,66,0
3781,21.954467120181405,2048,0,0,0.555865466594696,0,66,1,66,66,66,66,0
3782,21.960272108843537,2048,0,0,0.5451479554176331,0,66,1,66,66,66,66,0
3783,21.966077097505668,4096,0,0,0.4779577851295471,0,66,0,66,66,66,66,0
3784,21.9718820861678,4096,0,0,0.5330568552017212,0,66,0,66,-1,-1,-1,0
3785,21.97768707482993,4096,0,0,0.46117448806762695,0,66,1,66,-1,-1,-1,0
3786,21.983492063492065,4096,0,0,0.5067638754844666,0,66,1,66,66,66,66,0
3787,21.989297052154196,4096,0,0,0.5029507279396057,0,66,1,66,66,66,66,0
3788,21.995102040816327,4096,0,0,0.5291005969047546,0,66,1,66,66,66,66,0
3789,22.00090702947846,4096,0,0,0.5511695742607117,0,66,1,66,66,66,66,0
3790,22.00671201814059,4096,0,0,0.5002588033676147,0,66,1,66,66,66,66,0
3791,22.01251700680272,4096,0,0,0.5447127819061279,0,66,1,66,66,66,66,0
3792,22.018321995464852,4096,0,0,0.5009928941726685,0,66,1,66,66,66,66,0
3793,22.024126984126983,4096,0,0,0.5318028330802917,0,66,1,66,66,66,66,0
3794,22.029931972789115,4096,0,0,0.4923256039619446,0,66,1,66,66,66,66,0
3795,22.035736961451246,4096,0,0,0.4521162509918213,0,66,1,66,66,66,66,0
3796,22.041541950113377,4096,0,0,0.4571303427219391,0,66,1,66,66,66,66,0
3797,22.04734693877551,4096,0,0,0.5073384642601013,0,66,1,66,66,66,66,0
3798,22.053151927437643,4096,0,0,0.5016987323760986,0,66,1,66,66,66,66,0
3799,22.058956916099774,4096,0,0,0.38182714581489563,0,66,1,66,66,66,66,0
3800,22.064761904761905,4096,0,0,0.37644097208976746,0,66,1,66,66,66,66,0
3801,22.070566893424036,4096,0,0,0.46226516366004944,0,66,1,66,66,66,66,0
3802,22.076371882086168,4096,0,0,0.4578290581703186,0,66,1,66,66,66,66,0
3803,22.0821768707483,4096,0,0,0.4614991843700409,0,66,1,66,66,66,66,0
3804,22.08798185941043,4096,0,0,0.4705961346626282,0,66,1,66,66,66,66,0
3805,22.09378684807256,4096,0,0,0.45573174953460693,0,66,1,66,66,66,66,0
3806,22.099591836734692,4096,0,0,0.4352640211582184,0,66,1,66,66,66,66,0
3807,22.105396825396827,4096,0,0,0.43413206934928894,0,66,1,66,66,66,66,0
3808,22.11120181405896,4096,0,0,0.4487588107585907,0,66,1,66,66,66,66,0
3809,22.11700680272109,4096,0,0,0.462616503238678,0,66,1,66,66,66,66,0
3810,22.12281179138322,4096,0,0,0.48269885778427124,0,66,1,66,66,66,66,0
3811,22.128616780045352,4096,0,0,0.5260864496231079,0,66,1,66,66,66,66,0
3812,22.134421768707483,4096,0,0,0.5299728512763977,0,66,1,66,66,66,66,0
3813,22.140226757369614,4096,0,0,0.5607087016105652,0,66,1,66,66,66,66,0
3814,22.146031746031746,4096,0,0,0.4736185371875763,0,66,1,66,66,66,66,0
3815,22.151836734693877,4096,0,0,0.5156905055046082,0,66,1,66,66,66,66,0
3816,22.157641723356008,4096,0,0,0.4547420144081116,0,66,1,66,66,66,66,0
3817,22.16344671201814,4096,0,0,0.4203096628189087,0,66,1,66,66,66,66,0
3818,22.169251700680274,4096,0,0,0.13194388151168823,0,66,1,66,66,66,66,0
3819,22.175056689342405,4096,0,0,0.03231152147054672,0,66,1,66,66,66,66,0
3820,22.180861678004536,4096,0,0,0.02904200181365013,0,66,0,66,66,66,66,0
3821,22.186666666666667,4096,0,0,0.02832097001373768,0,66,0,66,-1,-1,-1,0
3822,22.1924716553288,4096,0,0,0.029278377071022987,0,-1,0,66,-1,-1,-1,0
3823,22.19827664399093,4096,0,0,0.029868751764297485,0,-1,0,66,-1,-1,-1,0
3824,22.20408163265306,4096,0,0,0.029797948896884918,0,-1,0,66,-1,-1,-1,0
3825,22.209886621315192,4096,0,0,0.029486211016774178,0,-1,0,66,-1,-1,-1,0
3826,22.215691609977323,4096,0,0,0.028939716517925262,0,-1,0,66,-1,-1,-1,0
3827,22.221496598639455,4096,0,0,0.02818947471678257,0,-1,0,66,-1,-1,-1,0
3828,22.227301587301586,4096,0,0,0.02819402888417244,0,-1,0,66,-1,-1,-1,0
3829,22.23310657596372,512,1,0,0.4723336398601532,0,-1,1,59,-1,-1,-1,0
3830,22.23891156462585,512,0,0,0.4216020107269287,0,-1,1,67,-1,-1,-1,0
3831,22.244716553287983,512,0,0,0.42091506719589233,0,67,1,67,67,67,67,0
3832,22.250521541950114,1024,0,0,0.4812906086444855,0,67,1,67,67,67,67,0
3833,22.256326530612245,1024,0,1,0.5131217837333679,0,67,1,67,67,67,67,0
3834,22.262131519274377,2048,0,0,0.5353230237960815,0,67,1,67,67,67,67,0
3835,22.267936507936508,2048,0,0,0.45448991656303406,0,67,1,67,67,67,67,0
3836,22.27374149659864,2048,0,0,0.4865241050720215,0,67,1,67,67,67,67,0
3837,22.27954648526077,2048,0,0,0.4752263128757477,0,67,1,67,67,67,67,0
3838,22.2853514739229,4096,0,0,0.44909733533859253,0,67,0,67,67,67,67,0
3839,22.291156462585032,4096,0,0,0.5105023384094238,0,67,0,67,-1,-1,-1,0
3840,22.296961451247167,4096,0,0,0.5603483319282532,0,67,0,67,-1,-1,-1,0
3841,22.3027664399093,4096,0,0,0.5681187510490417,0,67,0,67,-1,-1,-1,0
3842,22.30857142857143,4096,0,0,0.47935131192207336,0,67,1,67,-1,-1,-1,0
3843,22.31437641723356,4096,0,0,0.4077550172805786,0,67,1,67,67,67,67,0
3844,22.320181405895692,4096,0,0,0.40565595030784607,0,67,1,67,67,67,67,0
3845,22.325986394557823,4096,0,0,0.42464718222618103,0,67,1,67,67,67,67,0
3846,22.331791383219954,4096,0,0,0.40174567699432373,0,67,1,67,67,67,67,0
3847,22.337596371882086,4096,0,0,0.38785281777381897,0,67,1,67,67,67,67,0
3848,22.343401360544217,4096,0,0,0.34160852432250977,0,67,1,67,67,67,67,0
3849,22.349206349206348,4096,0,0,0.4048064053058624,0,67,1,67,67,67,67,0
3850,22.35501133786848,4096,0,0,0.3645477294921875,0,67,1,67,67,67,67,0
3851,22.360816326530614,4096,0,0,0.40608131885528564,0,67,1,67,67,67,67,0
3852,22.366621315192745,4096,0,0,0.40350767970085144,0,67,1,67,67,67,67,0
3853,22.372426303854876,4096,0,0,0.4017735719680786,0,67,1,67,67,67,67,0
3854,22.378231292517007,4096,0,0,0.36582791805267334,0,67,1,67,67,67,67,0
3855,22.38403628117914,4096,0,0,0.3627806305885315,0,67,1,67,67,67,67,0
3856,22.38984126984127,4096,0,0,0.3667859137058258,0,67,1,67,67,67,67,0
3857,22.3956462585034,4096,0,0,0.3341097831726074,0,67,1,67,67,67,67,0
3858,22.401451247165532,4096,0,0,0.39770981669425964,0,67,1,67,67,67,67,0
3859,22.407256235827663,4096,0,0,0.3706396222114563,0,67,1,67,67,67,67,0
3860,22.413061224489795,4096,0,0,0.41798320412635803,0,67,1,67,67,67,67,0
3861,22.418866213151926,4096,0,0,0.3724929094314575,0,67,1,67,67,67,67,0
3862,22.42467120181406,4096,0,0,0.3988402485847473,0,67,1,67,67,67,67,0
3863,22.430476190476192,4096,0,0,0.39193469285964966,0,67,1,67,67,67,67,0
3864,22.436281179138323,4096,0,0,0.34266141057014465,0,67,1,67,67,67,67,0
3865,22.442086167800454,4096,0,0,0.35219326615333557,0,67,1,67,67,67,67,0
3866,22.447891156462585,4096,0,0,0.29753684997558594,0,67,1,67,67,67,67,0
3867,22.453696145124717,4096,0,0,0.32110193371772766,0,67,1,67,67,67,67,0
3868,22.459501133786848,4096,0,0,0.2720387876033783,0,67,1,67,67,67,67,0
3869,22.46530612244898,4096,0,0,0.3016425371170044,0,67,1,67,67,67,67,0
3870,22.47111111111111,4096,0,0,0.33603087067604065,0,67,1,67,67,67,67,0
3871,22.47691609977324,4096,0,0,0.3140346109867096,0,67,1,67,67,67,67,0
3872,22.482721088435373,4096,0,0,0.3470494747161865,0,67,1,67,67,67,67,0
3873,22.488526077097507,4096,0,0,0.3329585790634155,0,67,1,67,67,67,67,0
3874,22.49433106575964,4096,0,0,0.37041327357292175,0,67,1,67,67,67,67,0
3875,22.50013605442177,4096,0,0,0.3257700204849243,0,67,1,67,67,67,67,0
3876,22.5059410430839,4096,0,0,0.365281879901886,0,67,1,67,67,67,67,0
3877,22.511746031746032,4096,0,0,0.38901013135910034,0,67,1,67,67,67,67,0
3878,22.517551020408163,4096,0,0,0.3428134024143219,0,67,1,67,67,67,67,0
3879,22.523356009070294,4096,0,0,0.33066466450691223,0,67,1,67,67,67,67,0
3880,22.529160997732426,4096,0,0,0.3424942195415497,0,67,1,67,67,67,67,0
3881,22.534965986394557,4096,0,0,0.37116965651512146,0,67,1,67,67,67,67,0
3882,22.540770975056688,4096,0,0,0.30905988812446594,0,67,1,67,67,67,67,0
3883,22.54657596371882,4096,0,0,0.3302050530910492,0,67,1,67,67,67,67,0
3884,22.552380952380954,4096,0,0,0.3309291899204254,0,67,1,67,67,67,67,0
3885,22.558185941043085,4096,0,0,0.31595373153686523,0,67,1,67,67,67,67,0
3886,22.563990929705216,4096,0,0,0.27763140201568604,0,67,1,67,67,67,67,0
3887,22.569795918367348,4096,0,0,0.3019942045211792,0,67,1,67,67,67,67,0
3888,22.57560090702948,4096,0,0,0.34068167209625244,0,67,1,67,67,67,67,0
3889,22.58140589569161,4096,0,0,0.3092866539955139,0,67,1,67,67,67,67,0
3890,22.58721088435374,4096,0,0,0.3295673429965973,0,67,1,67,67,67,67,0
3891,22.593015873015872,4096,0,0,0.28444570302963257,0,67,1,67,67,67,67,0
3892,22.598820861678004,4096,0,0,0.03450855612754822,0,67,1,67,67,67,67,0
3893,22.604625850340135,4096,0,0,0.0301172137260437,0,67,0,67,67,67,67,0
3894,22.610430839002266,4096,0,0,0.031068183481693268,0,67,0,67,-1,-1,-1,0
3895,22.6162358276644,4096,0,0,0.03278040885925293,0,67,0,67,-1,-1,-1,0
3896,22.622040816326532,4096,0,0,0.034265074878931046,0,-1,0,67,-1,-1,-1,0
3897,22.627845804988663,4096,0,0,0.032134048640728,0,-1,0,67,-1,-1,-1,0
3898,22.633650793650794,4096,0,0,0.03170052915811539,0,-1,0,67,-1,-1,-1,0
3899,22.639455782312925,512,1,0,0.035126667469739914,0,-1,1,55,-1,-1,-1,0
3900,22.645260770975057,512,0,0,0.38029542565345764,0,-1,1,49,-1,-1,-1,0
3901,22.651065759637188,512,0,0,0.43005117774009705,0,64,1,64,-1,-1,-1,0
3902,22.65687074829932,1024,0,0,0.39565610885620117,0,64,1,64,64,64,64,0
3903,22.66267573696145,1024,0,1,0.3760046362876892,0,64,1,64,64,64,64,0
3904,22.66848072562358,2048,0,0,0.38623255491256714,0,64,1,64,64,64,64,0
3905,22.674285714285713,2048,0,0,0.3691588342189789,0,64,1,64,64,64,64,0
3906,22.680090702947847,2048,0,0,0.3390495479106903,0,64,1,64,64,64,64,0
3907,22.68589569160998,2048,0,0,0.3291679322719574,0,64,1,64,64,64,64,0
3908,22.69170068027211,4096,0,0,0.34416112303733826,0,64,0,64,64,64,64,0
3909,22.69750566893424,4096,0,0,0.3274348974227905,0,64,0,64,-1,-1,-1,0
3910,22.703310657596372,4096,0,0,0.37822842597961426,0,64,0,64,-1,-1,-1,0
3911,22.709115646258503,4096,0,0,0.38188132643699646,0,64,0,64,-1,-1,-1,0
3912,22.714920634920635,4096,0,0,0.3891581594944,0,64,1,64,-1,-1,-1,0
3913,22.720725623582766,4096,0,0,0.36484453082084656,0,64,1,64,64,64,64,0
3914,22.726530612244897,4096,0,0,0.3858785033226013,0,64,1,64,64,64,64,0
3915,22.732335600907028,4096,0,0,0.3625742197036743,0,64,1,64,64,64,64,0
3916,22.73814058956916,4096,0,0,0.3529464900493622,0,64,1,64,64,64,64,0
3917,22.743945578231294,4096,0,0,0.3323781490325928,0,64,1,64,64,64,64,0
3918,22.749750566893425,4096,0,0,0.32948172092437744,0,64,1,64,64,64,64,0
3919,22.755555555555556,4096,0,0,0.31991422176361084,0,64,1,64,64,64,64,0
3920,22.761360544217688,4096,0,0,0.3277612328529358,0,64,1,64,64,64,64,0
3921,22.76716553287982,4096,0,0,0.33860355615615845,0,64,1,64,64,64,64,0
3922,22.77297052154195,4096,0,0,0.38816967606544495,0,64,1,64,64,64,64,0
3923,22.77877551020408,4096,0,0,0.3791300058364868,0,64,1,64,64,64,64,0
3924,22.784580498866212,4096,0,0,0.3501652777194977,0,64,1,64,64,64,64,0
3925,22.790385487528344,4096,0,0,0.36939722299575806,0,64,1,64,64,64,64,0
3926,22.796190476190475,4096,0,0,0.3706113398075104,0,64,1,64,64,64,64,0
3927,22.801995464852606,4096,0,0,0.34241390228271484,0,64,1,64,64,64,64,0
3928,22.80780045351474,4096,0,0,0.32562339305877686,0,64,1,64,64,64,64,0
3929,22.813605442176872,4096,0,0,0.3094595968723297,0,64,1,64,64,64,64,0
3930,22.819410430839003,4096,0,0,0.31211698055267334,0,64,1,64,64,64,64,0
3931,22.825215419501134,4096,0,0,0.30707043409347534,0,64,1,64,64,64,64,0
3932,22.831020408163266,4096,0,0,0.3218543827533722,0,64,1,64,64,64,64,0
3933,22.836825396825397,4096,0,0,0.35581856966018677,0,64,1,64,64,64,64,0
3934,22.842630385487528,4096,0,0,0.36390450596809387,0,64,1,64,64,64,64,0
3935,22.84843537414966,4096,0,0,0.34279075264930725,0,64,1,64,64,64,64,0
3936,22.85424036281179,4096,0,0,0.3545287847518921,0,64,1,64,64,64,64,0
3937,22.86004535147392,4096,0,0,0.344316303730011,0,64,1,64,64,64,64,0
3938,22.865850340136053,4096,0,0,0.3431132137775421,0,64,1,64,64,64,64,0
3939,22.871655328798187,4096,0,0,0.322590708732605,0,64,1,64,64,64,64,0
3940,22.87746031746032,4096,0,0,0.28984901309013367,0,64,1,64,64,64,64,0
3941,22.88326530612245,4096,0,0,0.2815590500831604,0,64,1,64,64,64,64,0
3942,22.88907029478458,4096,0,0,0.2679492235183716,0,64,1,64,64,64,64,0
3943,22.894875283446712,4096,0,0,0.2745201885700226,0,64,1,64,64,64,64,0
3944,22.900680272108843,4096,0,0,0.25734370946884155,0,64,1,64,64,64,64,0
3945,22.906485260770975,4096,0,0,0.16108036041259766,0,64,1,64,64,64,64,0
3946,22.912290249433106,4096,0,0,0.07720658928155899,0,64,1,64,64,64,64,0
3947,22.918095238095237,4096,0,0,0.2923625707626343,0,64,1,64,64,64,64,0
3948,22.923900226757368,4096,0,0,0.3203459084033966,0,64,0,64,64,64,64,0
3949,22.929705215419503,4096,0,0,0.3363400995731354,0,-1,0,64,-1,-1,-1,0
3950,22.935510204081634,4096,0,0,0.3012658357620239,0,-1,0,64,-1,-1,-1,0
3951,22.941315192743765,4096,0,0,0.33497563004493713,0,-1,0,64,-1,-1,-1,0
3952,22.947120181405896,4096,0,0,0.3470483422279358,0,-1,0,63,-1,-1,-1,0
3953,22.952925170068028,4096,0,0,0.31422877311706543,0,62,0,63,-1,-1,-1,0
3954,22.95873015873016,4096,0,0,0.34311243891716003,0,62,0,63,-1,-1,-1,0
3955,22.96453514739229,4096,0,0,0.32134029269218445,0,62,0,63,-1,-1,-1,0
3956,22.97034013605442,4096,0,0,0.31432709097862244,0,62,0,62,-1,-1,-1,0
3957,22.976145124716552,4096,0,0,0.3209083676338196,0,62,0,62,-1,-1,-1,0
3958,22.981950113378684,4096,0,0,0.3128679394721985,0,62,0,62,-1,-1,-1,0
3959,22.987755102040815,4096,0,0,0.349372535943985,0,62,0,62,-1,-1,-1,0
3960,22.99356009070295,4096,0,0,0.3081500828266144,0,62,1,62,-1,-1,-1,0
3961,22.99936507936508,4096,0,0,0.34699058532714844,0,62,1,62,62,62,62,0
3962,23.005170068027212,4096,0,0,0.3471936583518982,0,62,1,62,62,62,62,0
3963,23.010975056689343,4096,0,0,0.31418025493621826,0,62,1,62,62,62,62,0
3964,23.016780045351474,4096,0,0,0.3281068801879883,0,62,1,62,62,62,62,0
3965,23.022585034013606,4096,0,0,0.2836740016937256,0,62,1,62,62,62,62,0
3966,23.028390022675737,4096,0,0,0.31587865948677063,0,62,1,62,62,62,62,0
3967,23.034195011337868,4096,0,0,0.29725271463394165,0,62,1,62,62,62,62,0
3968,23.04,4096,0,0,0.32534927129745483,0,62,1,62,62,62,62,0
3969,23.04580498866213,4096,0,0,0.3378888964653015,0,62,0,62,62,62,62,0
3970,23.05160997732426,4096,0,0,0.29898688197135925,0,62,1,62,62,62,62,0
3971,23.057414965986396,4096,0,0,0.3404477536678314,0,62,1,62,62,62,62,0
3972,23.063219954648527,4096,0,0,0.3242610991001129,0,62,0,62,62,62,62,0
3973,23.06902494331066,4096,0,0,0.3021409213542938,0,62,1,62,62,62,62,0
3974,23.07482993197279,4096,0,0,0.3229050934314728,0,62,1,62,62,62,62,0
3975,23.08063492063492,4096,0,0,0.27945950627326965,0,62,0,62,62,62,62,0
3976,23.086439909297052,4096,0,0,0.31922128796577454,0,62,0,62,-1,-1,-1,0
3977,23.092244897959183,4096,0,0,0.29241234064102173,0,62,0,62,-1,-1,-1,0
3978,23.098049886621315,4096,0,0,0.33257168531417847,0,62,0,62,-1,-1,-1,0
3979,23.103854875283446,4096,0,0,0.3328537046909332,0,62,0,62,-1,-1,-1,0
3980,23.109659863945577,4096,0,0,0.3034249246120453,0,62,0,62,-1,-1,-1,0
3981,23.11546485260771,4096,0,0,0.34345191717147827,0,62,0,62,-1,-1,-1,0
3982,23.121269841269843,4096,0,0,0.30948150157928467,0,62,0,62,-1,-1,-1,0
3983,23.127074829931974,4096,0,0,0.25245073437690735,0,62,0,62,-1,-1,-1,0
3984,23.132879818594105,4096,0,0,0.14280778169631958,0,62,0,62,-1,-1,-1,0
3985,23.138684807256237,4096,0,0,0.0477205291390419,0,62,0,62,-1,-1,-1,0
3986,23.144489795918368,4096,0,0,0.030159099027514458,0,62,0,62,-1,-1,-1,0
3987,23.1502947845805,4096,0,0,0.027330266311764717,0,62,0,62,-1,-1,-1,0
3988,23.15609977324263,4096,0,0,0.027661284431815147,0,62,0,62,-1,-1,-1,0
3989,23.16190476190476,4096,0,0,0.027768423780798912,0,-1,0,62,-1,-1,-1,0
3990,23.167709750566893,4096,0,0,0.02813779190182686,0,-1,0,62,-1,-1,-1,0
3991,23.173514739229024,4096,0,0,0.028729038313031197,0,-1,0,62,-1,-1,-1,0
3992,23.179319727891155,4096,0,0,0.028502479195594788,0,-1,0,62,-1,-1,-1,0
3993,23.18512471655329,4096,0,0,0.028414320200681686,0,-1,0,62,-1,-1,-1,0
3994,23.19092970521542,4096,0,0,0.02858828753232956,0,-1,0,61,-1,-1,-1,0
3995,23.196734693877552,512,1,0,0.0534992516040802,0,-1,1,59,-1,-1,-1,0
3996,23.202539682539683,512,0,0,0.146722674369812,0,-1,1,59,59,59,59,0
3997,23.208344671201814,512,0,0,0.2241634577512741,0,60,1,60,59,59,59,0
3998,23.214149659863946,1024,0,0,0.20602911710739136,0,60,1,60,60,59,59,0
3999,23.219954648526077,1024,0,1,0.20760518312454224,0,60,1,60,60,59,59,0
4000,23.225759637188208,2048,0,0,0.22181294858455658,0,60,1,60,60,59,59,0
4001,23.23156462585034,2048,0,0,0.19829586148262024,0,60,1,60,60,59,59,0
4002,23.23736961451247,2048,0,0,0.23086100816726685,0,60,1,60,60,59,59,0
4003,23.2431746031746,2048,0,0,0.2040024697780609,0,60,1,60,60,59,59,0
4004,23.248979591836736,4096,0,0,0.24827109277248383,0,60,0,60,60,59,59,0
4005,23.254784580498868,4096,0,0,0.20647718012332916,0,60,0,60,-1,-1,-1,0
4006,23.260589569161,4096,0,0,0.24983462691307068,0,60,0,60,-1,-1,-1,0
4007,23.26639455782313,4096,0,0,0.21740180253982544,0,60,0,60,-1,-1,-1,0
4008,23.27219954648526,4096,0,0,0.24265410006046295,0,60,0,60,-1,-1,-1,0
4009,23.278004535147392,4096,0,0,0.21924671530723572,0,60,0,60,-1,-1,-1,0
4010,23.283809523809524,4096,0,0,0.22488826513290405,0,60,1,60,-1,-1,-1,0
4011,23.289614512471655,4096,0,0,0.20766006410121918,0,60,1,60,60,60,60,0
4012,23.295419501133786,4096,0,0,0.20076414942741394,0,60,1,60,60,60,60,0
4013,23.301224489795917,4096,0,0,0.1965678334236145,0,60,1,60,60,60,60,0
4014,23.30702947845805,4096,0,0,0.1864820420742035,0,60,0,60,60,60,60,0
4015,23.312834467120183,4096,0,0,0.18401476740837097,0,60,1,60,60,60,60,0
4016,23.318639455782314,4096,0,0,0.17103038728237152,0,60,0,60,60,60,60,0
4017,23.324444444444445,4096,0,0,0.17159047722816467,0,60,1,60,60,60,60,0
4018,23.330249433106577,4096,0,0,0.1745903193950653,0,60,0,60,60,60,60,0
4019,23.336054421768708,4096,0,0,0.16342300176620483,0,60,0,60,-1,-1,-1,0
4020,23.34185941043084,4096,0,0,0.1636638045310974,0,60,0,60,-1,-1,-1,0
4021,23.34766439909297,4096,0,0,0.15382100641727448,0,60,0,60,-1,-1,-1,0
4022,23.3534693877551,4096,0,0,0.16662003099918365,0,60,0,60,-1,-1,-1,0
4023,23.359274376417233,4096,0,0,0.1562119871377945,0,60,0,60,-1,-1,-1,0
4024,23.365079365079364,4096,0,0,0.16026192903518677,0,60,0,60,-1,-1,-1,0
4025,23.370884353741495,4096,0,0,0.16146665811538696,0,60,0,60,-1,-1,-1,0
4026,23.37668934240363,4096,0,0,0.15353071689605713,0,60,0,60,-1,-1,-1,0
4027,23.38249433106576,4096,0,0,0.16660211980342865,0,60,0,60,-1,-1,-1,0
4028,23.388299319727892,4096,0,0,0.14453300833702087,0,60,0,60,-1,-1,-1,0
4029,23.394104308390023,4096,0,0,0.17235557734966278,0,60,0,60,-1,-1,-1,0
4030,23.399909297052154,4096,0,0,0.14547540247440338,0,60,0,60,-1,-1,-1,0
4031,23.405714285714286,4096,0,0,0.16873924434185028,0,60,0,60,-1,-1,-1,0
4032,23.411519274376417,4096,0,0,0.14037568867206573,0,60,0,60,-1,-1,-1,0
4033,23.417324263038548,4096,0,0,0.16046704351902008,0,60,0,60,-1,-1,-1,0
4034,23.42312925170068,4096,0,0,0.13371062278747559,0,60,0,60,-1,-1,-1,0
4035,23.42893424036281,4096,0,0,0.14734239876270294,0,60,0,60,-1,-1,-1,0
4036,23.43473922902494,4096,0,0,0.11985167860984802,0,60,0,60,-1,-1,-1,0
4037,23.440544217687076,4096,0,0,0.10049726068973541,0,60,0,60,-1,-1,-1,0
4038,23.446349206349208,4096,0,0,0.07574034482240677,0,60,0,60,-1,-1,-1,0
4039,23.45215419501134,4096,0,0,0.06543124467134476,0,60,0,60,-1,-1,-1,0
4040,23.45795918367347,4096,0,0,0.046567898243665695,0,60,0,60,-1,-1,-1,0
4041,23.4637641723356,4096,0,0,0.03961363434791565,0,60,0,60,-1,-1,-1,0
4042,23.469569160997732,4096,0,0,0.032242778688669205,0,60,0,60,-1,-1,-1,0
4043,23.475374149659864,4096,0,0,0.031447939574718475,0,60,0,60,-1,-1,-1,0
4044,23.481179138321995,4096,0,0,0.029531948268413544,0,60,0,60,-1,-1,-1,0
4045,23.486984126984126,4096,0,0,0.030116671696305275,0,60,0,60,-1,-1,-1,0
4046,23.492789115646257,4096,0,0,0.028422096744179726,0,60,0,60,-1,-1,-1,0
4047,23.49859410430839,4096,0,0,0.027572711929678917,0,60,0,60,-1,-1,-1,0
4048,23.504399092970523,4096,0,0,0.02773195505142212,0,-1,0,59,-1,-1,-1,0
4049,23.510204081632654,4096,0,0,0.027646683156490326,0,-1,0,59,-1,-1,-1,0
4050,23.516009070294785,4096,0,0,0.027860291302204132,0,-1,0,59,-1,-1,-1,0
4051,23.521814058956917,4096,0,0,0.0285190399736166,0,-1,0,59,-1,-1,-1,0
4052,23.527619047619048,4096,0,0,0.029019255191087723,0,-1,0,59,-1,-1,-1,0
4053,23.53342403628118,4096,0,0,0.02915705181658268,0,-1,0,59,-1,-1,-1,0
4054,23.53922902494331,512,1,0,0.03366364911198616,0,-1,1,59,-1,-1,-1,0
4055,23.54503401360544,512,0,0,0.04218705743551254,0,-1,1,59,59,59,59,0
4056,23.550839002267573,512,0,0,0.041695207357406616,0,-1,1,59,59,59,59,0
4057,23.556643990929704,1024,0,0,0.04224313795566559,0,-1,1,58,59,59,59,0
4058,23.562448979591835,1024,0,0,0.040496014058589935,0,-1,1,59,59,59,59,0
4059,23.56825396825397,2048,0,0,0.039386142045259476,0,-1,1,59,59,59,59,0
4060,23.5740589569161,2048,0,0,0.040479373186826706,0,-1,1,59,59,59,59,0
4061,23.579863945578232,2048,0,0,0.043928053230047226,0,-1,1,59,59,59,59,0
4062,23.585668934240363,2048,0,0,0.040723249316215515,0,-1,1,59,59,59,59,0
4063,23.591473922902495,4096,0,0,0.04016115143895149,0,-1,0,59,59,59,59,0
4064,23.597278911564626,4096,0,0,0.039020124822854996,0,-1,0,59,-1,-1,-1,0
4065,23.603083900226757,4096,0,0,0.03951980546116829,0,-1,0,59,-1,-1,-1,0
4066,23.608888888888888,4096,0,0,0.04159804433584213,0,-1,0,59,-1,-1,-1,0
4067,23.61469387755102,4096,0,0,0.040288131684064865,0,-1,0,59,-1,-1,-1,0
4068,23.62049886621315,4096,0,0,0.04087540879845619,0,-1,0,59,-1,-1,-1,0
4069,23.62630385487528,4096,0,0,0.039580412209033966,0,-1,0,59,-1,-1,-1,0
4070,23.632108843537416,4096,0,0,0.04210897535085678,0,-1,0,59,-1,-1,-1,0
4071,23.637913832199548,4096,0,0,0.04098666459321976,0,-1,0,59,-1,-1,-1,0
4072,23.64371882086168,4096,0,0,0.03640367090702057,0,-1,0,59,-1,-1,-1,0
4073,23.64952380952381,4096,0,0,0.03643285855650902,0,-1,0,59,-1,-1,-1,0
4074,23.65532879818594,4096,0,0,0.03597661107778549,0,-1,0,59,-1,-1,-1,0
4075,23.661133786848072,4096,0,0,0.03709716722369194,0,-1,0,59,-1,-1,-1,0
4076,23.666938775510204,4096,0,0,0.03609757125377655,0,-1,0,59,-1,-1,-1,0
4077,23.672743764172335,4096,0,0,0.03831501677632332,0,-1,0,59,-1,-1,-1,0
4078,23.678548752834466,4096,0,0,0.03467153012752533,0,-1,0,59,-1,-1,-1,0
4079,23.684353741496597,4096,0,0,0.03510012477636337,0,-1,0,59,-1,-1,-1,0
4080,23.69015873015873,4096,0,0,0.03600621968507767,0,-1,0,59,-1,-1,-1,0
4081,23.695963718820863,4096,0,0,0.03598231449723244,0,-1,0,59,-1,-1,-1,0
4082,23.701768707482994,4096,0,0,0.03448836877942085,0,-1,0,59,-1,-1,-1,0
4083,23.707573696145126,4096,0,0,0.03290283679962158,0,-1,0,59,-1,-1,-1,0
4084,23.713378684807257,4096,0,0,0.03603089228272438,0,-1,0,59,-1,-1,-1,0
4085,23.719183673469388,4096,0,0,0.03456011414527893,0,-1,0,59,-1,-1,-1,0
4086,23.72498866213152,4096,0,0,0.03683433309197426,0,-1,0,59,-1,-1,-1,0
4087,23.73079365079365,4096,0,0,0.03642485290765762,0,-1,0,59,-1,-1,-1,0
4088,23.73659863945578,4096,0,0,0.03409818187355995,0,-1,0,59,-1,-1,-1,0
4089,23.742403628117913,4096,0,0,0.033709798008203506,0,-1,0,59,-1,-1,-1,0
4090,23.748208616780044,4096,0,0,0.033048104494810104,0,-1,0,59,-1,-1,-1,0
4091,23.754013605442175,4096,0,0,0.03465094789862633,0,-1,0,59,-1,-1,-1,0
4092,23.75981859410431,4096,0,0,0.03189216926693916,0,-1,0,59,-1,-1,-1,0
4093,23.76562358276644,4096,0,0,0.0336574949324131,0,-1,0,59,-1,-1,-1,0
4094,23.771428571428572,4096,0,0,0.032744698226451874,0,-1,0,59,-1,-1,-1,0
4095,23.777233560090703,4096,0,0,0.033527202904224396,0,-1,0,59,-1,-1,-1,0
4096,23.783038548752835,4096,0,0,0.034407053142786026,0,-1,0,59,-1,-1,-1,0
4097,23.788843537414966,4096,0,0,0.033075202256441116,0,-1,0,59,-1,-1,-1,0
4098,23.794648526077097,4096,0,0,0.033092692494392395,0,-1,0,59,-1,-1,-1,0
4099,23.800453514739228,4096,0,0,0.03128822147846222,0,-1,0,59,-1,-1,-1,0
4100,23.80625850340136,4096,0,0,0.033433232456445694,0,-1,0,59,-1,-1,-1,0
4101,23.81206349206349,4096,0,0,0.033331308513879776,0,-1,0,59,-1,-1,-1,0
4102,23.817868480725625,4096,0,0,0.03338533267378807,0,-1,0,59,-1,-1,-1,0
4103,23.823673469387757,4096,0,0,0.03198923543095589,0,-1,0,59,-1,-1,-1,0
4104,23.829478458049888,4096,0,0,0.031050536781549454,0,-1,0,59,-1,-1,-1,0
4105,23.83528344671202,4096,0,0,0.03197376802563667,0,-1,0,59,-1,-1,-1,0
4106,23.84108843537415,4096,0,0,0.03157702460885048,0,-1,0,59,-1,-1,-1,0
4107,23.84689342403628,4096,0,0,0.03270358219742775,0,-1,0,59,-1,-1,-1,0
4108,23.852698412698413,4096,0,0,0.030505822971463203,0,-1,0,59,-1,-1,-1,0
4109,23.858503401360544,4096,0,0,0.030651748180389404,0,-1,0,59,-1,-1,-1,0
4110,23.864308390022675,4096,0,0,0.03135378658771515,0,-1,0,59,-1,-1,-1,0
4111,23.870113378684806,4096,0,0,0.03197849914431572,0,-1,0,59,-1,-1,-1,0
4112,23.875918367346937,4096,0,0,0.031698331236839294,0,-1,0,59,-1,-1,-1,0
4113,23.881723356009072,4096,0,0,0.030079491436481476,0,-1,0,59,-1,-1,-1,0
4114,23.887528344671203,4096,0,0,0.0312269926071167,0,-1,0,59,-1,-1,-1,0
4115,23.893333333333334,4096,0,0,0.029658719897270203,0,-1,0,59,-1,-1,-1,0
4116,23.899138321995466,4096,0,0,0.03131357952952385,0,-1,0,59,-1,-1,-1,0
4117,23.904943310657597,4096,0,0,0.03127705678343773,0,-1,0,59,-1,-1,-1,0
4118,23.910748299319728,4096,0,0,0.030878528952598572,0,-1,0,59,-1,-1,-1,0
4119,23.91655328798186,4096,0,0,0.03058149293065071,0,-1,0,59,-1,-1,-1,0
4120,23.92235827664399,4096,0,0,0.030235454440116882,0,-1,0,59,-1,-1,-1,0
4121,23.92816326530612,4096,0,0,0.03109564632177353,0,-1,0,59,-1,-1,-1,0
4122,23.933968253968253,4096,0,0,0.03048887848854065,0,-1,0,59,-1,-1,-1,0
4123,23.939773242630384,4096,0,0,0.031325094401836395,0,-1,0,59,-1,-1,-1,0
4124,23.94557823129252,4096,0,0,0.029508864507079124,0,-1,0,59,-1,-1,-1,0
4125,23.95138321995465,4096,0,0,0.029756508767604828,0,-1,0,59,-1,-1,-1,0
4126,23.95718820861678,4096,0,0,0.030274495482444763,0,-1,0,59,-1,-1,-1,0
4127,23.962993197278912,4096,0,0,0.030110247433185577,0,-1,0,59,-1,-1,-1,0
4128,23.968798185941043,4096,0,0,0.02991406060755253,0,-1,0,59,-1,-1,-1,0
4129,23.974603174603175,4096,0,0,0.029393889009952545,0,-1,0,59,-1,-1,-1,0
4130,23.980408163265306,4096,0,0,0.030311213806271553,0,-1,0,59,-1,-1,-1,0
4131,23.986213151927437,4096,0,0,0.02914818376302719,0,-1,0,59,-1,-1,-1,0
4132,23.99201814058957,4096,0,0,0.030144616961479187,0,-1,0,59,-1,-1,-1,0
4133,23.9978231292517,4096,0,0,0.029994366690516472,0,-1,0,59,-1,-1,-1,0
4134,24.00362811791383,4096,0,0,0.02938138134777546,0,-1,0,59,-1,-1,-1,0
4135,24.009433106575965,4096,0,0,0.029560483992099762,0,-1,0,59,-1,-1,-1,0
4136,24.015238095238097,4096,0,0,0.029452381655573845,0,-1,0,59,-1,-1,-1,0
4137,24.021043083900228,4096,0,0,0.029437977820634842,0,-1,0,59,-1,-1,-1,0
4138,24.02684807256236,4096,0,0,0.02841019630432129,0,-1,0,59,-1,-1,-1,0
4139,24.03265306122449,4096,0,0,0.029335208237171173,0,-1,0,59,-1,-1,-1,0
4140,24.03845804988662,4096,0,0,0.028946880251169205,0,-1,0,59,-1,-1,-1,0
4141,24.044263038548753,4096,0,0,0.02949012815952301,0,-1,0,59,-1,-1,-1,0
4142,24.050068027210884,4096,0,0,0.02917020209133625,0,-1,0,59,-1,-1,-1,0
4143,24.055873015873015,4096,0,0,0.028151318430900574,0,-1,0,59,-1,-1,-1,0
4144,24.061678004535146,4096,0,0,0.027568314224481583,0,-1,0,59,-1,-1,-1,0
4145,24.067482993197277,4096,0,0,0.027327116578817368,0,-1,0,59,-1,-1,-1,0
4146,24.073287981859412,4096,0,0,0.027532072737812996,0,-1,0,59,-1,-1,-1,0
4147,24.079092970521543,4096,0,0,0.027472756803035736,0,-1,0,59,-1,-1,-1,0
4148,24.084897959183674,4096,0,0,0.0276743546128273,0,-1,0,59,-1,-1,-1,0
4149,24.090702947845806,4096,0,0,0.027659066021442413,0,-1,0,59,-1,-1,-1,0
4150,24.096507936507937,4096,0,0,0.027675429359078407,0,-1,0,59,-1,-1,-1,0
4151,24.102312925170068,4096,0,0,0.027491718530654907,0,-1,0,59,-1,-1,-1,0
4152,24.1081179138322,4096,0,0,0.02792529948055744,0,-1,0,59,-1,-1,-1,0
4153,24.11392290249433,4096,0,0,0.028109245002269745,0,-1,0,59,-1,-1,-1,0
4154,24.11972789115646,4096,0,0,0.027841946110129356,0,-1,0,59,-1,-1,-1,0
4155,24.125532879818593,4096,0,0,0.027437321841716766,0,-1,0,59,-1,-1,-1,0
4156,24.131337868480724,4096,0,0,0.027118481695652008,0,-1,0,59,-1,-1,-1,0
4157,24.13714285714286,4096,0,0,0.02709876000881195,0,-1,0,59,-1,-1,-1,0
4158,24.14294784580499,4096,0,0,0.027018988505005836,0,-1,0,59,-1,-1,-1,0
4159,24.14875283446712,4096,0,0,0.027215953916311264,0,-1,0,59,-1,-1,-1,0
4160,24.154557823129252,4096,0,0,0.027430640533566475,0,-1,0,59,-1,-1,-1,0
4161,24.160362811791384,4096,0,0,0.02763691358268261,0,-1,0,59,-1,-1,-1,0
4162,24.166167800453515,4096,0,0,0.027818702161312103,0,-1,0,59,-1,-1,-1,0
4163,24.171972789115646,4096,0,0,0.027932820841670036,0,-1,0,59,-1,-1,-1,0
4164,24.177777777777777,4096,0,0,0.028235990554094315,0,-1,0,59,-1,-1,-1,0
4165,24.18358276643991,4096,0,0,0.0284101665019989,0,-1,0,59,-1,-1,-1,0
4166,24.18938775510204,4096,0,0,0.028667403385043144,0,-1,0,59,-1,-1,-1,0
4167,24.19519274376417,4096,0,0,0.028463512659072876,0,-1,0,59,-1,-1,-1,0
4168,24.200997732426305,4096,0,0,0.028430448845028877,0,-1,0,59,-1,-1,-1,0
4169,24.206802721088437,4096,0,0,0.027951328083872795,0,-1,0,59,-1,-1,-1,0
4170,24.212607709750568,4096,0,0,0.027643917128443718,0,-1,0,59,-1,-1,-1,0
4171,24.2184126984127,4096,0,0,0.027783488854765892,0,-1,0,59,-1,-1,-1,0
4172,24.22421768707483,4096,0,0,0.0280207060277462,0,-1,0,59,-1,-1,-1,0
4173,24.23002267573696,4096,0,0,0.027545001357793808,0,-1,0,59,-1,-1,-1,0
4174,24.235827664399093,4096,0,0,0.027887683361768723,0,-1,0,59,-1,-1,-1,0
4175,24.241632653061224,4096,0,0,0.02779597043991089,0,-1,0,59,-1,-1,-1,0
4176,24.247437641723355,4096,0,0,0.02734551951289177,0,-1,0,59,-1,-1,-1,0
4177,24.253242630385486,4096,0,0,0.027661969885230064,0,-1,0,59,-1,-1,-1,0
4178,24.259047619047617,4096,0,0,0.02741592936217785,0,-1,0,59,-1,-1,-1,0
4179,24.264852607709752,4096,0,0,0.027512788772583008,0,-1,0,59,-1,-1,-1,0
4180,24.270657596371883,4096,0,0,0.027730651199817657,0,-1,0,59,-1,-1,-1,0
4181,24.276462585034015,4096,0,0,0.02772425301373005,0,-1,0,59,-1,-1,-1,0
4182,24.282267573696146,4096,0,0,0.027316328138113022,0,-1,0,59,-1,-1,-1,0
4183,24.288072562358277,4096,0,0,0.02743995003402233,0,-1,0,59,-1,-1,-1,0
4184,24.293877551020408,4096,0,0,0.027799636125564575,0,-1,0,59,-1,-1,-1,0
4185,24.29968253968254,4096,0,0,0.027683813124895096,0,-1,0,59,-1,-1,-1,0
4186,24.30548752834467,4096,0,0,0.02846740372478962,0,-1,0,59,-1,-1,-1,0
4187,24.3112925170068,4096,0,0,0.0292418971657753,0,-1,0,59,-1,-1,-1,0
4188,24.317097505668933,4096,0,0,0.029115507379174232,0,-1,0,59,-1,-1,-1,0
4189,24.322902494331064,4096,0,0,0.027984023094177246,0,-1,0,59,-1,-1,-1,0
4190,24.3287074829932,4096,0,0,0.027689745649695396,0,-1,0,59,-1,-1,-1,0
4191,24.33451247165533,4096,0,0,0.02803937904536724,0,-1,0,59,-1,-1,-1,0
4192,24.34031746031746,4096,0,0,0.02829006500542164,0,-1,0,59,-1,-1,-1,0
4193,24.346122448979592,4096,0,0,0.027735985815525055,0,-1,0,59,-1,-1,-1,0
4194,24.351927437641724,4096,0,0,0.02739557810127735,0,-1,0,59,-1,-1,-1,0
4195,24.357732426303855,4096,0,0,0.027464507147669792,0,-1,0,59,-1,-1,-1,0
4196,24.363537414965986,4096,0,0,0.02792361192405224,0,-1,0,59,-1,-1,-1,0
4197,24.369342403628117,4096,0,0,0.0275350920855999,0,-1,0,59,-1,-1,-1,0
4198,24.37514739229025,4096,0,0,0.0272506270557642,0,-1,0,59,-1,-1,-1,0
4199,24.38095238095238,4096,0,0,0.027291029691696167,0,-1,0,59,-1,-1,-1,0
4200,24.38675736961451,4096,0,0,0.027259135618805885,0,-1,0,59,-1,-1,-1,0
4201,24.392562358276646,4096,0,0,0.027414077892899513,0,-1,0,59,-1,-1,-1,0
4202,24.398367346938777,4096,0,0,0.027643751353025436,0,-1,0,59,-1,-1,-1,0
4203,24.404172335600908,4096,0,0,0.027201931923627853,0,-1,0,59,-1,-1,-1,0
4204,24.40997732426304,4096,0,0,0.027125198394060135,0,-1,0,59,-1,-1,-1,0
4205,24.41578231292517,4096,0,0,0.02751358039677143,0,-1,0,59,-1,-1,-1,0
4206,24.4215873015873,4096,0,0,0.027766089886426926,0,-1,0,59,-1,-1,-1,0
4207,24.427392290249433,4096,0,0,0.02783411368727684,0,-1,0,59,-1,-1,-1,0
4208,24.433197278911564,4096,0,0,0.0278732031583786,0,-1,0,59,-1,-1,-1,0
4209,24.439002267573695,4096,0,0,0.027584444731473923,0,-1,0,59,-1,-1,-1,0
4210,24.444807256235826,4096,0,0,0.026716014370322227,0,-1,0,59,-1,-1,-1,0
4211,24.450612244897957,4096,0,0,0.026921270415186882,0,-1,0,59,-1,-1,-1,0
4212,24.456417233560092,4096,0,0,0.027919642627239227,0,-1,0,59,-1,-1,-1,0
4213,24.462222222222223,4096,0,0,0.028942018747329712,0,-1,0,59,-1,-1,-1,0
4214,24.468027210884355,512,1,0,0.028575358912348747,0,-1,0,59,-1,-1,-1,0
4215,24.473832199546486,512,0,0,0.027910534292459488,0,-1,1,59,-1,-1,-1,0
4216,24.479637188208617,512,0,0,0.027869047597050667,0,-1,0,59,-1,-1,-1,0
4217,24.485442176870748,1024,0,0,0.02742530032992363,0,-1,0,59,-1,-1,-1,0
4218,24.49124716553288,1024,0,0,0.02722129225730896,0,-1,0,59,-1,-1,-1,0
4219,24.49705215419501,2048,0,0,0.027420073747634888,0,-1,0,59,-1,-1,-1,0
4220,24.502857142857142,2048,0,0,0.02738061733543873,0,-1,0,59,-1,-1,-1,0
4221,24.508662131519273,2048,0,0,0.027745908126235008,0,-1,0,59,-1,-1,-1,0
4222,24.514467120181404,2048,0,0,0.027860021218657494,0,-1,0,59,-1,-1,-1,0
4223,24.52027210884354,4096,0,0,0.02751043811440468,0,-1,0,59,-1,-1,-1,0
4224,24.52607709750567,4096,0,0,0.027555150911211967,0,-1,0,59,-1,-1,-1,0
4225,24.5318820861678,4096,0,0,0.0274118073284626,0,-1,0,59,-1,-1,-1,0
4226,24.537687074829932,4096,0,0,0.027795327827334404,0,-1,0,59,-1,-1,-1,0
4227,24.543492063492064,4096,0,0,0.027994975447654724,0,-1,0,59,-1,-1,-1,0
4228,24.549297052154195,4096,0,0,0.027731306850910187,0,-1,0,75,-1,-1,-1,0
4229,24.555102040816326,4096,0,0,0.02739170752465725,0,-1,0,59,-1,-1,-1,0
4230,24.560907029478457,4096,0,0,0.02749389223754406,0,-1,0,59,-1,-1,-1,0
4231,24.56671201814059,4096,0,0,0.027454731985926628,0,-1,0,59,-1,-1,-1,0
4232,24.57251700680272,4096,0,0,0.027557462453842163,0,-1,0,59,-1,-1,-1,0
4233,24.57832199546485,4096,0,0,0.02756212092936039,0,-1,0,59,-1,-1,-1,0
4234,24.584126984126986,4096,0,0,0.027520013973116875,0,-1,0,59,-1,-1,-1,0
4235,24.589931972789117,4096,0,0,0.027328385040163994,0,-1,0,59,-1,-1,-1,0
4236,24.595736961451248,4096,0,0,0.027416180819272995,0,-1,0,59,-1,-1,-1,0
4237,24.60154195011338,4096,0,0,0.027454884722828865,0,-1,0,59,-1,-1,-1,0
4238,24.60734693877551,4096,0,0,0.027142388746142387,0,-1,0,59,-1,-1,-1,0
4239,24.61315192743764,4096,0,0,0.027017612010240555,0,-1,0,59,-1,-1,-1,0
4240,24.618956916099773,4096,0,0,0.0270529817789793,0,-1,0,59,-1,-1,-1,0
4241,24.624761904761904,4096,0,0,0.027281101793050766,0,-1,0,59,-1,-1,-1,0
4242,24.630566893424035,4096,0,0,0.02804352529346943,0,-1,0,59,-1,-1,-1,0
4243,24.636371882086166,4096,0,0,0.028001509606838226,0,-1,0,59,-1,-1,-1,0
4244,24.642176870748298,4096,0,0,0.02742156945168972,0,-1,0,59,-1,-1,-1,0
4245,24.647981859410432,4096,0,0,0.027239229530096054,0,-1,0,59,-1,-1,-1,0
4246,24.653786848072563,4096,0,0,0.027150049805641174,0,-1,0,59,-1,-1,-1,0
4247,24.659591836734695,4096,0,0,0.0274069644510746,0,-1,0,59,-1,-1,-1,0
4248,24.665396825396826,4096,0,0,0.026860816404223442,0,-1,0,59,-1,-1,-1,0
4249,24.671201814058957,4096,0,0,0.02690727822482586,0,-1,0,59,-1,-1,-1,0
4250,24.67700680272109,4096,0,0,0.027683116495609283,0,-1,0,59,-1,-1,-1,0
4251,24.68281179138322,4096,0,0,0.02725256234407425,0,-1,0,59,-1,-1,-1,0
4252,24.68861678004535,4096,0,0,0.027021434158086777,0,-1,0,59,-1,-1,-1,0
4253,24.694421768707482,4096,0,0,0.027569400146603584,0,-1,0,59,-1,-1,-1,0
4254,24.700226757369613,4096,0,0,0.028200024738907814,0,-1,0,59,-1,-1,-1,0
4255,24.706031746031748,4096,0,0,0.02761869877576828,0,-1,0,59,-1,-1,-1,0
4256,24.71183673469388,4096,0,0,0.02724233828485012,0,-1,0,59,-1,-1,-1,0
4257,24.71764172335601,4096,0,0,0.02775672636926174,0,-1,0,59,-1,-1,-1,0
4258,24.72344671201814,4096,0,0,0.02777826599776745,0,-1,0,59,-1,-1,-1,0
4259,24.729251700680273,4096,0,0,0.027777118608355522,0,-1,0,59,-1,-1,-1,0
4260,24.735056689342404,4096,0,0,0.02767227217555046,0,-1,0,59,-1,-1,-1,0
4261,24.740861678004535,4096,0,0,0.026926938444375992,0,-1,0,59,-1,-1,-1,0
4262,24.746666666666666,4096,0,0,0.026608215644955635,0,-1,0,59,-1,-1,-1,0
4263,24.752471655328797,4096,0,0,0.026684919372200966,0,-1,0,59,-1,-1,-1,0
4264,24.75827664399093,4096,0,0,0.02677108906209469,0,-1,0,59,-1,-1,-1,0
4265,24.76408163265306,4096,0,0,0.026829125359654427,0,-1,0,59,-1,-1,-1,0
4266,24.769886621315194,4096,0,0,0.02668626978993416,0,-1,0,59,-1,-1,-1,0
4267,24.775691609977326,4096,0,0,0.026950079947710037,0,-1,0,59,-1,-1,-1,0
4268,24.781496598639457,4096,0,0,0.027447497472167015,0,-1,0,59,-1,-1,-1,0
4269,24.787301587301588,4096,0,0,0.02763187885284424,0,-1,0,59,-1,-1,-1,0
4270,24.79310657596372,4096,0,0,0.02775166556239128,0,-1,0,59,-1,-1,-1,0
4271,24.79891156462585,4096,0,0,0.027469368651509285,0,-1,0,59,-1,-1,-1,0
4272,24.80471655328798,4096,0,0,0.027844436466693878,0,-1,0,59,-1,-1,-1,0
4273,24.810521541950113,4096,0,0,0.028263334184885025,0,-1,0,59,-1,-1,-1,0
4274,24.816326530612244,512,1,0,0.029009347781538963,0,-1,0,59,-1,-1,-1,0
4275,24.822131519274375,512,0,0,0.02950599044561386,0,-1,0,59,-1,-1,-1,0
4276,24.827936507936506,512,0,0,0.0296760443598032,0,-1,0,59,-1,-1,-1,0
4277,24.83374149659864,1024,0,0,0.029574701562523842,0,-1,0,59,-1,-1,-1,0
4278,24.839546485260772,1024,0,0,0.028983797878026962,0,-1,0,59,-1,-1,-1,0
4279,24.845351473922904,2048,0,0,0.02759501151740551,0,-1,0,59,-1,-1,-1,0
4280,24.851156462585035,2048,0,0,0.02728360705077648,0,-1,0,59,-1,-1,-1,0
4281,24.856961451247166,2048,0,0,0.02773759886622429,0,-1,0,59,-1,-1,-1,0
4282,24.862766439909297,2048,0,0,0.028281230479478836,0,-1,0,59,-1,-1,-1,0
4283,24.86857142857143,4096,0,0,0.028141314163804054,0,-1,0,59,-1,-1,-1,0
4284,24.87437641723356,4096,0,0,0.02888450026512146,0,-1,0,59,-1,-1,-1,0
4285,24.88018140589569,4096,0,0,0.03011058270931244,0,-1,0,59,-1,-1,-1,0
4286,24.885986394557822,4096,0,0,0.02933807484805584,0,-1,0,59,-1,-1,-1,0
4287,24.891791383219953,4096,0,0,0.6052680015563965,1,-1,0,59,-1,-1,-1,0
4288,24.897596371882088,4096,0,0,0.6715899109840393,1,55,0,59,-1,-1,-1,0
4289,24.90340136054422,4096,0,0,0.8432615399360657,1,55,0,59,-1,-1,-1,0
4290,24.90920634920635,4096,0,1,0.7433794140815735,1,55,0,55,-1,-1,-1,0
4291,24.91501133786848,4096,0,0,0.7904677391052246,1,55,0,55,-1,-1,-1,0
4292,24.920816326530613,4096,0,0,0.8064796924591064,1,55,0,55,-1,-1,-1,0
4293,24.926621315192744,4096,0,0,0.7192625403404236,1,55,0,55,-1,-1,-1,0
4294,24.932426303854875,4096,0,0,0.7012873291969299,1,55,0,55,-1,-1,-1,0
4295,24.938231292517006,4096,0,0,0.7362358570098877,1,55,0,55,-1,-1,-1,0
4296,24.944036281179137,4096,0,0,0.6333209276199341,1,55,0,55,-1,-1,-1,0
4297,24.94984126984127,4096,0,0,0.6701297163963318,1,55,0,55,-1,-1,-1,0
4298,24.9556462585034,4096,0,0,0.6307410001754761,1,55,0,55,-1,-1,-1,0
4299,24.961451247165535,4096,0,0,0.6738256812095642,1,55,1,55,-1,-1,-1,0
4300,24.967256235827666,4096,0,0,0.5672004818916321,0,55,1,55,55,55,55,0
4301,24.973061224489797,4096,0,0,0.5732833743095398,0,55,1,55,55,55,55,0
4302,24.978866213151928,4096,0,0,0.5410903692245483,0,55,1,55,55,55,55,0
4303,24.98467120181406,4096,0,0,0.5966426134109497,1,55,1,55,55,55,55,0
4304,24.99047619047619,4096,0,0,0.550408124923706,0,55,1,55,55,55,55,0
4305,24.99628117913832,4096,0,0,0.5778042674064636,0,55,1,55,55,55,55,0
4306,25.002086167800453,4096,0,0,0.5299296379089355,0,55,1,55,55,55,55,0
4307,25.007891156462584,4096,0,0,0.5012965202331543,0,55,1,55,55,55,55,0
4308,25.013696145124715,4096,0,0,0.4827829897403717,0,55,1,55,55,55,55,0
4309,25.019501133786846,4096,0,0,0.5006988048553467,0,55,1,55,55,55,55,0
4310,25.02530612244898,4096,0,0,0.5952492356300354,1,55,1,55,55,55,55,0
4311,25.031111111111112,4096,0,0,0.5329234600067139,0,55,1,55,55,55,55,0
4312,25.036916099773244,4096,0,0,0.5786524415016174,0,55,1,55,55,55,55,0
4313,25.042721088435375,4096,0,0,0.5972535014152527,1,55,1,55,55,55,55,0
4314,25.048526077097506,4096,0,0,0.6233184933662415,1,55,1,55,55,55,55,0
4315,25.054331065759637,4096,0,0,0.5605743527412415,0,55,1,55,55,55,55,0
4316,25.06013605442177,4096,0,0,0.5263494253158569,0,55,1,55,55,55,55,0
4317,25.0659410430839,4096,0,0,0.5554075837135315,0,55,1,55,55,55,55,0
4318,25.07174603174603,4096,0,0,0.5144632458686829,0,55,1,55,55,55,55,0
4319,25.077551020408162,4096,0,0,0.6023688316345215,1,55,1,55,55,55,55,0
4320,25.083356009070293,4096,0,0,0.5406525731086731,0,55,1,55,55,55,55,0
4321,25.089160997732428,4096,0,0,0.5806253552436829,0,55,1,55,55,55,55,0
4322,25.09496598639456,4096,0,0,0.5033034086227417,0,55,1,55,55,55,55,0
4323,25.10077097505669,4096,0,0,0.4732712507247925,0,55,1,55,55,55,55,0
4324,25.10657596371882,4096,0,0,0.4696652889251709,0,55,1,55,55,55,55,0
4325,25.112380952380953,4096,0,0,0.48033657670021057,0,55,1,55,55,55,55,0
4326,25.118185941043084,4096,0,0,0.4850972294807434,0,55,1,55,55,55,55,0
4327,25.123990929705215,4096,0,0,0.4299721419811249,0,55,1,55,55,55,55,0
4328,25.129795918367346,4096,0,0,0.42943307757377625,0,55,1,55,55,55,55,0
4329,25.135600907029477,4096,0,0,0.3910815119743347,0,55,1,55,55,55,55,0
4330,25.14140589569161,4096,0,0,0.4014948606491089,0,55,1,55,55,55,55,0
4331,25.14721088435374,4096,0,0,0.42271503806114197,0,55,1,55,55,55,55,0
4332,25.153015873015875,4096,0,0,0.390862375497818,0,55,1,55,55,55,55,0
4333,25.158820861678006,4096,0,0,0.4006909728050232,0,55,1,55,55,55,55,0
4334,25.164625850340137,4096,0,0,0.32629910111427307,0,55,1,55,55,55,55,0
4335,25.170430839002268,4096,0,0,0.20268093049526215,0,55,1,55,55,55,55,0
4336,25.1762358276644,4096,0,0,0.07321386784315109,0,55,1,55,55,55,55,0
4337,25.18204081632653,4096,0,0,0.037505246698856354,0,55,1,55,55,55,55,0
4338,25.18784580498866,4096,0,0,0.032108016312122345,0,55,1,55,55,55,55,0
4339,25.193650793650793,512,1,0,0.037632789462804794,0,55,1,49,55,55,55,0
4340,25.199455782312924,512,0,0,0.46596574783325195,0,-1,1,44,55,55,55,0
4341,25.205260770975055,512,0,0,0.5389457941055298,0,-1,1,59,55,55,55,0
4342,25.211065759637187,1024,0,0,0.5643394589424133,0,59,1,59,59,55,55,0
4343,25.21687074829932,1024,0,0,0.455351859331131,0,59,1,59,59,55,55,0
4344,25.222675736961452,2048,0,1,0.5898862481117249,1,59,1,59,59,59,59,0
4345,25.228480725623584,2048,0,0,0.5198918581008911,0,59,1,59,59,59,59,0
4346,25.234285714285715,2048,0,0,0.5641285181045532,0,59,1,59,59,59,59,0
4347,25.240090702947846,2048,0,0,0.5159180760383606,0,59,1,59,59,59,59,0
4348,25.245895691609977,4096,0,0,0.40570494532585144,0,59,0,59,59,59,59,0
4349,25.25170068027211,4096,0,0,0.570372462272644,0,59,0,59,-1,-1,-1,0
4350,25.25750566893424,4096,0,0,0.43544209003448486,0,59,0,59,-1,-1,-1,0
4351,25.26331065759637,4096,0,0,0.4969823658466339,0,59,1,59,-1,-1,-1,0
4352,25.269115646258502,4096,0,0,0.41927459836006165,0,59,1,59,59,59,59,0
4353,25.274920634920633,4096,0,0,0.4667102098464966,0,59,1,59,59,59,59,0
4354,25.280725623582768,4096,0,0,0.5241162180900574,0,59,1,59,59,59,59,0
4355,25.2865306122449,4096,0,0,0.40645870566368103,0,59,1,59,59,59,59,0
4356,25.29233560090703,4096,0,0,0.4639517664909363,0,59,1,59,59,59,59,0
4357,25.29814058956916,4096,0,0,0.3818134367465973,0,59,1,59,59,59,59,0
4358,25.303945578231293,4096,0,0,0.4503248631954193,0,59,1,59,59,59,59,0
4359,25.309750566893424,4096,0,0,0.3826771676540375,0,59,1,59,59,59,59,0
4360,25.315555555555555,4096,0,0,0.4077717065811157,0,59,1,59,59,59,59,0
4361,25.321360544217686,4096,0,0,0.4090559482574463,0,59,1,59,59,59,59,0
4362,25.327165532879818,4096,0,0,0.4012707769870758,0,59,1,59,59,59,59,0
4363,25.33297052154195,4096,0,0,0.4640004336833954,0,59,1,59,59,59,59,0
4364,25.33877551020408,4096,0,0,0.36294835805892944,0,59,1,59,59,59,59,0
4365,25.344580498866215,4096,0,0,0.45878973603248596,0,59,1,59,59,59,59,0
4366,25.350385487528346,4096,0,0,0.38499170541763306,0,59,1,59,59,59,59,0
4367,25.356190476190477,4096,0,0,0.41865184903144836,0,59,1,59,59,59,59,0
4368,25.36199546485261,4096,0,0,0.4167097508907318,0,59,1,59,59,59,59,0
4369,25.36780045351474,4096,0,0,0.41299018263816833,0,59,1,59,59,59,59,0
4370,25.37360544217687,4096,0,0,0.44249626994132996,0,59,1,59,59,59,59,0
4371,25.379410430839002,4096,0,0,0.38570868968963623,0,59,1,59,59,59,59,0
4372,25.385215419501133,4096,0,0,0.47432419657707214,0,59,1,59,59,59,59,0
4373,25.391020408163264,4096,0,0,0.39631977677345276,0,59,1,59,59,59,59,0
4374,25.396825396825395,4096,0,0,0.4069761335849762,0,59,1,59,59,59,59,0
4375,25.402630385487527,4096,0,0,0.40846049785614014,0,59,1,59,59,59,59,0
4376,25.40843537414966,4096,0,0,0.08213257789611816,0,59,0,59,59,59,59,0
4377,25.414240362811793,4096,0,0,0.03445538878440857,0,59,0,59,-1,-1,-1,0
4378,25.420045351473924,4096,0,0,0.03043145127594471,0,-1,0,59,-1,-1,-1,0
4379,25.425850340136055,4096,0,0,0.0312533937394619,0,-1,0,59,-1,-1,-1,0
4380,25.431655328798186,4096,0,0,0.03004375845193863,0,-1,0,59,-1,-1,-1,0
4381,25.437460317460317,4096,0,0,0.030331110581755638,0,-1,0,59,-1,-1,-1,0
4382,25.44326530612245,512,1,0,0.3217003345489502,0,-1,1,49,-1,-1,-1,0
4383,25.44907029478458,512,0,0,0.548176646232605,0,-1,1,48,-1,-1,-1,0
4384,25.45487528344671,512,0,0,0.4613664150238037,0,60,1,60,-1,-1,-1,0
4385,25.460680272108842,1024,0,0,0.5287342071533203,0,60,1,60,60,60,60,0
4386,25.466485260770973,1024,0,1,0.4895009994506836,0,60,1,60,60,60,60,0
4387,25.472290249433108,2048,0,0,0.5334979891777039,0,60,1,60,60,60,60,0
4388,25.47809523809524,2048,0,0,0.46750184893608093,0,60,1,60,60,60,60,0
4389,25.48390022675737,2048,0,0,0.5665653347969055,0,60,1,60,60,60,60,0
4390,25.4897052154195,2048,0,0,0.43405434489250183,0,60,1,60,60,60,60,0
4391,25.495510204081633,4096,0,0,0.5208981037139893,0,60,0,60,60,60,60,0
4392,25.501315192743764,4096,0,0,0.4298206567764282,0,60,0,60,-1,-1,-1,0
4393,25.507120181405895,4096,0,0,0.48922199010849,0,60,1,60,-1,-1,-1,0
4394,25.512925170068026,4096,0,0,0.43787023425102234,0,60,1,60,60,60,60,0
4395,25.518730158730158,4096,0,0,0.520657479763031,0,60,1,60,60,60,60,0
4396,25.52453514739229,4096,0,0,0.40830036997795105,0,60,1,60,60,60,60,0
4397,25.530340136054424,4096,0,0,0.48549404740333557,0,60,1,60,60,60,60,0
4398,25.536145124716555,4096,0,0,0.4001072943210602,0,60,1,60,60,60,60,0
4399,25.541950113378686,4096,0,0,0.4626109004020691,0,60,1,60,60,60,60,0
4400,25.547755102040817,4096,0,0,0.39161816239356995,0,60,1,60,60,60,60,0
4401,25.55356009070295,4096,0,0,0.43813925981521606,0,60,1,60,60,60,60,0
4402,25.55936507936508,4096,0,0,0.38998040556907654,0,60,1,60,60,60,60,0
4403,25.56517006802721,4096,0,0,0.4253436326980591,0,60,1,60,60,60,60,0
4404,25.570975056689342,4096,0,0,0.3950711786746979,0,60,1,60,60,60,60,0
4405,25.576780045351473,4096,0,0,0.4169076085090637,0,60,1,60,60,60,60,0
4406,25.582585034013604,4096,0,0,0.43504413962364197,0,60,1,60,60,60,60,0
4407,25.588390022675735,4096,0,0,0.42354992032051086,0,60,1,60,60,60,60,0
4408,25.59419501133787,4096,0,0,0.44347742199897766,0,60,1,60,60,60,60,0
4409,25.6,4096,0,0,0.420863538980484,0,60,1,60,60,60,60,0
4410,25.605804988662133,4096,0,0,0.4624464809894562,0,60,1,60,60,60,60,0
4411,25.611609977324264,4096,0,0,0.4005245864391327,0,60,1,60,60,60,60,0
4412,25.617414965986395,4096,0,0,0.443287193775177,0,60,1,60,60,60,60,0
4413,25.623219954648526,4096,0,0,0.3797621726989746,0,60,1,60,60,60,60,0
4414,25.629024943310657,4096,0,0,0.452705979347229,0,60,1,60,60,60,60,0
4415,25.63482993197279,4096,0,0,0.38982218503952026,0,60,1,60,60,60,60,0
4416,25.64063492063492,4096,0,0,0.4598866105079651,0,60,1,60,60,60,60,0
4417,25.64643990929705,4096,0,0,0.36146047711372375,0,60,1,60,60,60,60,0
4418,25.652244897959182,4096,0,0,0.40480712056159973,0,60,1,60,60,60,60,0
4419,25.658049886621317,4096,0,0,0.41443732380867004,0,60,1,60,60,60,60,0
4420,25.663854875283448,4096,0,0,0.252867728471756,0,60,1,60,60,60,60,0
4421,25.66965986394558,4096,0,0,0.03601627051830292,0,60,1,60,60,60,60,0
4422,25.67546485260771,4096,0,0,0.028821296989917755,0,60,0,60,60,60,60,0
4423,25.68126984126984,4096,0,0,0.028035586699843407,0,60,0,60,-1,-1,-1,0
4424,25.687074829931973,4096,0,0,0.027450568974018097,0,-1,0,60,-1,-1,-1,0
4425,25.692879818594104,4096,0,0,0.027560921385884285,0,-1,0,60,-1,-1,-1,0
4426,25.698684807256235,4096,0,0,0.027804097160696983,0,-1,0,60,-1,-1,-1,0
4427,25.704489795918366,512,1,0,0.02937765046954155,0,-1,1,59,-1,-1,-1,0
4428,25.710294784580498,512,0,0,0.36093953251838684,0,-1,1,49,-1,-1,-1,0
4429,25.71609977324263,512,0,0,0.4319933354854584,0,-1,1,61,-1,-1,-1,0
4430,25.721904761904764,1024,0,0,0.4183386266231537,0,62,1,62,-1,-1,-1,0
4431,25.727709750566895,1024,0,0,0.3702039420604706,0,62,1,62,62,62,62,0
4432,25.733514739229026,2048,0,1,0.4215726852416992,0,62,1,62,62,62,62,0
4433,25.739319727891157,2048,0,0,0.3879249393939972,0,62,1,62,62,62,62,0
4434,25.74512471655329,2048,0,0,0.4368095397949219,0,62,1,62,62,62,62,0
4435,25.75092970521542,2048,0,0,0.3999146521091461,0,62,1,62,62,62,62,0
4436,25.75673469387755,4096,0,0,0.41380059719085693,0,62,0,62,62,62,62,0
4437,25.762539682539682,4096,0,0,0.4137750267982483,0,62,0,62,-1,-1,-1,0
4438,25.768344671201813,4096,0,0,0.38731440901756287,0,62,0,62,-1,-1,-1,0
4439,25.774149659863944,4096,0,0,0.40988922119140625,0,62,1,62,-1,-1,-1,0
4440,25.779954648526076,4096,0,0,0.41730111837387085,0,62,1,62,62,62,62,0
4441,25.78575963718821,4096,0,0,0.38067471981048584,0,62,1,62,62,62,62,0
4442,25.79156462585034,4096,0,0,0.41681429743766785,0,62,1,62,62,62,62,0
4443,25.797369614512473,4096,0,0,0.41662803292274475,0,62,1,62,62,62,62,0
4444,25.803174603174604,4096,0,0,0.42843833565711975,0,62,1,62,62,62,62,0
4445,25.808979591836735,4096,0,0,0.3834519386291504,0,62,1,62,62,62,62,0
4446,25.814784580498866,4096,0,0,0.41127002239227295,0,62,1,62,62,62,62,0
4447,25.820589569160997,4096,0,0,0.402020663022995,0,62,1,62,62,62,62,0
4448,25.82639455782313,4096,0,0,0.3743477761745453,0,62,1,62,62,62,62,0
4449,25.83219954648526,4096,0,0,0.4007980227470398,0,62,1,62,62,62,62,0
4450,25.83800453514739,4096,0,0,0.3754205107688904,0,62,1,62,62,62,62,0
4451,25.843809523809522,4096,0,0,0.37426599860191345,0,62,1,62,62,62,62,0
4452,25.849614512471657,4096,0,0,0.38002610206604004,0,62,1,62,62,62,62,0
4453,25.855419501133788,4096,0,0,0.409240186214447,0,62,1,62,62,62,62,0
4454,25.86122448979592,4096,0,0,0.4195330739021301,0,62,1,62,62,62,62,0
4455,25.86702947845805,4096,0,0,0.3799913823604584,0,62,1,62,62,62,62,0
4456,25.87283446712018,4096,0,0,0.49012893438339233,0,62,1,62,62,62,62,0
4457,25.878639455782313,4096,0,0,0.5224137902259827,0,62,1,62,62,62,62,0
4458,25.884444444444444,4096,0,0,0.3780938982963562,0,62,1,62,62,62,62,0
4459,25.890249433106575,4096,0,0,0.3884373605251312,0,62,1,62,62,62,62,0
4460,25.896054421768707,4096,0,0,0.26595914363861084,0,62,1,62,62,62,62,0
4461,25.901859410430838,4096,0,0,0.05935235694050789,0,62,1,62,62,62,62,0
4462,25.90766439909297,4096,0,0,0.03404705226421356,0,62,0,62,62,62,62,0
4463,25.913469387755104,4096,0,0,0.029246116057038307,0,62,0,62,-1,-1,-1,0
4464,25.919274376417235,4096,0,0,0.028660951182246208,0,-1,0,62,-1,-1,-1,0
4465,25.925079365079366,512,1,0,0.4945969879627228,0,-1,1,49,-1,-1,-1,0
4466,25.930884353741497,512,0,0,0.6867879033088684,1,-1,1,64,-1,-1,-1,0
4467,25.93668934240363,512,0,0,0.7632964849472046,1,64,1,64,64,64,64,0
4468,25.94249433106576,1024,0,0,0.8158937692642212,1,64,1,64,64,64,64,0
4469,25.94829931972789,1024,0,1,0.7879625558853149,1,64,1,64,64,64,64,0
4470,25.954104308390022,2048,0,0,0.7349527478218079,1,64,1,64,64,64,64,0
4471,25.959909297052153,2048,0,0,0.7019140720367432,1,64,1,64,64,64,64,0
4472,25.965714285714284,2048,0,0,0.6592658162117004,1,64,1,64,64,64,64,0
4473,25.971519274376416,2048,0,0,0.7150986790657043,1,64,1,64,64,64,64,0
4474,25.97732426303855,4096,0,0,0.6386370658874512,1,64,0,64,64,64,64,0
4475,25.98312925170068,4096,0,0,0.5947572588920593,1,64,0,64,-1,-1,-1,0
4476,25.988934240362813,4096,0,0,0.5583708882331848,0,64,1,64,-1,-1,-1,0
4477,25.994739229024944,4096,0,0,0.6360113620758057,1,64,1,64,64,64,64,0
4478,26.000544217687075,4096,0,0,0.5707456469535828,0,64,1,64,64,64,64,0
4479,26.006349206349206,4096,0,0,0.5540253520011902,0,64,1,64,64,64,64,0
4480,26.012154195011338,4096,0,0,0.6476214528083801,1,64,1,64,64,64,64,0
4481,26.01795918367347,4096,0,0,0.578864574432373,0,64,1,64,64,64,64,0
4482,26.0237641723356,4096,0,0,0.5949226021766663,1,64,1,64,64,64,64,0
4483,26.02956916099773,4096,0,0,0.5727318525314331,0,64,1,64,64,64,64,0
4484,26.035374149659862,4096,0,0,0.576535701751709,0,64,1,64,64,64,64,0
4485,26.041179138321997,4096,0,0,0.5946972966194153,1,64,1,64,64,64,64,0
4486,26.04698412698413,4096,0,0,0.7187753915786743,1,64,1,64,64,64,64,0
4487,26.05278911564626,4096,0,0,0.7091267108917236,1,64,1,64,64,64,64,0
4488,26.05859410430839,4096,0,0,0.6923550367355347,1,64,1,64,64,64,64,0
4489,26.064399092970522,4096,0,0,0.5042749643325806,0,64,1,64,64,64,64,0
4490,26.070204081632653,4096,0,0,0.48923173546791077,0,64,1,64,64,64,64,0
4491,26.076009070294784,4096,0,0,0.46019285917282104,0,64,1,64,64,64,64,0
4492,26.081814058956915,4096,0,0,0.42002636194229126,0,64,1,64,64,64,64,0
4493,26.087619047619047,4096,0,0,0.3647785484790802,0,64,1,64,64,64,64,0
4494,26.093424036281178,4096,0,0,0.2955892086029053,0,64,1,64,64,64,64,0
4495,26.09922902494331,4096,0,0,0.2103024125099182,0,64,1,64,64,64,64,0
4496,26.105034013605444,4096,0,0,0.08455696702003479,0,64,1,64,64,64,64,0
4497,26.110839002267575,4096,0,0,0.05275942385196686,0,64,1,64,64,64,64,0
4498,26.116643990929706,4096,0,0,0.04453760385513306,0,64,1,64,64,64,64,0
4499,26.122448979591837,4096,0,0,0.037049002945423126,0,-1,0,64,64,64,64,0
4500,26.12825396825397,4096,0,0,0.032858844846487045,0,-1,0,64,-1,-1,-1,0
4501,26.1340589569161,4096,0,0,0.029894491657614708,0,-1,0,64,-1,-1,-1,0
4502,26.13986394557823,4096,0,0,0.02887125499546528,0,-1,0,64,-1,-1,-1,0
4503,26.145668934240362,4096,0,0,0.030919143930077553,0,-1,0,64,-1,-1,-1,0
4504,26.151473922902493,4096,0,0,0.0304003544151783,0,-1,0,64,-1,-1,-1,0
4505,26.157278911564624,512,1,0,0.0610385462641716,0,-1,1,59,-1,-1,-1,0
4506,26.163083900226756,512,0,0,0.7185524702072144,1,-1,1,49,-1,-1,-1,0
4507,26.16888888888889,512,0,0,0.7417294979095459,1,66,1,66,-1,-1,-1,0
4508,26.17469387755102,1024,0,0,0.8342234492301941,1,66,1,66,66,66,66,0
4509,26.180498866213153,1024,0,1,0.760649561882019,1,66,1,66,66,66,66,0
4510,26.186303854875284,2048,0,0,0.6368229985237122,1,66,1,66,66,66,66,0
4511,26.192108843537415,2048,0,0,0.6804715991020203,1,66,1,66,66,66,66,0
4512,26.197913832199546,2048,0,0,0.6499686241149902,1,66,1,66,66,66,66,0
4513,26.203718820861678,2048,0,0,0.5838247537612915,0,66,1,66,66,66,66,0
4514,26.20952380952381,4096,0,0,0.6062458753585815,1,66,0,66,66,66,66,0
4515,26.21532879818594,4096,0,0,0.5715356469154358,0,66,0,66,-1,-1,-1,0
4516,26.22113378684807,4096,0,0,0.4989194869995117,0,66,1,66,-1,-1,-1,0
4517,26.226938775510202,4096,0,0,0.4439446032047272,0,66,1,66,66,66,66,0
4518,26.232743764172337,4096,0,0,0.5728244185447693,0,66,1,66,66,66,66,0
4519,26.23854875283447,4096,0,0,0.6270018815994263,1,66,1,66,66,66,66,0
4520,26.2443537414966,4096,0,0,0.621715784072876,1,66,1,66,66,66,66,0
4521,26.25015873015873,4096,0,0,0.6255764961242676,1,66,1,66,66,66,66,0
4522,26.255963718820862,4096,0,0,0.5467253923416138,0,66,1,66,66,66,66,0
4523,26.261768707482993,4096,0,0,0.5575895309448242,0,66,1,66,66,66,66,0
4524,26.267573696145124,4096,0,0,0.5431279540061951,0,66,1,66,66,66,66,0
4525,26.273378684807255,4096,0,0,0.5407416820526123,0,66,1,66,66,66,66,0
4526,26.279183673469387,4096,0,0,0.559981644153595,0,66,1,66,66,66,66,0
4527,26.284988662131518,4096,0,0,0.5521135330200195,0,66,1,66,66,66,66,0
4528,26.29079365079365,4096,0,0,0.5247689485549927,0,66,1,66,66,66,66,0
4529,26.296598639455784,4096,0,0,0.5103092193603516,0,66,1,66,66,66,66,0
4530,26.302403628117915,4096,0,0,0.5229424238204956,0,66,1,66,66,66,66,0
4531,26.308208616780046,4096,0,0,0.5407568216323853,0,66,1,66,66,66,66,0
4532,26.314013605442177,4096,0,0,0.543705403804779,0,66,1,66,66,66,66,0
4533,26.31981859410431,4096,0,0,0.5121278166770935,0,66,1,66,66,66,66,0
4534,26.32562358276644,4096,0,0,0.53623366355896,0,66,1,66,66,66,66,0
4535,26.33142857142857,4096,0,0,0.5090187788009644,0,66,1,66,66,66,66,0
4536,26.337233560090702,4096,0,0,0.5046858787536621,0,66,1,66,66,66,66,0
4537,26.343038548752833,4096,0,0,0.4898027777671814,0,66,1,66,66,66,66,0
4538,26.348843537414965,4096,0,0,0.45381271839141846,0,66,1,66,66,66,66,0
4539,26.354648526077096,4096,0,0,0.5076740980148315,0,66,1,66,66,66,66,0
4540,26.36045351473923,4096,0,0,0.5209527611732483,0,66,1,66,66,66,66,0
4541,26.36625850340136,4096,0,0,0.5019099116325378,0,66,1,66,66,66,66,0
4542,26.372063492063493,4096,0,0,0.4999220073223114,0,66,1,66,66,66,66,0
4543,26.377868480725624,4096,0,0,0.5362860560417175,0,66,1,66,66,66,66,0
4544,26.383673469387755,4096,0,0,0.514133095741272,0,66,1,66,66,66,66,0
4545,26.389478458049886,4096,0,0,0.5134124755859375,0,66,1,66,66,66,66,0
4546,26.395283446712018,4096,0,0,0.516769528388977,0,66,1,66,66,66,66,0
4547,26.40108843537415,4096,0,0,0.5479080080986023,0,66,1,66,66,66,66,0
4548,26.40689342403628,4096,0,0,0.5471460223197937,0,66,1,66,66,66,66,0
4549,26.41269841269841,4096,0,0,0.5186783075332642,0,66,1,66,66,66,66,0
4550,26.418503401360546,4096,0,0,0.5436442494392395,0,66,1,66,66,66,66,0
4551,26.424308390022677,4096,0,0,0.5576555132865906,0,66,1,66,66,66,66,0
4552,26.43011337868481,4096,0,0,0.4931012988090515,0,66,1,66,66,66,66,0
4553,26.43591836734694,4096,0,0,0.43939459323883057,0,66,1,66,66,66,66,0
4554,26.44172335600907,4096,0,0,0.5104822516441345,0,66,1,66,66,66,66,0
4555,26.447528344671202,4096,0,0,0.44297516345977783,0,66,1,66,66,66,66,0
4556,26.453333333333333,4096,0,0,0.5052024722099304,0,66,1,66,66,66,66,0
4557,26.459138321995464,4096,0,0,0.4895009994506836,0,66,1,66,66,66,66,0
4558,26.464943310657596,4096,0,0,0.48997044563293457,0,66,1,66,66,66,66,0
4559,26.470748299319727,4096,0,0,0.46553754806518555,0,66,1,66,66,66,66,0
4560,26.476553287981858,4096,0,0,0.4427169859409332,0,66,1,66,66,66,66,0
4561,26.482358276643993,4096,0,0,0.4546460211277008,0,66,1,66,66,66,66,0
4562,26.488163265306124,4096,0,0,0.5251483917236328,0,66,1,66,66,66,66,0
4563,26.493968253968255,4096,0,0,0.47643324732780457,0,66,1,66,66,66,66,0
4564,26.499773242630386,4096,0,0,0.4586932957172394,0,66,1,66,66,66,66,0
4565,26.505578231292517,4096,0,0,0.4444432854652405,0,66,1,66,66,66,66,0
4566,26.51138321995465,4096,0,0,0.4261285364627838,0,66,1,66,66,66,66,0
4567,26.51718820861678,4096,0,0,0.4857977628707886,0,66,1,66,66,66,66,0
4568,26.52299319727891,4096,0,0,0.4337257444858551,0,66,1,66,66,66,66,0
4569,26.528798185941042,4096,0,0,0.43072646856307983,0,66,1,66,66,66,66,0
4570,26.534603174603173,4096,0,0,0.42826226353645325,0,66,1,66,66,66,66,0
4571,26.540408163265305,4096,0,0,0.44065672159194946,0,66,1,66,66,66,66,0
4572,26.54621315192744,4096,0,0,0.49781352281570435,0,66,1,66,66,66,66,0
4573,26.55201814058957,4096,0,0,0.44715559482574463,0,66,1,66,66,66,66,0
4574,26.5578231292517,4096,0,0,0.4279457926750183,0,66,1,66,66,66,66,0
4575,26.563628117913833,4096,0,0,0.4144125282764435,0,66,1,67,66,66,66,0
4576,26.569433106575964,4096,0,0,0.43624797463417053,0,66,1,67,67,66,66,0
4577,26.575238095238095,4096,0,0,0.43833550810813904,0,66,1,67,67,66,66,0
4578,26.581043083900227,4096,0,0,0.4626696705818176,0,66,1,67,67,66,66,0
4579,26.586848072562358,4096,0,0,0.433148592710495,0,66,1,67,67,66,66,0
4580,26.59265306122449,4096,0,0,0.40373995900154114,0,66,1,67,67,66,66,0
4581,26.59845804988662,4096,0,0,0.46325504779815674,0,66,1,67,67,66,66,0
4582,26.60426303854875,4096,0,0,0.4163482189178467,0,66,1,67,67,66,66,0
4583,26.610068027210886,4096,0,0,0.42516782879829407,0,66,1,67,67,66,66,0
4584,26.615873015873017,4096,0,0,0.4040446877479553,0,66,1,67,67,66,66,0
4585,26.62167800453515,4096,0,0,0.42050930857658386,0,66,1,67,67,66,66,0
4586,26.62748299319728,4096,0,0,0.41623222827911377,0,66,1,67,67,66,66,0
4587,26.63328798185941,4096,0,0,0.44788187742233276,0,66,1,67,67,66,66,0
4588,26.639092970521542,4096,0,0,0.4137909710407257,0,66,1,67,67,66,66,0
4589,26.644897959183673,4096,0,0,0.37797462940216064,0,66,1,67,67,66,66,0
4590,26.650702947845804,4096,0,0,0.42999085783958435,0,66,1,67,67,66,66,0
4591,26.656507936507936,4096,0,0,0.4011026918888092,0,66,1,67,67,66,66,0
4592,26.662312925170067,4096,0,0,0.4070536494255066,0,66,1,67,67,66,66,0
4593,26.668117913832198,4096,0,0,0.39926591515541077,0,66,1,67,67,66,66,0
4594,26.673922902494333,4096,0,0,0.39739111065864563,0,66,1,67,67,66,66,0
4595,26.679727891156464,4096,0,0,0.39996466040611267,0,66,1,67,67,66,66,0
4596,26.685532879818595,4096,0,0,0.4332861304283142,0,66,1,67,67,66,66,0
4597,26.691337868480726,4096,0,0,0.40226054191589355,0,66,1,67,67,66,66,0
4598,26.697142857142858,4096,0,0,0.38523536920547485,0,66,1,67,67,66,66,0
4599,26.70294784580499,4096,0,0,0.42177173495292664,0,66,1,67,67,66,66,0
4600,26.70875283446712,4096,0,0,0.42105981707572937,0,66,1,67,67,66,66,0
4601,26.71455782312925,4096,0,0,0.4146472215652466,0,66,1,67,67,66,66,0
4602,26.720362811791382,4096,0,0,0.39782455563545227,0,66,1,67,67,66,66,0
4603,26.726167800453513,4096,0,0,0.39975157380104065,0,66,1,67,67,66,66,0
4604,26.731972789115645,4096,0,0,0.44279080629348755,0,66,1,67,67,66,66,0
4605,26.73777777777778,4096,0,0,0.4390402138233185,0,66,1,67,67,66,66,0
4606,26.74358276643991,4096,0,0,0.4239524304866791,0,66,1,67,67,66,66,0
4607,26.749387755102042,4096,0,0,0.4136085510253906,0,66,1,67,67,66,66,0
4608,26.755192743764173,4096,0,0,0.4314666986465454,0,66,1,67,67,66,66,0
4609,26.760997732426304,4096,0,0,0.4558964669704437,0,66,1,67,67,66,66,0
4610,26.766802721088435,4096,0,0,0.4566210210323334,0,66,1,67,67,66,66,0
4611,26.772607709750567,4096,0,0,0.4458466172218323,0,66,1,67,67,66,66,0
4612,26.778412698412698,4096,0,0,0.4403564929962158,0,66,1,67,67,66,66,0
4613,26.78421768707483,4096,0,0,0.44923800230026245,0,66,1,67,67,66,66,0
4614,26.79002267573696,4096,0,0,0.4395260214805603,0,66,1,66,67,66,66,0
4615,26.79582766439909,4096,0,0,0.4880628287792206,0,66,1,66,66,66,66,0
4616,26.801632653061226,4096,0,0,0.4949612021446228,0,66,1,66,66,66,66,0
4617,26.807437641723357,4096,0,0,0.47555792331695557,0,66,1,66,66,66,66,0
4618,26.81324263038549,4096,0,0,0.4682726562023163,0,66,1,66,66,66,66,0
4619,26.81904761904762,4096,0,0,0.49266317486763,0,66,1,66,66,66,66,0
4620,26.82485260770975,4096,0,0,0.4772087335586548,0,66,1,66,66,66,66,0
4621,26.830657596371882,4096,0,0,0.4877675473690033,0,66,1,66,66,66,66,0
4622,26.836462585034013,4096,0,0,0.5227029919624329,0,66,1,66,66,66,66,0
4623,26.842267573696144,4096,0,0,0.522383987903595,0,66,1,66,66,66,66,0
4624,26.848072562358276,4096,0,0,0.510513424873352,0,66,1,66,66,66,66,0
4625,26.853877551020407,4096,0,0,0.5103487372398376,0,66,1,66,66,66,66,0
4626,26.859682539682538,4096,0,0,0.527399480342865,0,66,1,66,66,66,66,0
4627,26.865487528344673,4096,0,0,0.4996018707752228,0,66,1,66,66,66,66,0
4628,26.871292517006804,4096,0,0,0.5038809776306152,0,66,1,66,66,66,66,0
4629,26.877097505668935,4096,0,0,0.5337112545967102,0,66,1,66,66,66,66,0
4630,26.882902494331066,4096,0,0,0.5184881091117859,0,66,1,66,66,66,66,0
4631,26.888707482993198,4096,0,0,0.49865052103996277,0,66,1,66,66,66,66,0
4632,26.89451247165533,4096,0,0,0.49315497279167175,0,66,1,66,66,66,66,0
4633,26.90031746031746,4096,0,0,0.49312499165534973,0,66,1,66,66,66,66,0
4634,26.90612244897959,4096,0,0,0.5022456049919128,0,66,1,66,66,66,66,0
4635,26.911927437641722,4096,0,0,0.477990061044693,0,66,1,66,66,66,66,0
4636,26.917732426303854,4096,0,0,0.48201629519462585,0,66,1,66,66,66,66,0
4637,26.923537414965985,4096,0,0,0.3901090919971466,0,66,1,66,66,66,66,0
4638,26.92934240362812,4096,0,0,0.3794145882129669,0,66,1,66,66,66,66,0
4639,26.93514739229025,4096,0,0,0.13197411596775055,0,66,1,66,66,66,66,0
4640,26.940952380952382,4096,0,0,0.028043735772371292,0,66,1,66,66,66,66,0
4641,26.946757369614513,4096,0,0,0.027936289086937904,0,66,0,66,66,66,66,0
4642,26.952562358276644,4096,0,0,0.029534274712204933,0,66,0,66,-1,-1,-1,0
4643,26.958367346938775,4096,0,0,0.030952448025345802,0,-1,0,66,-1,-1,-1,0
4644,26.964172335600907,4096,0,0,0.03347916901111603,0,-1,0,66,-1,-1,-1,0
4645,26.969977324263038,4096,0,0,0.034276846796274185,0,-1,0,66,-1,-1,-1,0
4646,26.97578231292517,4096,0,0,0.03178149834275246,0,-1,0,66,-1,-1,-1,0
4647,26.9815873015873,4096,0,0,0.029537383466959,0,-1,0,66,-1,-1,-1,0
4648,26.98739229024943,4096,0,0,0.027957042679190636,0,-1,0,66,-1,-1,-1,0
4649,26.993197278911566,512,1,0,0.03151742368936539,0,-1,1,59,-1,-1,-1,0
4650,26.999002267573697,512,0,0,0.0513426773250103,0,-1,1,49,-1,-1,-1,0
4651,27.00480725623583,512,0,0,0.05649124085903168,0,-1,1,66,-1,-1,-1,0
4652,27.01061224489796,1024,0,0,0.3470332622528076,0,-1,1,53,-1,-1,-1,0
4653,27.01641723356009,1024,0,0,0.5245329737663269,0,-1,1,53,53,53,53,0
4654,27.022222222222222,2048,0,0,0.5812598466873169,0,64,1,52,53,53,53,0
4655,27.028027210884353,2048,0,0,0.5678909420967102,0,64,1,64,53,53,53,0
4656,27.033832199546485,2048,0,1,0.5522497296333313,0,64,1,64,64,53,53,0
4657,27.039637188208616,2048,0,0,0.5049178004264832,0,64,1,64,64,53,53,0
4658,27.045442176870747,4096,0,0,0.5366877913475037,0,64,0,64,64,53,53,0
4659,27.051247165532878,4096,0,0,0.5309545993804932,0,64,0,64,-1,-1,-1,0
4660,27.057052154195013,4096,0,0,0.473880410194397,0,64,0,64,-1,-1,-1,0
4661,27.062857142857144,4096,0,0,0.4523059129714966,0,64,0,64,-1,-1,-1,0
4662,27.068662131519275,4096,0,0,0.4885568618774414,0,64,0,64,-1,-1,-1,0
4663,27.074467120181406,4096,0,0,0.4478079676628113,0,64,1,64,-1,-1,-1,0
4664,27.080272108843538,4096,0,0,0.5171579718589783,0,64,1,64,64,64,64,0
4665,27.08607709750567,4096,0,0,0.5099311470985413,0,64,1,64,64,64,64,0
4666,27.0918820861678,4096,0,0,0.5249761939048767,0,64,1,64,64,64,64,0
4667,27.09768707482993,4096,0,0,0.5788836479187012,0,64,1,64,64,64,64,0
4668,27.103492063492062,4096,0,0,0.5243130922317505,0,64,1,64,64,64,64,0
4669,27.109297052154194,4096,0,0,0.5230377316474915,0,64,1,64,64,64,64,0
4670,27.115102040816325,4096,0,0,0.5159293413162231,0,64,1,64,64,64,64,0
4671,27.12090702947846,4096,0,0,0.44351810216903687,0,64,1,64,64,64,64,0
4672,27.12671201814059,4096,0,0,0.43899840116500854,0,64,1,64,64,64,64,0
4673,27.132517006802722,4096,0,0,0.4476234018802643,0,64,1,64,64,64,64,0
4674,27.138321995464853,4096,0,0,0.4372046887874603,0,64,1,64,64,64,64,0
4675,27.144126984126984,4096,0,0,0.5230628848075867,0,64,1,64,64,64,64,0
4676,27.149931972789116,4096,0,0,0.5189549922943115,0,64,1,64,64,64,64,0
4677,27.155736961451247,4096,0,0,0.5189535617828369,0,64,1,64,64,64,64,0
4678,27.161541950113378,4096,0,0,0.5390002727508545,0,64,1,64,64,64,64,0
4679,27.16734693877551,4096,0,0,0.481057733297348,0,64,1,64,64,64,64,0
4680,27.17315192743764,4096,0,0,0.49539077281951904,0,64,1,64,64,64,64,0
4681,27.17895691609977,4096,0,0,0.46609336137771606,0,64,1,64,64,64,64,0
4682,27.184761904761906,4096,0,0,0.4196488559246063,0,64,1,64,64,64,64,0
4683,27.190566893424037,4096,0,0,0.4171597957611084,0,64,1,64,64,64,64,0
4684,27.19637188208617,4096,0,0,0.390503466129303,0,64,1,64,64,64,64,0
4685,27.2021768707483,512,1,0,0.3376007080078125,0,64,1,65,64,64,64,0
4686,27.20798185941043,512,0,0,0.03422386199235916,0,64,1,59,64,64,64,0
4687,27.213786848072562,512,0,0,0.028696591034531593,0,64,0,59,64,64,64,0
4688,27.219591836734693,1024,0,0,0.027691202238202095,0,64,0,59,-1,-1,-1,0
4689,27.225396825396825,1024,0,0,0.028063185513019562,0,64,0,59,-1,-1,-1,0
4690,27.231201814058956,2048,0,0,0.02844325266778469,0,64,0,64,-1,-1,-1,0
4691,27.237006802721087,2048,0,0,0.0280842874199152,0,-1,0,59,-1,-1,-1,0
4692,27.242811791383218,2048,0,0,0.15346769988536835,0,-1,0,59,-1,-1,-1,0
4693,27.248616780045353,2048,0,0,0.3825336694717407,0,-1,1,59,-1,-1,-1,0
4694,27.254421768707484,4096,0,0,0.3473232090473175,0,66,0,64,-1,-1,-1,0
4695,27.260226757369615,4096,0,0,0.3318181037902832,0,66,0,64,-1,-1,-1,0
4696,27.266031746031747,4096,0,1,0.33763471245765686,0,66,0,65,-1,-1,-1,0
4697,27.271836734693878,4096,0,0,0.3740425407886505,0,66,0,65,-1,-1,-1,0
4698,27.27764172335601,4096,0,0,0.3768211007118225,0,66,0,66,-1,-1,-1,0
4699,27.28344671201814,4096,0,0,0.354409396648407,0,66,0,66,-1,-1,-1,0
4700,27.28925170068027,4096,0,0,0.3557373881340027,0,66,0,66,-1,-1,-1,0
4701,27.295056689342402,4096,0,0,0.3725670874118805,0,66,0,66,-1,-1,-1,0
4702,27.300861678004534,4096,0,0,0.38083168864250183,0,66,0,66,-1,-1,-1,0
4703,27.30666666666667,4096,0,0,0.37599390745162964,0,66,0,66,-1,-1,-1,0
4704,27.3124716553288,4096,0,0,0.4011285901069641,0,66,0,66,-1,-1,-1,0
4705,27.31827664399093,4096,0,0,0.40431705117225647,0,66,0,66,-1,-1,-1,0
4706,27.324081632653062,4096,0,0,0.3726421594619751,0,66,1,66,-1,-1,-1,0
4707,27.329886621315193,4096,0,0,0.36773425340652466,0,66,1,66,66,66,66,0
4708,27.335691609977324,4096,0,0,0.37447577714920044,0,66,1,66,66,66,66,0
4709,27.341496598639456,4096,0,0,0.3872322738170624,0,66,1,66,66,66,66,0
4710,27.347301587301587,4096,0,0,0.37347930669784546,0,66,1,66,66,66,66,0
4711,27.353106575963718,4096,0,0,0.3834378719329834,0,66,1,66,66,66,66,0
4712,27.35891156462585,4096,0,0,0.38051503896713257,0,66,1,66,66,66,66,0
4713,27.36471655328798,4096,0,0,0.3515464961528778,0,66,1,66,66,66,66,0
4714,27.370521541950115,4096,0,0,0.3328437805175781,0,66,1,66,66,66,66,0
4715,27.376326530612246,4096,0,0,0.33281734585762024,0,66,1,66,66,66,66,0
4716,27.382131519274377,4096,0,0,0.36127203702926636,0,66,1,66,66,66,66,0
4717,27.38793650793651,4096,0,0,0.35088157653808594,0,66,1,66,66,66,66,0
4718,27.39374149659864,4096,0,0,0.34896576404571533,0,66,1,66,66,66,66,0
4719,27.39954648526077,4096,0,0,0.3776237964630127,0,66,1,66,66,66,66,0
4720,27.405351473922902,4096,0,0,0.3517768085002899,0,66,1,66,66,66,66,0
4721,27.411156462585033,4096,0,0,0.32141274213790894,0,66,1,66,66,66,66,0
4722,27.416961451247165,4096,0,0,0.31397581100463867,0,66,1,66,66,66,66,0
4723,27.422766439909296,4096,0,0,0.33572423458099365,0,66,1,66,66,66,66,0
4724,27.428571428571427,4096,0,0,0.3258536458015442,0,66,1,66,66,66,66,0
4725,27.434376417233562,4096,0,0,0.3166058659553528,0,66,1,66,66,66,66,0
4726,27.440181405895693,4096,0,0,0.3504531979560852,0,66,1,66,66,66,66,0
4727,27.445986394557824,4096,0,0,0.33891138434410095,0,66,1,66,66,66,66,0
4728,27.451791383219955,4096,0,0,0.3153642416000366,0,66,1,66,66,66,66,0
4729,27.457596371882087,4096,0,0,0.3154117465019226,0,66,1,66,66,66,66,0
4730,27.463401360544218,4096,0,0,0.3421817123889923,0,66,1,66,66,66,66,0
4731,27.46920634920635,4096,0,0,0.33072707056999207,0,66,1,66,66,66,66,0
4732,27.47501133786848,4096,0,0,0.32225754857063293,0,66,1,66,66,66,66,0
4733,27.48081632653061,4096,0,0,0.3498040735721588,0,66,1,66,66,66,66,0
4734,27.486621315192743,4096,0,0,0.3337719440460205,0,66,1,66,66,66,66,0
4735,27.492426303854874,4096,0,0,0.3121015131473541,0,66,1,66,66,66,66,0
4736,27.49823129251701,4096,0,0,0.31183063983917236,0,66,1,66,66,66,66,0
4737,27.50403628117914,4096,0,0,0.32978421449661255,0,66,1,66,66,66,66,0
4738,27.50984126984127,4096,0,0,0.3256172835826874,0,66,1,66,66,66,66,0
4739,27.515646258503402,4096,0,0,0.3360915184020996,0,66,1,66,66,66,66,0
4740,27.521451247165533,4096,0,0,0.3420208692550659,0,66,1,66,66,66,66,0
4741,27.527256235827664,4096,0,0,0.3125614821910858,0,66,1,66,66,66,66,0
4742,27.533061224489796,4096,0,0,0.2973562777042389,0,66,1,66,66,66,66,0
4743,27.538866213151927,4096,0,0,0.3240453600883484,0,66,1,66,66,66,66,0
4744,27.544671201814058,4096,0,0,0.32086488604545593,0,66,1,66,66,66,66,0
4745,27.55047619047619,4096,0,0,0.32507553696632385,0,66,1,66,66,66,66,0
4746,27.55628117913832,4096,0,0,0.33103007078170776,0,66,1,66,66,66,66,0
4747,27.562086167800455,4096,0,0,0.30861449241638184,0,66,1,66,66,66,66,0
4748,27.567891156462586,4096,0,0,0.2935601472854614,0,66,1,66,66,66,66,0
4749,27.573696145124718,4096,0,0,0.3249203562736511,0,66,1,66,66,66,66,0
4750,27.57950113378685,4096,0,0,0.3237896263599396,0,66,1,66,66,66,66,0
4751,27.58530612244898,4096,0,0,0.3233088254928589,0,66,1,66,66,66,66,0
4752,27.59111111111111,4096,0,0,0.3342497646808624,0,66,1,66,66,66,66,0
4753,27.596916099773242,4096,0,0,0.30639785528182983,0,66,1,66,66,66,66,0
4754,27.602721088435374,4096,0,0,0.29398423433303833,0,66,1,66,66,66,66,0
4755,27.608526077097505,4096,0,0,0.3261571526527405,0,66,1,66,66,66,66,0
4756,27.614331065759636,4096,0,0,0.325482577085495,0,66,1,66,66,66,66,0
4757,27.620136054421767,4096,0,0,0.31645944714546204,0,66,1,66,66,66,66,0
4758,27.625941043083902,4096,0,0,0.3299895226955414,0,66,1,66,66,66,66,0
4759,27.631746031746033,4096,0,0,0.3011827766895294,0,66,1,66,66,66,66,0
4760,27.637551020408164,4096,0,0,0.28826019167900085,0,66,1,66,66,66,66,0
4761,27.643356009070295,4096,0,0,0.32181626558303833,0,66,1,66,66,66,66,0
4762,27.649160997732427,4096,0,0,0.337228924036026,0,66,1,66,66,66,66,0
4763,27.654965986394558,4096,0,0,0.2717178761959076,0,66,1,66,66,66,66,0
4764,27.66077097505669,4096,0,0,0.12544845044612885,0,66,1,66,66,66,66,0
4765,27.66657596371882,4096,0,0,0.046329766511917114,0,66,0,66,66,66,66,0
4766,27.67238095238095,4096,0,0,0.02959698811173439,0,66,0,66,-1,-1,-1,0
4767,27.678185941043083,4096,0,0,0.02837631106376648,0,66,0,66,-1,-1,-1,0
4768,27.683990929705214,4096,0,0,0.027348168194293976,0,-1,0,66,-1,-1,-1,0
4769,27.68979591836735,4096,0,0,0.028913185000419617,0,-1,0,66,-1,-1,-1,0
4770,27.69560090702948,4096,0,0,0.03153933957219124,0,-1,0,66,-1,-1,-1,0
4771,27.70140589569161,4096,0,0,0.03064894489943981,0,-1,0,66,-1,-1,-1,0
4772,27.707210884353742,512,1,0,0.04623626545071602,0,-1,1,59,-1,-1,-1,0
4773,27.713015873015873,512,0,0,0.35045763850212097,0,-1,1,49,-1,-1,-1,0
4774,27.718820861678005,512,0,0,0.3681226372718811,0,64,1,64,-1,-1,-1,0
4775,27.724625850340136,1024,0,0,0.3825673758983612,0,64,1,64,64,64,64,0
4776,27.730430839002267,1024,0,1,0.36691007018089294,0,64,1,64,64,64,64,0
4777,27.736235827664398,2048,0,0,0.3507232666015625,0,64,1,64,64,64,64,0
4778,27.74204081632653,2048,0,0,0.35742875933647156,0,64,1,64,64,64,64,0
4779,27.74784580498866,2048,0,0,0.3633870482444763,0,64,1,64,64,64,64,0
4780,27.753650793650795,2048,0,0,0.34408077597618103,0,64,1,64,64,64,64,0
4781,27.759455782312926,4096,0,0,0.3281196653842926,0,64,0,64,64,64,64,0
4782,27.765260770975058,4096,0,0,0.32313886284828186,0,64,0,64,-1,-1,-1,0
4783,27.77106575963719,4096,0,0,0.3269827365875244,0,64,0,64,-1,-1,-1,0
4784,27.77687074829932,4096,0,0,0.3191733658313751,0,64,0,64,-1,-1,-1,0
4785,27.78267573696145,4096,0,0,0.34034600853919983,0,64,1,64,-1,-1,-1,0
4786,27.788480725623582,4096,0,0,0.3630073368549347,0,64,1,64,64,64,64,0
4787,27.794285714285714,4096,0,0,0.3840647041797638,0,64,1,64,64,64,64,0
4788,27.800090702947845,4096,0,0,0.3833809792995453,0,64,1,64,64,64,64,0
4789,27.805895691609976,4096,0,0,0.3617669343948364,0,64,1,64,64,64,64,0
4790,27.811700680272107,4096,0,0,0.3752574324607849,0,64,1,64,64,64,64,0
4791,27.817505668934242,4096,0,0,0.3752252161502838,0,64,1,64,64,64,64,0
4792,27.823310657596373,4096,0,0,0.3580363094806671,0,64,1,64,64,64,64,0
4793,27.829115646258504,4096,0,0,0.3270699679851532,0,64,1,64,64,64,64,0
4794,27.834920634920636,4096,0,0,0.32939544320106506,0,64,1,64,64,64,64,0
4795,27.840725623582767,4096,0,0,0.31816214323043823,0,64,1,64,64,64,64,0
4796,27.846530612244898,4096,0,0,0.3151147961616516,0,64,1,64,64,64,64,0
4797,27.85233560090703,4096,0,0,0.32618239521980286,0,64,1,64,64,64,64,0
4798,27.85814058956916,4096,0,0,0.3723128139972687,0,64,1,64,64,64,64,0
4799,27.86394557823129,4096,0,0,0.3701442778110504,0,64,1,64,64,64,64,0
4800,27.869750566893423,4096,0,0,0.37654125690460205,0,64,1,64,64,64,64,0
4801,27.875555555555554,4096,0,0,0.3631844222545624,0,64,1,64,64,64,64,0
4802,27.88136054421769,4096,0,0,0.3685421943664551,0,64,1,64,64,64,64,0
4803,27.88716553287982,4096,0,0,0.3623974919319153,0,64,1,64,64,64,64,0
4804,27.89297052154195,4096,0,0,0.36198949813842773,0,64,1,64,64,64,64,0
4805,27.898775510204082,4096,0,0,0.3264324963092804,0,64,1,64,64,64,64,0
4806,27.904580498866213,4096,0,0,0.3249131441116333,0,64,1,64,64,64,64,0
4807,27.910385487528345,4096,0,0,0.3183811902999878,0,64,1,64,64,64,64,0
4808,27.916190476190476,4096,0,0,0.3204585015773773,0,64,1,64,64,64,64,0
4809,27.921995464852607,4096,0,0,0.3282563388347626,0,64,1,64,64,64,64,0
4810,27.927800453514738,4096,0,0,0.3753945827484131,0,64,1,64,64,64,64,0
4811,27.93360544217687,4096,0,0,0.37460842728614807,0,64,1,64,64,64,64,0
4812,27.939410430839,4096,0,0,0.344097763299942,0,64,1,64,64,64,64,0
4813,27.945215419501135,4096,0,0,0.31869375705718994,0,64,1,64,64,64,64,0
4814,27.951020408163266,4096,0,0,0.2819720208644867,0,64,1,64,64,64,64,0
4815,27.956825396825398,4096,0,0,0.1961088925600052,0,64,1,64,64,64,64,0
4816,27.96263038548753,4096,0,0,0.11533696204423904,0,64,1,64,64,64,64,0
4817,27.96843537414966,4096,0,0,0.20346438884735107,0,64,1,64,64,64,64,0
4818,27.97424036281179,4096,0,0,0.2579655647277832,0,64,1,64,64,64,64,0
4819,27.980045351473922,4096,0,0,0.2535102069377899,0,64,1,64,64,64,64,0
4820,27.985850340136054,4096,0,0,0.19725430011749268,0,-1,0,64,64,64,64,0
4821,27.991655328798185,4096,0,0,0.21066153049468994,0,-1,0,64,-1,-1,-1,0
4822,27.997460317460316,4096,0,0,0.23833805322647095,0,-1,0,63,-1,-1,-1,0
4823,28.003265306122447,4096,0,0,0.21322941780090332,0,-1,0,63,-1,-1,-1,0
4824,28.009070294784582,4096,0,0,0.2563309669494629,0,-1,0,63,-1,-1,-1,0
4825,28.014875283446713,4096,0,0,0.23412823677062988,0,-1,0,63,-1,-1,-1,0
4826,28.020680272108844,4096,0,0,0.21764208376407623,0,62,0,63,-1,-1,-1,0
4827,28.026485260770976,4096,0,0,0.23508526384830475,0,62,0,62,-1,-1,-1,0
4828,28.032290249433107,4096,0,0,0.21118147671222687,0,62,0,62,-1,-1,-1,0
4829,28.038095238095238,4096,0,0,0.2366664707660675,0,62,0,62,-1,-1,-1,0
4830,28.04390022675737,4096,0,0,0.20461806654930115,0,62,0,62,-1,-1,-1,0
4831,28.0497052154195,4096,0,0,0.23088327050209045,0,62,0,62,-1,-1,-1,0
4832,28.05551020408163,4096,0,0,0.23695945739746094,0,62,0,62,-1,-1,-1,0
4833,28.061315192743763,4096,0,0,0.20445531606674194,0,62,0,62,-1,-1,-1,0
4834,28.067120181405894,4096,0,0,0.24395005404949188,0,62,0,62,-1,-1,-1,0
4835,28.07292517006803,4096,0,0,0.2129071056842804,0,62,0,62,-1,-1,-1,0
4836,28.07873015873016,4096,0,0,0.20650020241737366,0,62,0,62,-1,-1,-1,0
4837,28.08453514739229,4096,0,0,0.2096840888261795,0,62,0,62,-1,-1,-1,0
4838,28.090340136054422,4096,0,0,0.19952785968780518,0,62,0,62,-1,-1,-1,0
4839,28.096145124716553,4096,0,0,0.21068820357322693,0,62,0,62,-1,-1,-1,0
4840,28.101950113378685,4096,0,0,0.18283964693546295,0,62,0,62,-1,-1,-1,0
4841,28.107755102040816,4096,0,0,0.22780974209308624,0,62,0,62,-1,-1,-1,0
4842,28.113560090702947,4096,0,0,0.2047031968832016,0,62,0,62,-1,-1,-1,0
4843,28.11936507936508,4096,0,0,0.18582922220230103,0,62,0,62,-1,-1,-1,0
4844,28.12517006802721,4096,0,0,0.21030914783477783,0,62,0,62,-1,-1,-1,0
4845,28.130975056689344,4096,0,0,0.17067746818065643,0,62,0,62,-1,-1,-1,0
4846,28.136780045351475,4096,0,0,0.17455631494522095,0,62,0,62,-1,-1,-1,0
4847,28.142585034013607,4096,0,0,0.15158919990062714,0,-1,0,62,-1,-1,-1,0
4848,28.148390022675738,4096,0,0,0.16957947611808777,0,-1,0,62,-1,-1,-1,0
4849,28.15419501133787,4096,0,0,0.16193202137947083,0,-1,0,62,-1,-1,-1,0
4850,28.16,4096,0,0,0.1444687396287918,0,-1,0,62,-1,-1,-1,0
4851,28.16580498866213,4096,0,0,0.17389392852783203,0,-1,0,62,-1,-1,-1,0
4852,28.171609977324263,4096,0,0,0.14223569631576538,0,-1,0,62,-1,-1,-1,0
4853,28.177414965986394,4096,0,0,0.1485935002565384,0,-1,0,62,-1,-1,-1,0
4854,28.183219954648525,4096,0,0,0.13665556907653809,0,-1,0,62,-1,-1,-1,0
4855,28.189024943310656,4096,0,0,0.14993923902511597,0,-1,0,62,-1,-1,-1,0
4856,28.19482993197279,4096,0,0,0.14235176146030426,0,-1,0,62,-1,-1,-1,0
4857,28.200634920634922,4096,0,0,0.1326623260974884,0,-1,0,62,-1,-1,-1,0
4858,28.206439909297053,4096,0,0,0.1636131852865219,0,-1,0,62,-1,-1,-1,0
4859,28.212244897959184,4096,0,0,0.13739275932312012,0,-1,0,62,-1,-1,-1,0
4860,28.218049886621316,4096,0,0,0.14458300173282623,0,-1,0,62,-1,-1,-1,0
4861,28.223854875283447,4096,0,0,0.1332693248987198,0,-1,0,62,-1,-1,-1,0
4862,28.229659863945578,4096,0,0,0.1522364765405655,0,-1,0,62,-1,-1,-1,0
4863,28.23546485260771,4096,0,0,0.14937101304531097,0,-1,0,62,-1,-1,-1,0
4864,28.24126984126984,4096,0,0,0.13836558163166046,0,-1,0,62,-1,-1,-1,0
4865,28.24707482993197,4096,0,0,0.1645011156797409,0,-1,0,62,-1,-1,-1,0
4866,28.252879818594103,4096,0,0,0.13704222440719604,0,-1,0,62,-1,-1,-1,0
4867,28.258684807256238,4096,0,0,0.14411278069019318,0,-1,0,62,-1,-1,-1,0
4868,28.26448979591837,4096,0,0,0.13257107138633728,0,-1,0,62,-1,-1,-1,0
4869,28.2702947845805,4096,0,0,0.1488911658525467,0,-1,0,62,-1,-1,-1,0
4870,28.27609977324263,4096,0,0,0.14225023984909058,0,-1,0,62,-1,-1,-1,0
4871,28.281904761904762,4096,0,0,0.12700673937797546,0,-1,0,62,-1,-1,-1,0
4872,28.287709750566894,4096,0,0,0.15667083859443665,0,-1,0,62,-1,-1,-1,0
4873,28.293514739229025,4096,0,0,0.13185830414295197,0,-1,0,62,-1,-1,-1,0
4874,28.299319727891156,4096,0,0,0.1382579803466797,0,-1,0,62,-1,-1,-1,0
4875,28.305124716553287,4096,0,0,0.1321801096200943,0,-1,0,62,-1,-1,-1,0
4876,28.31092970521542,4096,0,0,0.1312609165906906,0,-1,0,62,-1,-1,-1,0
4877,28.31673469387755,4096,0,0,0.1357424259185791,0,-1,0,62,-1,-1,-1,0
4878,28.322539682539684,4096,0,0,0.1205117404460907,0,-1,0,62,-1,-1,-1,0
4879,28.328344671201815,4096,0,0,0.14823827147483826,0,-1,0,62,-1,-1,-1,0
4880,28.334149659863947,4096,0,0,0.12602776288986206,0,-1,0,62,-1,-1,-1,0
4881,28.339954648526078,4096,0,0,0.12645001709461212,0,-1,0,62,-1,-1,-1,0
4882,28.34575963718821,4096,0,0,0.13198834657669067,0,-1,0,62,-1,-1,-1,0
4883,28.35156462585034,4096,0,0,0.11604858934879303,0,-1,0,62,-1,-1,-1,0
4884,28.35736961451247,4096,0,0,0.12338598817586899,0,-1,0,62,-1,-1,-1,0
4885,28.363174603174603,4096,0,0,0.108453668653965,0,-1,0,62,-1,-1,-1,0
4886,28.368979591836734,4096,0,0,0.12983642518520355,0,-1,0,62,-1,-1,-1,0
4887,28.374784580498865,4096,0,0,0.1146763265132904,0,-1,0,62,-1,-1,-1,0
4888,28.380589569160996,4096,0,0,0.11121368408203125,0,-1,0,62,-1,-1,-1,0
4889,28.38639455782313,4096,0,0,0.12861016392707825,0,-1,0,62,-1,-1,-1,0
4890,28.392199546485262,4096,0,0,0.10762551426887512,0,-1,0,62,-1,-1,-1,0
4891,28.398004535147393,4096,0,0,0.11783834546804428,0,-1,0,62,-1,-1,-1,0
4892,28.403809523809525,4096,0,0,0.10850219428539276,0,-1,0,62,-1,-1,-1,0
4893,28.409614512471656,4096,0,0,0.11803290992975235,0,-1,0,62,-1,-1,-1,0
4894,28.415419501133787,4096,0,0,0.1132340207695961,0,-1,0,62,-1,-1,-1,0
4895,28.421224489795918,4096,0,0,0.10333015024662018,0,-1,0,62,-1,-1,-1,0
4896,28.42702947845805,4096,0,0,0.12393669784069061,0,-1,0,62,-1,-1,-1,0
4897,28.43283446712018,4096,0,0,0.10223574191331863,0,-1,0,62,-1,-1,-1,0
4898,28.43863945578231,4096,0,0,0.10634079575538635,0,-1,0,62,-1,-1,-1,0
4899,28.444444444444443,4096,0,0,0.10737933218479156,0,-1,0,62,-1,-1,-1,0
4900,28.450249433106578,4096,0,0,0.10116206854581833,0,-1,0,62,-1,-1,-1,0
4901,28.45605442176871,4096,0,0,0.10288777947425842,0,-1,0,62,-1,-1,-1,0
4902,28.46185941043084,4096,0,0,0.09192123264074326,0,-1,0,62,-1,-1,-1,0
4903,28.46766439909297,4096,0,0,0.11281043291091919,0,-1,0,62,-1,-1,-1,0
4904,28.473469387755102,4096,0,0,0.09807009994983673,0,-1,0,62,-1,-1,-1,0
4905,28.479274376417234,4096,0,0,0.0973811149597168,0,-1,0,62,-1,-1,-1,0
4906,28.485079365079365,4096,0,0,0.1078416109085083,0,-1,0,62,-1,-1,-1,0
4907,28.490884353741496,4096,0,0,0.0914216861128807,0,-1,0,62,-1,-1,-1,0
4908,28.496689342403627,4096,0,0,0.09825856983661652,0,-1,0,62,-1,-1,-1,0
4909,28.50249433106576,4096,0,0,0.0891946330666542,0,-1,0,62,-1,-1,-1,0
4910,28.50829931972789,4096,0,0,0.09881683439016342,0,-1,0,62,-1,-1,-1,0
4911,28.514104308390024,4096,0,0,0.09295544773340225,0,-1,0,62,-1,-1,-1,0
4912,28.519909297052155,4096,0,0,0.08857148885726929,0,-1,0,62,-1,-1,-1,0
4913,28.525714285714287,4096,0,0,0.10238312929868698,0,-1,0,62,-1,-1,-1,0
4914,28.531519274376418,4096,0,0,0.08487961441278458,0,-1,0,62,-1,-1,-1,0
4915,28.53732426303855,4096,0,0,0.0909431055188179,0,-1,0,62,-1,-1,-1,0
4916,28.54312925170068,4096,0,0,0.08733763545751572,0,-1,0,62,-1,-1,-1,0
4917,28.54893424036281,4096,0,0,0.08712361752986908,0,-1,0,62,-1,-1,-1,0
4918,28.554739229024943,4096,0,0,0.08686227351427078,0,-1,0,62,-1,-1,-1,0
4919,28.560544217687074,4096,0,0,0.07856423407793045,0,-1,0,62,-1,-1,-1,0
4920,28.566349206349205,4096,0,0,0.09446991235017776,0,-1,0,62,-1,-1,-1,0
4921,28.572154195011336,4096,0,0,0.08214832097291946,0,-1,0,62,-1,-1,-1,0
4922,28.57795918367347,4096,0,0,0.08369164913892746,0,-1,0,62,-1,-1,-1,0
4923,28.583764172335602,4096,0,0,0.08703383058309555,0,-1,0,62,-1,-1,-1,0
4924,28.589569160997733,4096,0,0,0.07788510620594025,0,-1,0,62,-1,-1,-1,0
4925,28.595374149659865,4096,0,0,0.08354853838682175,0,-1,0,62,-1,-1,-1,0
4926,28.601179138321996,4096,0,0,0.07567569613456726,0,-1,0,62,-1,-1,-1,0
4927,28.606984126984127,4096,0,0,0.08680199086666107,0,-1,0,62,-1,-1,-1,0
4928,28.612789115646258,4096,0,0,0.07888548821210861,0,-1,0,62,-1,-1,-1,0
4929,28.61859410430839,4096,0,0,0.07670021802186966,0,-1,0,62,-1,-1,-1,0
4930,28.62439909297052,4096,0,0,0.08542405068874359,0,-1,0,62,-1,-1,-1,0
4931,28.63020408163265,4096,0,0,0.0732521340250969,0,-1,0,62,-1,-1,-1,0
4932,28.636009070294783,4096,0,0,0.07688893377780914,0,-1,0,62,-1,-1,-1,0
4933,28.641814058956918,4096,0,0,0.07285929471254349,0,-1,0,62,-1,-1,-1,0
4934,28.64761904761905,4096,0,0,0.07602140307426453,0,-1,0,62,-1,-1,-1,0
4935,28.65342403628118,4096,0,0,0.0723876878619194,0,-1,0,62,-1,-1,-1,0
4936,28.65922902494331,4096,0,0,0.06714768707752228,0,-1,0,62,-1,-1,-1,0
4937,28.665034013605442,4096,0,0,0.07585634291172028,0,-1,0,62,-1,-1,-1,0
4938,28.670839002267574,4096,0,0,0.0495091937482357,0,-1,0,62,-1,-1,-1,0
4939,28.676643990929705,4096,0,0,0.03509801998734474,0,-1,0,62,-1,-1,-1,0
4940,28.682448979591836,4096,0,0,0.028802121058106422,0,-1,0,62,-1,-1,-1,0
4941,28.688253968253967,4096,0,0,0.02795124612748623,0,-1,0,62,-1,-1,-1,0
4942,28.6940589569161,4096,0,0,0.02752532996237278,0,-1,0,62,-1,-1,-1,0
4943,28.69986394557823,4096,0,0,0.027879979461431503,0,-1,0,62,-1,-1,-1,0
4944,28.705668934240364,4096,0,0,0.029336920008063316,0,-1,0,62,-1,-1,-1,0
4945,28.711473922902496,4096,0,0,0.03123084455728531,0,-1,0,62,-1,-1,-1,0
4946,28.717278911564627,512,1,0,0.0629323422908783,0,-1,1,49,-1,-1,-1,0
4947,28.723083900226758,512,0,0,0.4155620336532593,0,-1,1,45,-1,-1,-1,0
4948,28.72888888888889,512,0,0,0.48582714796066284,0,59,1,59,-1,-1,-1,0
4949,28.73469387755102,1024,0,0,0.3770214021205902,0,59,1,59,59,59,59,0
4950,28.74049886621315,1024,0,1,0.446827232837677,0,59,1,59,59,59,59,0
4951,28.746303854875283,2048,0,0,0.3829303979873657,0,59,1,59,59,59,59,0
4952,28.752108843537414,2048,0,0,0.48002034425735474,0,59,1,59,59,59,59,0
4953,28.757913832199545,2048,0,0,0.47974762320518494,0,59,1,59,59,59,59,0
4954,28.763718820861676,2048,0,0,0.4061277210712433,0,59,1,59,59,59,59,0
4955,28.76952380952381,4096,0,0,0.478310763835907,0,59,0,59,59,59,59,0
4956,28.775328798185942,4096,0,0,0.37095120549201965,0,59,0,59,-1,-1,-1,0
4957,28.781133786848073,4096,0,0,0.4522831439971924,0,59,0,59,-1,-1,-1,0
4958,28.786938775510205,4096,0,0,0.39410632848739624,0,59,1,59,-1,-1,-1,0
4959,28.792743764172336,4096,0,0,0.4281090497970581,0,59,1,59,59,59,59,0
4960,28.798548752834467,4096,0,0,0.39287593960762024,0,59,1,59,59,59,59,0
4961,28.804353741496598,4096,0,0,0.42037132382392883,0,59,1,59,59,59,59,0
4962,28.81015873015873,4096,0,0,0.4657287895679474,0,59,1,59,59,59,59,0
4963,28.81596371882086,4096,0,0,0.3783959448337555,0,59,1,59,59,59,59,0
4964,28.821768707482992,4096,0,0,0.4574548006057739,0,59,1,59,59,59,59,0
4965,28.827573696145123,4096,0,0,0.35903921723365784,0,59,1,59,59,59,59,0
4966,28.833378684807258,4096,0,0,0.39798757433891296,0,59,1,59,59,59,59,0
4967,28.83918367346939,4096,0,0,0.32683414220809937,0,-1,1,59,59,59,59,0
4968,28.84498866213152,4096,0,0,0.36336278915405273,0,60,1,59,59,59,59,0
4969,28.85079365079365,4096,0,0,0.32023176550865173,0,60,1,59,59,59,59,0
4970,28.856598639455783,4096,0,1,0.34956344962120056,0,60,1,59,59,59,59,0
4971,28.862403628117914,4096,0,0,0.3149598240852356,0,60,1,59,59,59,59,0
4972,28.868208616780045,4096,0,0,0.3386596143245697,0,60,1,59,59,59,59,0
4973,28.874013605442176,4096,0,0,0.29292386770248413,0,60,1,59,59,59,59,0
4974,28.879818594104307,4096,0,0,0.3345056176185608,0,60,1,59,59,59,59,0
4975,28.88562358276644,4096,0,0,0.305687814950943,0,60,1,60,59,59,59,0
4976,28.89142857142857,4096,0,0,0.30526646971702576,0,60,1,60,60,59,59,0
4977,28.897233560090704,4096,0,0,0.3076145648956299,0,60,1,60,60,59,59,0
4978,28.903038548752836,4096,0,0,0.28474003076553345,0,60,1,60,60,59,59,0
4979,28.908843537414967,4096,0,0,0.308126300573349,0,60,1,60,60,59,59,0
4980,28.914648526077098,4096,0,0,0.3096044361591339,0,60,1,60,60,59,59,0
4981,28.92045351473923,4096,0,0,0.30699673295021057,0,60,1,60,60,59,59,0
4982,28.92625850340136,4096,0,0,0.3504546880722046,0,60,1,60,60,59,59,0
4983,28.93206349206349,4096,0,0,0.30295929312705994,0,60,1,60,60,59,59,0
4984,28.937868480725623,4096,0,0,0.37411531805992126,0,60,1,60,60,59,59,0
4985,28.943673469387754,4096,0,0,0.31341734528541565,0,-1,1,60,60,59,59,0
4986,28.949478458049885,4096,0,0,0.3293425738811493,0,59,1,60,60,59,59,0
4987,28.955283446712016,4096,0,0,0.2363409399986267,0,59,1,60,60,59,59,0
4988,28.96108843537415,4096,0,1,0.21163636445999146,0,59,1,60,60,59,59,0
4989,28.966893424036282,4096,0,0,0.1627212017774582,0,59,1,60,60,59,59,0
4990,28.972698412698414,4096,0,0,0.12193077802658081,0,59,0,60,60,59,59,0
4991,28.978503401360545,4096,0,0,0.11531000584363937,0,59,0,60,-1,-1,-1,0
4992,28.984308390022676,4096,0,0,0.10434386879205704,0,59,0,60,-1,-1,-1,0
4993,28.990113378684807,4096,0,0,0.11137094348669052,0,59,0,60,-1,-1,-1,0
4994,28.99591836734694,4096,0,0,0.10653594881296158,0,59,0,59,-1,-1,-1,0
4995,29.00172335600907,4096,0,0,0.11890960484743118,0,59,0,59,-1,-1,-1,0
4996,29.0075283446712,4096,0,0,0.1101279929280281,0,59,0,59,-1,-1,-1,0
4997,29.013333333333332,4096,0,0,0.10651684552431107,0,59,0,59,-1,-1,-1,0
4998,29.019138321995467,4096,0,0,0.1011427715420723,0,59,0,59,-1,-1,-1,0
4999,29.024943310657598,4096,0,0,0.08947943150997162,0,59,0,59,-1,-1,-1,0
5000,29.03074829931973,4096,0,0,0.09184259176254272,0,59,0,59,-1,-1,-1,0
5001,29.03655328798186,4096,0,0,0.08915790915489197,0,59,0,59,-1,-1,-1,0
5002,29.04235827664399,4096,0,0,0.10355653613805771,0,59,0,59,-1,-1,-1,0
5003,29.048163265306123,4096,0,0,0.09323672950267792,0,59,0,59,-1,-1,-1,0
5004,29.053968253968254,4096,0,0,0.10590337961912155,0,59,0,59,-1,-1,-1,0
5005,29.059773242630385,4096,0,0,0.09870405495166779,0,59,0,59,-1,-1,-1,0
5006,29.065578231292516,4096,0,0,0.09152057021856308,0,59,0,59,-1,-1,-1,0
5007,29.071383219954647,4096,0,0,0.08617899566888809,0,59,0,59,-1,-1,-1,0
5008,29.07718820861678,4096,0,0,0.08353081345558167,0,59,0,59,-1,-1,-1,0
5009,29.082993197278913,4096,0,0,0.08961689472198486,0,59,0,59,-1,-1,-1,0
5010,29.088798185941044,4096,0,0,0.08264083415269852,0,59,0,59,-1,-1,-1,0
5011,29.094603174603176,4096,0,0,0.0948658362030983,0,59,0,59,-1,-1,-1,0
5012,29.100408163265307,4096,0,0,0.10729366540908813,0,59,0,59,-1,-1,-1,0
5013,29.106213151927438,4096,0,0,0.10192164778709412,0,59,0,59,-1,-1,-1,0
5014,29.11201814058957,4096,0,0,0.06171615421772003,0,59,0,59,-1,-1,-1,0
5015,29.1178231292517,4096,0,0,0.06516559422016144,0,59,0,59,-1,-1,-1,0
5016,29.12362811791383,4096,0,0,0.06731283664703369,0,59,0,59,-1,-1,-1,0
5017,29.129433106575963,4096,0,0,0.06776493787765503,0,59,0,59,-1,-1,-1,0
5018,29.135238095238094,512,1,0,0.06046729162335396,0,59,1,59,-1,-1,-1,0
5019,29.141043083900225,512,0,0,0.04038602113723755,0,59,1,59,59,59,59,0
5020,29.14684807256236,512,0,0,0.03751090541481972,0,59,1,59,59,59,59,0
5021,29.15265306122449,1024,0,0,0.032704971730709076,0,59,1,59,59,59,59,0
5022,29.158458049886622,1024,0,0,0.03338834270834923,0,59,1,59,59,59,59,0
5023,29.164263038548754,2048,0,0,0.03412950783967972,0,59,0,59,59,59,59,0
5024,29.170068027210885,2048,0,0,0.051794812083244324,0,59,1,59,59,59,59,0
5025,29.175873015873016,2048,0,0,0.29361239075660706,0,59,1,59,59,59,59,0
5026,29.181678004535147,2048,0,0,0.3593432307243347,0,-1,1,59,59,59,59,0
5027,29.18748299319728,4096,0,0,0.35974887013435364,0,57,0,59,59,59,59,0
5028,29.19328798185941,4096,0,0,0.2622291147708893,0,57,0,59,-1,-1,-1,0
5029,29.19909297052154,4096,0,1,0.32370230555534363,0,57,0,59,-1,-1,-1,0
5030,29.204897959183672,4096,0,0,0.31637248396873474,0,57,0,57,-1,-1,-1,0
5031,29.210702947845807,4096,0,0,0.2713863253593445,0,57,0,57,-1,-1,-1,0
5032,29.216507936507938,4096,0,0,0.2760889530181885,0,57,0,57,-1,-1,-1,0
5033,29.22231292517007,4096,0,0,0.31634509563446045,0,57,0,57,-1,-1,-1,0
5034,29.2281179138322,4096,0,0,0.3432030975818634,0,57,0,57,-1,-1,-1,0
5035,29.23392290249433,4096,0,0,0.25668707489967346,0,57,0,57,-1,-1,-1,0
5036,29.239727891156463,4096,0,0,0.2843649387359619,0,57,0,57,-1,-1,-1,0
5037,29.245532879818594,4096,0,0,0.28848710656166077,0,57,0,57,-1,-1,-1,0
5038,29.251337868480725,4096,0,0,0.28910964727401733,0,57,1,57,-1,-1,-1,0
5039,29.257142857142856,4096,0,0,0.24372373521327972,0,57,1,57,57,57,57,0
5040,29.262947845804987,4096,0,0,0.2776419222354889,0,57,1,57,57,57,57,0
5041,29.26875283446712,4096,0,0,0.2859741151332855,0,57,1,57,57,57,57,0
5042,29.274557823129253,4096,0,0,0.20155289769172668,0,57,1,57,57,57,57,0
5043,29.280362811791385,4096,0,0,0.20579737424850464,0,57,1,57,57,57,57,0
5044,29.286167800453516,4096,0,0,0.22965450584888458,0,57,1,57,57,57,57,0
5045,29.291972789115647,4096,0,0,0.22643102705478668,0,57,1,57,57,57,57,0
5046,29.297777777777778,4096,0,0,0.17370085418224335,0,57,1,57,57,57,57,0
5047,29.30358276643991,4096,0,0,0.18814314901828766,0,57,1,57,57,57,57,0
5048,29.30938775510204,4096,0,0,0.18278473615646362,0,57,1,57,57,57,57,0
5049,29.31519274376417,4096,0,0,0.15351441502571106,0,-1,1,57,57,57,57,0
5050,29.320997732426303,4096,0,0,0.14439277350902557,0,-1,1,57,57,57,57,0
5051,29.326802721088434,4096,0,0,0.16646932065486908,0,-1,1,57,57,57,57,0
5052,29.332607709750565,4096,0,0,0.1680717021226883,0,-1,1,57,57,57,57,0
5053,29.3384126984127,4096,0,0,0.11337140947580338,0,-1,1,57,57,57,57,0
5054,29.34421768707483,4096,0,0,0.1133347675204277,0,-1,1,57,57,57,57,0
5055,29.350022675736962,4096,0,0,0.13041222095489502,0,-1,1,57,57,57,57,0
5056,29.355827664399094,4096,0,0,0.12089312076568604,0,-1,1,57,57,57,57,0
5057,29.361632653061225,4096,0,0,0.10097067058086395,0,-1,1,57,57,57,57,0
5058,29.367437641723356,4096,0,0,0.10670297592878342,0,-1,1,57,57,57,57,0
5059,29.373242630385487,4096,0,0,0.11143074184656143,0,-1,1,57,57,57,57,0
5060,29.37904761904762,4096,0,0,0.08419765532016754,0,-1,1,57,57,57,57,0
5061,29.38485260770975,4096,0,0,0.08132097125053406,0,-1,1,57,57,57,57,0
5062,29.39065759637188,4096,0,0,0.09603509306907654,0,-1,1,57,57,57,57,0
5063,29.396462585034012,4096,0,0,0.10039183497428894,0,-1,1,57,57,57,57,0
5064,29.402267573696147,4096,0,0,0.09093959629535675,0,-1,1,57,57,57,57,0
5065,29.408072562358278,4096,0,0,0.07883282750844955,0,-1,1,57,57,57,57,0
5066,29.41387755102041,512,1,0,0.04514197260141373,0,-1,1,45,57,57,57,0
5067,29.41968253968254,512,0,0,0.03120988979935646,0,-1,1,59,57,57,57,0
5068,29.42548752834467,512,0,0,0.028220999985933304,0,-1,0,59,57,57,57,0
5069,29.431292517006803,1024,0,0,0.027353955432772636,0,-1,0,59,-1,-1,-1,0
5070,29.437097505668934,1024,0,0,0.027808239683508873,0,-1,0,59,-1,-1,-1,0
5071,29.442902494331065,2048,0,0,0.03613422065973282,0,-1,0,59,-1,-1,-1,0
5072,29.448707482993196,2048,0,0,0.3286093473434448,0,-1,1,59,-1,-1,-1,0
5073,29.454512471655327,2048,0,0,0.3116443455219269,0,-1,1,59,59,59,59,0
5074,29.46031746031746,2048,0,0,0.3416769802570343,0,55,1,55,59,59,59,0
5075,29.466122448979593,4096,0,0,0.37462538480758667,0,55,0,57,59,59,59,0
5076,29.471927437641725,4096,0,1,0.3624369502067566,0,55,0,56,-1,-1,-1,0
5077,29.477732426303856,4096,0,0,0.2911616563796997,0,55,0,56,-1,-1,-1,0
5078,29.483537414965987,4096,0,0,0.3004821836948395,0,55,0,55,-1,-1,-1,0
5079,29.489342403628118,4096,0,0,0.2953963577747345,0,55,0,55,-1,-1,-1,0
5080,29.49514739229025,4096,0,0,0.34176498651504517,0,55,0,55,-1,-1,-1,0
5081,29.50095238095238,4096,0,0,0.3509567677974701,0,55,0,55,-1,-1,-1,0
5082,29.506757369614512,4096,0,0,0.32674330472946167,0,55,0,55,-1,-1,-1,0
5083,29.512562358276643,4096,0,0,0.35925915837287903,0,55,0,55,-1,-1,-1,0
5084,29.518367346938774,4096,0,0,0.3125419318675995,0,55,1,55,-1,-1,-1,0
5085,29.524172335600905,4096,0,0,0.28248944878578186,0,55,1,55,55,55,55,0
5086,29.52997732426304,4096,0,0,0.2807926535606384,0,55,1,55,55,55,55,0
5087,29.53578231292517,4096,0,0,0.2855827808380127,0,55,1,55,55,55,55,0
5088,29.541587301587303,4096,0,0,0.30651652812957764,0,55,1,55,55,55,55,0
5089,29.547392290249434,4096,0,0,0.263924777507782,0,55,1,55,55,55,55,0
5090,29.553197278911565,4096,0,0,0.2865939140319824,0,55,1,55,55,55,55,0
5091,29.559002267573696,4096,0,0,0.24004104733467102,0,55,1,55,55,55,55,0
5092,29.564807256235827,4096,0,0,0.19659772515296936,0,55,1,55,55,55,55,0
5093,29.57061224489796,4096,0,0,0.19332003593444824,0,-1,1,55,55,55,55,0
5094,29.57641723356009,4096,0,0,0.20160527527332306,0,-1,1,55,55,55,55,0
5095,29.58222222222222,4096,0,0,0.23363566398620605,0,-1,1,55,55,55,55,0
5096,29.588027210884352,4096,0,0,0.18730053305625916,0,-1,1,55,55,55,55,0
5097,29.593832199546487,4096,0,0,0.18940062820911407,0,-1,1,55,55,55,55,0
5098,29.599637188208618,4096,0,0,0.15721535682678223,0,-1,1,55,55,55,55,0
5099,29.60544217687075,4096,0,0,0.1397101730108261,0,-1,1,55,55,55,55,0
5100,29.61124716553288,4096,0,0,0.14732812345027924,0,-1,1,55,55,55,55,0
5101,29.61705215419501,4096,0,0,0.16429221630096436,0,-1,1,55,55,55,55,0
5102,29.622857142857143,4096,0,0,0.20603154599666595,0,-1,1,55,55,55,55,0
5103,29.628662131519274,4096,0,0,0.16419535875320435,0,-1,1,55,55,55,55,0
5104,29.634467120181405,4096,0,0,0.17498822510242462,0,-1,1,55,55,55,55,0
5105,29.640272108843536,4096,0,0,0.15613310039043427,0,-1,1,55,55,55,55,0
5106,29.646077097505668,4096,0,0,0.1500042974948883,0,-1,1,55,55,55,55,0
5107,29.6518820861678,4096,0,0,0.1630684733390808,0,-1,1,55,55,55,55,0
5108,29.657687074829933,4096,0,0,0.16578325629234314,0,-1,1,55,55,55,55,0
5109,29.663492063492065,4096,0,0,0.207686185836792,0,-1,1,55,55,55,55,0
5110,29.669297052154196,4096,0,0,0.16595083475112915,0,-1,1,55,55,55,55,0
5111,29.675102040816327,4096,0,0,0.15758724510669708,0,-1,1,55,55,55,55,0
5112,29.68090702947846,4096,0,0,0.1358603984117508,0,-1,1,55,55,55,55,0
5113,29.68671201814059,4096,0,0,0.13157488405704498,0,-1,1,55,55,55,55,0
5114,29.69251700680272,4096,0,0,0.13921085000038147,0,-1,1,55,55,55,55,0
5115,29.698321995464852,4096,0,0,0.13416384160518646,0,-1,1,55,55,55,55,0
5116,29.704126984126983,4096,0,0,0.1701459288597107,0,-1,1,55,55,55,55,0
5117,29.709931972789114,4096,0,0,0.1477837860584259,0,-1,1,55,55,55,55,0
5118,29.715736961451245,4096,0,0,0.12621068954467773,0,-1,1,55,55,55,55,0
5119,29.72154195011338,4096,0,0,0.11128190159797668,0,-1,1,55,55,55,55,0
5120,29.72734693877551,4096,0,0,0.10237683355808258,0,-1,1,55,55,55,55,0
5121,29.733151927437643,4096,0,0,0.11290338635444641,0,-1,1,55,55,55,55,0
5122,29.738956916099774,4096,0,0,0.10866870731115341,0,-1,1,55,55,55,55,0
5123,29.744761904761905,4096,0,0,0.12805484235286713,0,-1,1,55,55,55,55,0
5124,29.750566893424036,4096,0,0,0.12449491024017334,0,-1,1,55,55,55,55,0
5125,29.756371882086167,4096,0,0,0.09294379502534866,0,-1,1,55,55,55,55,0
5126,29.7621768707483,4096,0,0,0.09089082479476929,0,-1,1,55,55,55,55,0
5127,29.76798185941043,4096,0,0,0.08277805894613266,0,-1,1,55,55,55,55,0
5128,29.77378684807256,4096,0,0,0.08830685168504715,0,-1,1,55,55,55,55,0
5129,29.779591836734692,4096,0,0,0.08892270922660828,0,-1,1,55,55,55,55,0
5130,29.785396825396827,4096,0,0,0.0907144770026207,0,-1,1,55,55,55,55,0
5131,29.791201814058958,4096,0,0,0.10144422948360443,0,-1,1,55,55,55,55,0
5132,29.79700680272109,4096,0,0,0.07211346924304962,0,-1,1,55,55,55,55,0
5133,29.80281179138322,4096,0,0,0.07229404151439667,0,-1,1,55,55,55,55,0
5134,29.80861678004535,4096,0,0,0.06778265535831451,0,-1,1,55,55,55,55,0
5135,29.814421768707483,4096,0,0,0.07082875072956085,0,-1,1,55,55,55,55,0
5136,29.820226757369614,4096,0,0,0.07460890710353851,0,-1,1,55,55,55,55,0
5137,29.826031746031745,4096,0,0,0.0685901865363121,0,-1,1,55,55,55,55,0
5138,29.831836734693876,4096,0,0,0.08047845214605331,0,-1,1,55,55,55,55,0
5139,29.837641723356008,4096,0,0,0.05917246267199516,0,-1,1,55,55,55,55,0
5140,29.843446712018142,4096,0,0,0.061135098338127136,0,-1,1,55,55,55,55,0
5141,29.849251700680274,4096,0,0,0.05507778003811836,0,-1,1,55,55,55,55,0
5142,29.855056689342405,4096,0,0,0.05424339324235916,0,-1,1,55,55,55,55,0
5143,29.860861678004536,4096,0,0,0.06103561073541641,0,-1,1,55,55,55,55,0
5144,29.866666666666667,4096,0,0,0.0552690327167511,0,-1,1,55,55,55,55,0
5145,29.8724716553288,4096,0,0,0.06264280527830124,0,-1,1,55,55,55,55,0
5146,29.87827664399093,4096,0,0,0.052242252975702286,0,-1,1,55,55,55,55,0
5147,29.88408163265306,4096,0,0,0.050378747284412384,0,-1,1,55,55,55,55,0
5148,29.889886621315192,4096,0,0,0.0475742369890213,0,-1,1,55,55,55,55,0
5149,29.895691609977323,512,1,0,0.048476386815309525,0,-1,1,55,55,55,55,0
5150,29.901496598639454,512,0,0,0.05169566720724106,0,-1,1,55,55,55,55,0
5151,29.90730158730159,512,0,0,0.04791610315442085,0,-1,1,55,55,55,55,0
5152,29.91310657596372,1024,0,0,0.052474070340394974,0,-1,1,55,55,55,55,0
5153,29.91891156462585,1024,0,0,0.04556651785969734,0,-1,1,55,55,55,55,0
5154,29.924716553287983,2048,0,0,0.04387607052922249,0,-1,1,55,55,55,55,0
5155,29.930521541950114,2048,0,0,0.04321064054965973,0,-1,1,55,55,55,55,0
5156,29.936326530612245,2048,0,0,0.044811736792325974,0,-1,1,55,55,55,55,0
5157,29.942131519274376,2048,0,0,0.04933467507362366,0,-1,1,55,55,55,55,0
5158,29.947936507936507,4096,0,0,0.04626636207103729,0,-1,1,55,55,55,55,0
5159,29.95374149659864,4096,0,0,0.04806273430585861,0,-1,1,55,55,55,55,0
5160,29.95954648526077,4096,0,0,0.04620515927672386,0,-1,1,55,55,55,55,0
5161,29.9653514739229,4096,0,0,0.04327067360281944,0,-1,1,55,55,55,55,0
5162,29.971156462585036,4096,0,0,0.04408755898475647,0,-1,1,55,55,55,55,0
5163,29.976961451247167,4096,0,0,0.04615115001797676,0,-1,1,55,55,55,55,0
5164,29.982766439909298,512,1,0,0.04646214842796326,0,-1,1,55,55,55,55,0
5165,29.98857142857143,512,0,0,0.04475272074341774,0,-1,1,55,55,55,55,0
5166,29.99437641723356,512,0,0,0.04499809071421623,0,-1,1,55,55,55,55,0
5167,30.00018140589569,1024,0,0,0.04869077354669571,0,-1,1,55,55,55,55,0
5168,30.005986394557823,1024,0,0,0.04228852689266205,0,-1,1,55,55,55,55,0
5169,30.011791383219954,2048,0,0,0.04042082652449608,0,-1,1,55,55,55,55,0
5170,30.017596371882085,2048,0,0,0.03621185943484306,0,-1,1,55,55,55,55,0
5171,30.023401360544216,2048,0,0,0.031991466879844666,0,-1,1,55,55,55,55,0
5172,30.029206349206348,2048,0,0,0.03119933232665062,0,-1,1,55,55,55,55,0
5173,30.035011337868482,4096,0,0,0.03471635654568672,0,-1,0,55,55,55,55,0
5174,30.040816326530614,4096,0,0,0.04069839045405388,0,-1,0,55,-1,-1,-1,0
5175,30.046621315192745,4096,0,0,0.04069831594824791,0,-1,0,55,-1,-1,-1,0
5176,30.052426303854876,4096,0,0,0.03464873880147934,0,-1,0,55,-1,-1,-1,0
5177,30.058231292517007,4096,0,0,0.03096734546124935,0,-1,0,55,-1,-1,-1,0
5178,30.06403628117914,4096,0,0,0.02948644943535328,0,-1,0,55,-1,-1,-1,0
5179,30.06984126984127,4096,0,0,0.028996696695685387,0,-1,0,55,-1,-1,-1,0
5180,30.0756462585034,4096,0,0,0.030171986669301987,0,-1,0,55,-1,-1,-1,0
5181,30.081451247165532,4096,0,0,0.03148634731769562,0,-1,0,55,-1,-1,-1,0
5182,30.087256235827663,4096,0,0,0.030188247561454773,0,-1,0,55,-1,-1,-1,0
5183,30.093061224489794,4096,0,0,0.03029523976147175,0,-1,0,55,-1,-1,-1,0
5184,30.09886621315193,4096,0,0,0.031286511570215225,0,-1,0,55,-1,-1,-1,0
5185,30.10467120181406,4096,0,0,0.030366435647010803,0,-1,0,55,-1,-1,-1,0
5186,30.11047619047619,4096,0,0,0.03141342103481293,0,-1,0,55,-1,-1,-1,0
5187,30.116281179138323,4096,0,0,0.031042857095599174,0,-1,0,55,-1,-1,-1,0
5188,30.122086167800454,4096,0,0,0.030253242701292038,0,-1,0,55,-1,-1,-1,0
5189,30.127891156462585,4096,0,0,0.03040960244834423,0,-1,0,55,-1,-1,-1,0
5190,30.133696145124716,4096,0,0,0.032624904066324234,0,-1,0,56,-1,-1,-1,0
5191,30.139501133786847,4096,0,0,0.03272368013858795,0,-1,0,59,-1,-1,-1,0
5192,30.14530612244898,4096,0,0,0.034411508589982986,0,-1,0,59,-1,-1,-1,0
5193,30.15111111111111,4096,0,0,0.031078031286597252,0,-1,0,59,-1,-1,-1,0
5194,30.15691609977324,4096,0,0,0.028113218024373055,0,-1,0,59,-1,-1,-1,0
5195,30.162721088435376,4096,0,0,0.02773941308259964,0,-1,0,59,-1,-1,-1,0
5196,30.168526077097507,4096,0,0,0.02719421498477459,0,-1,0,59,-1,-1,-1,0
5197,30.174331065759638,4096,0,0,0.02717226929962635,0,-1,0,59,-1,-1,-1,0
5198,30.18013605442177,4096,0,0,0.027544772252440453,0,-1,0,59,-1,-1,-1,0
5199,30.1859410430839,4096,0,0,0.027257569134235382,0,-1,0,59,-1,-1,-1,0
5200,30.19174603174603,4096,0,0,0.02725905552506447,0,-1,0,59,-1,-1,-1,0
5201,30.197551020408163,4096,0,0,0.02713283710181713,0,-1,0,59,-1,-1,-1,0
5202,30.203356009070294,4096,0,0,0.02734561450779438,0,-1,0,59,-1,-1,-1,0
5203,30.209160997732425,4096,0,0,0.027526702731847763,0,-1,0,59,-1,-1,-1,0
5204,30.214965986394557,4096,0,0,0.027493789792060852,0,-1,0,59,-1,-1,-1,0
5205,30.220770975056688,4096,0,0,0.02794046513736248,0,-1,0,59,-1,-1,-1,0
5206,30.226575963718822,4096,0,0,0.02785668894648552,0,-1,0,59,-1,-1,-1,0
5207,30.232380952380954,4096,0,0,0.027696948498487473,0,-1,0,59,-1,-1,-1,0
5208,30.238185941043085,4096,0,0,0.02771090343594551,0,-1,0,59,-1,-1,-1,0
5209,30.243990929705216,4096,0,0,0.027486873790621758,0,-1,0,59,-1,-1,-1,0
5210,30.249795918367347,4096,0,0,0.027767224237322807,0,-1,0,59,-1,-1,-1,0
5211,30.25560090702948,4096,0,0,0.027991922572255135,0,-1,0,59,-1,-1,-1,0
5212,30.26140589569161,4096,0,0,0.027777327224612236,0,-1,0,59,-1,-1,-1,0
5213,30.26721088435374,4096,0,0,0.027855969965457916,0,-1,0,59,-1,-1,-1,0
5214,30.273015873015872,4096,0,0,0.028287505730986595,0,-1,0,59,-1,-1,-1,0
5215,30.278820861678003,4096,0,0,0.028191355988383293,0,-1,0,59,-1,-1,-1,0
5216,30.284625850340134,4096,0,0,0.028510795906186104,0,-1,0,59,-1,-1,-1,0
5217,30.29043083900227,4096,0,0,0.028719047084450722,0,-1,0,59,-1,-1,-1,0
5218,30.2962358276644,4096,0,0,0.028089536353945732,0,-1,0,59,-1,-1,-1,0
5219,30.30204081632653,4096,0,0,0.02761182375252247,0,-1,0,59,-1,-1,-1,0
5220,30.307845804988663,4096,0,0,0.02745036594569683,0,-1,0,59,-1,-1,-1,0
5221,30.313650793650794,4096,0,0,0.02744430862367153,0,-1,0,59,-1,-1,-1,0
5222,30.319455782312925,4096,0,0,0.027634773403406143,0,-1,0,59,-1,-1,-1,0
5223,30.325260770975056,4096,0,0,0.027582207694649696,0,-1,0,59,-1,-1,-1,0
5224,30.331065759637188,4096,0,0,0.027913343161344528,0,-1,0,59,-1,-1,-1,0
5225,30.33687074829932,4096,0,0,0.028251491487026215,0,-1,0,59,-1,-1,-1,0
5226,30.34267573696145,4096,0,0,0.027793921530246735,0,-1,0,59,-1,-1,-1,0
5227,30.34848072562358,4096,0,0,0.02757643163204193,0,-1,0,59,-1,-1,-1,0
5228,30.354285714285716,4096,0,0,0.027563227340579033,0,-1,0,59,-1,-1,-1,0
5229,30.360090702947847,4096,0,0,0.02816101908683777,0,-1,0,59,-1,-1,-1,0
5230,30.36589569160998,4096,0,0,0.028813594952225685,0,-1,0,59,-1,-1,-1,0
5231,30.37170068027211,4096,0,0,0.029165811836719513,0,-1,0,59,-1,-1,-1,0
5232,30.37750566893424,4096,0,0,0.029148394241929054,0,-1,0,59,-1,-1,-1,0
5233,30.383310657596372,4096,0,0,0.029501864686608315,0,-1,0,59,-1,-1,-1,0
5234,30.389115646258503,4096,0,0,0.029548272490501404,0,-1,0,59,-1,-1,-1,0
5235,30.394920634920634,4096,0,0,0.02951371856033802,0,-1,0,59,-1,-1,-1,0
5236,30.400725623582765,4096,0,0,0.02885816991329193,0,-1,0,59,-1,-1,-1,0
5237,30.406530612244897,4096,0,0,0.028464065864682198,0,-1,0,59,-1,-1,-1,0
5238,30.412335600907028,4096,0,0,0.027985306456685066,0,-1,0,59,-1,-1,-1,0
5239,30.418140589569163,4096,0,0,0.027764031663537025,0,-1,0,59,-1,-1,-1,0
5240,30.423945578231294,4096,0,0,0.02696709707379341,0,-1,0,59,-1,-1,-1,0
5241,30.429750566893425,4096,0,0,0.026694288477301598,0,-1,0,59,-1,-1,-1,0
5242,30.435555555555556,4096,0,0,0.027054311707615852,0,-1,0,59,-1,-1,-1,0
5243,30.441360544217687,4096,0,0,0.027120061218738556,0,-1,0,59,-1,-1,-1,0
5244,30.44716553287982,4096,0,0,0.02720542624592781,0,-1,0,59,-1,-1,-1,0
5245,30.45297052154195,4096,0,0,0.027070302516222,0,-1,0,59,-1,-1,-1,0
5246,30.45877551020408,4096,0,0,0.027065763249993324,0,-1,0,59,-1,-1,-1,0
5247,30.464580498866212,4096,0,0,0.02766551822423935,0,-1,0,59,-1,-1,-1,0
5248,30.470385487528343,4096,0,0,0.028162440285086632,0,-1,0,59,-1,-1,-1,0
5249,30.476190476190474,4096,0,0,0.027196671813726425,0,-1,0,59,-1,-1,-1,0
5250,30.48199546485261,4096,0,0,0.02694660983979702,0,-1,0,59,-1,-1,-1,0
5251,30.48780045351474,4096,0,0,0.03124823607504368,0,-1,0,59,-1,-1,-1,0
5252,30.49360544217687,4096,0,0,0.033617425709962845,0,-1,0,59,-1,-1,-1,0
5253,30.499410430839003,512,1,0,0.11668326705694199,0,-1,1,49,-1,-1,-1,0
5254,30.505215419501134,512,0,0,0.61138916015625,1,-1,1,62,-1,-1,-1,0
5255,30.511020408163265,512,0,0,0.631088137626648,1,62,1,62,62,62,62,0
5256,30.516825396825396,1024,0,0,0.5013452768325806,0,62,1,62,62,62,62,0
5257,30.522630385487528,1024,0,1,0.5547080636024475,0,62,1,62,62,62,62,0
5258,30.52843537414966,2048,0,0,0.5849082469940186,0,62,1,62,62,62,62,0
5259,30.53424036281179,2048,0,0,0.509040117263794,0,62,1,62,62,62,62,0
5260,30.54004535147392,2048,0,0,0.5303643941879272,0,62,1,62,62,62,62,0
5261,30.545850340136056,2048,0,0,0.5330670475959778,0,62,1,62,62,62,62,0
5262,30.551655328798187,4096,0,0,0.5014897584915161,0,62,0,62,62,62,62,0
5263,30.55746031746032,4096,0,0,0.5211242437362671,0,62,1,62,62,62,62,0
5264,30.56326530612245,4096,0,0,0.47239452600479126,0,62,1,62,62,62,62,0
5265,30.56907029478458,4096,0,0,0.42988723516464233,0,62,1,62,62,62,62,0
5266,30.574875283446712,4096,0,0,0.3861989378929138,0,62,1,62,62,62,62,0
5267,30.580680272108843,4096,0,0,0.3794443607330322,0,62,1,62,62,62,62,0
5268,30.586485260770974,4096,0,0,0.38129258155822754,0,62,1,62,62,62,62,0
5269,30.592290249433105,4096,0,0,0.3375718295574188,0,62,1,62,62,62,62,0
5270,30.598095238095237,4096,0,0,0.3356556296348572,0,62,1,62,62,62,62,0
5271,30.603900226757368,4096,0,0,0.3881189823150635,0,62,1,62,62,62,62,0
5272,30.609705215419503,4096,0,0,0.36403411626815796,0,62,1,62,62,62,62,0
5273,30.615510204081634,4096,0,0,0.3805065453052521,0,62,1,62,62,62,62,0
5274,30.621315192743765,4096,0,0,0.424689918756485,0,62,1,62,62,62,62,0
5275,30.627120181405896,4096,0,0,0.39825746417045593,0,62,1,62,62,62,62,0
5276,30.632925170068027,4096,0,0,0.37383919954299927,0,62,1,62,62,62,62,0
5277,30.63873015873016,4096,0,0,0.40122169256210327,0,62,1,62,62,62,62,0
5278,30.64453514739229,4096,0,0,0.4147182106971741,0,62,1,62,62,62,62,0
5279,30.65034013605442,4096,0,0,0.42980366945266724,0,62,1,62,62,62,62,0
5280,30.656145124716552,4096,0,0,0.3856482207775116,0,62,1,62,62,62,62,0
5281,30.661950113378683,4096,0,0,0.43385839462280273,0,62,1,62,62,62,62,0
5282,30.667755102040815,4096,0,0,0.4511480927467346,0,62,1,62,62,62,62,0
5283,30.67356009070295,4096,0,0,0.45070740580558777,0,62,1,62,62,62,62,0
5284,30.67936507936508,4096,0,0,0.43273597955703735,0,62,1,62,62,62,62,0
5285,30.68517006802721,4096,0,0,0.46890679001808167,0,62,1,62,62,62,62,0
5286,30.690975056689343,4096,0,0,0.44110655784606934,0,62,1,62,62,62,62,0
5287,30.696780045351474,4096,0,0,0.43240833282470703,0,62,1,62,62,62,62,0
5288,30.702585034013605,4096,0,0,0.4798705577850342,0,62,1,62,62,62,62,0
5289,30.708390022675736,4096,0,0,0.476412296295166,0,62,1,62,62,62,62,0
5290,30.714195011337868,4096,0,0,0.41774609684944153,0,62,1,62,62,62,62,0
5291,30.72,4096,0,0,0.4921686351299286,0,62,1,62,62,62,62,0
5292,30.72580498866213,4096,0,0,0.49962490797042847,0,62,1,62,62,62,62,0
5293,30.731609977324265,4096,0,0,0.46821466088294983,0,62,1,62,62,62,62,0
5294,30.737414965986396,4096,0,0,0.4553399085998535,0,62,1,62,62,62,62,0
5295,30.743219954648527,4096,0,0,0.47917604446411133,0,62,1,62,62,62,62,0
5296,30.74902494331066,4096,0,0,0.4420679807662964,0,62,1,62,62,62,62,0
5297,30.75482993197279,4096,0,0,0.43241801857948303,0,62,1,62,62,62,62,0
5298,30.76063492063492,4096,0,0,0.44345569610595703,0,62,1,62,62,62,62,0
5299,30.766439909297052,4096,0,0,0.4089852273464203,0,62,1,62,62,62,62,0
5300,30.772244897959183,4096,0,0,0.32270383834838867,0,-1,1,62,62,62,62,0
5301,30.778049886621314,4096,0,0,0.35552123188972473,0,63,1,62,62,62,62,0
5302,30.783854875283446,4096,0,0,0.3610520660877228,0,63,1,62,62,62,62,0
5303,30.789659863945577,4096,0,1,0.38377586007118225,0,63,1,62,62,62,62,0
5304,30.79546485260771,4096,0,0,0.34873083233833313,0,63,1,62,62,62,62,0
5305,30.801269841269843,4096,0,0,0.3838730752468109,0,63,1,62,62,62,62,0
5306,30.807074829931974,4096,0,0,0.3835764527320862,0,63,1,62,62,62,62,0
5307,30.812879818594105,4096,0,0,0.36030077934265137,0,63,1,62,62,62,62,0
5308,30.818684807256236,4096,0,0,0.3912028670310974,0,63,1,62,62,62,62,0
5309,30.824489795918367,4096,0,0,0.341036856174469,0,63,1,62,62,62,62,0
5310,30.8302947845805,4096,0,0,0.38589364290237427,0,63,1,63,62,62,62,0
5311,30.83609977324263,4096,0,0,0.3934202492237091,0,63,1,63,63,62,62,0
5312,30.84190476190476,4096,0,0,0.35337892174720764,0,63,1,63,63,62,62,0
5313,30.847709750566892,4096,0,0,0.3651381731033325,0,63,1,63,63,62,62,0
5314,30.853514739229023,4096,0,0,0.34215450286865234,0,63,1,63,63,62,62,0
5315,30.859319727891158,4096,0,0,0.39731907844543457,0,63,1,63,63,62,62,0
5316,30.86512471655329,4096,0,0,0.3840124309062958,0,63,1,63,63,62,62,0
5317,30.87092970521542,4096,0,0,0.3321709930896759,0,63,1,63,63,62,62,0
5318,30.87673469387755,4096,0,0,0.3637642562389374,0,63,1,63,63,62,62,0
5319,30.882539682539683,4096,0,0,0.3543108403682709,0,63,1,63,63,62,62,0
5320,30.888344671201814,4096,0,0,0.3803863227367401,0,63,1,63,63,62,62,0
5321,30.894149659863945,4096,0,0,0.3706008791923523,0,63,1,63,63,62,62,0
5322,30.899954648526077,4096,0,0,0.32856589555740356,0,63,1,63,63,62,62,0
5323,30.905759637188208,4096,0,0,0.3561026155948639,0,63,1,63,63,62,62,0
5324,30.91156462585034,4096,0,0,0.34240221977233887,0,63,1,63,63,62,62,0
5325,30.91736961451247,4096,0,0,0.3657836318016052,0,63,1,63,63,62,62,0
5326,30.923174603174605,4096,0,0,0.35587212443351746,0,63,1,63,63,62,62,0
5327,30.928979591836736,4096,0,0,0.3143288791179657,0,63,1,63,63,62,62,0
5328,30.934784580498867,4096,0,0,0.35772210359573364,0,63,1,63,63,62,62,0
5329,30.940589569161,4096,0,0,0.3353208303451538,0,63,1,63,63,62,62,0
5330,30.94639455782313,4096,0,0,0.33891358971595764,0,63,1,63,63,62,62,0
5331,30.95219954648526,4096,0,0,0.3585043251514435,0,63,1,63,63,62,62,0
5332,30.958004535147392,4096,0,0,0.3099746108055115,0,63,1,63,63,62,62,0
5333,30.963809523809523,4096,0,0,0.4216952621936798,0,63,1,63,63,62,62,0
5334,30.969614512471654,4096,0,0,0.557584285736084,0,63,1,63,63,62,62,0
5335,30.975419501133786,4096,0,0,0.5081244707107544,0,61,1,63,63,62,62,0
5336,30.981224489795917,4096,0,0,0.3334273099899292,0,61,0,63,63,62,62,0
5337,30.98702947845805,4096,0,1,0.03989517688751221,0,61,0,63,-1,-1,-1,0
5338,30.992834467120183,4096,0,0,0.028505844995379448,0,61,0,63,-1,-1,-1,0
5339,30.998639455782314,4096,0,0,0.02777169644832611,0,61,0,63,-1,-1,-1,0
5340,31.004444444444445,4096,0,0,0.02833874709904194,0,61,0,63,-1,-1,-1,0
5341,31.010249433106576,4096,0,0,0.028783466666936874,0,61,0,63,-1,-1,-1,0
5342,31.016054421768708,4096,0,0,0.029612205922603607,0,61,0,63,-1,-1,-1,0
5343,31.02185941043084,4096,0,0,0.031198076903820038,0,61,0,63,-1,-1,-1,0
5344,31.02766439909297,512,1,0,0.19643250107765198,0,61,1,49,-1,-1,-1,0
5345,31.0334693877551,512,0,0,0.25787994265556335,0,61,1,60,-1,-1,-1,0
5346,31.039274376417232,512,0,0,0.29902711510658264,0,61,1,61,-1,-1,-1,0
5347,31.045079365079363,1024,0,0,0.2880086600780487,0,61,1,61,61,61,61,0
5348,31.0508843537415,1024,0,0,0.2903120517730713,0,61,1,61,61,61,61,0
5349,31.05668934240363,2048,0,0,0.34356600046157837,0,61,1,61,61,61,61,0
5350,31.06249433106576,2048,0,0,0.33032912015914917,0,61,1,61,61,61,61,0
5351,31.068299319727892,2048,0,0,0.28800562024116516,0,61,1,61,61,61,61,0
5352,31.074104308390023,2048,0,0,0.2753874659538269,0,61,1,61,61,61,61,0
5353,31.079909297052154,4096,0,0,0.2776879072189331,0,61,0,61,61,61,61,0
5354,31.085714285714285,4096,0,0,0.3204577565193176,0,61,0,61,-1,-1,-1,0
5355,31.091519274376417,4096,0,0,0.3172737956047058,0,61,0,61,-1,-1,-1,0
5356,31.097324263038548,4096,0,0,0.28724631667137146,0,61,0,61,-1,-1,-1,0
5357,31.10312925170068,4096,0,0,0.3065240979194641,0,61,1,61,-1,-1,-1,0
5358,31.10893424036281,4096,0,0,0.3053814470767975,0,61,1,61,61,61,61,0
5359,31.114739229024945,4096,0,0,0.31942468881607056,0,61,1,61,61,61,61,0
5360,31.120544217687076,4096,0,0,0.3094695210456848,0,61,1,61,61,61,61,0
5361,31.126349206349207,4096,0,0,0.28141069412231445,0,61,1,61,61,61,61,0
5362,31.13215419501134,4096,0,0,0.32128381729125977,0,61,1,61,61,61,61,0
5363,31.13795918367347,4096,0,0,0.3021373748779297,0,61,1,61,61,61,61,0
5364,31.1437641723356,4096,0,0,0.2980915606021881,0,61,1,61,61,61,61,0
5365,31.149569160997732,4096,0,0,0.28381550312042236,0,61,1,61,61,61,61,0
5366,31.155374149659863,4096,0,0,0.2663678526878357,0,61,1,61,61,61,61,0
5367,31.161179138321994,4096,0,0,0.31883126497268677,0,61,1,61,61,61,61,0
5368,31.166984126984126,4096,0,0,0.29768916964530945,0,61,1,61,61,61,61,0
5369,31.172789115646257,4096,0,0,0.27984243631362915,0,61,1,61,61,61,61,0
5370,31.17859410430839,4096,0,0,0.2720545828342438,0,61,1,61,61,61,61,0
5371,31.184399092970523,4096,0,0,0.2736428380012512,0,61,1,61,61,61,61,0
5372,31.190204081632654,4096,0,0,0.31810012459754944,0,61,1,61,61,61,61,0
5373,31.196009070294785,4096,0,0,0.28763407468795776,0,61,1,61,61,61,61,0
5374,31.201814058956916,4096,0,0,0.2563060522079468,0,61,1,61,61,61,61,0
5375,31.207619047619048,4096,0,0,0.26691725850105286,0,61,1,61,61,61,61,0
5376,31.21342403628118,4096,0,0,0.2815232574939728,0,61,1,61,61,61,61,0
5377,31.21922902494331,4096,0,0,0.31133031845092773,0,61,1,61,61,61,61,0
5378,31.22503401360544,4096,0,0,0.22805248200893402,0,61,1,61,61,61,61,0
5379,31.230839002267572,4096,0,0,0.05723094567656517,0,61,0,61,61,61,61,0
5380,31.236643990929704,4096,0,0,0.029979059472680092,0,61,0,61,-1,-1,-1,0
5381,31.24244897959184,4096,0,0,0.02754109352827072,0,61,0,61,-1,-1,-1,0
5382,31.24825396825397,4096,0,0,0.027084754779934883,0,61,0,61,-1,-1,-1,0
5383,31.2540589569161,4096,0,0,0.027134954929351807,0,-1,0,61,-1,-1,-1,0
5384,31.259863945578232,4096,0,0,0.027312379330396652,0,-1,0,61,-1,-1,-1,0
5385,31.265668934240363,4096,0,0,0.02826300822198391,0,-1,0,61,-1,-1,-1,0
5386,31.271473922902494,4096,0,0,0.0313156396150589,0,-1,0,61,-1,-1,-1,0
5387,31.277278911564625,512,1,0,0.25894787907600403,0,-1,1,49,-1,-1,-1,0
5388,31.283083900226757,512,0,0,0.2840440571308136,0,62,1,61,-1,-1,-1,0
5389,31.288888888888888,512,0,0,0.30213871598243713,0,62,1,62,-1,-1,-1,0
5390,31.29469387755102,1024,0,1,0.32541048526763916,0,62,1,62,62,62,62,0
5391,31.30049886621315,1024,0,0,0.28563055396080017,0,62,1,62,62,62,62,0
5392,31.306303854875285,2048,0,0,0.32298457622528076,0,62,1,62,62,62,62,0
5393,31.312108843537416,2048,0,0,0.29703986644744873,0,62,1,62,62,62,62,0
5394,31.317913832199547,2048,0,0,0.33471372723579407,0,62,1,62,62,62,62,0
5395,31.32371882086168,2048,0,0,0.3368731141090393,0,62,1,62,62,62,62,0
5396,31.32952380952381,4096,0,0,0.298056960105896,0,62,0,62,62,62,62,0
5397,31.33532879818594,4096,0,0,0.3370542824268341,0,62,0,62,-1,-1,-1,0
5398,31.341133786848072,4096,0,0,0.3061930537223816,0,62,0,62,-1,-1,-1,0
5399,31.346938775510203,4096,0,0,0.3155074119567871,0,62,0,62,-1,-1,-1,0
5400,31.352743764172335,4096,0,0,0.31216540932655334,0,62,0,62,-1,-1,-1,0
5401,31.358548752834466,4096,0,0,0.30333471298217773,0,62,1,62,-1,-1,-1,0
5402,31.364353741496597,4096,0,0,0.3367133140563965,0,62,1,62,62,62,62,0
5403,31.37015873015873,4096,0,0,0.2950369119644165,0,62,1,62,62,62,62,0
5404,31.375963718820863,4096,0,0,0.3365420699119568,0,62,1,62,62,62,62,0
5405,31.381768707482994,4096,0,0,0.34264105558395386,0,62,1,62,62,62,62,0
5406,31.387573696145125,4096,0,0,0.30186620354652405,0,62,1,62,62,62,62,0
5407,31.393378684807256,4096,0,0,0.32619383931159973,0,62,1,62,62,62,62,0
5408,31.399183673469388,4096,0,0,0.2826012969017029,0,62,1,62,62,62,62,0
5409,31.40498866213152,4096,0,0,0.3090607225894928,0,62,1,62,62,62,62,0
5410,31.41079365079365,4096,0,0,0.29364803433418274,0,62,1,62,62,62,62,0
5411,31.41659863945578,4096,0,0,0.31553229689598083,0,62,0,62,62,62,62,0
5412,31.422403628117912,4096,0,0,0.33082303404808044,0,62,0,62,-1,-1,-1,0
5413,31.428208616780044,4096,0,0,0.2883304953575134,0,62,0,62,-1,-1,-1,0
5414,31.43401360544218,4096,0,0,0.3318871259689331,0,62,0,62,-1,-1,-1,0
5415,31.43981859410431,4096,0,0,0.31707385182380676,0,62,0,62,-1,-1,-1,0
5416,31.44562358276644,4096,0,0,0.2952476143836975,0,62,0,62,-1,-1,-1,0
5417,31.451428571428572,4096,0,0,0.3148629367351532,0,62,1,62,-1,-1,-1,0
5418,31.457233560090703,4096,0,0,0.27133238315582275,0,62,0,62,-1,-1,-1,0
5419,31.463038548752834,4096,0,0,0.3110467195510864,0,62,0,62,-1,-1,-1,0
5420,31.468843537414966,4096,0,0,0.2833656668663025,0,62,0,62,-1,-1,-1,0
5421,31.474648526077097,4096,0,0,0.32435479760169983,0,62,0,62,-1,-1,-1,0
5422,31.480453514739228,4096,0,0,0.3314642608165741,0,62,0,62,-1,-1,-1,0
5423,31.48625850340136,4096,0,0,0.2900357246398926,0,62,0,62,-1,-1,-1,0
5424,31.49206349206349,4096,0,0,0.3292213976383209,0,62,0,62,-1,-1,-1,0
5425,31.497868480725625,4096,0,0,0.29619237780570984,0,62,0,62,-1,-1,-1,0
5426,31.503673469387756,4096,0,0,0.2982117235660553,0,62,0,62,-1,-1,-1,0
5427,31.509478458049887,4096,0,0,0.30142536759376526,0,62,0,62,-1,-1,-1,0
5428,31.51528344671202,4096,0,0,0.29376932978630066,0,62,0,62,-1,-1,-1,0
5429,31.52108843537415,4096,0,0,0.3199223279953003,0,62,0,62,-1,-1,-1,0
5430,31.52689342403628,4096,0,0,0.2822762727737427,0,62,0,62,-1,-1,-1,0
5431,31.532698412698412,4096,0,0,0.32499271631240845,0,62,0,62,-1,-1,-1,0
5432,31.538503401360543,4096,0,0,0.3224167823791504,0,62,0,62,-1,-1,-1,0
5433,31.544308390022675,4096,0,0,0.2919459640979767,0,62,0,62,-1,-1,-1,0
5434,31.550113378684806,4096,0,0,0.3163495361804962,0,62,0,62,-1,-1,-1,0
5435,31.555918367346937,4096,0,0,0.2714100182056427,0,62,0,62,-1,-1,-1,0
5436,31.56172335600907,4096,0,0,0.3031885623931885,0,62,0,62,-1,-1,-1,0
5437,31.567528344671203,4096,0,0,0.2809455692768097,0,62,0,62,-1,-1,-1,0
5438,31.573333333333334,4096,0,0,0.31512323021888733,0,62,0,62,-1,-1,-1,0
5439,31.579138321995465,4096,0,0,0.3208991587162018,0,62,0,62,-1,-1,-1,0
5440,31.584943310657597,4096,0,0,0.287366658449173,0,62,0,62,-1,-1,-1,0
5441,31.590748299319728,4096,0,0,0.3224758803844452,0,62,0,62,-1,-1,-1,0
5442,31.59655328798186,4096,0,0,0.2956184148788452,0,62,0,62,-1,-1,-1,0
5443,31.60235827664399,4096,0,0,0.29377615451812744,0,62,0,62,-1,-1,-1,0
5444,31.60816326530612,4096,0,0,0.2966930866241455,0,62,0,62,-1,-1,-1,0
5445,31.613968253968252,4096,0,0,0.2844708561897278,0,62,0,62,-1,-1,-1,0
5446,31.619773242630387,4096,0,0,0.3094159662723541,0,62,0,62,-1,-1,-1,0
5447,31.62557823129252,4096,0,0,0.27923306822776794,0,62,0,62,-1,-1,-1,0
5448,31.63138321995465,4096,0,0,0.3213094174861908,0,62,0,62,-1,-1,-1,0
5449,31.63718820861678,4096,0,0,0.3122486174106598,0,62,0,62,-1,-1,-1,0
5450,31.642993197278912,4096,0,0,0.28936514258384705,0,62,0,62,-1,-1,-1,0
5451,31.648798185941043,4096,0,0,0.3077270984649658,0,62,0,62,-1,-1,-1,0
5452,31.654603174603174,4096,0,0,0.26852887868881226,0,62,0,62,-1,-1,-1,0
5453,31.660408163265306,4096,0,0,0.2984086573123932,0,62,0,62,-1,-1,-1,0
5454,31.666213151927437,4096,0,0,0.27987366914749146,0,62,0,62,-1,-1,-1,0
5455,31.672018140589568,4096,0,0,0.30719807744026184,0,62,0,62,-1,-1,-1,0
5456,31.6778231292517,4096,0,0,0.3103014826774597,0,62,0,62,-1,-1,-1,0
5457,31.683628117913834,4096,0,0,0.27865102887153625,0,62,0,62,-1,-1,-1,0
5458,31.689433106575965,4096,0,0,0.31689488887786865,0,62,0,62,-1,-1,-1,0
5459,31.695238095238096,4096,0,0,0.29265016317367554,0,62,0,62,-1,-1,-1,0
5460,31.701043083900228,4096,0,0,0.2899969220161438,0,62,0,62,-1,-1,-1,0
5461,31.70684807256236,4096,0,0,0.27681964635849,0,62,0,62,-1,-1,-1,0
5462,31.71265306122449,4096,0,0,0.11085584759712219,0,62,0,62,-1,-1,-1,0
5463,31.71845804988662,4096,0,0,0.03158121928572655,0,62,0,62,-1,-1,-1,0
5464,31.724263038548752,4096,0,0,0.027447355911135674,0,62,0,62,-1,-1,-1,0
5465,31.730068027210883,4096,0,0,0.028722703456878662,0,62,0,62,-1,-1,-1,0
5466,31.735873015873015,4096,0,0,0.030066493898630142,0,-1,0,62,-1,-1,-1,0
5467,31.741678004535146,4096,0,0,0.029084475710988045,0,-1,0,62,-1,-1,-1,0
5468,31.74748299319728,4096,0,0,0.028180738911032677,0,-1,0,62,-1,-1,-1,0
5469,31.753287981859412,4096,0,0,0.03067767433822155,0,-1,0,62,-1,-1,-1,0
5470,31.759092970521543,512,1,0,0.23293079435825348,0,-1,1,49,-1,-1,-1,0
5471,31.764897959183674,512,0,0,0.26795849204063416,0,-1,1,59,-1,-1,-1,0
5472,31.770702947845805,512,0,0,0.3621827960014343,0,60,1,60,-1,-1,-1,0
5473,31.776507936507937,1024,0,0,0.3099176585674286,0,60,1,60,60,60,60,0
5474,31.782312925170068,1024,0,1,0.31719502806663513,0,60,1,60,60,60,60,0
5475,31.7881179138322,2048,0,0,0.3032764196395874,0,60,1,60,60,60,60,0
5476,31.79392290249433,2048,0,0,0.30295228958129883,0,60,1,60,60,60,60,0
5477,31.79972789115646,2048,0,0,0.3049747347831726,0,60,1,60,60,60,60,0
5478,31.805532879818593,2048,0,0,0.27721595764160156,0,60,1,60,60,60,60,0
5479,31.811337868480727,4096,0,0,0.29857337474823,0,60,0,60,60,60,60,0
5480,31.81714285714286,4096,0,0,0.2764739692211151,0,60,0,60,-1,-1,-1,0
5481,31.82294784580499,4096,0,0,0.28219160437583923,0,60,0,60,-1,-1,-1,0
5482,31.82875283446712,4096,0,0,0.27751651406288147,0,60,0,60,-1,-1,-1,0
5483,31.834557823129252,4096,0,0,0.2671054005622864,0,60,1,60,-1,-1,-1,0
5484,31.840362811791383,4096,0,0,0.28039443492889404,0,60,1,60,60,60,60,0
5485,31.846167800453514,4096,0,0,0.2675652503967285,0,60,1,60,60,60,60,0
5486,31.851972789115646,4096,0,0,0.2798392176628113,0,60,1,60,60,60,60,0
5487,31.857777777777777,4096,0,0,0.2918414771556854,0,60,1,60,60,60,60,0
5488,31.863582766439908,4096,0,0,0.2770162522792816,0,60,1,60,60,60,60,0
5489,31.86938775510204,4096,0,0,0.31042101979255676,0,60,1,60,60,60,60,0
5490,31.875192743764174,4096,0,0,0.2756241261959076,0,60,1,60,60,60,60,0
5491,31.880997732426305,4096,0,0,0.3139689862728119,0,60,1,60,60,60,60,0
5492,31.886802721088436,4096,0,0,0.2749944031238556,0,60,1,60,60,60,60,0
5493,31.892607709750568,4096,0,0,0.31224414706230164,0,60,1,60,60,60,60,0
5494,31.8984126984127,4096,0,0,0.27243614196777344,0,60,1,60,60,60,60,0
5495,31.90421768707483,4096,0,0,0.3022504150867462,0,60,1,60,60,60,60,0
5496,31.91002267573696,4096,0,0,0.2724701464176178,0,60,1,60,60,60,60,0
5497,31.915827664399092,4096,0,0,0.28674614429473877,0,60,1,60,60,60,60,0
5498,31.921632653061224,4096,0,0,0.26769763231277466,0,60,1,60,60,60,60,0
5499,31.927437641723355,4096,0,0,0.26870083808898926,0,60,1,60,60,60,60,0
5500,31.933242630385486,4096,0,0,0.2559832036495209,0,60,1,60,60,60,60,0
5501,31.93904761904762,4096,0,0,0.250021755695343,0,60,1,60,60,60,60,0
5502,31.944852607709752,4096,0,0,0.24281981587409973,0,60,1,60,60,60,60,0
5503,31.950657596371883,4096,0,0,0.23469819128513336,0,60,0,60,60,60,60,0
5504,31.956462585034014,4096,0,0,0.2298612892627716,0,60,0,60,-1,-1,-1,0
5505,31.962267573696145,4096,0,0,0.2371167689561844,0,60,0,60,-1,-1,-1,0
5506,31.968072562358277,4096,0,0,0.21971452236175537,0,60,0,60,-1,-1,-1,0
5507,31.973877551020408,4096,0,0,0.23647689819335938,0,60,0,60,-1,-1,-1,0
5508,31.97968253968254,4096,0,0,0.22825978696346283,0,60,0,60,-1,-1,-1,0
5509,31.98548752834467,4096,0,0,0.23461894690990448,0,60,0,60,-1,-1,-1,0
5510,31.9912925170068,4096,0,0,0.2525755763053894,0,60,0,60,-1,-1,-1,0
5511,31.997097505668933,4096,0,0,0.23126140236854553,0,60,0,60,-1,-1,-1,0
5512,32.00290249433107,4096,0,0,0.265076220035553,0,60,0,60,-1,-1,-1,0
5513,32.008707482993195,4096,0,0,0.22768469154834747,0,60,0,60,-1,-1,-1,0
5514,32.01451247165533,4096,0,0,0.266874760389328,0,-1,0,60,-1,-1,-1,0
5515,32.02031746031746,4096,0,0,0.22649182379245758,0,-1,0,60,-1,-1,-1,0
5516,32.02612244897959,4096,0,0,0.25751107931137085,0,-1,0,60,-1,-1,-1,0
5517,32.03192743764173,4096,0,0,0.2117616981267929,0,-1,0,60,-1,-1,-1,0
5518,32.037732426303855,4096,0,0,0.20129187405109406,0,59,0,60,-1,-1,-1,0
5519,32.04353741496599,4096,0,0,0.16244719922542572,0,59,0,60,-1,-1,-1,0
5520,32.04934240362812,4096,0,1,0.16755618155002594,0,59,0,60,-1,-1,-1,0
5521,32.05514739229025,4096,0,0,0.14677339792251587,0,59,0,60,-1,-1,-1,0
5522,32.06095238095238,4096,0,0,0.12523944675922394,0,59,0,60,-1,-1,-1,0
5523,32.066757369614514,4096,0,0,0.12405497580766678,0,59,0,60,-1,-1,-1,0
5524,32.07256235827664,4096,0,0,0.12492422759532928,0,59,0,59,-1,-1,-1,0
5525,32.07836734693878,4096,0,0,0.13038432598114014,0,59,0,59,-1,-1,-1,0
5526,32.084172335600904,4096,0,0,0.12643447518348694,0,59,0,59,-1,-1,-1,0
5527,32.08997732426304,4096,0,0,0.14479175209999084,0,59,0,59,-1,-1,-1,0
5528,32.095782312925174,4096,0,0,0.122396320104599,0,59,0,59,-1,-1,-1,0
5529,32.1015873015873,4096,0,0,0.1156725287437439,0,59,0,59,-1,-1,-1,0
5530,32.107392290249436,4096,0,0,0.11438915878534317,0,59,0,59,-1,-1,-1,0
5531,32.113197278911564,4096,0,0,0.10774276405572891,0,59,0,59,-1,-1,-1,0
5532,32.1190022675737,4096,0,0,0.10800662636756897,0,59,0,59,-1,-1,-1,0
5533,32.124807256235826,4096,0,0,0.10685722529888153,0,59,0,59,-1,-1,-1,0
5534,32.13061224489796,4096,0,0,0.11959629505872726,0,59,0,59,-1,-1,-1,0
5535,32.13641723356009,4096,0,0,0.10210373997688293,0,59,0,59,-1,-1,-1,0
5536,32.14222222222222,4096,0,0,0.10857143253087997,0,59,0,59,-1,-1,-1,0
5537,32.14802721088435,4096,0,0,0.09990603476762772,0,59,0,59,-1,-1,-1,0
5538,32.153832199546486,4096,0,0,0.08974269777536392,0,59,0,59,-1,-1,-1,0
5539,32.15963718820862,4096,0,0,0.0819731056690216,0,59,0,59,-1,-1,-1,0
5540,32.16544217687075,4096,0,0,0.07663722336292267,0,59,0,59,-1,-1,-1,0
5541,32.17124716553288,4096,0,0,0.08214432001113892,0,59,0,59,-1,-1,-1,0
5542,32.17705215419501,4096,0,0,0.07696356624364853,0,59,0,59,-1,-1,-1,0
5543,32.182857142857145,4096,0,0,0.09266442060470581,0,59,0,59,-1,-1,-1,0
5544,32.18866213151927,4096,0,0,0.07960976660251617,0,59,0,59,-1,-1,-1,0
5545,32.19446712018141,4096,0,0,0.07992637902498245,0,-1,0,59,-1,-1,-1,0
5546,32.200272108843535,4096,0,0,0.07422097027301788,0,-1,0,59,-1,-1,-1,0
5547,32.20607709750567,4096,0,0,0.07165797799825668,0,-1,0,59,-1,-1,-1,0
5548,32.2118820861678,4096,0,0,0.06843159347772598,0,-1,0,59,-1,-1,-1,0
5549,32.21768707482993,4096,0,0,0.06834647804498672,0,-1,0,59,-1,-1,-1,0
5550,32.22349206349207,4096,0,0,0.08481242507696152,0,-1,0,59,-1,-1,-1,0
5551,32.229297052154195,4096,0,0,0.06908684968948364,0,-1,0,59,-1,-1,-1,0
5552,32.23510204081633,4096,0,0,0.07628689706325531,0,-1,0,59,-1,-1,-1,0
5553,32.24090702947846,4096,0,0,0.06711363047361374,0,-1,0,59,-1,-1,-1,0
5554,32.24671201814059,4096,0,0,0.06507667154073715,0,-1,0,59,-1,-1,-1,0
5555,32.25251700680272,4096,0,0,0.06335346400737762,0,-1,0,59,-1,-1,-1,0
5556,32.258321995464854,4096,0,0,0.15315556526184082,0,-1,0,59,-1,-1,-1,0
