frame,time_s,calibrated,visible_window,detected_onset,onset_confidence,rms_dbfs,active_probability,raw_pitch,stable_active,stable_pitch,transition_score,transition_veto,retrigger,inference_ms,inference_skipped,loop_ms,queue_delay_ms,queue_depth
0,0.005804988662131519,0,4096,0,0.0,-97.29235200308943,,,,,,,,,0,0.7670999999991324,1.104800000000239,2
1,0.011609977324263039,0,4096,0,0.2280827657955032,-96.04878903049143,,,,,,,,,0,0.833399999999429,2.398200000000017,1
2,0.017414965986394557,0,4096,0,0.0,-96.51857380658345,,,,,,,,,0,0.8409000000000333,3.281400000000545,0
3,0.023219954648526078,0,4096,0,0.0,-97.92982462984386,,,,,,,,,0,1.4762000000008157,1.640300000000039,2
4,0.029024943310657598,0,4096,0,0.0,-96.73658462938218,,,,,,,,,0,0.8128999999996722,1.8825000000006753,1
5,0.034829931972789115,0,4096,0,0.0,-96.59003495889704,,,,,,,,,0,0.7487000000008237,2.6305999999998164,0
6,0.040634920634920635,0,4096,0,0.0,-96.51857380658345,,,,,,,,,0,1.146699999999612,1.43849999999901,2
7,0.046439909297052155,0,4096,0,0.0,-96.243937670594,,,,,,,,,0,0.7900999999996827,2.219200000000754,1
8,0.052244897959183675,0,4096,0,0.0,-96.17790898892383,,,,,,,,,0,0.743200000000499,2.9836999999997005,0
9,0.058049886621315196,0,4096,0,0.0,-96.66269167130112,,,,,,,,,0,2.560000000000784,2.86770000000125,2
10,0.06385487528344672,0,4096,0,0.0,-96.51857380658345,,,,,,,,,0,0.8101000000007019,3.7257999999997793,1
11,0.06965986394557823,0,4096,0,0.0,-96.04878903049143,,,,,,,,,0,0.829300000001254,3.9020999999994643,0
12,0.07546485260770976,0,4096,0,0.0,-96.81175663155918,,,,,,,,,0,1.839200000000929,1.971799999999746,1
13,0.08126984126984127,0,4096,0,0.0,-96.73658462938218,,,,,,,,,0,1.8463999999998038,3.3037000000000205,1
14,0.08707482993197278,0,4096,0,0.0,-97.46514278371254,,,,,,,,,0,1.2870000000013704,3.2549999999993418,0
15,0.09287981859410431,0,4096,0,0.0,-97.04540980062914,,,,,,,,,0,1.470900000001052,1.626100000001074,2
16,0.09868480725623582,0,4096,0,0.0,-97.29235200308943,,,,,,,,,0,0.945399999999097,2.069900000000402,1
17,0.10448979591836735,0,4096,0,0.0,-96.04878903049143,,,,,,,,,0,0.7473999999998426,2.808099999999314,0
18,0.11029478458049886,0,4096,0,0.0,-96.51857380658345,,,,,,,,,0,2.059299999999098,2.3578000000004096,2
19,0.11609977324263039,0,4096,0,0.0,-97.92982462984386,,,,,,,,,0,1.518199999999581,3.9116999999997404,1
20,0.1219047619047619,0,4096,0,0.0,-96.73658462938218,,,,,,,,,0,1.0852999999997337,5.162099999999725,0
21,0.12770975056689343,0,4096,0,0.0,-96.59003495889704,,,,,,,,,0,1.6281000000013535,1.9080000000002428,2
22,0.13351473922902493,0,4096,0,0.0,-96.51857380658345,,,,,,,,,0,1.217600000000374,3.1887000000008214,1
23,0.13931972789115646,0,4096,0,0.0,-96.243937670594,,,,,,,,,0,1.8163999999991631,4.509099999999933,0
24,0.14512471655328799,0,4096,0,0.0,-96.17790898892383,,,,,,,,,0,0.9139999999998594,1.1471000000007336,2
25,0.1509297052154195,0,4096,0,0.0,-96.66269167130112,,,,,,,,,0,0.9838999999995934,2.2613000000006878,1
26,0.156734693877551,0,4096,0,0.0,-96.51857380658345,,,,,,,,,0,0.8221000000006029,3.1473999999995783,0
27,0.16253968253968254,0,4096,0,0.0,-96.04878903049143,,,,,,,,,0,1.2796999999995506,1.617999999998787,2
28,0.16834467120181407,0,4096,0,0.0,-96.81175663155918,,,,,,,,,0,0.9598000000003992,2.56539999999994,1
29,0.17414965986394557,0,4096,0,0.0,-96.73658462938218,,,,,,,,,0,0.8113000000005144,3.4045000000002545,0
30,0.1799546485260771,0,4096,0,0.0,-97.46514278371254,,,,,,,,,0,2.131800000000794,2.295300000000111,2
31,0.18575963718820862,0,4096,0,0.0,-97.04540980062914,,,,,,,,,0,1.4462000000001751,3.232300000000521,1
32,0.19156462585034015,0,4096,0,0.0,-97.29235200308943,,,,,,,,,0,1.3235999999992032,4.571199999999109,0
33,0.19736961451247165,0,4096,0,0.0,-96.04878903049143,,,,,,,,,0,1.6192999999997681,1.8808999999997411,2
34,0.20317460317460317,0,4096,0,0.0,-96.51857380658345,,,,,,,,,0,1.4225999999997185,3.3528000000000446,1
35,0.2089795918367347,0,4096,0,0.0,-97.92982462984386,,,,,,,,,0,0.5307999999999424,3.898599999999419,0
36,0.2147845804988662,0,4096,0,0.0,-96.73658462938218,,,,,,,,,0,1.9849000000000672,2.283799999998948,2
37,0.22058956916099773,0,4096,0,0.0,-96.59003495889704,,,,,,,,,0,1.7381000000007418,4.054299999999955,1
38,0.22639455782312926,0,4096,0,0.0,-96.51857380658345,,,,,,,,,0,1.366400000000212,5.485000000000184,0
39,0.23219954648526078,0,4096,0,0.0,-96.243937670594,,,,,,,,,0,1.9478999999993363,2.2710999999997483,2
40,0.23800453514739228,0,4096,0,0.0,-96.17790898892383,,,,,,,,,0,1.9689999999989993,4.290000000001015,1
41,0.2438095238095238,0,4096,0,0.0,-96.66269167130112,,,,,,,,,0,0.5736000000009511,4.958399999999585,0
42,0.24961451247165534,0,4096,0,0.0,-96.51857380658345,,,,,,,,,0,1.4576000000001699,1.7420999999995246,2
43,0.25541950113378686,0,4096,0,0.0,-96.04878903049143,,,,,,,,,0,1.2588000000004484,2.9956999999996015,1
44,0.2612244897959184,0,4096,0,0.0,-96.81175663155918,,,,,,,,,0,1.3042999999992588,4.347099999998605,0
45,0.26702947845804986,0,4096,0,0.0,-96.73658462938218,,,,,,,,,0,1.5253000000008399,1.8373000000000417,2
46,0.2728344671201814,0,4096,0,0.0,-97.46514278371254,,,,,,,,,0,1.274499999999179,3.093900000001426,1
47,0.2786394557823129,0,4096,0,0.0,-97.04540980062914,,,,,,,,,0,1.2010999999993999,4.339800000000338,0
48,0.28444444444444444,0,4096,0,0.0,-97.29235200308943,,,,,,,,,0,1.5216000000002339,1.8060999999995886,2
49,0.29024943310657597,0,4096,0,0.0,-96.04878903049143,,,,,,,,,0,1.2948999999995436,3.105200000000252,1
50,0.2960544217687075,0,4096,0,0.0,-96.51857380658345,,,,,,,,,0,1.3674000000012398,4.541700000000759,0
51,0.301859410430839,0,4096,0,0.0,-97.92982462984386,,,,,,,,,0,1.5347999999999473,1.7831000000008146,2
52,0.3076643990929705,0,4096,0,0.0,-96.73658462938218,,,,,,,,,0,1.2408000000014852,3.0844000000005423,1
53,0.313469387755102,0,4096,0,0.0,-96.59003495889704,,,,,,,,,0,1.3120999999998162,4.452099999999959,0
54,0.31927437641723355,0,4096,0,0.0,-96.51857380658345,,,,,,,,,0,1.8664999999984389,2.170400000000683,2
55,0.3250793650793651,0,4096,0,0.0,-96.243937670594,,,,,,,,,0,1.5111999999994907,3.7071000000015175,1
56,0.3308843537414966,0,4096,0,0.0,-96.17790898892383,,,,,,,,,0,1.3391999999985416,5.111099999998814,0
57,0.33668934240362813,0,4096,0,0.0,-96.66269167130112,,,,,,,,,0,1.4865999999997825,1.7591999999986285,2
58,0.34249433106575966,0,4096,0,0.0,-96.51857380658345,,,,,,,,,0,1.5820999999984764,3.372399999999942,1
59,0.34829931972789113,0,4096,0,0.0,-96.04878903049143,,,,,,,,,0,0.9893000000005259,4.422899999999785,0
60,0.35410430839002266,0,4096,0,0.0,-96.81175663155918,,,,,,,,,0,2.289100000000488,2.4645000000003137,2
61,0.3599092970521542,0,4096,0,0.0,-96.73658462938218,,,,,,,,,0,0.8818999999995469,2.5238999999999123,1
62,0.3657142857142857,0,4096,0,0.0,-97.46514278371254,,,,,,,,,0,0.9286000000017225,3.45180000000056,0
63,0.37151927437641724,0,4096,0,0.0,-97.04540980062914,,,,,,,,,0,1.3046999999986042,1.6511000000001275,2
64,0.37732426303854877,0,4096,0,0.0,-97.29235200308943,,,,,,,,,0,1.5216999999996261,3.184400000000309,1
65,0.3831292517006803,0,4096,0,0.0,-96.04878903049143,,,,,,,,,0,1.1913999999997316,4.504700000000028,0
66,0.38893424036281177,0,4096,0,0.0,-96.51857380658345,,,,,,,,,0,1.9265999999991124,2.248899999999665,2
67,0.3947392290249433,0,4096,0,0.0,-97.92982462984386,,,,,,,,,0,0.6205999999995271,2.849100000000604,1
68,0.4005442176870748,0,4096,0,0.0,-96.73658462938218,,,,,,,,,0,0.381699999998375,3.222700000000245,0
69,0.40634920634920635,0,4096,0,0.0,-96.59003495889704,,,,,,,,,0,1.217399999999813,1.3391999999985416,2
70,0.4121541950113379,0,4096,0,0.0,-96.51857380658345,,,,,,,,,0,0.5956000000004735,1.1257000000011175,1
71,0.4179591836734694,0,4096,0,0.0,-96.243937670594,,,,,,,,,0,0.6409000000004994,1.7458000000001306,0
72,0.42376417233560093,0,4096,0,0.0,-96.17790898892383,,,,,,,,,0,1.6418999999991968,1.9323999999993902,2
73,0.4295691609977324,0,4096,0,0.0,-96.66269167130112,,,,,,,,,0,1.7113999999995855,3.7041999999996023,1
74,0.43537414965986393,0,4096,0,0.0,-96.51857380658345,,,,,,,,,0,1.4465000000001282,5.281400000001213,0
75,0.44117913832199546,0,4096,0,0.0,-96.04878903049143,,,,,,,,,0,0.6707999999999714,0.906199999999302,2
76,0.446984126984127,0,4096,0,0.0,-96.81175663155918,,,,,,,,,0,0.3732000000002955,1.2343000000001325,1
77,0.4527891156462585,0,4096,0,0.0,-96.73658462938218,,,,,,,,,0,0.3352999999997053,1.5654000000004942,0
78,0.45859410430839004,0,4096,0,0.0,-97.46514278371254,,,,,,,,,0,0.8704000000001599,1.04430000000022,2
79,0.46439909297052157,0,4096,0,0.0,-97.04540980062914,,,,,,,,,0,0.6812999999983305,1.7706000000003996,1
80,0.47020408163265304,0,4096,0,0.0,-97.29235200308943,,,,,,,,,0,0.766699999999787,2.6367000000000473,0
81,0.47600907029478456,0,4096,0,0.0,-96.04878903049143,,,,,,,,,0,1.861600000001573,2.1692000000008704,2
82,0.4818140589569161,0,4096,0,0.0,-96.51857380658345,,,,,,,,,0,1.1673000000005374,3.366500000000272,1
83,0.4876190476190476,0,4096,0,0.0,-97.92982462984386,,,,,,,,,0,0.39729999999948973,3.810800000000114,0
84,0.49342403628117915,0,4096,0,0.0,-96.73658462938218,,,,,,,,,0,2.289400000000441,2.5839000000011936,2
85,0.4992290249433107,0,4096,0,0.0,-96.59003495889704,,,,,,,,,0,0.4916000000001475,3.049999999999997,1
86,0.5050340136054422,0,4096,0,1.0,-54.89153315369484,,,,,,,,,0,0.3954000000003788,3.4530999999997647,0
87,0.5108390022675737,0,4096,0,1.0,-57.63896651413938,,,,,,,,,0,1.933600000000979,2.212899999999962,2
88,0.5166439909297053,0,4096,0,1.0,-55.76673751709678,,,,,,,,,0,0.7804999999994067,3.002500000000907,1
89,0.5224489795918368,0,4096,0,1.0,-56.82769043381554,,,,,,,,,0,0.5980999999994907,3.630200000001693,0
90,0.5282539682539683,0,4096,0,1.0,-57.520210390682884,,,,,,,,,0,0.767200000000301,0.9567999999990917,2
91,0.5340589569160997,0,4096,0,1.0,-57.264579205191865,,,,,,,,,0,0.4019999999993473,1.3580000000015247,1
92,0.5398639455782313,0,4096,0,1.0,-56.88788621033829,,,,,,,,,0,0.38089999999968427,1.758999999999844,0
93,0.5456689342403628,0,4096,0,1.0,-60.17795452378603,,,,,,,,,0,2.2721000000007763,2.6738999999995627,2
94,0.5514739229024943,0,4096,0,1.0,-63.5605208991807,,,,,,,,,0,0.6688000000014682,3.201699999999974,1
95,0.5572789115646258,0,4096,0,1.0,-57.02359192218537,,,,,,,,,0,0.7573999999994641,3.9875999999985368,0
96,0.5630839002267574,0,4096,0,1.0,-53.31582814729992,,,,,,,,,0,2.060600000000079,2.2551999999986805,2
97,0.5688888888888889,0,4096,0,1.0,-48.26145949955409,,,,,,,,,0,1.4290999999992948,3.159099999999526,1
98,0.5746938775510204,0,4096,0,1.0,-44.672545333334604,,,,,,,,,0,1.4026000000004757,4.563200000001544,0
99,0.5804988662131519,0,4096,0,1.0,-44.65048996015733,,,,,,,,,0,1.613900000000612,1.8823999999995067,2
100,0.5863038548752835,0,4096,0,1.0,-44.99810052463242,,,,,,,,,0,1.410400000001033,3.3545999999997633,1
101,0.592108843537415,0,4096,0,1.0,-44.82436683520827,,,,,,,,,0,0.611499999999765,21.027399999999474,3
102,0.5979138321995465,0,4096,0,1.0,-46.15151260392655,,,,,,,,,0,0.668599999999131,1.6884000000008115,2
103,0.603718820861678,0,4096,0,1.0,-48.52628339015649,,,,,,,,,0,0.44530000000087,2.1509000000001777,1
104,0.6095238095238096,0,4096,0,1.0,-54.59697418143884,,,,,,,,,0,0.43970000000115306,2.623800000000287,0
105,0.615328798185941,0,4096,0,1.0,-58.26840036466478,,,,,,,,,0,0.7715000000008132,1.0473999999991435,2
106,0.6211337868480725,0,4096,0,1.0,-60.80038390279478,,,,,,,,,0,0.38999999999944635,1.4018000000000086,1
107,0.626938775510204,0,4096,0,1.0,-63.19289426132428,,,,,,,,,0,0.3498000000003998,1.7463000000006446,0
108,0.6327437641723356,0,4096,0,1.0,-62.484992677531,,,,,,,,,0,2.257999999999427,2.5684000000012475,2
109,0.6385487528344671,0,4096,0,1.0,-58.61735046762446,,,,,,,,,0,2.580599999999933,5.36060000000127,1
110,0.6443537414965986,0,4096,0,1.0,-55.579148439134876,,,,,,,,,0,1.6110000000004732,7.107100000000699,0
111,0.6501587301587302,0,4096,0,1.0,-55.1101741086455,,,,,,,,,0,0.6832000000009941,1.0338000000000847,2
112,0.6559637188208617,0,4096,0,1.0,-53.30849114185842,,,,,,,,,0,0.36120000000039454,1.3630000000013354,1
113,0.6617687074829932,0,4096,0,1.0,-49.67128573055647,,,,,,,,,0,0.309399999999016,1.558199999999843,0
114,0.6675736961451247,0,4096,0,1.0,-48.242226679488994,,,,,,,,,0,1.4145000000009844,1.6750000000005372,2
115,0.6733786848072563,0,4096,0,1.0,-51.27198891839508,,,,,,,,,0,1.3226999999993438,3.016399999999919,1
116,0.6791836734693878,0,4096,0,1.0,-50.394812927152834,,,,,,,,,0,1.1492999999997977,4.213699999999321,0
117,0.6849886621315193,0,4096,0,1.0,-51.167736755898325,,,,,,,,,0,0.5246999999997115,0.7480999999991411,2
118,0.6907936507936508,0,4096,0,1.0,-52.26833076002109,,,,,,,,,0,0.2770999999999191,1.0207999999991557,1
119,0.6965986394557823,0,4096,0,1.0,-53.58124217773031,,,,,,,,,0,0.26100000000006673,1.2974000000003372,0
120,0.7024036281179138,0,4096,0,1.0,-55.12225425546881,,,,,,,,,0,1.2512999999998442,1.5567999999994697,2
121,0.7082086167800453,0,4096,0,1.0,-57.267155245288954,,,,,,,,,0,0.7271000000006467,2.2602000000002676,1
122,0.7140136054421768,0,4096,0,1.0,-58.8012751491837,,,,,,,,,0,0.6134000000006523,2.902499999999364,0
123,0.7198185941043084,0,4096,0,1.0,-63.018608301330445,,,,,,,,,0,2.7141000000003856,3.171599999999941,2
124,0.7256235827664399,0,4096,0,1.0,-61.93589477034563,,,,,,,,,0,0.5667999999996454,4.506600000000915,1
125,0.7314285714285714,0,4096,0,1.0,-64.02869241357597,,,,,,,,,0,0.3580999999996948,4.827399999999926,0
126,0.737233560090703,0,4096,0,1.0,-68.8340138010551,,,,,,,,,0,0.4978999999991629,0.7555999999997454,2
127,0.7430385487528345,0,4096,0,1.0,-70.92214539048713,,,,,,,,,0,0.3014999999990664,1.048200000001387,1
128,0.748843537414966,0,4096,0,1.0,-71.85843640567593,,,,,,,,,0,0.25519999999978893,1.323499999999811,0
129,0.7546485260770975,0,4096,0,1.0,-71.30825722572746,,,,,,,,,0,3.0309000000006137,3.3573000000011177,2
130,0.7604535147392291,0,4096,0,1.0,-75.27861020471191,,,,,,,,,0,1.8332999999994826,5.200600000000222,1
131,0.7662585034013606,0,4096,0,1.0,-77.10520291288682,,,,,,,,,0,0.8922000000008978,6.220400000000126,0
132,0.7720634920634921,0,4096,0,1.0,-74.86092077019356,,,,,,,,,0,3.168800000000971,3.6161999999997363,2
133,0.7778684807256235,0,4096,0,1.0,-71.9810976280753,,,,,,,,,0,1.9341999999991089,5.558599999998748,1
134,0.7836734693877551,0,4096,0,1.0,-67.12003173839106,,,,,,,,,0,1.7866000000008597,7.417500000000743,0
135,0.7894784580498866,0,4096,0,1.0,-75.78007354927907,,,,,,,,,0,1.8826000000000676,2.1406999999999954,2
136,0.7952834467120181,0,4096,0,0.0,-82.12469088349125,,,,,,,,,0,1.1931999999994503,3.4093999999988966,1
137,0.8010884353741496,0,4096,0,1.0,-78.10416384306455,,,,,,,,,0,0.6042999999991139,4.068600000000089,0
138,0.8068934240362812,0,4096,0,1.0,-78.94789606312716,,,,,,,,,0,1.194100000001086,1.426999999999623,2
139,0.8126984126984127,0,4096,0,1.0,-73.78280585233856,,,,,,,,,0,1.5944000000001068,3.0761000000012473,1
140,0.8185034013605442,0,4096,0,1.0,-66.64788773373971,,,,,,,,,0,1.3576999999997952,4.572099999998969,0
141,0.8243083900226758,0,4096,0,1.0,-69.63537284251856,,,,,,,,,0,0.8467000000003111,1.043499999999753,2
142,0.8301133786848073,0,4096,0,1.0,-69.54864560874486,,,,,,,,,0,0.5913999999993536,1.6734999999989952,1
143,0.8359183673469388,0,4096,0,1.0,-69.5330098234478,,,,,,,,,0,0.532800000000222,2.2463999999988715,0
144,0.8417233560090703,0,4096,0,0.9100397930368826,-69.101168244809,,,,,,,,,0,1.711200000000801,2.0226000000000965,2
145,0.8475283446712019,0,4096,0,1.0,-73.61580269285072,,,,,,,,,0,1.400300000000243,3.449199999998598,1
146,0.8533333333333334,0,4096,0,0.5548546106024478,-78.70085047007926,,,,,,,,,0,1.4790999999991783,4.997100000000643,0
147,0.8591383219954648,0,4096,0,0.020335884176972237,-81.85250858723026,,,,,,,,,0,1.262199999999325,1.5854999999991293,2
148,0.8649433106575963,0,4096,0,1.0,-82.2422320184522,,,,,,,,,0,0.6111999999998119,2.179299999999884,1
149,0.8707482993197279,0,4096,0,0.06398229185762551,-83.94492346361703,,,,,,,,,0,0.6573999999996971,2.843300000000326,0
150,0.8765532879818594,0,4096,0,0.7477555693231976,-86.81535153844756,,,,,,,,,0,1.6933999999988458,2.0574999999993793,2
151,0.8823582766439909,0,4096,0,0.0,-90.05730258541433,,,,,,,,,0,0.6190000000003693,2.6609999999998024,1
152,0.8881632653061224,0,4096,0,0.0,-93.69934845749101,,,,,,,,,0,0.4057999999993456,3.0879000000005874,0
153,0.893968253968254,0,4096,0,0.0,-92.9215993585874,,,,,,,,,0,1.9133000000000067,2.227800000000002,2
154,0.8997732426303855,0,4096,0,0.0,-93.77405164321351,,,,,,,,,0,1.1273000000002753,3.4440000000000026,1
155,0.905578231292517,0,4096,0,0.0,-92.42480478518486,,,,,,,,,0,0.5107999999989232,3.9608999999991568,0
156,0.9113832199546485,0,4096,0,0.0,-90.96174866035683,,,,,,,,,0,0.9994999999989318,1.2735999999993197,2
157,0.9171882086167801,0,4096,0,0.6472194682036858,-84.79490437455075,,,,,,,,,0,0.791500000000056,2.0638999999995633,1
158,0.9229931972789116,0,4096,0,0.7207921758146466,-81.8428375804883,,,,,,,,,0,0.5769999999998277,2.676699999998533,0
159,0.9287981859410431,0,4096,0,0.875190362584506,-80.09504640350116,,,,,,,,,0,1.6451000000010652,1.8998999999997324,2
160,0.9346031746031747,0,4096,0,1.0,-78.63573893924905,,,,,,,,,0,0.8007000000009867,2.720899999999915,1
161,0.9404081632653061,0,4096,0,1.0,-66.13108627008171,,,,,,,,,0,0.4215999999992448,3.177700000000172,0
162,0.9462131519274376,0,4096,0,1.0,-60.086386399268434,,,,,,,,,0,1.5084999999999127,2.0382000000012113,2
163,0.9520181405895691,0,4096,0,1.0,-58.26708562290069,,,,,,,,,0,0.5387999999992843,2.4745999999993273,1
164,0.9578231292517007,0,4096,0,1.0,-56.40243268625628,,,,,,,,,0,0.3475000000001671,2.776800000001245,0
165,0.9636281179138322,0,4096,0,1.0,-57.13321051569278,,,,,,,,,0,0.8441000000001253,1.041100000000128,2
166,0.9694331065759637,0,4096,0,1.0,-59.112854030412194,,,,,,,,,0,0.449399999999045,1.486600000001559,1
167,0.9752380952380952,0,4096,0,1.0,-63.70589338250505,,,,,,,,,0,0.40850000000069997,1.944099999999338,0
168,0.9810430839002268,0,4096,0,1.0,-62.8538813903245,,,,,,,,,0,1.596599999999171,1.8275000000009811,2
169,0.9868480725623583,0,4096,0,1.0,-60.69113170774418,,,,,,,,,0,1.4500999999995656,3.3693999999986346,1
170,0.9926530612244898,0,4096,0,1.0,-63.254762757907976,,,,,,,,,0,1.7025999999997765,5.252900000000338,0
171,0.9984580498866213,1,4096,0,1.0,-68.19699261349918,,-1,0,-1,,0,0,,1,1.9789000000010049,2.350799999998543,2
172,1.0042630385487528,1,4096,0,0.7897439050038283,-72.10604104580823,,-1,0,-1,,0,0,,1,0.6546999999983427,1.8835999999993192,1
173,1.0100680272108844,1,4096,0,1.0,-72.55748267238994,0.0027592501137405634,59,0,-1,,0,0,3.5954000000000264,0,4.62309999999988,5.900699999999759,3
174,1.0158730158730158,1,4096,0,0.8803811819280016,-74.85850205008175,,-1,0,-1,,0,0,,1,0.6564000000004455,0.9841999999995465,2
175,1.0216780045351475,1,4096,0,0.0,-77.11657555338874,,-1,0,-1,,0,0,,1,0.44330000000059044,1.4204000000006545,1
176,1.0274829931972789,1,4096,0,0.08909995088434851,-80.11933790636365,0.002762739546597004,59,0,-1,,0,0,2.9743999999993775,0,3.562000000000509,4.987399999999198,0
177,1.0332879818594105,1,4096,0,0.0,-79.2151185399523,,-1,0,-1,,0,0,,1,1.5493000000006418,1.8007000000004325,2
178,1.039092970521542,1,4096,0,1.0,-71.06070089845878,,-1,0,-1,,0,0,,1,0.6671999999987577,2.630200000000471,1
179,1.0448979591836736,1,512,1,1.0,-61.81415014354205,0.034051451832056046,59,0,-1,,0,0,6.172400000000522,0,7.039199999999468,9.718100000000618,0
180,1.050702947845805,1,512,0,1.0,-56.00948805637429,,-1,0,-1,,0,0,,1,0.7482000000003097,1.0457999999999856,2
181,1.0565079365079366,1,512,0,1.0,-53.297910578498644,,-1,0,-1,,0,0,,1,0.45620000000035077,1.466999999999885,1
182,1.062312925170068,1,1024,0,1.0,-53.45320366240007,0.1840207874774933,66,0,-1,,0,0,2.7370999999991596,0,3.33600000000267,4.803899999998862,0
183,1.0681179138321995,1,1024,0,1.0,-53.3298591583068,,-1,0,-1,,0,0,,1,1.7569000000001722,2.0994000000005286,2
184,1.073922902494331,1,2048,0,1.0,-50.776928189049855,,-1,0,-1,,0,0,,1,0.5569999999988084,2.649899999999761,1
185,1.0797278911564625,1,2048,0,1.0,-49.6860420860126,0.032675836235284805,67,0,-1,,0,0,2.992100000000164,0,3.471500000001626,6.119899999999845,3
186,1.0855328798185941,1,2048,0,1.0,-48.181516213562915,,-1,0,-1,,0,0,,1,0.4179999999998074,1.9545000000000812,2
187,1.0913378684807256,1,2048,0,1.0,-47.80936219917429,,-1,0,-1,,0,0,,1,0.3729000000003424,2.331599999999767,1
188,1.0971428571428572,1,4096,0,1.0,-45.75196955368244,0.004583054222166538,67,0,-1,,0,0,3.1572999999998075,0,3.668300000001068,6.017899999999798,0
189,1.1029478458049886,1,4096,0,1.0,-46.98490978788878,,-1,0,-1,,0,0,,1,0.8566999999999325,1.0966000000003362,2
190,1.1087528344671203,1,4096,0,1.0,-50.03256105152935,,-1,0,-1,,0,0,,1,0.44559999999904676,1.5292000000002304,1
191,1.1145578231292517,1,4096,0,1.0,-53.70294764064333,0.0034939968027174473,67,0,-1,,0,0,3.2431000000006094,0,3.792100000000076,5.01560000000012,0
192,1.1203628117913833,1,4096,0,1.0,-53.32459051701334,,-1,0,-1,,0,0,,1,1.0197000000005119,1.2916000000000594,2
193,1.1261678004535147,1,4096,0,1.0,-52.70315641548536,,-1,0,-1,,0,0,,1,1.174699999999973,2.5297999999995824,1
194,1.1319727891156464,1,4096,0,1.0,-49.3135042445953,0.003896088106557727,67,0,-1,,0,0,4.595999999999378,0,5.582900000000279,8.200300000000382,0
195,1.1377777777777778,1,4096,0,1.0,-49.46157429778193,,-1,0,-1,,0,0,,1,1.5831999999988966,2.1302000000016363,2
196,1.1435827664399092,1,4096,0,1.0,-46.509709495237566,,-1,0,-1,,0,0,,1,0.8368000000000819,2.9156000000014615,1
197,1.1493877551020408,1,4096,0,1.0,-47.40495389297437,0.00408813776448369,67,0,-1,,0,0,3.874500000000225,0,4.903300000000499,7.824400000000509,0
198,1.1551927437641722,1,4096,0,1.0,-45.96776436250216,,-1,0,-1,,0,0,,1,2.750200000001257,3.0996000000005353,2
199,1.1609977324263039,1,4096,0,1.0,-46.05973510525128,,-1,0,-1,,0,0,,1,0.9890000000005728,4.111700000001051,1
200,1.1668027210884353,1,4096,0,1.0,-50.421688145377956,0.0045384918339550495,66,0,-1,,0,0,4.440699999999964,0,5.261299999999025,9.409800000000246,0
201,1.172607709750567,1,4096,0,1.0,-46.81782053758913,,-1,0,-1,,0,0,,1,2.5561999999990093,2.8871000000005864,2
202,1.1784126984126984,1,4096,0,1.0,-49.54130998278937,,-1,0,-1,,0,0,,1,1.6387000000008811,4.687199999999336,1
203,1.18421768707483,1,4096,0,1.0,-52.35225845254044,0.0033018316607922316,66,0,-1,,0,0,4.596099999998771,0,5.843800000000954,9.690499999999602,0
204,1.1900226757369614,1,4096,0,1.0,-54.25305605889095,,-1,0,-1,,0,0,,1,1.7794999999996008,2.0994000000005286,2
205,1.195827664399093,1,4096,0,1.0,-59.42360591289901,,-1,0,-1,,0,0,,1,0.5720000000000169,2.6684000000010144,1
206,1.2016326530612245,1,4096,0,1.0,-60.706609083858105,0.0020653451792895794,66,0,-1,,0,0,3.4538000000008395,0,4.152899999999349,6.841899999999512,3
207,1.207437641723356,1,4096,0,1.0,-60.442605938447485,,-1,0,-1,,0,0,,1,0.6710999999999245,2.7708000000004063,2
208,1.2132426303854875,1,4096,0,1.0,-62.37960527665888,,-1,0,-1,,0,0,,1,0.5526000000006803,3.347800000000234,1
209,1.2190476190476192,1,4096,0,1.0,-63.58335645404782,0.0021905587054789066,72,0,-1,,0,0,4.389699999999053,0,5.11790000000012,8.499800000000945,0
210,1.2248526077097506,1,512,1,1.0,-68.43673652654907,,-1,0,-1,,0,0,,1,1.0732000000004405,1.3450000000005957,2
211,1.230657596371882,1,512,0,1.0,-57.93705505163372,,-1,0,-1,,0,0,,1,1.065399999999883,2.447500000000602,1
212,1.2364625850340136,1,512,0,1.0,-58.746166562101045,0.04748064652085304,59,0,-1,,0,0,4.945900000000947,0,6.472500000000991,8.703300000000525,0
213,1.242267573696145,1,1024,0,1.0,-48.48623757119965,,-1,0,-1,,0,0,,1,1.0615999999998849,1.4232000000014011,2
214,1.2480725623582767,1,1024,0,1.0,-51.71391869485915,,-1,0,-1,,0,0,,1,0.6897999999999627,2.104300000000947,1
215,1.253877551020408,1,2048,0,1.0,-46.208757098833175,0.04610680788755417,59,0,-1,,0,0,4.6394999999996855,0,5.437399999999926,7.593299999999914,0
216,1.2596825396825397,1,2048,0,1.0,-51.606580333969276,,-1,0,-1,,0,0,,1,1.1967000000012717,1.447299999998819,1
217,1.2654875283446712,1,2048,0,1.0,-43.11390481964318,0.07192162424325943,64,0,-1,,0,0,3.64060000000066,0,5.2994999999995684,6.733200000001105,1
218,1.2712925170068028,1,2048,0,1.0,-53.35381503881909,0.040815334767103195,69,0,-1,,0,0,4.1767999999997585,0,5.22830000000063,8.900499999999312,0
219,1.2770975056689342,1,4096,0,1.0,-54.58759961754374,,-1,0,-1,,0,0,,1,1.9931999999993621,2.177899999999511,2
220,1.2829024943310658,1,4096,0,1.0,-61.69656604128208,,-1,0,-1,,0,0,,1,1.4481999999986783,3.185100000001384,1
221,1.2887074829931973,1,4096,0,1.0,-64.12879265450005,0.0019035999430343509,64,0,-1,,0,0,4.166399999999015,0,4.992899999999523,8.20500000000024,0
222,1.294512471655329,1,4096,0,1.0,-65.27070500309874,,-1,0,-1,,0,0,,1,1.7159000000006586,2.301400000000342,2
223,1.3003174603174603,1,4096,0,1.0,-65.39958254399507,,-1,0,-1,,0,0,,1,1.2983999999995888,3.541699999999537,1
224,1.3061224489795917,1,4096,0,1.0,-64.06117284173897,0.0019522336078807712,64,0,-1,,0,0,5.244000000001137,0,6.753899999999646,10.315200000000857,0
225,1.3119274376417234,1,4096,0,1.0,-66.84590647477845,,-1,0,-1,,0,0,,1,1.1524000000004975,1.3655000000003525,2
226,1.3177324263038548,1,4096,0,1.0,-66.42508097926404,,-1,0,-1,,0,0,,1,0.9087999999994878,2.3583000000009235,1
227,1.3235374149659864,1,512,1,1.0,-68.00039253763296,0.021125782281160355,59,0,-1,,0,0,5.064900000000705,0,6.033999999999651,8.488299999999782,0
228,1.3293424036281178,1,512,0,1.0,-70.13242633710341,,-1,0,-1,,0,0,,1,1.6213000000000477,1.9600999999997981,2
229,1.3351473922902495,1,512,0,1.0,-72.54951828283151,,-1,0,-1,,0,0,,1,1.3414000000011583,3.3269000000011317,1
230,1.340952380952381,1,1024,0,1.0,-71.91749088718606,0.020924560725688934,59,0,-1,,0,0,7.082900000000336,0,8.660199999999563,12.051999999998841,3
231,1.3467573696145125,1,1024,0,1.0,-74.42047381607293,,-1,0,-1,,0,0,,1,0.8432999999996582,2.839800000000281,2
232,1.352562358276644,1,2048,0,0.6828778115974592,-74.18063265598958,,-1,0,-1,,0,0,,1,0.6567000000003986,3.5083000000000197,1
233,1.3583673469387756,1,2048,0,0.7172697984694131,-76.61548108106616,0.019740387797355652,59,0,-1,,0,0,3.412900000000718,0,4.062300000001073,7.602100000001499,0
234,1.364172335600907,1,2048,0,0.28301265031248113,-75.54442162973808,,-1,0,-1,,0,0,,1,1.267299999998528,1.5207000000003745,2
235,1.3699773242630386,1,2048,0,0.41962915224678554,-78.71493085729662,,-1,0,-1,,0,0,,1,0.7647999999988997,2.320599999999118,1
236,1.37578231292517,1,4096,0,0.0,-79.18096616261957,0.0026011657901108265,59,0,-1,,0,0,6.893899999999675,0,7.8075999999995815,10.206300000000113,0
237,1.3815873015873017,1,4096,0,0.0,-81.59410197200796,,-1,0,-1,,0,0,,1,2.0596000000008274,2.3748000000001213,2
238,1.3873922902494331,1,4096,0,0.03306017598614767,-82.91069616759216,,-1,0,-1,,0,0,,1,0.6342999999997545,3.008699999998754,1
239,1.3931972789115645,1,4096,0,0.0,-84.48235221873301,0.0025798589922487736,59,0,-1,,0,0,3.592600000001056,0,4.486799999998681,7.541599999999704,0
240,1.3990022675736962,1,4096,0,0.0,-85.40263950047301,,-1,0,-1,,0,0,,1,1.073699999999178,1.4184999999997672,2
241,1.4048072562358276,1,4096,0,0.0,-87.4254331579793,,-1,0,-1,,0,0,,1,1.5652999999993256,2.9986000000015167,1
242,1.4106122448979592,1,4096,0,0.0,-81.0846741347841,0.0026182341389358044,59,0,-1,,0,0,4.243300000000616,0,6.080900000002387,9.151300000000973,0
243,1.4164172335600906,1,4096,0,1.0,-78.1814282753546,,-1,0,-1,,0,0,,1,1.0129000000009825,1.2321999999986843,2
244,1.4222222222222223,1,4096,0,0.6995109650982017,-75.61925481325908,,-1,0,-1,,0,0,,1,1.0738000000003467,2.4084000000001993,1
245,1.4280272108843537,1,4096,0,0.7436811284284266,-77.82344744671016,0.0026262206956744194,59,0,-1,,0,0,4.3775999999997595,0,5.5011000000000365,8.023500000000183,0
246,1.4338321995464853,1,4096,0,0.05478514620645963,-80.73974906243664,,-1,0,-1,,0,0,,1,1.9439999999999458,2.303299999999453,2
247,1.4396371882086167,1,4096,0,1.0,-72.53080266695547,,-1,0,-1,,0,0,,1,1.726900000001308,4.132999999999498,1
248,1.4454421768707484,1,512,1,1.0,-63.148630065237164,0.021660098806023598,59,0,-1,,0,0,11.933900000000719,0,14.444200000001572,18.707199999999702,3
249,1.4512471655328798,1,512,0,1.0,-59.99854087416476,,-1,0,-1,,0,0,,1,2.2719000000002154,3.740099999999913,2
250,1.4570521541950114,1,512,0,1.0,-54.257408052031806,,-1,0,-1,,0,0,,1,2.2444000000003683,6.156100000000109,1
251,1.4628571428571429,1,1024,0,1.0,-55.26462845143931,0.04586957395076752,59,0,-1,,0,0,5.043300000000528,0,6.2536000000008585,12.748300000000157,0
252,1.4686621315192743,1,1024,0,1.0,-60.43674918413066,0.041161999106407166,53,0,-1,,0,0,3.837700000000055,0,7.068800000000763,7.284699999999589,2
253,1.474467120181406,1,2048,0,1.0,-53.62451969455573,,-1,0,-1,,0,0,,1,0.7812000000004815,4.654799999999071,1
254,1.4802721088435373,1,2048,0,1.0,-56.704637997008575,,-1,0,-1,,0,0,,1,1.7969000000004343,6.545499999999649,3
255,1.486077097505669,1,2048,0,1.0,-59.02863933924885,,-1,0,-1,,0,0,,1,2.3862999999995083,4.169199999999762,2
256,1.4918820861678004,1,2048,0,1.0,-60.27467487083075,,-1,0,-1,,0,0,,1,1.2634000000009138,5.211599999999095,1
257,1.497687074829932,1,4096,0,1.0,-63.20427897489441,0.0026259582955390215,59,0,-1,,0,0,6.70159999999953,0,7.884699999999967,12.938099999999508,0
258,1.5034920634920634,1,4096,0,1.0,-65.38918725749062,,-1,0,-1,,0,0,,1,1.9761000000002582,2.4081999999996384,2
259,1.509297052154195,1,4096,0,1.0,-64.91822423382655,,-1,0,-1,,0,0,,1,2.9090000000007166,5.598400000000225,1
260,1.5151020408163265,1,4096,0,1.0,-66.61631274002644,0.00253202673047781,53,0,-1,,0,0,5.767399999999867,0,7.644300000000825,13.539999999998997,0
261,1.5209070294784581,1,4096,0,1.0,-69.58640278042593,,-1,0,-1,,0,0,,1,2.4335999999998137,2.9015000000001123,2
262,1.5267120181405895,1,4096,0,1.0,-73.11443150930708,,-1,0,-1,,0,0,,1,1.0902000000001522,2.562799999999754,1
263,1.5325170068027212,1,4096,0,0.9306220082949381,-72.18266523076686,0.002400761004537344,53,0,-1,,0,0,4.3231999999999715,0,5.437800000001047,7.979299999998801,0
264,1.5383219954648526,1,4096,0,1.0,-70.92546795983633,,-1,0,-1,,0,0,,1,1.0689999999993205,1.3206000000014484,2
265,1.5441269841269842,1,4096,0,1.0,-77.56608951920008,,-1,0,-1,,0,0,,1,0.7120000000000459,2.058200000000454,1
266,1.5499319727891157,1,4096,0,0.0,-74.85801846766458,0.0026567592285573483,53,0,-1,,0,0,3.9481999999999573,0,4.6834000000011144,6.806900000000837,0
267,1.555736961451247,1,4096,0,0.14952805601296096,-74.27980839332771,,-1,0,-1,,0,0,,1,2.852000000000743,3.4660000000013014,2
268,1.5615419501133787,1,4096,0,1.0,-70.1090336859539,,-1,0,-1,,0,0,,1,1.5945999999988913,5.54799999999922,1
269,1.5673469387755101,1,512,1,1.0,-62.745898816184884,0.02200988680124283,59,0,-1,,0,0,3.6647999999992464,0,4.6119999999998385,10.286900000000543,0
270,1.5731519274376418,1,512,0,1.0,-59.14041522679449,,-1,0,-1,,0,0,,1,1.5432999999998032,1.7099999999992122,2
271,1.5789569160997732,1,512,0,1.0,-55.44772106277407,,-1,0,-1,,0,0,,1,0.9323000000005521,1.7070999999990732,1
272,1.5847619047619048,1,1024,0,1.0,-55.29422165739969,0.06443691998720169,53,0,-1,,0,0,6.342300000000023,0,7.814299999999719,9.477900000000261,0
273,1.5905668934240362,1,1024,0,1.0,-56.42950519376569,,-1,0,-1,,0,0,,1,0.8409999999994255,1.1598999999993254,2
274,1.5963718820861679,1,2048,0,1.0,-58.25995690190212,,-1,0,-1,,0,0,,1,0.5226000000000397,1.6579999999990491,1
275,1.6021768707482993,1,2048,0,1.0,-58.871043311939786,0.023401642218232155,59,0,-1,,0,0,3.724199999998845,0,4.545400000001365,6.2557999999999225,0
276,1.607981859410431,1,2048,0,1.0,-59.7526733038752,,-1,0,-1,,0,0,,1,1.8612999999998436,2.3157000000004757,2
277,1.6137868480725623,1,2048,0,1.0,-62.003405836664534,,-1,0,-1,,0,0,,1,0.9184999999991561,3.2484999999997655,1
278,1.619591836734694,1,4096,0,1.0,-67.18630963097677,0.0022075630258768797,59,0,-1,,0,0,3.1265999999998684,0,3.7061000000004896,6.945499999998717,0
279,1.6253968253968254,1,4096,0,1.0,-68.1806460748164,,-1,0,-1,,0,0,,1,3.0286999999997732,3.33550000000038,2
280,1.6312018140589568,1,4096,0,1.0,-65.16880184005447,,-1,0,-1,,0,0,,1,1.077099999999831,4.51269999999937,1
281,1.6370068027210884,1,4096,0,1.0,-59.82776421729044,0.001782754436135292,59,0,-1,,0,0,3.8961999999997943,0,4.630300000000531,9.191599999999411,0
282,1.6428117913832199,1,4096,0,1.0,-59.82809830483369,,-1,0,-1,,0,0,,1,2.1302000000016363,2.7159000000001043,2
283,1.6486167800453515,1,4096,0,1.0,-58.11039909461766,,-1,0,-1,,0,0,,1,1.5584999999997962,4.258300000000048,1
284,1.654421768707483,1,4096,0,1.0,-58.41640701970896,0.0018374159699305892,53,0,-1,,0,0,4.928400000000721,0,6.535700000000588,10.870800000001068,0
285,1.6602267573696146,1,4096,0,1.0,-58.177295599578656,,-1,0,-1,,0,0,,1,5.403199999999941,5.606099999999614,2
286,1.666031746031746,1,4096,0,1.0,-57.039073065493646,,-1,0,-1,,0,0,,1,0.757899999999978,5.53619999999988,1
287,1.6718367346938776,1,4096,0,1.0,-54.872070149873224,0.002125735627487302,59,0,-1,,0,0,3.763299999999248,0,4.563700000000281,10.035800000000705,0
288,1.677641723356009,1,4096,0,1.0,-53.86877603847621,,-1,0,-1,,0,0,,1,2.159599999998818,2.5713000000013864,2
289,1.6834467120181407,1,4096,0,1.0,-52.31578904314654,,-1,0,-1,,0,0,,1,0.554400000000399,3.038499999998834,1
290,1.689251700680272,1,4096,0,1.0,-53.39924022274609,0.0024612818378955126,59,0,-1,,0,0,3.468099999999197,0,4.006199999999183,6.333299999999653,0
291,1.6950566893424037,1,4096,0,1.0,-55.63477186620248,,-1,0,-1,,0,0,,1,1.2966999999992623,1.5894000000002961,2
292,1.7008616780045351,1,4096,0,1.0,-57.536800095180425,,-1,0,-1,,0,0,,1,0.5077999999993921,1.4341999999984978,1
293,1.7066666666666668,1,4096,0,1.0,-56.232499089429204,0.0025803938042372465,59,0,-1,,0,0,2.9509000000000896,0,3.60970000000016,5.024399999999929,0
294,1.7124716553287982,1,4096,0,1.0,-55.17347126690993,,-1,0,-1,,0,0,,1,1.0782000000002512,1.2497000000006864,2
295,1.7182766439909296,1,4096,0,1.0,-58.25827440930033,,-1,0,-1,,0,0,,1,0.5369000000001733,1.7049000000000092,1
296,1.7240816326530612,1,4096,0,1.0,-52.64767065788714,0.0026365823578089476,59,0,-1,,0,0,3.028600000000381,0,3.55799999999995,5.264399999999725,0
297,1.7298866213151927,1,4096,0,1.0,-50.482477580951645,,-1,0,-1,,0,0,,1,0.883200000000528,1.2106000000002837,2
298,1.7356916099773243,1,4096,0,1.0,-50.50372904647298,,-1,0,-1,,0,0,,1,0.6987000000009402,1.909199999998279,1
299,1.7414965986394557,1,4096,0,1.0,-49.68139276094338,0.0029834217857569456,59,0,-1,,0,0,4.249399999999071,0,5.0898999999997585,7.024499999999989,0
300,1.7473015873015874,1,4096,0,1.0,-53.04512954108519,,-1,0,-1,,0,0,,1,2.17879999999937,2.5466000000005096,2
301,1.7531065759637188,1,4096,0,1.0,-50.571404035866195,,-1,0,-1,,0,0,,1,2.038499999999388,5.53789999999843,1
302,1.7589115646258504,1,4096,0,1.0,-49.92614896472182,0.0041307732462882996,59,0,-1,,0,0,5.458000000000851,0,7.878999999999081,13.588900000000237,0
303,1.7647165532879818,1,4096,0,1.0,-50.46573141517694,,-1,0,-1,,0,0,,1,1.2541000000005909,1.455200000000545,2
304,1.7705215419501135,1,4096,0,1.0,-49.98231496679186,,-1,0,-1,,0,0,,1,0.6612999999990876,1.7370000000003216,1
305,1.7763265306122449,1,4096,0,1.0,-51.32312596048766,0.005041368771344423,59,0,-1,,0,0,4.884099999999947,0,5.81350000000036,7.559999999999789,0
306,1.7821315192743765,1,4096,0,1.0,-48.41362922458942,,-1,0,-1,,0,0,,1,0.870700000000113,1.2919000000000125,2
307,1.787936507936508,1,4096,0,1.0,-45.392786797726956,,-1,0,-1,,0,0,,1,0.5009000000004704,1.7646999999989532,1
308,1.7937414965986394,1,4096,0,1.0,-51.94925011108923,0.005798759870231152,64,0,-1,,0,0,4.4333000000005285,0,5.195500000001019,6.9936000000012655,0
309,1.799546485260771,1,4096,0,1.0,-45.37087951103789,,-1,0,-1,,0,0,,1,1.3940999999988435,1.698199999999872,2
310,1.8053514739229024,1,4096,0,1.0,-46.125945462895935,,-1,0,-1,,0,0,,1,1.2638000000002592,3.084000000001197,1
311,1.811156462585034,1,4096,0,1.0,-46.78910997204622,0.006136303301900625,66,0,-1,,0,0,5.706199999998773,0,8.499000000000478,12.010599999999982,3
312,1.8169614512471655,1,4096,0,1.0,-48.37804495764783,,-1,0,-1,,0,0,,1,0.6521999999993255,2.443299999999482,2
313,1.822766439909297,1,4096,0,1.0,-50.41476947083132,,-1,0,-1,,0,0,,1,0.45740000000016323,2.8983000000000203,1
314,1.8285714285714285,1,4096,0,1.0,-51.691845854504656,0.003744954476132989,64,0,-1,,0,0,3.520899999999827,0,4.157700000000375,7.091100000000239,0
315,1.8343764172335602,1,4096,0,1.0,-55.07829326802556,,-1,0,-1,,0,0,,1,1.2002000000013169,1.3711000000000695,2
316,1.8401814058956916,1,4096,0,1.0,-58.23484031119284,,-1,0,-1,,0,0,,1,0.6833000000003864,1.6617000000014315,1
317,1.8459863945578232,1,4096,0,1.0,-60.08356684680817,0.0016489552799612284,64,0,-1,,0,0,6.407199999999946,0,7.473999999998426,9.173600000000448,0
318,1.8517913832199546,1,4096,0,1.0,-64.15330868485364,,-1,0,-1,,0,0,,1,0.7866999999990298,0.9787000000009982,2
319,1.8575963718820863,1,512,1,1.0,-67.32633066508855,,-1,0,-1,,0,0,,1,0.5219000000007412,1.5439000000014858,1
320,1.8634013605442177,1,512,0,1.0,-71.01076478764473,0.02212955243885517,59,0,-1,,0,0,5.060399999999632,0,5.884399999999346,7.480499999999779,0
321,1.8692063492063493,1,512,0,1.0,-68.8349802616809,,-1,0,-1,,0,0,,1,1.832600000000184,2.2663999999998907,2
322,1.8750113378684807,1,1024,0,1.0,-71.42709954228187,,-1,0,-1,,0,0,,1,1.4028000000010366,3.778599999998633,1
323,1.8808163265306121,1,1024,0,0.8386258501980339,-73.16554558083686,0.020112495869398117,59,0,-1,,0,0,6.373500000000476,0,7.45679999999993,11.306900000001008,3
324,1.8866213151927438,1,2048,0,0.6018034926373619,-75.85181679431757,,-1,0,-1,,0,0,,1,1.4894999999999214,4.715100000000305,2
325,1.8924263038548752,1,2048,0,0.7867991723609997,-75.3804812818294,,-1,0,-1,,0,0,,1,0.8797999999998751,5.680400000001029,1
326,1.8982312925170068,1,2048,0,0.4807260309769772,-77.87447609029294,0.019711313769221306,59,0,-1,,0,0,5.673099999999209,0,6.907599999999903,12.68879999999939,0
327,1.9040362811791383,1,2048,0,0.07743457581192556,-79.47319589563017,,-1,0,-1,,0,0,,1,1.3938000000006667,1.601400000000197,2
328,1.90984126984127,1,4096,0,0.0018158506422959139,-79.66928441598002,,-1,0,-1,,0,0,,1,0.6250999999988238,1.7129999999987433,1
329,1.9156462585034013,1,4096,0,0.0,-81.82355993531601,0.0022789943031966686,59,0,-1,,0,0,5.634000000000583,0,6.670200000000293,8.375499999999647,0
330,1.921451247165533,1,4096,0,0.0,-81.10500369440332,,-1,0,-1,,0,0,,1,1.99479999999852,2.425699999999864,2
331,1.9272562358276644,1,4096,0,0.0,-83.38330089697992,,-1,0,-1,,0,0,,1,0.7297000000008325,3.18940000000012,1
332,1.933061224489796,1,4096,0,0.0,-85.27835775164687,0.002634419361129403,59,0,-1,,0,0,4.628199999999083,0,5.531299999999462,8.764599999999234,0
333,1.9388662131519274,1,4096,0,0.0,-85.99489061054823,,-1,0,-1,,0,0,,1,1.667499999999933,2.3407999999989215,2
334,1.944671201814059,1,4096,0,0.0,-86.44460212921777,,-1,0,-1,,0,0,,1,0.8221999999999952,3.1322000000013617,1
335,1.9504761904761905,1,4096,0,0.0,-86.68821908677035,0.002612493699416518,59,0,-1,,0,0,4.421699999999973,0,5.413199999999563,8.588200000000157,0
336,1.956281179138322,1,4096,0,0.0,-89.29567878873075,,-1,0,-1,,0,0,,1,2.72019999999884,3.205600000001141,2
337,1.9620861678004535,1,4096,0,0.0,-88.2606491031998,,-1,0,-1,,0,0,,1,0.9293999999986369,4.2048000000001196,1
338,1.967891156462585,1,4096,0,0.0,-90.2874245445838,0.00262880208902061,59,0,-1,,0,0,4.416499999999601,0,5.887899999999391,10.149399999999531,0
339,1.9736961451247166,1,4096,0,0.0,-93.66247326824933,,-1,0,-1,,0,0,,1,2.217699999999212,2.6250000000000995,2
340,1.979501133786848,1,4096,0,0.0,-94.08641806311084,,-1,0,-1,,0,0,,1,1.2384000000000839,3.943899999999445,1
341,1.9853061224489796,1,4096,0,0.0,-94.8841057031076,0.0026433723978698254,59,0,-1,,0,0,3.808400000000489,0,4.604299999998673,8.586100000000485,0
342,1.991111111111111,1,4096,0,0.0,-94.25145145011584,,-1,0,-1,,0,0,,1,1.1644999999997907,1.4426000000007377,2
343,1.9969160997732427,1,4096,0,0.0,-94.98250585300241,,-1,0,-1,,0,0,,1,0.9943000000003366,2.5015000000010446,1
344,2.0027210884353743,1,4096,0,0.0,-94.37947693367157,0.0026406783144921064,59,0,-1,,0,0,3.8215000000008104,0,4.885100000000975,7.45990000000063,0
345,2.0085260770975055,1,4096,0,0.0,-90.94207725441902,,-1,0,-1,,0,0,,1,0.6667999999994123,0.8482000000000767,2
346,2.014331065759637,1,4096,0,0.12484799271603518,-79.22832591563522,,-1,0,-1,,0,0,,1,0.6486999999992804,1.5394000000004127,1
347,2.020136054421769,1,4096,0,1.0,-76.98203081797224,0.0026354340370744467,59,0,-1,,0,0,4.293000000000546,0,5.1954000000016265,6.8070000000002295,0
348,2.0259410430839004,1,4096,0,1.0,-70.3443822444559,,-1,0,-1,,0,0,,1,0.7347000000006432,1.032800000000833,2
349,2.0317460317460316,1,512,1,1.0,-69.34542918159302,,-1,0,-1,,0,0,,1,0.524500000000927,1.5979999999995442,1
350,2.0375510204081633,1,512,0,1.0,-67.62352292128165,0.022434968501329422,59,0,-1,,0,0,6.04279999999946,0,7.640500000000827,9.309899999999871,0
351,2.043356009070295,1,512,0,1.0,-62.21715709652737,,-1,0,-1,,0,0,,1,0.7775999999992678,0.9306000000002257,2
352,2.049160997732426,1,1024,0,1.0,-66.31921004214777,,-1,0,-1,,0,0,,1,0.3512000000007731,1.299500000000009,1
353,2.0549659863945577,1,1024,0,1.0,-60.144553495618325,0.02512667141854763,59,0,-1,,0,0,3.6741000000013457,0,4.31910000000002,5.3776999999985975,0
354,2.0607709750566894,1,2048,0,1.0,-61.431281686427624,,-1,0,-1,,0,0,,1,0.8159000000009797,1.0186000000000917,2
355,2.066575963718821,1,2048,0,1.0,-61.30280425977059,,-1,0,-1,,0,0,,1,0.6561999999998847,1.7352999999999952,1
356,2.072380952380952,1,2048,0,1.0,-51.074548174076895,0.03883957490324974,59,0,-1,,0,0,4.195399999998628,0,4.9904000000005055,6.8216999999997086,0
357,2.078185941043084,1,2048,0,1.0,-50.32555840121372,,-1,0,-1,,0,0,,1,0.8782999999983332,1.0352999999998502,2
358,2.0839909297052155,1,4096,0,1.0,-44.427066113245445,,-1,0,-1,,0,0,,1,0.45800000000006946,1.5353999999998535,1
359,2.089795918367347,1,4096,0,1.0,-42.86038919620101,0.006871736142784357,59,0,-1,,0,0,4.148800000001174,0,4.909600000001291,6.163700000000105,0
360,2.0956009070294783,1,4096,0,1.0,-43.00957831640893,,-1,0,-1,,0,0,,1,1.3431000000014848,1.7260999999990645,2
361,2.10140589569161,1,4096,0,1.0,-40.916813214319525,,-1,0,-1,,0,0,,1,0.8678999999993664,2.626799999999818,1
362,2.1072108843537416,1,4096,0,1.0,-42.0403249763134,0.006591297686100006,64,0,-1,,0,0,4.036600000000945,0,4.6938999999994735,7.376999999999967,0
363,2.1130158730158732,1,4096,0,1.0,-43.32641732291863,,-1,0,-1,,0,0,,1,1.5470999999998014,1.8519999999995207,2
364,2.1188208616780044,1,4096,0,1.0,-41.72625462151488,,-1,0,-1,,0,0,,1,1.1969999999994485,3.132899999998884,1
365,2.124625850340136,1,4096,0,1.0,-45.60600330821508,0.006019780412316322,65,0,-1,,0,0,5.333199999999039,0,6.371999999998934,9.588899999998901,0
366,2.1304308390022677,1,4096,0,1.0,-46.699386797392954,,-1,0,-1,,0,0,,1,1.111200000000423,1.3857000000001563,2
367,2.136235827664399,1,4096,0,1.0,-50.08746229751284,,-1,0,-1,,0,0,,1,0.71419999999911,2.1585999999995664,1
368,2.1420408163265305,1,4096,0,1.0,-51.11737723926077,0.004699915647506714,65,0,-1,,0,0,4.594799999999566,0,5.637799999998805,7.940200000000175,0
369,2.147845804988662,1,4096,0,1.0,-52.03171692164271,,-1,0,-1,,0,0,,1,2.536600000000888,2.867200000000736,2
370,2.153650793650794,1,4096,0,1.0,-54.33199853866448,,-1,0,-1,,0,0,,1,1.0557000000002148,3.9919000000008253,1
371,2.159455782312925,1,4096,0,1.0,-54.31502874105704,0.0035127983428537846,65,0,-1,,0,0,4.135999999999029,0,4.999100000000922,9.042599999999013,3
372,2.1652607709750566,1,4096,0,1.0,-56.36606047049625,,-1,0,-1,,0,0,,1,0.5258000000001317,2.962499999998869,2
373,2.1710657596371883,1,4096,0,1.0,-56.1980041178325,,-1,0,-1,,0,0,,1,0.4141000000004169,3.366200000000319,1
374,2.17687074829932,1,4096,0,1.0,-57.56990899091059,0.0027014189399778843,65,0,-1,,0,0,3.464000000001022,0,4.017900000000907,7.397000000000986,0
375,2.182675736961451,1,4096,0,1.0,-59.647439519311156,,-1,0,-1,,0,0,,1,0.6178000000005568,0.834400000000457,2
376,2.1884807256235828,1,4096,0,1.0,-57.51327137107093,,-1,0,-1,,0,0,,1,0.3878000000003823,1.2471000000005006,1
377,2.1942857142857144,1,4096,0,1.0,-58.27966619135752,0.002203399082645774,64,0,-1,,0,0,3.3455000000000013,0,3.82409999999922,5.107499999999376,0
378,2.2000907029478456,1,4096,0,1.0,-55.72054202369486,,-1,0,-1,,0,0,,1,1.068300000000022,1.3535999999998438,2
379,2.2058956916099772,1,4096,0,1.0,-57.266397427808926,,-1,0,-1,,0,0,,1,0.6883000000001971,2.083499999999461,1
380,2.211700680272109,1,4096,0,1.0,-53.96583114455278,0.002490584971383214,64,0,-1,,0,0,4.33089999999936,0,5.250000000000199,7.390000000000896,0
381,2.2175056689342405,1,4096,0,1.0,-52.45480416721692,,-1,0,-1,,0,0,,1,0.9402000000005017,1.1884000000002004,2
382,2.2233106575963717,1,4096,0,1.0,-55.563044725354736,,-1,0,-1,,0,0,,1,0.6430999999995635,1.8829000000000207,1
383,2.2291156462585033,1,4096,0,1.0,-52.39820192113757,0.0031902999617159367,59,0,-1,,0,0,4.35590000000019,0,5.115399999999326,7.056999999999647,0
384,2.234920634920635,1,4096,0,1.0,-51.091800201227045,,-1,0,-1,,0,0,,1,0.8945000000011305,1.1375999999998498,2
385,2.2407256235827666,1,4096,0,1.0,-44.489389163833295,,-1,0,-1,,0,0,,1,0.5934999999990254,1.7607999999995627,1
386,2.246530612244898,1,4096,0,1.0,-41.761085485546985,0.007303468883037567,59,0,-1,,0,0,5.212399999999562,0,6.437799999998717,8.306899999999118,0
387,2.2523356009070294,1,4096,0,1.0,-49.45723852904561,,-1,0,-1,,0,0,,1,0.7485999999996551,0.9390000000006893,2
388,2.258140589569161,1,4096,0,1.0,-40.17526017172518,,-1,0,-1,,0,0,,1,0.3516000000001185,1.3196999999998127,1
389,2.2639455782312927,1,4096,0,1.0,-39.710227378501294,0.008162414655089378,64,0,-1,,0,0,4.424999999999457,0,4.989899999999992,6.342300000000023,0
390,2.269750566893424,1,4096,0,1.0,-43.335304970268936,,-1,0,-1,,0,0,,1,0.9936000000010381,1.443500000000597,2
391,2.2755555555555556,1,4096,0,1.0,-40.006314359170794,,-1,0,-1,,0,0,,1,0.7662000000010494,2.152300000000551,1
392,2.281360544217687,1,4096,0,1.0,-41.95813404687499,0.009376316331326962,64,0,-1,,0,0,2.780399999998906,0,3.3583000000003693,5.518900000000215,3
393,2.2871655328798184,1,4096,0,1.0,-44.882279161148006,,-1,0,-1,,0,0,,1,0.3314000000003148,1.0253000000002288,2
394,2.29297052154195,1,4096,0,1.0,-43.74052228375922,,-1,0,-1,,0,0,,1,0.29349999999972454,1.329899999999995,1
395,2.2987755102040817,1,4096,0,1.0,-47.7899207873428,0.010532078333199024,64,0,-1,,0,0,2.193199999998896,0,2.5377999999989242,3.891599999999329,0
396,2.3045804988662133,1,4096,0,1.0,-47.276013384112645,,-1,0,-1,,0,0,,1,0.7087000000005617,0.9964000000000084,2
397,2.3103854875283445,1,4096,0,1.0,-49.473097378191426,,-1,0,-1,,0,0,,1,0.45369999999955724,1.475499999999741,1
398,2.316190476190476,1,4096,0,1.0,-50.49387357491308,0.009195682592689991,70,0,-1,,0,0,3.8525000000007026,0,4.6207000000020315,6.142600000000442,0
399,2.3219954648526078,1,4096,0,1.0,-53.82944043426132,,-1,0,-1,,0,0,,1,2.5285000000003777,2.8287000000002394,2
400,2.3278004535147394,1,4096,0,1.0,-52.63888364949766,,-1,0,-1,,0,0,,1,1.1637000000011,4.0767999999999915,1
401,2.3336054421768706,1,4096,0,1.0,-50.75109691092535,0.005674087908118963,64,0,-1,,0,0,3.8349000000010847,0,4.8250999999996935,9.22830000000019,0
402,2.3394104308390022,1,4096,0,1.0,-52.07040089562295,,-1,0,-1,,0,0,,1,1.3319000000002745,1.7952999999995,2
403,2.345215419501134,1,4096,0,1.0,-50.33926657219681,,-1,0,-1,,0,0,,1,1.2787999999996913,3.0764000000012004,1
404,2.3510204081632655,1,4096,0,1.0,-48.90286114653427,0.0033072440419346094,66,0,-1,,0,0,6.569199999999498,0,7.847599999999844,11.022099999999924,0
405,2.3568253968253967,1,4096,0,1.0,-53.334929884635656,,-1,0,-1,,0,0,,1,1.416300000000703,2.099499999999921,2
406,2.3626303854875284,1,4096,0,1.0,-49.95891203222233,,-1,0,-1,,0,0,,1,0.878999999999408,2.9407999999992995,1
407,2.36843537414966,1,4096,0,1.0,-48.85321560306857,0.0024708269629627466,72,0,-1,,0,0,5.337300000000766,0,6.640600000000774,9.594100000001049,0
408,2.374240362811791,1,4096,0,1.0,-52.407557043160544,,-1,0,-1,,0,0,,1,1.324500000000839,1.6857000000012334,2
409,2.380045351473923,1,4096,0,1.0,-51.771167779865095,,-1,0,-1,,0,0,,1,1.3231999999998578,3.046799999999905,1
410,2.3858503401360545,1,4096,0,1.0,-55.03899034433892,0.002114620292559266,59,0,-1,,0,0,4.233299999999218,0,5.119500000001054,8.203700000001035,0
411,2.391655328798186,1,4096,0,1.0,-55.5102311635937,,-1,0,-1,,0,0,,1,0.9654000000001162,1.3158999999998144,2
412,2.3974603174603173,1,4096,0,1.0,-52.223404374951016,,-1,0,-1,,0,0,,1,0.590400000000102,1.9047000000007586,1
413,2.403265306122449,1,4096,0,1.0,-49.360501331752936,0.003074938664212823,59,0,-1,,0,0,3.8362999999996816,0,4.452499999999304,6.375499999998979,0
414,2.4090702947845806,1,4096,0,1.0,-50.14550339487185,,-1,0,-1,,0,0,,1,1.8467999999991491,2.1012000000002473,2
415,2.414875283446712,1,4096,0,1.0,-44.09580213022484,,-1,0,-1,,0,0,,1,0.6866999999992629,2.866499999999661,1
416,2.4206802721088434,1,4096,0,1.0,-43.599784124692455,0.004319209139794111,59,0,-1,,0,0,3.3112000000006248,0,3.992900000000077,6.91229999999976,0
417,2.426485260770975,1,4096,0,1.0,-46.2184661130413,,-1,0,-1,,0,0,,1,1.864599999999328,2.2042000000013218,2
418,2.4322902494331067,1,4096,0,1.0,-42.742836896304716,,-1,0,-1,,0,0,,1,1.9582000000006872,4.221099999998756,1
419,2.4380952380952383,1,4096,0,1.0,-43.62376536914668,0.006386048160493374,64,0,-1,,0,0,3.955899999999346,0,5.755200000001182,10.110799999999642,0
420,2.4439002267573695,1,4096,0,1.0,-46.97122381117866,,-1,0,-1,,0,0,,1,1.9404999999999006,2.305900000001415,2
421,2.449705215419501,1,4096,0,1.0,-45.467356978753706,,-1,0,-1,,0,0,,1,1.6345999999991534,3.9972999999999814,1
422,2.455510204081633,1,4096,0,1.0,-44.62959421250153,0.006318063009530306,69,0,-1,,0,0,8.553199999999705,0,10.22479999999959,14.305499999998972,0
423,2.461315192743764,1,4096,0,1.0,-44.809900776676,,-1,0,-1,,0,0,,1,1.9469000000000847,2.296600000001092,2
424,2.4671201814058956,1,4096,0,1.0,-44.71244268904047,,-1,0,-1,,0,0,,1,1.6411999999998983,4.008300000000631,1
425,2.4729251700680273,1,4096,0,1.0,-47.83614236665766,0.0063542574644088745,69,0,-1,,0,0,9.105699999999217,0,10.794799999999327,14.878000000001279,0
426,2.478730158730159,1,4096,0,1.0,-48.16314056557704,,-1,0,-1,,0,0,,1,1.2103000000003306,1.6109999999986968,2
427,2.48453514739229,1,4096,0,1.0,-49.393364604279874,,-1,0,-1,,0,0,,1,0.9972999999998677,2.6631999999988665,1
428,2.4903401360544217,1,4096,0,1.0,-50.42702602675505,0.007660160306841135,69,0,-1,,0,0,5.226600000000303,0,6.664400000000015,9.420199999999213,3
429,2.4961451247165534,1,4096,0,1.0,-51.546506109626655,,-1,0,-1,,0,0,,1,2.6364000000000942,4.007399999998995,2
430,2.501950113378685,1,4096,0,1.0,-53.23343240827974,,-1,0,-1,,0,0,,1,0.7429999999999382,4.812999999998624,1
431,2.507755102040816,1,4096,0,1.0,-51.9711517813947,0.005225140135735273,69,0,-1,,0,0,3.4591999999999956,0,4.221600000001047,9.103599999999545,0
432,2.513560090702948,1,4096,0,1.0,-55.4810873169409,,-1,0,-1,,0,0,,1,1.0127999999998138,1.2948000000001514,2
433,2.5193650793650795,1,4096,0,1.0,-57.25702826324296,,-1,0,-1,,0,0,,1,0.8387000000009692,2.1993000000009033,1
434,2.5251700680272107,1,4096,0,1.0,-54.725939155778114,0.003897535614669323,72,0,-1,,0,0,4.767900000000935,0,5.68819999999981,7.955100000000215,0
435,2.5309750566893423,1,4096,0,1.0,-57.11038362385962,,-1,0,-1,,0,0,,1,1.333100000000087,1.6870000000004381,2
436,2.536780045351474,1,4096,0,1.0,-59.952352314539645,,-1,0,-1,,0,0,,1,0.837100000000035,2.514200000000244,1
437,2.5425850340136056,1,4096,0,1.0,-62.49702092374876,0.00306137278676033,72,0,-1,,0,0,4.729499999999831,0,5.976499999999163,7.780699999999641,0
438,2.5483900226757368,1,4096,0,1.0,-64.19088326281089,,-1,0,-1,,0,0,,1,2.968899999999053,3.3770999999997997,2
439,2.5541950113378684,1,4096,0,1.0,-62.8551617910866,,-1,0,-1,,0,0,,1,1.1250999999994349,4.532499999999828,1
440,2.56,1,4096,0,1.0,-66.39983556183289,0.002713809721171856,72,0,-1,,0,0,4.654300000000333,0,5.6373999999994595,10.230299999999914,3
441,2.5658049886621317,1,4096,0,1.0,-65.72833146082878,,-1,0,-1,,0,0,,1,0.8107000000006082,4.083599999999521,2
442,2.571609977324263,1,512,1,1.0,-67.19334109713286,,-1,0,-1,,0,0,,1,0.6436999999994697,4.75209999999926,1
443,2.5774149659863945,1,512,0,0.7647877552747526,-71.64237050676756,0.02223021350800991,59,0,-1,,0,0,4.244699999999213,0,5.013999999999186,9.802500000001046,0
444,2.583219954648526,1,512,0,1.0,-72.50484807567348,,-1,0,-1,,0,0,,1,0.885099999999639,1.1905999999992645,2
445,2.589024943310658,1,1024,0,0.9419121455665405,-71.09207809799295,,-1,0,-1,,0,0,,1,0.5667000000002531,1.7525000000002677,1
446,2.594829931972789,1,1024,0,1.0,-73.62635020446079,0.020047923550009727,59,0,-1,,0,0,3.5892999999997954,0,4.306800000000166,6.080900000000611,0
447,2.6006349206349206,1,2048,0,0.0,-74.80467278377027,,-1,0,-1,,0,0,,1,1.3582000000003092,1.7123000000012212,2
448,2.6064399092970523,1,2048,0,0.0,-75.18063627339727,,-1,0,-1,,0,0,,1,1.690900000001605,3.473100000000784,1
449,2.6122448979591835,1,2048,0,0.07345374296885246,-79.32327133976328,0.01981067657470703,59,0,-1,,0,0,4.764200000000329,0,6.128500000000869,9.717000000000198,0
450,2.618049886621315,1,2048,0,0.08736177732998934,-78.39445047937618,,-1,0,-1,,0,0,,1,2.176800000000867,2.52549999999907,2
451,2.6238548752834467,1,4096,0,0.0,-78.52296655971747,,-1,0,-1,,0,0,,1,2.098699999999454,4.764300000001498,1
452,2.6296598639455784,1,4096,0,0.21177654092919262,-78.24952102145826,0.0025612025056034327,59,0,-1,,0,0,3.220800000001134,0,3.997199999998813,8.799299999999732,0
453,2.6354648526077096,1,4096,0,0.0,-81.14595055174873,,-1,0,-1,,0,0,,1,0.8410000000012019,1.1263999999986396,2
454,2.641269841269841,1,4096,0,0.0,-81.69796233983732,,-1,0,-1,,0,0,,1,0.48810000000010234,1.5990000000005722,1
455,2.647074829931973,1,4096,0,0.0,-81.04429829862887,0.002623609034344554,59,0,-1,,0,0,5.028199999999927,0,6.392799999998644,8.006599999999864,0
456,2.6528798185941045,1,4096,0,0.0,-80.45516401121492,,-1,0,-1,,0,0,,1,1.1121000000002823,1.2837000000001098,2
457,2.6586848072562357,1,4096,0,0.0,-83.22440833279563,,-1,0,-1,,0,0,,1,0.5468999999997948,1.2854000000004362,1
458,2.6644897959183673,1,4096,0,0.0,-84.21991724600942,0.002632145071402192,59,0,-1,,0,0,4.384900000001579,0,5.295999999999523,6.5787000000003815,0
459,2.670294784580499,1,4096,0,0.0,-85.22541210226686,,-1,0,-1,,0,0,,1,1.2270999999994814,1.4170999999993938,2
460,2.6760997732426306,1,4096,0,0.0,-86.69559532856667,,-1,0,-1,,0,0,,1,0.6547999999995113,1.886999999999972,1
461,2.681904761904762,1,4096,0,0.0,-88.0539384519077,0.0026354417204856873,59,0,-1,,0,0,3.344399999999581,0,4.021400000000952,5.933999999999884,0
462,2.6877097505668934,1,4096,0,0.0,-88.68276105363982,,-1,0,-1,,0,0,,1,1.9034999999991697,2.2372000000014935,2
463,2.693514739229025,1,4096,0,0.0,-88.97217686583781,,-1,0,-1,,0,0,,1,1.5947999999994522,3.864099999999482,1
464,2.6993197278911563,1,4096,0,0.0,-90.65722287811337,0.0026413919404149055,59,0,-1,,0,0,3.4117000000009057,0,5.6605000000011785,9.553800000000834,0
465,2.705124716553288,1,4096,0,0.0,-92.26220467553416,,-1,0,-1,,0,0,,1,0.7733999999999241,1.0532000000011976,2
466,2.7109297052154195,1,4096,0,0.0,-94.42300473611438,,-1,0,-1,,0,0,,1,0.48870000000000857,1.5074999999988847,1
467,2.716734693877551,1,4096,0,0.0,-92.45250666958069,0.0026427162811160088,59,0,-1,,0,0,4.411400000000398,0,5.839199999998712,7.372999999999408,0
468,2.7225396825396824,1,4096,0,0.0,-91.46275119353095,0.0026380273047834635,59,0,-1,,0,0,3.47960000000036,0,6.195699999999249,6.41729999999896,2
469,2.728344671201814,1,4096,0,0.0,-91.64347460590398,,-1,0,-1,,0,0,,1,0.6140999999999508,4.517399999999228,1
470,2.7341496598639456,1,4096,0,0.0,-91.66660312624575,0.0026427789125591516,59,0,-1,,0,0,3.3524000000006993,0,4.108900000000304,8.500500000000244,0
471,2.7399546485260773,1,4096,0,0.0,-93.44756490089864,,-1,0,-1,,0,0,,1,2.1167000000001934,2.650499999999667,2
472,2.7457596371882085,1,4096,0,0.0,-94.6937514599202,,-1,0,-1,,0,0,,1,0.7663999999998339,3.3498000000005135,1
473,2.75156462585034,1,4096,0,0.0,-94.6937514599202,0.002635127166286111,59,0,-1,,0,0,3.2730000000000814,0,4.173699999999059,7.529700000000972,0
474,2.7573696145124718,1,4096,0,0.0,-96.243937670594,,-1,0,-1,,0,0,,1,2.1945999999992694,2.6858000000000715,2
475,2.7631746031746034,1,4096,0,0.0,-95.40004253398527,,-1,0,-1,,0,0,,1,0.7269999999994781,3.4359999999988844,1
476,2.7689795918367346,1,4096,0,0.0,-95.40004253398527,0.002632435178384185,59,0,-1,,0,0,3.4725000000008777,0,4.158799999999019,7.627299999999337,0
477,2.7747845804988662,1,4096,0,0.0,-95.4551743635379,,-1,0,-1,,0,0,,1,1.7337000000008373,2.0666000000009177,2
478,2.780589569160998,1,4096,0,0.0,-96.73658462938218,,-1,0,-1,,0,0,,1,3.367200000001347,5.496700000000132,1
479,2.786394557823129,1,4096,0,0.0,-95.80152468536258,0.002635162090882659,59,0,-1,,0,0,5.039699999999314,0,6.4005000000015855,12.078100000000092,0
480,2.7921995464852607,1,4096,0,0.0,-95.34560181526919,,-1,0,-1,,0,0,,1,1.7226000000007957,2.000000000000668,2
481,2.7980045351473923,1,4096,0,0.0,-94.60161434327354,,-1,0,-1,,0,0,,1,1.415500000000236,3.5012999999999295,1
482,2.803809523809524,1,4096,0,0.0,-94.42300473611438,0.002634466625750065,59,0,-1,,0,0,6.8283000000004535,0,8.426100000001213,12.017399999999512,0
483,2.809614512471655,1,4096,0,0.0,-96.04878903049143,,-1,0,-1,,0,0,,1,1.0358999999997565,1.4484000000010155,2
484,2.815419501133787,1,4096,0,0.0,-93.88857243768805,,-1,0,-1,,0,0,,1,0.512899999998595,1.9102999999986991,1
485,2.8212244897959184,1,4096,0,0.0,-92.26220467553416,0.002635717624798417,59,0,-1,,0,0,3.5413000000001915,0,4.271600000002707,6.102200000000835,0
486,2.82702947845805,1,4096,0,0.0,-95.40004253398527,,-1,0,-1,,0,0,,1,1.6444999999993826,1.844300000000132,2
487,2.8328344671201813,1,4096,0,0.0,-95.23872588742294,,-1,0,-1,,0,0,,1,3.249900000000139,4.758299999998883,1
488,2.838639455782313,1,4096,0,0.0,-94.8841057031076,0.0026348703540861607,59,0,-1,,0,0,3.4752000000004557,0,4.423899999999037,9.23660000000126,0
489,2.8444444444444446,1,4096,0,0.0,-96.17790898892383,,-1,0,-1,,0,0,,1,1.1669999999988079,1.5292000000002304,2
490,2.8502494331065757,1,4096,0,0.0,-95.68297888648334,,-1,0,-1,,0,0,,1,0.8958000000003352,2.422700000000333,1
491,2.8560544217687074,1,4096,0,0.0,-95.03255481865014,0.002634925302118063,59,0,-1,,0,0,3.859000000000279,0,4.854400000001036,7.317700000001537,0
492,2.861859410430839,1,4096,0,0.0,-96.11286916969236,,-1,0,-1,,0,0,,1,0.871200000000627,1.0647999999999769,2
493,2.8676643990929707,1,4096,0,0.0,-96.04878903049143,,-1,0,-1,,0,0,,1,0.5992999999993032,1.713900000000379,1
494,2.873469387755102,1,4096,0,0.0,-95.80152468536258,0.002634466625750065,59,0,-1,,0,0,3.639099999999118,0,4.384999999999195,6.172599999999306,0
495,2.8792743764172335,1,4096,0,0.0,-95.51101507673651,,-1,0,-1,,0,0,,1,1.067799999999508,1.4524999999991905,2
496,2.885079365079365,1,4096,0,0.0,-96.31098574877738,,-1,0,-1,,0,0,,1,0.7657999999999276,2.2274000000006566,1
497,2.8908843537414968,1,4096,0,0.0,-95.9233973547883,0.0026349653489887714,59,0,-1,,0,0,4.570499999999811,0,5.349300000000667,7.560299999999742,0
498,2.896689342403628,1,4096,0,0.0,-96.17790898892383,,-1,0,-1,,0,0,,1,2.012099999999961,2.4292999999993015,2
499,2.9024943310657596,1,4096,0,0.0,-96.51857380658345,,-1,0,-1,,0,0,,1,1.3748000000006755,3.827599999999265,1
500,2.9082993197278912,1,4096,0,0.0,-95.80152468536258,0.002634043339639902,59,0,-1,,0,0,5.7779000000000025,0,7.438099999999892,10.986900000000688,0
501,2.914104308390023,1,4096,0,0.0,-96.44826950478262,,-1,0,-1,,0,0,,1,1.0019999999997253,1.2048000000000059,2
502,2.919909297052154,1,4096,0,0.0,-95.74184731756222,,-1,0,-1,,0,0,,1,0.5573999999999302,1.797600000001509,1
503,2.9257142857142857,1,4096,0,0.0,-95.68297888648334,0.0026350931730121374,59,0,-1,,0,0,5.683100000000607,0,6.54570000000021,8.397900000000291,0
504,2.9315192743764173,1,4096,0,0.0,-96.04878903049143,,-1,0,-1,,0,0,,1,1.2328999999997592,1.6412999999992905,2
505,2.9373242630385485,1,4096,0,0.0,-96.243937670594,,-1,0,-1,,0,0,,1,1.1489999999998446,2.7770000000000294,1
506,2.94312925170068,1,4096,0,0.0,-95.98564066195814,0.002634196076542139,59,0,-1,,0,0,5.3426999999999225,0,6.529799999999142,9.35750000000013,0
507,2.948934240362812,1,4096,0,0.0,-95.1862583060634,,-1,0,-1,,0,0,,1,2.225300000000985,2.5078999999994522,2
508,2.9547392290249435,1,4096,0,0.0,-95.08318728956347,,-1,0,-1,,0,0,,1,1.6101000000006138,4.390600000000688,1
509,2.9605442176870747,1,4096,0,0.0,-95.98564066195814,0.0026339231990277767,59,0,-1,,0,0,4.1887999999996595,0,5.035100000000625,9.488500000001565,3
510,2.9663492063492063,1,4096,0,0.0,-96.81175663155918,,-1,0,-1,,0,0,,1,1.3526000000005922,4.68349999999873,2
511,2.972154195011338,1,4096,0,0.0,-96.59003495889704,,-1,0,-1,,0,0,,1,0.675499999999829,5.394200000001348,1
512,2.9779591836734696,1,4096,0,0.0,-97.20846808077347,0.0026343027129769325,59,0,-1,,0,0,8.629599999999016,0,10.537400000000474,16.10069999999908,3
513,2.9837641723356008,1,4096,0,0.0,-96.243937670594,,-1,0,-1,,0,0,,1,1.5878999999987542,2.217400000001035,2
514,2.9895691609977324,1,4096,0,0.0,-96.11286916969236,,-1,0,-1,,0,0,,1,1.2355999999993372,3.296399999999977,1
515,2.995374149659864,1,4096,0,0.0,-97.64509419330474,0.0026344817597419024,59,0,-1,,0,0,4.161899999999719,0,5.241299999999782,8.550600000001296,0
516,3.0011791383219957,1,4096,0,0.0,-96.73658462938218,,-1,0,-1,,0,0,,1,1.858499999999097,2.153899999999709,2
517,3.006984126984127,1,4096,0,0.0,-96.81175663155918,,-1,0,-1,,0,0,,1,2.0268999999988324,4.335299999999265,1
518,3.0127891156462585,1,4096,0,0.0,-96.31098574877738,0.0026343867648392916,59,0,-1,,0,0,3.5580999999993423,0,4.920800000000725,9.41640000000099,0
519,3.01859410430839,1,4096,0,0.0,-96.17790898892383,,-1,0,-1,,0,0,,1,0.9220999999985935,1.2582999999999345,2
520,3.0243990929705213,1,4096,0,0.0,-95.68297888648334,,-1,0,-1,,0,0,,1,0.862100000000865,2.1047000000002924,1
521,3.030204081632653,1,4096,0,0.0,-96.73658462938218,0.00263380678370595,59,0,-1,,0,0,6.40860000000032,0,8.098300000000336,10.27170000000055,0
522,3.0360090702947846,1,4096,0,0.0,-96.44826950478262,,-1,0,-1,,0,0,,1,2.267099999999189,2.5450999999989676,2
523,3.0418140589569163,1,4096,0,0.0,-96.37908519400071,,-1,0,-1,,0,0,,1,1.7717000000008198,3.897999999999513,1
524,3.0476190476190474,1,4096,0,0.0,-95.98564066195814,0.0026340819895267487,59,0,-1,,0,0,4.1261000000005765,0,5.243600000000015,9.20570000000076,0
525,3.053424036281179,1,4096,0,0.0,-93.58964910516109,,-1,0,-1,,0,0,,1,0.9399000000005486,1.232599999999806,2
526,3.0592290249433107,1,4096,0,0.21245534402144448,-83.90203079088795,,-1,0,-1,,0,0,,1,0.567799999998897,1.81019999999954,1
527,3.0650340136054424,1,4096,0,1.0,-72.07459396120413,0.0026450525037944317,59,0,-1,,0,0,4.962700000000098,0,6.108999999998588,7.9979000000012235,0
528,3.0708390022675736,1,512,1,1.0,-61.105680533835,,-1,0,-1,,0,0,,1,0.958699999999979,1.308800000000332,2
529,3.076643990929705,1,512,0,1.0,-56.952482514074596,,-1,0,-1,,0,0,,1,0.6450000000004508,1.955200000001156,1
530,3.082448979591837,1,512,0,1.0,-54.49225590960324,0.1535489410161972,53,0,-1,,0,0,3.440600000001126,0,4.140899999999448,6.108199999999897,0
531,3.0882539682539685,1,1024,0,1.0,-52.254602706338524,,-1,0,-1,,0,0,,1,0.8614000000015665,1.1220999999999037,2
532,3.0940589569160997,1,1024,0,1.0,-46.005968553047225,,-1,0,-1,,0,0,,1,0.5321000000009235,1.638400000000928,1
533,3.0998639455782313,1,2048,0,1.0,-45.27864728435034,0.10811471194028854,72,0,-1,,0,0,3.2201999999994513,0,3.853700000000515,5.532999999999788,0
534,3.105668934240363,1,2048,0,1.0,-47.99613875280982,,-1,0,-1,,0,0,,1,1.0954000000005237,1.3812000000008595,2
535,3.111473922902494,1,2048,0,1.0,-44.11609766667985,,-1,0,-1,,0,0,,1,1.0377999999988674,2.444900000000416,1
536,3.1172789115646258,1,2048,0,1.0,-45.68463482478289,0.11646822094917297,64,0,-1,,0,0,6.376599999999399,0,7.317600000000368,9.785600000000727,0
537,3.1230839002267574,1,4096,0,1.0,-45.60553056968012,,-1,0,-1,,0,0,,1,0.7649999999994606,0.9849000000006214,2
538,3.128888888888889,1,4096,0,1.0,-44.13523016871728,,-1,0,-1,,0,0,,1,0.7544999999993252,1.7874999999989427,1
539,3.1346938775510202,1,4096,0,1.0,-46.2279052041512,0.006433738395571709,64,0,-1,,0,0,3.98309999999924,0,4.9877000000009275,6.874599999999731,0
540,3.140498866213152,1,4096,0,1.0,-43.140564719765464,,-1,0,-1,,0,0,,1,1.677600000000723,1.9221999999992079,2
541,3.1463038548752835,1,4096,0,1.0,-45.6721264619903,,-1,0,-1,,0,0,,1,1.0572999999993726,2.9911000000009125,1
542,3.152108843537415,1,4096,0,1.0,-45.546831902495306,0.005858800373971462,64,0,-1,,0,0,2.9573000000002736,0,3.5267000000001048,5.610899999998864,0
543,3.1579138321995464,1,4096,0,1.0,-45.49911197016027,,-1,0,-1,,0,0,,1,0.7382000000006883,0.9618000000006788,2
544,3.163718820861678,1,4096,0,1.0,-49.528884565470435,,-1,0,-1,,0,0,,1,0.4542000000000712,1.4336999999997602,1
545,3.1695238095238096,1,4096,0,1.0,-53.63445357425523,0.00445946678519249,64,0,-1,,0,0,3.7850000000005934,0,4.41970000000147,5.9048999999991025,0
546,3.175328798185941,1,4096,0,1.0,-49.351401863400774,,-1,0,-1,,0,0,,1,0.9049000000000973,1.1711999999999279,2
547,3.1811337868480725,1,4096,0,1.0,-55.138869217389285,,-1,0,-1,,0,0,,1,0.5300999999988676,1.7059000000010371,1
548,3.186938775510204,1,4096,0,1.0,-49.414136592057254,0.004254513885825872,64,0,-1,,0,0,4.723300000000208,0,5.867499999999026,7.637599999998912,0
549,3.1927437641723357,1,4096,0,1.0,-47.778402537090805,,-1,0,-1,,0,0,,1,1.8478999999995693,2.1606999999992382,2
550,3.198548752834467,1,4096,0,1.0,-42.48417888017299,,-1,0,-1,,0,0,,1,0.8648999999998352,3.0741000000009677,1
551,3.2043537414965986,1,4096,0,1.0,-42.26804455304837,0.00586823932826519,65,0,-1,,0,0,2.702199999999877,0,3.3455999999993935,6.479499999999305,0
552,3.21015873015873,1,4096,0,1.0,-40.92024418793895,,-1,0,-1,,0,0,,1,1.0962000000009908,1.2644000000001654,2
553,3.215963718820862,1,4096,0,1.0,-39.243633045122905,,-1,0,-1,,0,0,,1,0.3273000000003634,0.8670000000012834,1
554,3.221768707482993,1,4096,0,1.0,-39.10772926040762,0.005029499996453524,65,0,-1,,0,0,2.4765000000002146,0,2.909400000000062,3.7532999999996264,0
555,3.2275736961451247,1,4096,0,1.0,-39.91389051123849,,-1,0,-1,,0,0,,1,0.7792999999995942,0.9747999999998314,2
556,3.2333786848072563,1,4096,0,1.0,-41.838146322960725,,-1,0,-1,,0,0,,1,0.636000000000081,1.6537999999997055,1
557,3.239183673469388,1,4096,0,1.0,-41.278706147136155,0.0065741692669689655,66,0,-1,,0,0,3.939599999998933,0,4.888700000000412,6.591900000000095,0
558,3.244988662131519,1,4096,0,1.0,-40.32919732367037,,-1,0,-1,,0,0,,1,1.5820999999984764,2.159000000000688,2
559,3.250793650793651,1,4096,0,1.0,-37.064384443252024,,-1,0,-1,,0,0,,1,0.7642000000007698,2.94889999999981,1
560,3.2565986394557824,1,4096,0,1.0,-34.76011936693973,0.008858852088451385,65,0,-1,,0,0,4.894400000001298,0,5.764499999997952,8.744499999998823,0
561,3.2624036281179136,1,4096,0,1.0,-37.641141136136206,,-1,0,-1,,0,0,,1,2.0569000000012494,2.3754999999994197,2
562,3.2682086167800453,1,4096,0,1.0,-44.218954853094445,,-1,0,-1,,0,0,,1,0.9306000000002257,3.359299999999621,1
563,3.274013605442177,1,4096,0,1.0,-42.64297830714974,0.013552894815802574,65,0,-1,,0,0,2.381899999999604,0,2.973700000000079,6.382899999998415,0
564,3.2798185941043085,1,4096,0,1.0,-49.70772818005461,,-1,0,-1,,0,0,,1,0.5971999999996314,0.8710999999994584,2
565,3.2856235827664397,1,4096,0,1.0,-53.2989235738151,,-1,0,-1,,0,0,,1,0.313600000000136,1.195799999999636,1
566,3.2914285714285714,1,4096,0,1.0,-57.46677807168821,0.0047307685017585754,65,0,-1,,0,0,2.482999999999791,0,2.9138999999993587,4.143799999999587,0
567,3.297233560090703,1,4096,0,1.0,-57.13692726054237,,-1,0,-1,,0,0,,1,1.210699999999676,1.6376999999998532,2
568,3.3030385487528346,1,4096,0,1.0,-57.82708825751074,,-1,0,-1,,0,0,,1,0.449899999999559,1.9694999999995133,1
569,3.308843537414966,1,4096,0,1.0,-58.2720391845627,0.0035813674330711365,65,0,-1,,0,0,2.4060999999999666,0,2.872599999999892,4.862600000000938,0
570,3.3146485260770975,1,4096,0,1.0,-61.15761333782018,,-1,0,-1,,0,0,,1,1.0695999999992267,1.3144999999994411,2
571,3.320453514739229,1,4096,0,1.0,-57.465191296331206,,-1,0,-1,,0,0,,1,0.618400000000463,1.969400000000121,1
572,3.3262585034013608,1,4096,0,1.0,-60.967817607595165,0.0019781675655394793,65,0,-1,,0,0,5.176800000000981,0,6.0197000000012935,8.081999999999923,0
573,3.332063492063492,1,4096,0,1.0,-64.67723536851278,,-1,0,-1,,0,0,,1,0.8713000000000193,1.163500000000539,2
574,3.3378684807256236,1,512,1,1.0,-68.22692943942188,,-1,0,-1,,0,0,,1,0.550699999999793,1.756600000000219,1
575,3.3436734693877552,1,512,0,1.0,-69.51036688415374,0.020782409235835075,59,0,-1,,0,0,3.837400000000102,0,4.531200000000624,6.338000000001287,0
576,3.3494784580498864,1,512,0,1.0,-68.79481237098764,,-1,0,-1,,0,0,,1,2.3906999999994127,2.6393999999996254,2
577,3.355283446712018,1,1024,0,1.0,-69.80890761160731,,-1,0,-1,,0,0,,1,1.8150999999999584,4.557100000001313,1
578,3.3610884353741497,1,1024,0,1.0,-71.26787380867282,0.020571546629071236,59,0,-1,,0,0,3.230000000000288,0,4.0578999999993925,8.695299999999406,3
579,3.3668934240362813,1,2048,0,1.0,-68.75999735084943,,-1,0,-1,,0,0,,1,0.665899999999553,2.5076000000012755,2
580,3.3726984126984125,1,2048,0,1.0,-60.6968782504181,,-1,0,-1,,0,0,,1,0.5347999999987252,3.0783000000003113,1
581,3.378503401360544,1,2048,0,1.0,-53.35600438993508,0.023190336301922798,59,0,-1,,0,0,2.8892999999996505,0,3.455700000001727,6.554000000001281,0
582,3.384308390022676,1,2048,0,1.0,-45.92492685985018,,-1,0,-1,,0,0,,1,1.3214999999995314,1.5079999999993987,2
583,3.3901133786848074,1,4096,0,1.0,-41.12882517520777,,-1,0,-1,,0,0,,1,0.6363000000000341,1.4922000000012758,1
584,3.3959183673469386,1,4096,0,1.0,-39.501704058960065,0.008102682419121265,59,0,-1,,0,0,3.217400000000481,0,3.9890000000006864,5.505899999999286,0
585,3.4017233560090703,1,4096,0,1.0,-38.10922446801086,,-1,0,-1,,0,0,,1,1.0378000000006438,1.307200000001174,2
586,3.407528344671202,1,4096,0,1.0,-39.20654279730019,,-1,0,-1,,0,0,,1,0.7251999999997594,2.0674999999990007,1
587,3.4133333333333336,1,4096,0,1.0,-36.776059462207044,0.008188614621758461,64,0,-1,,0,0,5.843099999999879,0,6.738300000000308,8.867600000000309,0
588,3.4191383219954647,1,4096,0,1.0,-38.93824462610395,,-1,0,-1,,0,0,,1,2.0670999999996553,2.3647999999987235,2
589,3.4249433106575964,1,4096,0,1.0,-40.26508757380472,,-1,0,-1,,0,0,,1,1.7022999999998234,4.1632000000007,1
590,3.430748299319728,1,4096,0,1.0,-40.21790188868504,0.01023415569216013,64,0,-1,,0,0,3.6956999999997464,0,4.736200000001745,8.97900000000007,0
591,3.436553287981859,1,4096,0,1.0,-44.51722499748093,,-1,0,-1,,0,0,,1,0.8470000000002642,1.0804999999987075,2
592,3.442358276643991,1,4096,0,1.0,-45.026098434619826,,-1,0,-1,,0,0,,1,0.6062000000000012,1.7241999999999535,1
593,3.4481632653061225,1,4096,0,1.0,-48.22278482727857,0.009320481680333614,64,0,-1,,0,0,4.268899999999576,0,5.031199999999458,6.806799999999669,0
594,3.453968253968254,1,4096,0,1.0,-46.8478582047824,,-1,0,-1,,0,0,,1,0.586199999998982,0.8265000000005074,2
595,3.4597732426303853,1,4096,0,1.0,-45.79585746904766,,-1,0,-1,,0,0,,1,0.3355999999996584,1.1729999999996465,1
596,3.465578231292517,1,4096,0,1.0,-38.617903616779266,0.01353447139263153,65,0,-1,,0,0,2.8117000000005277,0,3.2404999999986472,4.452699999999865,0
597,3.4713832199546486,1,4096,0,1.0,-41.83528006698125,,-1,0,-1,,0,0,,1,0.9782999999998765,1.3899999999988921,2
598,3.4771882086167802,1,4096,0,1.0,-41.7269322595838,,-1,0,-1,,0,0,,1,0.5697999999991765,1.9512999999999892,1
599,3.4829931972789114,1,4096,0,1.0,-38.8357489450784,0.01876906491816044,64,0,-1,,0,0,3.580900000001108,0,4.156599999999955,6.1176999999990045,0
600,3.488798185941043,1,4096,0,1.0,-42.98533685565154,,-1,0,-1,,0,0,,1,1.266199999999884,1.594499999999499,2
601,3.4946031746031747,1,4096,0,1.0,-38.67490978917518,,-1,0,-1,,0,0,,1,0.8084999999997677,2.741999999999578,1
602,3.500408163265306,1,4096,0,1.0,-43.37985397623769,0.016086241230368614,64,0,-1,,0,0,3.7661999999993867,0,4.565099999998878,7.343199999999328,0
603,3.5062131519274375,1,4096,0,1.0,-41.88700429788924,,-1,0,-1,,0,0,,1,0.9227999999996683,1.1334999999998985,2
604,3.512018140589569,1,4096,0,1.0,-48.33397559955614,,-1,0,-1,,0,0,,1,0.5533999999993711,1.7662000000004952,1
605,3.517823129251701,1,4096,0,1.0,-51.07686567891915,0.007979173213243484,64,0,-1,,0,0,4.6221000000006285,0,5.577299999998786,7.405900000000187,0
606,3.523628117913832,1,4096,0,1.0,-50.73285049867016,,-1,0,-1,,0,0,,1,0.758900000001006,0.9740999999987565,2
607,3.5294331065759637,1,4096,0,1.0,-55.141222173806376,,-1,0,-1,,0,0,,1,0.6535000000003066,1.6923999999995942,1
608,3.5352380952380953,1,4096,0,1.0,-52.45695403561423,0.0037980189081281424,64,0,-1,,0,0,5.8386999999999745,0,7.533399999998025,9.306499999999218,0
609,3.541043083900227,1,4096,0,1.0,-54.89543819421752,,-1,0,-1,,0,0,,1,1.5074999999988847,1.745499999998401,2
610,3.546848072562358,1,4096,0,1.0,-54.63119129975637,,-1,0,-1,,0,0,,1,0.7815000000004346,1.9636999999992355,1
611,3.5526530612244898,1,4096,0,1.0,-56.45268272375651,0.0031450926326215267,64,0,-1,,0,0,3.7514999999999077,0,4.511700000000118,6.488600000000844,0
612,3.5584580498866214,1,4096,0,1.0,-57.18337198108279,,-1,0,-1,,0,0,,1,0.7443999999985351,0.9757000000014671,2
613,3.564263038548753,1,4096,0,1.0,-53.79860003524085,,-1,0,-1,,0,0,,1,0.5570000000005848,1.5327000000002755,1
614,3.5700680272108842,1,4096,0,1.0,-44.177866819215474,0.003613067790865898,64,0,-1,,0,0,2.472800000001385,0,3.2183999999997326,4.787500000000833,0
615,3.575873015873016,1,4096,0,1.0,-43.85794276156642,,-1,0,-1,,0,0,,1,0.5559000000001646,0.6979999999998654,2
616,3.5816780045351475,1,4096,0,1.0,-44.88169082118998,,-1,0,-1,,0,0,,1,0.4970000000010799,1.2290000000003687,1
617,3.5874829931972787,1,4096,0,1.0,-45.32218123139492,0.005655928049236536,69,0,-1,,0,0,4.854200000000475,0,5.718999999999141,7.013799999999293,0
618,3.5932879818594103,1,4096,0,1.0,-42.068587078006665,,-1,0,-1,,0,0,,1,0.609300000000701,0.8022999999983682,2
619,3.599092970521542,1,4096,0,1.0,-47.34768684624704,,-1,0,-1,,0,0,,1,0.33639999999834913,1.1612999999996987,1
620,3.6048979591836736,1,4096,0,1.0,-42.95876050198415,0.0060045006684958935,64,0,-1,,0,0,2.679299999998719,0,3.0836999999994674,4.276100000000227,0
621,3.610702947845805,1,4096,0,1.0,-44.503670710615026,,-1,0,-1,,0,0,,1,1.0398000000009233,1.2992000000000559,2
622,3.6165079365079364,1,4096,0,1.0,-46.55381763634459,,-1,0,-1,,0,0,,1,0.7740999999992226,2.1494999999998043,1
623,3.622312925170068,1,4096,0,1.0,-48.081108455048074,0.004617187660187483,64,0,-1,,0,0,4.769699999998878,0,5.676700000000423,7.896499999999307,0
624,3.6281179138321997,1,4096,0,1.0,-49.893729883172035,,-1,0,-1,,0,0,,1,1.2442000000003617,1.6342999999992003,2
625,3.633922902494331,1,4096,0,1.0,-50.212766604887584,,-1,0,-1,,0,0,,1,1.1842000000008568,2.870800000000173,1
626,3.6397278911564626,1,4096,0,1.0,-52.51127490841586,0.0036287696566432714,64,0,-1,,0,0,3.3186999999994526,0,4.353200000000612,7.320599999999899,3
627,3.645532879818594,1,4096,0,1.0,-50.47363916083669,,-1,0,-1,,0,0,,1,1.213899999999768,2.7463000000000903,2
628,3.651337868480726,1,4096,0,1.0,-49.85723136347934,,-1,0,-1,,0,0,,1,0.662199999998947,3.466200000000086,1
629,3.657142857142857,1,4096,0,1.0,-48.15202704648201,0.002914707874879241,64,0,-1,,0,0,2.584099999999978,0,3.1508999999996234,6.648800000000676,0
630,3.6629478458049887,1,4096,0,1.0,-45.60558571028465,,-1,0,-1,,0,0,,1,0.6253999999987769,0.9623000000011928,2
631,3.6687528344671203,1,4096,0,1.0,-47.034337901900216,,-1,0,-1,,0,0,,1,0.325099999999523,1.244299999999754,1
632,3.6745578231292515,1,4096,0,1.0,-43.74161256549529,0.002138003706932068,64,0,-1,,0,0,2.90309999999927,0,3.415700000001465,4.697500000000687,0
633,3.680362811791383,1,4096,0,1.0,-50.24429268993018,,-1,0,-1,,0,0,,1,1.2071000000002385,1.5102000000002391,2
634,3.6861678004535148,1,4096,0,1.0,-50.41225316071598,,-1,0,-1,,0,0,,1,0.8178000000000907,2.3852000000008644,1
635,3.6919727891156464,1,4096,0,1.0,-54.35259741760476,0.001474729273468256,64,0,-1,,0,0,4.967399999999955,0,6.050400000001233,8.520900000000609,0
636,3.6977777777777776,1,4096,0,1.0,-50.90325943504557,,-1,0,-1,,0,0,,1,0.7564000000002125,0.9817999999999216,2
637,3.7035827664399092,1,4096,0,1.0,-56.12646318600814,,-1,0,-1,,0,0,,1,0.5363999999996594,1.5657000000004473,1
638,3.709387755102041,1,4096,0,1.0,-54.06909101298524,0.0017420263029634953,66,0,-1,,0,0,3.9287999999988443,0,4.67759999999906,6.300200000000089,0
639,3.7151927437641725,1,4096,0,1.0,-53.57417714143686,,-1,0,-1,,0,0,,1,1.823200000000469,2.2018999999993127,2
640,3.7209977324263037,1,4096,0,1.0,-51.02692054676726,,-1,0,-1,,0,0,,1,1.2465000000005944,4.1399999999995885,1
641,3.7268027210884354,1,4096,0,1.0,-46.53123341747995,0.004243174102157354,59,0,-1,,0,0,6.404699999999153,0,9.130999999998224,13.490100000000282,0
642,3.732607709750567,1,4096,0,1.0,-48.469602704941074,,-1,0,-1,,0,0,,1,1.3263000000005576,1.6012999999990285,2
643,3.7384126984126986,1,4096,0,1.0,-46.076724158061495,,-1,0,-1,,0,0,,1,0.9367999999998489,2.6145999999993563,1
644,3.74421768707483,1,4096,0,1.0,-43.914847751187345,0.005823200102895498,59,0,-1,,0,0,6.106400000000178,0,7.186700000000101,9.901400000000393,0
645,3.7500226757369615,1,4096,0,1.0,-49.46156452767184,,-1,0,-1,,0,0,,1,2.3817000000008193,2.7914999999989476,2
646,3.755827664399093,1,4096,0,1.0,-45.66356225639319,,-1,0,-1,,0,0,,1,0.8507000000008702,3.709199999999413,1
647,3.7616326530612243,1,4096,0,1.0,-45.09122135331194,0.006615692749619484,64,0,-1,,0,0,3.9770000000007855,0,4.888399999998683,8.653699999999986,3
648,3.767437641723356,1,4096,0,1.0,-50.238306611430545,,-1,0,-1,,0,0,,1,0.8609000000010525,2.6849999999996044,2
649,3.7732426303854876,1,4096,0,1.0,-53.03964782595473,,-1,0,-1,,0,0,,1,0.6985999999997716,3.4405999999993497,1
650,3.779047619047619,1,4096,0,1.0,-54.39459474189637,0.0031980627682060003,64,0,-1,,0,0,3.5268999999988893,0,4.375100000000742,7.907200000000003,0
651,3.7848526077097504,1,4096,0,1.0,-52.39829249088081,,-1,0,-1,,0,0,,1,0.7636000000008636,1.0054000000003782,2
652,3.790657596371882,1,4096,0,1.0,-57.55278785250968,,-1,0,-1,,0,0,,1,0.32010000000148864,1.3304999999999012,1
653,3.7964625850340137,1,4096,0,1.0,-56.75167611314723,0.002605997258797288,64,0,-1,,0,0,2.8898000000001645,0,3.2936999999986227,4.651599999998979,0
654,3.8022675736961453,1,4096,0,1.0,-62.02811017399743,,-1,0,-1,,0,0,,1,0.7049999999999557,1.059500000000213,2
655,3.8080725623582765,1,4096,0,1.0,-62.80273145949687,,-1,0,-1,,0,0,,1,0.38300000000113243,1.46349999999984,1
656,3.813877551020408,1,4096,0,1.0,-65.92016046033679,0.002138306852430105,64,0,-1,,0,0,6.155899999999548,0,6.7227999999985855,8.218299999999346,0
657,3.81968253968254,1,4096,0,1.0,-63.895796501309675,,-1,0,-1,,0,0,,1,2.3330999999995328,2.515000000000711,2
658,3.825487528344671,1,4096,0,1.0,-65.48465831832219,,-1,0,-1,,0,0,,1,2.5001000000006712,4.7560000000004266,1
659,3.8312925170068026,1,4096,0,1.0,-72.17979339179693,0.0018183101201429963,64,0,-1,,0,0,4.934499999999176,0,7.172000000000622,12.092300000000833,0
660,3.8370975056689343,1,4096,0,0.5216208684690834,-74.39214762794992,,-1,0,-1,,0,0,,1,2.276000000000167,2.622199999999353,2
661,3.842902494331066,1,4096,0,0.0,-76.88070623358117,,-1,0,-1,,0,0,,1,1.7346000000006967,4.499700000000217,1
662,3.848707482993197,1,4096,0,1.0,-72.11297464892598,0.0017785184318199754,64,0,-1,,0,0,4.682500000001255,0,6.129700000000682,10.761200000001026,0
663,3.8545124716553287,1,4096,0,0.6135257755993474,-75.731909121737,,-1,0,-1,,0,0,,1,1.017300000000887,1.169100000000256,2
664,3.8603174603174604,1,4096,0,1.0,-75.64236401246619,,-1,0,-1,,0,0,,1,0.617899999999949,1.0482999999990028,1
665,3.866122448979592,1,4096,0,1.0,-73.85705075276593,0.002174045192077756,59,0,-1,,0,0,3.2265999999996353,0,3.982400000001718,5.041900000000155,0
666,3.871927437641723,1,4096,0,0.0,-79.02294287894108,,-1,0,-1,,0,0,,1,1.7043999999994952,2.0634000000008257,2
667,3.877732426303855,1,4096,0,1.0,-76.62636606967753,,-1,0,-1,,0,0,,1,0.7374000000002212,2.857499999999291,1
668,3.8835374149659865,1,4096,0,0.0,-81.65843371543674,0.002383487531915307,59,0,-1,,0,0,4.471300000000511,0,5.322100000000773,8.230700000000368,0
669,3.889342403628118,1,4096,0,0.33159279134254194,-82.87992283591737,,-1,0,-1,,0,0,,1,1.0493000000000308,1.5947999999994522,2
670,3.8951473922902493,1,4096,0,0.446213886924428,-81.86462770914345,,-1,0,-1,,0,0,,1,0.6803000000008552,2.296399999998755,1
671,3.900952380952381,1,4096,0,0.0,-86.13535311723606,0.002458364935591817,59,0,-1,,0,0,2.798999999999552,0,3.2503000000012605,5.540599999999785,0
672,3.9067573696145126,1,4096,0,0.0,-90.5843146999018,,-1,0,-1,,0,0,,1,0.5389999999998452,0.8096999999995802,2
673,3.912562358276644,1,4096,0,0.0,-91.55217290977815,,-1,0,-1,,0,0,,1,0.2988999999988806,1.1270000000003222,1
674,3.9183673469387754,1,4096,0,0.0,-92.68072260134156,0.002615192672237754,59,0,-1,,0,0,2.0375999999995287,0,2.356000000000691,3.502599999999134,0
675,3.924172335600907,1,4096,0,0.0,-94.29370865509881,,-1,0,-1,,0,0,,1,0.8460000000010126,1.092800000000338,2
676,3.9299773242630387,1,4096,0,0.0,-95.23872588742294,,-1,0,-1,,0,0,,1,0.9515000000011042,2.1214999999994433,1
677,3.93578231292517,1,4096,0,0.0,-94.51139140853155,0.0026155347004532814,59,0,-1,,0,0,5.143499999999079,0,7.541200000000359,9.793099999999555,0
678,3.9415873015873015,1,4096,0,0.0,-95.08318728956347,,-1,0,-1,,0,0,,1,1.321100000000186,1.6047999999990736,2
679,3.947392290249433,1,4096,0,0.0,-94.5562685869605,,-1,0,-1,,0,0,,1,0.5275999999998504,2.1430999999996203,1
680,3.953197278911565,1,4096,0,0.0,-94.37947693367157,0.00263986992649734,59,0,-1,,0,0,3.237100000001547,0,3.8668000000008362,6.060200000000293,0
681,3.959002267573696,1,4096,0,0.0,-93.48265254158848,,-1,0,-1,,0,0,,1,0.9472999999999843,1.216000000001216,2
682,3.9648072562358276,1,4096,0,0.0,-95.03255481865014,,-1,0,-1,,0,0,,1,0.6169000000006974,1.8723999999998853,1
683,3.9706122448979593,1,4096,0,0.0,-94.5562685869605,0.0026347751263529062,59,0,-1,,0,0,4.2181999999986175,0,5.002200000001622,6.931899999999658,0
684,3.976417233560091,1,4096,0,0.0,-96.11286916969236,,-1,0,-1,,0,0,,1,1.2881000000000142,1.4108000000003784,2
685,3.982222222222222,1,4096,0,0.0,-96.11286916969236,,-1,0,-1,,0,0,,1,0.5391000000010138,1.0948000000006175,1
686,3.9880272108843537,1,4096,0,0.0,-96.73658462938218,0.0026326158549636602,59,0,-1,,0,0,4.973099999999064,0,5.704299999999662,6.743900000000025,0
687,3.9938321995464854,1,4096,0,0.0,-96.37908519400071,,-1,0,-1,,0,0,,1,1.015799999999345,1.2530000000001706,2
688,3.9996371882086166,1,4096,0,0.0,-97.12617372141175,,-1,0,-1,,0,0,,1,0.6260999999998518,1.927500000000748,1
689,4.005442176870749,1,4096,0,0.0,-96.31098574877738,0.00263456953689456,59,0,-1,,0,0,3.694700000000495,0,4.46830000000098,6.477199999999073,0
690,4.01124716553288,1,4096,0,0.0,-96.04878903049143,,-1,0,-1,,0,0,,1,1.0537999999993275,1.300300000000476,2
691,4.017052154195011,1,4096,0,0.0,-97.20846808077347,,-1,0,-1,,0,0,,1,0.6874000000003377,2.028099999998645,1
692,4.022857142857143,1,4096,0,0.0,-96.44826950478262,0.002633474301546812,59,0,-1,,0,0,4.325200000000251,0,5.122800000000538,7.19329999999907,0
693,4.028662131519274,1,4096,0,0.0,-96.66269167130112,,-1,0,-1,,0,0,,1,0.9572999999996057,1.1913000000003393,2
694,4.0344671201814055,1,4096,0,0.0,-95.62489775455435,,-1,0,-1,,0,0,,1,0.6237000000002269,1.8367000000001354,1
695,4.040272108843538,1,4096,0,0.0,-95.51101507673651,0.002635761396959424,59,0,-1,,0,0,5.303700000000688,0,6.052700000001465,7.942100000001062,3
696,4.046077097505669,1,4096,0,0.0,-95.40004253398527,,-1,0,-1,,0,0,,1,0.8406999999994724,3.5599000000008374,2
697,4.051882086167801,1,4096,0,0.0,-96.81175663155918,,-1,0,-1,,0,0,,1,0.729899999999617,4.288600000000642,1
698,4.057687074829932,1,4096,0,0.0,-95.80152468536258,0.002634697360917926,59,0,-1,,0,0,2.938499999999067,0,3.5634000000008825,7.884699999999967,0
699,4.063492063492063,1,4096,0,0.0,-95.80152468536258,,-1,0,-1,,0,0,,1,1.039200000001017,1.1635999999999314,2
700,4.069297052154195,1,4096,0,0.0,-96.37908519400071,,-1,0,-1,,0,0,,1,0.36399999999936483,1.2883999999999673,1
701,4.0751020408163265,1,4096,0,0.0,-96.44826950478262,0.0026342952623963356,59,0,-1,,0,0,2.3108000000000573,0,2.852699999998265,4.169299999999154,0
702,4.080907029478458,1,4096,0,0.0,-96.66269167130112,,-1,0,-1,,0,0,,1,0.6212999999988256,0.7867000000008062,2
703,4.08671201814059,1,4096,0,0.0,-96.73658462938218,,-1,0,-1,,0,0,,1,0.35519999999955587,1.1443999999993792,1
704,4.092517006802721,1,4096,0,0.0,-96.11286916969236,0.002634576987475157,59,0,-1,,0,0,2.8525999999988727,0,3.3057999999996923,4.480899999999011,0
705,4.098321995464852,1,4096,0,0.0,-83.13894526145032,,-1,0,-1,,0,0,,1,0.846400000000358,1.0393999999998016,2
706,4.104126984126984,1,4096,0,1.0,-73.51845679617847,,-1,0,-1,,0,0,,1,0.5987999999987892,1.667499999999933,1
707,4.1099319727891155,1,512,1,1.0,-64.87451355590431,0.020198164507746696,59,0,-1,,0,0,4.290799999999706,0,5.520499999999373,7.262799999999459,0
708,4.115736961451248,1,512,0,1.0,-41.0324001608202,,-1,0,-1,,0,0,,1,1.515799999999956,1.7616000000000298,2
709,4.121541950113379,1,512,0,1.0,-41.94345129284773,,-1,0,-1,,0,0,,1,0.7118999999988773,2.527500000001126,1
710,4.12734693877551,1,1024,0,1.0,-38.20882937291036,0.5623487830162048,72,0,-1,,0,0,2.6151999999992626,0,3.1818000000001234,5.7648999999990735,0
711,4.133151927437642,1,1024,0,1.0,-40.31987573143445,,-1,0,-1,,0,0,,1,0.5259999999989162,0.7689000000006274,2
712,4.138956916099773,1,2048,0,1.0,-35.90542923817634,,-1,0,-1,,0,0,,1,0.28149999999982356,1.0601000000001193,1
713,4.144761904761904,1,2048,0,1.0,-34.02606757577894,0.1626323163509369,71,0,-1,,0,0,2.041999999999433,0,2.3634000000001265,3.445100000000423,0
714,4.1505668934240365,1,2048,0,1.0,-37.83962149708338,,-1,0,-1,,0,0,,1,1.0542999999998415,1.4693000000001177,2
715,4.156371882086168,1,2048,0,1.0,-32.75803318376701,,-1,0,-1,,0,0,,1,2.9743999999993775,4.606499999999514,1
716,4.162176870748299,1,4096,0,1.0,-41.95577592552118,0.008608744479715824,75,0,-1,,0,0,4.077900000000412,0,5.095299999998915,9.814000000000433,0
717,4.167981859410431,1,4096,0,1.0,-38.629417996423896,,-1,0,-1,,0,0,,1,0.6767000000014178,0.8280999999996652,2
718,4.173786848072562,1,4096,0,1.0,-43.55232518479137,,-1,0,-1,,0,0,,1,0.46129999999955373,1.3156999999992536,1
719,4.179591836734694,1,4096,0,1.0,-46.1507642994395,0.010272941552102566,71,0,-1,,0,0,3.765400000000696,0,4.319199999999412,5.664700000000522,0
720,4.1853968253968254,1,4096,0,1.0,-46.1702655139793,,-1,0,-1,,0,0,,1,0.6624999999989001,0.8786999999994549,2
721,4.191201814058957,1,4096,0,1.0,-48.24825695028264,,-1,0,-1,,0,0,,1,0.4340000000002675,1.3079000000004726,1
722,4.197006802721089,1,4096,0,1.0,-49.359137921872424,0.015296496450901031,71,0,-1,,0,0,2.6327999999988805,0,3.1015000000014226,4.41550000000035,0
723,4.20281179138322,1,4096,0,1.0,-52.581415793921025,,-1,0,-1,,0,0,,1,0.7308999999988686,0.9112000000008891,2
724,4.208616780045351,1,4096,0,1.0,-50.56351789331175,,-1,0,-1,,0,0,,1,0.40309999999976753,1.3442999999995209,1
725,4.214421768707483,1,4096,0,1.0,-49.712380661192114,0.009902093559503555,71,0,-1,,0,0,2.7588999999998975,0,3.2858999999998417,4.6704000000001855,0
726,4.220226757369614,1,4096,0,1.0,-51.02421548016791,,-1,0,-1,,0,0,,1,3.1908000000004932,3.4358000000001,2
727,4.2260317460317465,1,4096,0,1.0,-46.11334659202559,,-1,0,-1,,0,0,,1,1.6791999999998808,4.6253000000007205,1
728,4.231836734693878,1,4096,0,1.0,-43.70927349641255,0.005331848748028278,71,0,-1,,0,0,2.0679000000001224,0,3.1287999999989324,7.75010000000087,0
729,4.237641723356009,1,4096,0,1.0,-41.403160632329026,,-1,0,-1,,0,0,,1,0.5831000000000586,0.7164999999993427,2
730,4.243446712018141,1,4096,0,1.0,-41.97508763232929,,-1,0,-1,,0,0,,1,0.34519999999993445,1.0764999999999247,1
731,4.249251700680272,1,4096,0,1.0,-39.6483144236741,0.006640231236815453,64,0,-1,,0,0,2.372300000001104,0,2.804699999998661,3.905200000000164,0
732,4.255056689342403,1,4096,0,1.0,-41.49608756621498,,-1,0,-1,,0,0,,1,1.0505999999992355,1.3308999999992466,2
733,4.260861678004535,1,4096,0,1.0,-42.273681463272474,,-1,0,-1,,0,0,,1,0.7722000000001117,2.114799999999306,1
734,4.266666666666667,1,4096,0,1.0,-45.120710021181054,0.004141481593251228,72,0,-1,,0,0,4.43740000000048,0,5.457500000000337,7.628999999999664,0
735,4.272471655328798,1,4096,0,1.0,-39.29353676310917,,-1,0,-1,,0,0,,1,1.9770999999995098,2.2375000000014467,2
736,4.27827664399093,1,4096,0,1.0,-45.82181036524747,,-1,0,-1,,0,0,,1,1.1837000000003428,3.0477999999991567,1
737,4.284081632653061,1,4096,0,1.0,-46.829702717271935,0.0029950649477541447,72,0,-1,,0,0,3.543000000000518,0,4.8130000000004,7.459100000000163,0
738,4.289886621315193,1,4096,0,1.0,-44.98211898101857,,-1,0,-1,,0,0,,1,0.7852000000010406,1.1390999999996154,2
739,4.295691609977324,1,4096,0,1.0,-47.28413169033167,,-1,0,-1,,0,0,,1,0.29879999999948836,1.3784999999995051,1
740,4.3014965986394555,1,4096,0,1.0,-45.36934196649859,0.0028324597515165806,59,0,-1,,0,0,2.221900000000332,0,2.5732000000004973,3.9437000000006606,0
741,4.307301587301588,1,4096,0,1.0,-49.38959466136146,,-1,0,-1,,0,0,,1,0.4414999999990954,0.6118999999991104,2
742,4.313106575963719,1,4096,0,1.0,-54.19668659328438,,-1,0,-1,,0,0,,1,0.3307000000010163,0.9589999999999321,1
743,4.31891156462585,1,4096,0,1.0,-51.4419278399962,0.0027409272734075785,59,0,-1,,0,0,1.9135999999999598,0,2.2447999999997137,3.2247000000005244,0
744,4.324716553287982,1,4096,0,1.0,-43.80709624450841,,-1,0,-1,,0,0,,1,0.9031999999997709,1.088399999998657,2
745,4.330521541950113,1,4096,0,1.0,-40.58244986370356,,-1,0,-1,,0,0,,1,0.4442000000004498,1.558199999999843,1
746,4.3363265306122445,1,4096,0,1.0,-40.41320867836355,0.006873919628560543,59,0,-1,,0,0,4.600199999998722,0,5.205300000000079,6.105099999999197,0
747,4.342131519274377,1,4096,0,1.0,-43.46905771995239,,-1,0,-1,,0,0,,1,1.3060999999989775,1.6241000000007944,2
748,4.347936507936508,1,4096,0,1.0,-41.03742112570936,,-1,0,-1,,0,0,,1,0.6536000000014752,2.3113000000005712,1
749,4.35374149659864,1,4096,0,1.0,-40.617291533623536,0.013737596571445465,72,0,-1,,0,0,3.451000000000093,0,4.16710000000009,6.515199999999055,0
750,4.359546485260771,1,4096,0,1.0,-40.24598386071023,,-1,0,-1,,0,0,,1,0.5736000000009511,0.828000000000273,2
751,4.365351473922902,1,4096,0,1.0,-40.038087386111755,,-1,0,-1,,0,0,,1,0.3431999999996549,1.1870999999992193,1
752,4.371156462585034,1,4096,0,1.0,-41.6606807942149,0.019022617489099503,72,0,-1,,0,0,2.3401999999990153,0,2.757600000000693,3.974799999999945,0
753,4.3769614512471655,1,4096,0,1.0,-43.104824488665265,,-1,0,-1,,0,0,,1,0.526400000000038,0.6852000000012737,2
754,4.382766439909297,1,4096,0,1.0,-48.16866396254102,,-1,0,-1,,0,0,,1,0.323700000000926,1.026400000000649,1
755,4.388571428571429,1,4096,0,1.0,-54.09781111427528,0.013523226603865623,70,0,-1,,0,0,4.210199999999276,0,4.756699999999725,5.825899999999606,0
756,4.39437641723356,1,4096,0,1.0,-59.48536331663651,,-1,0,-1,,0,0,,1,1.4392000000000849,1.7145000000002852,2
757,4.400181405895691,1,4096,0,1.0,-57.934540478843346,,-1,0,-1,,0,0,,1,1.3963999999990762,3.1637999999993838,1
758,4.405986394557823,1,4096,0,1.0,-60.83666716095077,0.010672873817384243,70,0,-1,,0,0,3.383399999998815,0,4.3010999999992805,7.538999999999518,0
759,4.4117913832199545,1,4096,0,1.0,-61.85643663847923,,-1,0,-1,,0,0,,1,0.7106999999990649,0.895200000000429,2
760,4.4175963718820865,1,4096,0,1.0,-66.20648199878394,,-1,0,-1,,0,0,,1,0.44959999999960587,1.388300000000342,1
761,4.423401360544218,1,512,1,1.0,-68.48807744537535,0.03385427966713905,59,0,-1,,0,0,2.985499999999419,0,3.546500000000563,4.977900000000091,0
762,4.429206349206349,1,512,0,1.0,-69.26905507350797,,-1,0,-1,,0,0,,1,1.2600999999996532,1.6869999999986618,2
763,4.435011337868481,1,512,0,1.0,-67.50068394223337,,-1,0,-1,,0,0,,1,1.0141999999984108,2.7989000000001596,1
764,4.440816326530612,1,1024,0,1.0,-62.90483899715312,0.022600017488002777,59,0,-1,,0,0,5.857799999999358,0,7.10589999999911,10.009700000001232,3
765,4.446621315192743,1,1024,0,1.0,-64.63095965690786,,-1,0,-1,,0,0,,1,1.0195999999993433,4.5621999999987395,2
766,4.4524263038548755,1,2048,0,1.0,-63.67661854911967,,-1,0,-1,,0,0,,1,0.7839000000000595,5.383800000000605,1
767,4.458231292517007,1,2048,0,1.0,-54.14630247153162,0.02469407580792904,59,0,-1,,0,0,3.5904000000002156,0,4.391200000000595,9.826799999999025,0
768,4.464036281179139,1,2048,0,1.0,-44.91001311177675,,-1,0,-1,,0,0,,1,0.737300000000829,1.0452000000000794,2
769,4.46984126984127,1,2048,0,1.0,-40.07886423638152,,-1,0,-1,,0,0,,1,0.40809999999957824,1.4614999999995604,1
770,4.475646258503401,1,4096,0,1.0,-38.549980534860865,0.006821450311690569,66,0,-1,,0,0,3.1786000000000314,0,3.720000000001278,5.215500000000262,0
771,4.481451247165533,1,4096,0,1.0,-38.25772728601565,,-1,0,-1,,0,0,,1,0.8943999999999619,1.117100000000093,2
772,4.487256235827664,1,4096,0,1.0,-39.35648615333024,,-1,0,-1,,0,0,,1,0.48579999999986967,1.6434000000007387,1
773,4.493061224489796,1,4096,0,1.0,-40.79131839972564,0.008514707908034325,65,0,-1,,0,0,3.6584999999984547,0,4.358100000001031,6.0472000000011406,0
774,4.498866213151928,1,4096,0,1.0,-39.44676872530977,,-1,0,-1,,0,0,,1,0.9617000000012865,1.1890000000001066,2
775,4.504671201814059,1,4096,0,1.0,-41.75274792296973,,-1,0,-1,,0,0,,1,0.5734000000003903,1.8340000000005574,1
776,4.51047619047619,1,4096,0,1.0,-44.616097272386,0.009502718225121498,65,0,-1,,0,0,5.674899999998928,0,6.668699999998751,8.55539999999877,0
777,4.516281179138322,1,4096,0,1.0,-52.33843078495624,,-1,0,-1,,0,0,,1,1.164000000001053,1.4707999999998833,2
778,4.522086167800453,1,4096,0,1.0,-53.833586399213786,,-1,0,-1,,0,0,,1,0.8365000000001288,2.3111000000000104,1
779,4.527891156462585,1,4096,0,1.0,-56.332121816704785,0.004216762725263834,65,0,-1,,0,0,4.900199999999799,0,6.056400000000295,8.41829999999888,0
780,4.533696145124717,1,4096,0,1.0,-59.06289597422503,,-1,0,-1,,0,0,,1,0.7345000000000823,0.8961999999996806,2
781,4.539501133786848,1,4096,0,1.0,-58.375879671376865,,-1,0,-1,,0,0,,1,0.4561000000009585,1.380599999999177,1
782,4.54530612244898,1,4096,0,1.0,-61.09464838552019,0.004417977295815945,65,0,-1,,0,0,3.193100000000726,0,3.7695000000006473,5.194700000000552,0
783,4.551111111111111,1,4096,0,1.0,-61.3952953209556,,-1,0,-1,,0,0,,1,0.7435000000004521,0.9268999999996197,2
784,4.556916099773242,1,4096,0,1.0,-60.49454193765431,,-1,0,-1,,0,0,,1,0.4691000000001111,1.4342999999996664,1
785,4.562721088435374,1,4096,0,1.0,-57.8938911487723,0.0032278108410537243,65,0,-1,,0,0,4.222600000000298,0,4.984600000000228,6.477500000000802,0
786,4.568526077097506,1,4096,0,1.0,-52.799161607291126,,-1,0,-1,,0,0,,1,1.80429999999987,2.1260999999999086,2
787,4.574331065759637,1,4096,0,1.0,-55.05772387242088,,-1,0,-1,,0,0,,1,2.195299999998568,4.67480000000009,1
788,4.580136054421769,1,4096,0,1.0,-53.58796859503724,0.00309580797329545,64,0,-1,,0,0,5.474100000000703,0,7.490100000000055,12.36309999999996,3
789,4.5859410430839,1,4096,0,1.0,-55.13027834272282,,-1,0,-1,,0,0,,1,1.2724000000012836,2.2681999999996094,2
790,4.591746031746032,1,4096,0,1.0,-53.01253540807454,,-1,0,-1,,0,0,,1,0.9156000000007936,3.2610999999995727,1
791,4.597551020408163,1,4096,0,1.0,-48.87800709360761,0.003711018478497863,59,0,-1,,0,0,7.220300000000179,0,8.272999999999087,11.60789999999956,0
792,4.6033560090702945,1,4096,0,1.0,-47.15844177655257,,-1,0,-1,,0,0,,1,0.8248999999995732,1.0721000000000203,2
793,4.609160997732427,1,4096,0,1.0,-46.44021837263128,,-1,0,-1,,0,0,,1,0.6178000000005568,1.7585000000011064,1
794,4.614965986394558,1,4096,0,1.0,-43.16130258911159,0.006929811555892229,66,0,-1,,0,0,7.628400000001534,0,9.24820000000004,11.112699999999975,0
795,4.620770975056689,1,4096,0,1.0,-45.504315166033,,-1,0,-1,,0,0,,1,2.191200000000393,2.626199999999912,2
796,4.626575963718821,1,4096,0,1.0,-47.86480938809718,,-1,0,-1,,0,0,,1,2.696300000000207,5.4264999999986685,1
797,4.632380952380952,1,4096,0,1.0,-52.14787759923631,0.0052713812328875065,66,0,-1,,0,0,5.003300000000266,0,6.473299999999682,12.01950000000096,0
798,4.6381859410430835,1,4096,0,1.0,-51.83412699017529,,-1,0,-1,,0,0,,1,1.532000000000977,1.780600000000021,2
799,4.6439909297052155,1,4096,0,1.0,-53.23830180871572,,-1,0,-1,,0,0,,1,0.9881000000007134,2.229899999999674,1
800,4.649795918367347,1,4096,0,1.0,-51.33415116955593,0.002793592866510153,66,0,-1,,0,0,4.08960000000036,0,6.123499999999282,8.60529999999926,3
801,4.655600907029479,1,4096,0,1.0,-49.29858222723514,,-1,0,-1,,0,0,,1,2.3756000000005884,5.793999999999855,2
802,4.66140589569161,1,4096,0,1.0,-47.63977613833433,,-1,0,-1,,0,0,,1,0.6801999999996866,6.568600000001368,1
803,4.667210884353741,1,4096,0,1.0,-45.72556374319875,0.0020195001270622015,66,0,-1,,0,0,2.361099999999894,0,2.8151999999987964,9.403599999998846,0
804,4.673015873015873,1,4096,0,1.0,-46.74015027045559,,-1,0,-1,,0,0,,1,1.9738000000000255,2.2834999999989947,2
805,4.6788208616780045,1,4096,0,1.0,-46.12449854395485,,-1,0,-1,,0,0,,1,0.8601999999999776,3.209199999998802,1
806,4.684625850340136,1,4096,0,1.0,-45.964646281245564,0.0020377589389681816,66,0,-1,,0,0,3.680400000000361,0,4.623500000001002,7.896999999999821,0
807,4.690430839002268,1,4096,0,1.0,-44.128932148707705,,-1,0,-1,,0,0,,1,1.5167999999992077,2.036000000000371,2
808,4.696235827664399,1,4096,0,1.0,-42.12398883904864,,-1,0,-1,,0,0,,1,0.9238000000006963,2.9631000000005514,1
809,4.702040816326531,1,4096,0,1.0,-42.28303834696484,0.0031866279896348715,66,0,-1,,0,0,3.8066999999983864,0,4.576399999999481,7.57399999999997,0
810,4.707845804988662,1,4096,0,1.0,-43.826161769301535,,-1,0,-1,,0,0,,1,0.7529000000001673,1.0865000000013225,2
811,4.713650793650793,1,4096,0,1.0,-48.82153584747335,,-1,0,-1,,0,0,,1,0.6555000000005862,1.9750999999992302,1
812,4.7194557823129255,1,4096,0,1.0,-48.87107678310352,0.002438059076666832,59,0,-1,,0,0,2.8623999999997096,0,3.6366999999977168,5.628999999998996,3
813,4.725260770975057,1,4096,0,1.0,-50.3686498987734,,-1,0,-1,,0,0,,1,0.7324999999998028,1.3147999999993942,2
814,4.731065759637188,1,4096,0,1.0,-45.9329921144037,,-1,0,-1,,0,0,,1,1.053900000000496,2.453199999999711,1
815,4.73687074829932,1,4096,0,1.0,-48.326250552612784,0.004810376092791557,59,0,-1,,0,0,4.265300000000138,0,6.400400000000417,8.918800000000005,0
816,4.742675736961451,1,4096,0,1.0,-40.635301635399884,,-1,0,-1,,0,0,,1,1.606699999999961,1.976300000000819,2
817,4.748480725623582,1,4096,0,1.0,-39.729901902555184,,-1,0,-1,,0,0,,1,0.8078999999998615,2.8125999999986107,1
818,4.7542857142857144,1,4096,0,1.0,-40.1486377119017,0.0072187259793281555,59,0,-1,,0,0,3.971099999999339,0,4.985799999998264,7.855700000000354,0
819,4.760090702947846,1,4096,0,1.0,-40.32890264787269,,-1,0,-1,,0,0,,1,1.357399999999842,1.5350999999999004,2
820,4.765895691609978,1,4096,0,1.0,-46.21186267917353,,-1,0,-1,,0,0,,1,0.7141000000014941,1.5839999999993637,1
821,4.771700680272109,1,4096,0,1.0,-45.974958965228126,0.005145649891346693,64,0,-1,,0,0,3.0666999999997557,0,4.024000000001138,5.62159999999956,3
822,4.77750566893424,1,4096,0,1.0,-47.116410114257654,,-1,0,-1,,0,0,,1,0.5196999999999008,1.068300000000022,2
823,4.783310657596372,1,4096,0,1.0,-48.93045358584793,,-1,0,-1,,0,0,,1,0.48989999999982103,1.5801999999993654,1
824,4.789115646258503,1,4096,0,1.0,-50.729797243937156,0.004398508928716183,64,0,-1,,0,0,5.920899999999563,0,6.694100000000702,8.311300000000799,0
825,4.794920634920635,1,4096,0,1.0,-54.438187294067106,,-1,0,-1,,0,0,,1,0.6590000000006313,0.9379999999996613,2
826,4.800725623582767,1,4096,0,1.0,-56.28196439696714,,-1,0,-1,,0,0,,1,0.42879999999989593,1.3906000000005747,1
827,4.806530612244898,1,4096,0,1.0,-54.9199920174742,0.003739823354408145,64,0,-1,,0,0,4.524299999999926,0,5.0421000000007155,6.474200000001318,0
828,4.812335600907029,1,4096,0,1.0,-57.851999810413226,,-1,0,-1,,0,0,,1,0.7386000000000337,0.8783999999995018,2
829,4.818140589569161,1,4096,0,1.0,-55.531241185335176,,-1,0,-1,,0,0,,1,0.31689999999962026,1.215200000000749,1
830,4.823945578231292,1,4096,0,1.0,-57.88291214413414,0.004092643968760967,69,0,-1,,0,0,2.371700000001198,0,2.7639000000014846,3.7264999999990778,0
831,4.829750566893424,1,4096,0,1.0,-57.24266060185183,,-1,0,-1,,0,0,,1,0.8622000000002572,1.074400000000253,2
832,4.835555555555556,1,4096,0,1.0,-56.47067487153453,,-1,0,-1,,0,0,,1,0.5393999999991905,1.6408999999999452,1
833,4.841360544217687,1,4096,0,1.0,-59.309707979085076,0.0034021625760942698,69,0,-1,,0,0,4.65459999999851,0,5.380699999999905,7.0572999999996,3
834,4.847165532879819,1,4096,0,1.0,-53.94770504233335,,-1,0,-1,,0,0,,1,0.8075999999999084,2.1490000000010667,2
835,4.85297052154195,1,4096,0,1.0,-55.67248140128204,,-1,0,-1,,0,0,,1,0.46699999999866293,2.641999999999811,1
836,4.858775510204081,1,4096,0,1.0,-46.77222044692148,0.0038203659933060408,64,0,-1,,0,0,3.255299999999295,0,3.793999999999187,6.454500000000252,0
837,4.864580498866213,1,4096,0,1.0,-44.148419121985725,,-1,0,-1,,0,0,,1,0.9461000000001718,1.1761000000003463,2
838,4.8703854875283445,1,4096,0,1.0,-44.02270217653262,,-1,0,-1,,0,0,,1,0.6353000000007825,1.8674000000000746,1
839,4.876190476190477,1,4096,0,1.0,-41.08479491693278,0.006788766942918301,64,0,-1,,0,0,3.7375999999991194,0,4.489599999999427,6.406300000000087,0
840,4.881995464852608,1,4096,0,1.0,-44.457997212159285,,-1,0,-1,,0,0,,1,0.8247000000007887,1.0375000000006906,2
841,4.887800453514739,1,4096,0,1.0,-40.56972576626811,,-1,0,-1,,0,0,,1,0.35279999999993095,1.3865000000006233,1
842,4.893605442176871,1,4096,0,1.0,-44.248017773440154,0.008450259454548359,64,0,-1,,0,0,3.112099999999174,0,3.494700000000961,4.885599999999712,0
843,4.899410430839002,1,4096,0,1.0,-43.224938008121335,,-1,0,-1,,0,0,,1,0.807200000000563,1.1241000000001833,2
844,4.9052154195011335,1,4096,0,1.0,-47.09823046799967,,-1,0,-1,,0,0,,1,0.5433999999997496,1.5918999999993133,1
845,4.911020408163266,1,4096,0,1.0,-49.05649146090478,0.0069491988979279995,64,0,-1,,0,0,4.2320000000000135,0,5.248199999998704,6.8710000000002935,0
846,4.916825396825397,1,4096,0,1.0,-45.03865131623425,,-1,0,-1,,0,0,,1,0.8207999999996218,1.11200000000089,2
847,4.922630385487528,1,4096,0,1.0,-46.13128348538336,,-1,0,-1,,0,0,,1,0.3712999999994082,1.4614000000001681,1
848,4.92843537414966,1,4096,0,1.0,-49.94203421473034,0.0077209374867379665,64,0,-1,,0,0,3.9906999999992365,0,4.852400000000756,6.344899999998432,0
849,4.934240362811791,1,4096,0,1.0,-45.70999725328385,,-1,0,-1,,0,0,,1,0.7123999999993913,0.9212000000005105,2
850,4.940045351473923,1,4096,0,1.0,-46.57967720132329,,-1,0,-1,,0,0,,1,0.3877999999986059,1.3436999999996146,1
851,4.9458503401360545,1,4096,0,1.0,-48.624367687657106,0.01038673147559166,64,0,-1,,0,0,2.3193999999993054,0,2.7453000000008387,4.12219999999941,0
852,4.951655328798186,1,4096,0,1.0,-47.69414586754831,,-1,0,-1,,0,0,,1,1.0858000000002477,1.3816999999995971,2
853,4.957460317460318,1,4096,0,1.0,-48.149670721050235,,-1,0,-1,,0,0,,1,1.26400000000082,2.7474000000005105,1
854,4.963265306122449,1,4096,0,1.0,-49.829768328900386,0.009076845832169056,64,0,-1,,0,0,2.3455999999999477,0,3.928300000001883,6.822800000000129,0
855,4.96907029478458,1,4096,0,1.0,-47.662897035009955,,-1,0,-1,,0,0,,1,0.6631999999999749,0.8695000000003006,2
856,4.974875283446712,1,4096,0,1.0,-48.188059167298775,,-1,0,-1,,0,0,,1,0.37410000000015486,1.2507999999993302,1
857,4.9806802721088435,1,4096,0,1.0,-41.87525768678411,0.008634710684418678,64,0,-1,,0,0,4.041100000000242,0,4.832300000000345,6.117700000000781,0
858,4.986485260770975,1,4096,0,1.0,-46.95675205383088,,-1,0,-1,,0,0,,1,0.6840999999990771,0.8665000000007694,2
859,4.992290249433107,1,4096,0,1.0,-39.43928668614151,,-1,0,-1,,0,0,,1,0.3221999999993841,1.2001999999995405,1
860,4.998095238095238,1,4096,0,1.0,-35.531429394627025,0.012581778690218925,64,0,-1,,0,0,2.2757000000002137,0,2.6521999999999935,3.868300000000602,0
861,5.00390022675737,1,4096,0,1.0,-36.614755841084005,,-1,0,-1,,0,0,,1,1.7066000000003356,1.9898999999998779,2
862,5.009705215419501,1,4096,0,1.0,-33.50697542970465,,-1,0,-1,,0,0,,1,1.2088999999999572,3.25879999999934,1
863,5.015510204081632,1,4096,0,1.0,-36.341965416190426,0.018138879910111427,64,0,-1,,0,0,4.976700000000278,0,6.918300000000599,10.429500000000758,0
864,5.0213151927437645,1,4096,0,1.0,-32.0234105739438,,-1,0,-1,,0,0,,1,0.6617999999996016,0.9078999999996284,2
865,5.027120181405896,1,4096,0,1.0,-34.274638617003355,,-1,0,-1,,0,0,,1,0.4203000000000401,1.3100000000001444,1
866,5.032925170068027,1,4096,0,1.0,-37.43476919990091,0.022029412910342216,64,0,-1,,0,0,4.774000000001166,0,5.441700000002214,6.787100000000379,0
867,5.038730158730159,1,4096,0,1.0,-40.992989900080644,,-1,0,-1,,0,0,,1,0.5977999999995376,0.876800000000344,2
868,5.04453514739229,1,4096,0,1.0,-41.754617290931336,,-1,0,-1,,0,0,,1,0.36399999999936483,1.2784999999997382,1
869,5.050340136054421,1,4096,0,1.0,-43.34914394317191,0.017187321558594704,70,0,-1,,0,0,2.8269000000005207,0,3.365199999999291,4.683399999999338,0
870,5.056145124716553,1,4096,0,1.0,-41.47536953466654,,-1,0,-1,,0,0,,1,0.7628000000003965,0.9231999999990137,2
871,5.061950113378685,1,4096,0,1.0,-44.63066238226597,,-1,0,-1,,0,0,,1,0.44169999999965626,1.387499999999875,1
872,5.067755102040817,1,4096,0,1.0,-46.26824193296998,0.03335795924067497,70,0,-1,,0,0,2.6751999999987675,0,3.170799999999474,4.5901999999991006,0
873,5.073560090702948,1,4096,0,1.0,-49.25499300475282,,-1,0,-1,,0,0,,1,1.8023999999989826,2.3052999999997326,2
874,5.079365079365079,1,4096,0,1.0,-49.26041979081192,,-1,0,-1,,0,0,,1,1.0662999999997425,2.6942999999999273,1
875,5.085170068027211,1,4096,0,1.0,-45.188839819195515,0.013800321146845818,70,0,-1,,0,0,4.084100000000035,0,5.258200000000102,7.919900000000979,0
876,5.090975056689342,1,4096,0,1.0,-47.83803008244793,,-1,0,-1,,0,0,,1,1.9866000000003936,2.4201999999995394,2
877,5.0967800453514736,1,4096,0,1.0,-44.28843259872273,,-1,0,-1,,0,0,,1,1.2874000000007157,3.7189000000008576,1
878,5.102585034013606,1,4096,0,1.0,-45.52056433372468,0.009197195060551167,64,0,-1,,0,0,2.828000000000941,0,4.420500000001937,8.192000000001087,0
879,5.108390022675737,1,4096,0,1.0,-43.791381308224764,,-1,0,-1,,0,0,,1,0.8487000000005906,1.2132999999998617,2
880,5.114195011337869,1,4096,0,1.0,-49.64590505426053,,-1,0,-1,,0,0,,1,0.43030000000143787,1.546700000000456,1
881,5.12,1,4096,0,1.0,-44.48822195009307,0.004242894239723682,64,0,-1,,0,0,3.0847000000004954,0,3.6388000000009413,5.181699999999623,3
882,5.125804988662131,1,4096,0,1.0,-45.699930298466896,,-1,0,-1,,0,0,,1,0.5946999999988378,1.5084000000005204,2
883,5.131609977324263,1,4096,0,1.0,-48.368872471678955,,-1,0,-1,,0,0,,1,0.7365000000003619,2.286100000000957,1
884,5.137414965986395,1,4096,0,1.0,-50.674899880667596,0.0023364215157926083,64,0,-1,,0,0,3.7722999999996176,0,4.604400000001618,6.942699999999746,0
885,5.143219954648526,1,4096,0,1.0,-49.42238365364021,,-1,0,-1,,0,0,,1,0.914100000001028,1.1444999999987715,2
886,5.149024943310658,1,4096,0,1.0,-51.50925659917984,,-1,0,-1,,0,0,,1,0.9409999999991925,2.1325000000000927,1
887,5.154829931972789,1,4096,0,1.0,-51.27137485860125,0.002935277298092842,64,0,-1,,0,0,4.097400000000917,0,4.852699999998933,7.062300000001187,0
888,5.16063492063492,1,4096,0,1.0,-44.45287222306314,,-1,0,-1,,0,0,,1,0.910400000000422,1.0740000000009076,2
889,5.166439909297052,1,4096,0,1.0,-40.03610538148865,,-1,0,-1,,0,0,,1,0.6020000000006576,1.7604000000002173,1
890,5.1722448979591835,1,4096,0,1.0,-38.55951002809417,0.005724921822547913,72,0,-1,,0,0,3.229499999999774,0,3.879799999999989,5.69299999999906,0
891,5.178049886621316,1,4096,0,1.0,-41.64200329675965,,-1,0,-1,,0,0,,1,0.6094000000000932,0.9505999999994685,2
892,5.183854875283447,1,4096,0,1.0,-36.28225880207798,,-1,0,-1,,0,0,,1,0.31499999999873296,1.2366999999997574,1
893,5.189659863945578,1,4096,0,1.0,-35.74345604174955,0.007473450619727373,72,0,-1,,0,0,3.0312000000005668,0,3.4881999999996083,4.739899999998798,0
894,5.19546485260771,1,4096,0,1.0,-35.705613436429324,,-1,0,-1,,0,0,,1,1.383200000001139,1.631800000000183,2
895,5.201269841269841,1,4096,0,1.0,-38.390161316664646,,-1,0,-1,,0,0,,1,1.3757000000005348,3.0783999999997036,1
896,5.2070748299319725,1,4096,0,1.0,-39.81823551140557,0.008326402865350246,69,0,-1,,0,0,6.86480000000067,0,8.40839999999865,11.591499999999755,0
897,5.2128798185941045,1,4096,0,1.0,-40.72299273082254,,-1,0,-1,,0,0,,1,1.927000000000234,2.1406999999999954,2
898,5.218684807256236,1,4096,0,1.0,-47.041994005830205,,-1,0,-1,,0,0,,1,1.55310000000064,3.778599999998633,1
899,5.224489795918367,1,4096,0,1.0,-45.02387182165159,0.007904231548309326,64,0,-1,,0,0,5.673400000000939,0,7.561600000000723,10.983200000000082,0
900,5.230294784580499,1,4096,0,1.0,-47.16045765342366,,-1,0,-1,,0,0,,1,1.8463999999998038,2.1609999999991913,2
901,5.23609977324263,1,4096,0,1.0,-48.51697803643697,,-1,0,-1,,0,0,,1,2.336899999999531,5.072300000000141,1
902,5.241904761904762,1,4096,0,1.0,-47.169464123413604,0.007153692655265331,67,0,-1,,0,0,3.6787000000000347,0,5.0083999999976925,10.215499999999267,0
903,5.2477097505668935,1,4096,0,1.0,-42.61279069434649,,-1,0,-1,,0,0,,1,0.9187999999991092,1.3483999999994722,2
904,5.253514739229025,1,4096,0,1.0,-36.9914958044382,,-1,0,-1,,0,0,,1,0.5044000000005155,1.81609999999921,1
905,5.259319727891157,1,4096,0,1.0,-37.295350683566106,0.010373149067163467,70,0,-1,,0,0,5.169799999999114,0,5.84609999999941,7.629200000000225,0
906,5.265124716553288,1,4096,0,1.0,-40.86688132675658,,-1,0,-1,,0,0,,1,2.1793999999992764,2.4695000000001244,2
907,5.270929705215419,1,4096,0,1.0,-36.64735652723577,,-1,0,-1,,0,0,,1,0.7363000000015774,3.1724999999998005,1
908,5.276734693877551,1,4096,0,1.0,-40.86986439473891,0.011499403975903988,64,0,-1,,0,0,3.5877000000006376,0,4.423300000000907,6.795699999999627,0
909,5.282539682539682,1,4096,0,1.0,-45.728865748362395,,-1,0,-1,,0,0,,1,0.7971999999991652,1.0665999999996956,2
910,5.288344671201814,1,4096,0,1.0,-39.654219508797304,,-1,0,-1,,0,0,,1,0.39209999999911815,1.4348000000001804,1
911,5.294149659863946,1,4096,0,1.0,-44.24848336949679,0.007409660145640373,69,0,-1,,0,0,4.57029999999925,0,5.090000000000927,6.542800000000071,0
912,5.299954648526077,1,4096,0,1.0,-43.42522208632793,,-1,0,-1,,0,0,,1,1.7797000000001617,2.1012000000002473,2
913,5.305759637188209,1,4096,0,1.0,-47.20085435003963,,-1,0,-1,,0,0,,1,0.9057999999999566,3.0487000000007924,1
914,5.31156462585034,1,4096,0,1.0,-52.24055530124411,0.007433510851114988,69,0,-1,,0,0,5.167699999999442,0,6.3037999999995264,9.401800000000904,0
915,5.317369614512471,1,4096,0,1.0,-51.66325923500803,,-1,0,-1,,0,0,,1,1.3015000000002885,1.5712999999983879,2
916,5.3231746031746034,1,4096,0,1.0,-53.01327527032113,,-1,0,-1,,0,0,,1,0.5180999999989666,2.0932000000009054,1
917,5.328979591836735,1,4096,0,1.0,-55.88575520443419,0.007147856988012791,64,0,-1,,0,0,3.5924999999998875,0,4.160000000000608,6.3051000000005075,0
918,5.334784580498866,1,4096,0,1.0,-57.49216582355317,,-1,0,-1,,0,0,,1,1.5914000000005757,1.983799999999647,2
919,5.340589569160998,1,4096,0,1.0,-59.82825017130424,,-1,0,-1,,0,0,,1,1.1951000000003376,3.1973000000000695,1
920,5.346394557823129,1,4096,0,1.0,-60.745433025432874,0.003550868481397629,64,0,-1,,0,0,4.240499999999869,0,5.608499999999239,8.868299999999607,0
921,5.352199546485261,1,4096,0,1.0,-63.37319669634666,,-1,0,-1,,0,0,,1,1.6451000000010652,1.8993999999992184,2
922,5.358004535147392,1,4096,0,1.0,-62.62405500836721,,-1,0,-1,,0,0,,1,1.308599999999771,3.2873999999996073,1
923,5.363809523809524,1,4096,0,1.0,-61.798750868633654,0.0025490159168839455,64,0,-1,,0,0,3.244399999999814,0,4.357199999999395,7.70319999999991,0
924,5.369614512471656,1,4096,0,1.0,-59.80182953802158,,-1,0,-1,,0,0,,1,0.6686000000009074,0.8246999999990123,2
925,5.375419501133787,1,4096,0,1.0,-58.431057357504834,,-1,0,-1,,0,0,,1,0.38800000000094315,1.2353999999987764,1
926,5.381224489795918,1,4096,0,1.0,-58.538356210785885,0.0019487529061734676,64,0,-1,,0,0,4.271399999998593,0,4.785500000000553,6.065899999999402,0
927,5.38702947845805,1,4096,0,1.0,-54.03219931257922,,-1,0,-1,,0,0,,1,1.0078000000000031,1.1425999999996606,2
928,5.392834467120181,1,4096,0,1.0,-46.0825148008915,,-1,0,-1,,0,0,,1,0.3734999999984723,0.9621000000006319,1
929,5.3986394557823125,1,4096,0,1.0,-41.054672440390014,0.004420835059136152,64,0,-1,,0,0,2.387000000000583,0,2.810500000000715,3.743000000000052,0
930,5.404444444444445,1,4096,0,1.0,-39.109502707828476,,-1,0,-1,,0,0,,1,0.8178000000000907,1.1545999999995615,2
931,5.410249433106576,1,4096,0,1.0,-40.0710018724301,,-1,0,-1,,0,0,,1,0.59899999999935,1.7507999999999413,1
932,5.416054421768708,1,4096,0,1.0,-37.1523188466194,0.007939128205180168,67,0,-1,,0,0,6.619900000000456,0,7.822199999997892,9.620800000000429,0
933,5.421859410430839,1,4096,0,1.0,-37.27657543941314,,-1,0,-1,,0,0,,1,1.7577000000006393,2.0202000000004716,2
934,5.42766439909297,1,4096,0,1.0,-38.07696337399812,,-1,0,-1,,0,0,,1,1.5295999999995757,3.6698000000008335,1
935,5.433469387755102,1,4096,0,1.0,-41.0031346683336,0.008853482082486153,67,0,-1,,0,0,4.221700000000439,0,6.3927000000028045,10.189000000000448,0
936,5.4392743764172335,1,4096,0,1.0,-47.19562108417043,,-1,0,-1,,0,0,,1,2.604899999999688,3.0295000000002403,2
937,5.445079365079365,1,4096,0,1.0,-48.42181021290058,,-1,0,-1,,0,0,,1,1.0352999999998502,4.098099999998439,1
938,5.450884353741497,1,4096,0,1.0,-52.383609209841644,0.005057500675320625,67,0,-1,,0,0,6.90729999999995,0,8.619899999999348,12.88459999999958,3
939,5.456689342403628,1,4096,0,1.0,-52.00987236352506,,-1,0,-1,,0,0,,1,1.4331000000016303,6.474199999999541,2
940,5.462494331065759,1,4096,0,1.0,-49.69156457325297,,-1,0,-1,,0,0,,1,0.8069000000006099,7.258600000000115,1
941,5.468299319727891,1,4096,0,1.0,-51.245083654876005,0.00649286899715662,67,0,-1,,0,0,3.7810999999994266,0,4.77820000000051,12.085699999998312,0
942,5.4741043083900225,1,4096,0,1.0,-52.04448394345964,,-1,0,-1,,0,0,,1,2.7410000000003265,3.1266999999992606,2
943,5.479909297052155,1,4096,0,1.0,-54.48974077787668,,-1,0,-1,,0,0,,1,1.939000000000135,5.16139999999865,1
944,5.485714285714286,1,4096,0,1.0,-53.031790680219444,0.006372474133968353,67,0,-1,,0,0,2.588600000001051,0,3.1280999999978576,8.317699999999206,0
945,5.491519274376417,1,4096,0,1.0,-53.3036912001137,,-1,0,-1,,0,0,,1,1.851500000000783,2.188300000000254,2
946,5.497324263038549,1,4096,0,1.0,-50.45644957569312,,-1,0,-1,,0,0,,1,0.6926000000007093,2.903500000000392,1
947,5.50312925170068,1,4096,0,1.0,-46.97568074562554,0.003166903043165803,67,0,-1,,0,0,4.393199999999098,0,6.167599999999496,7.873899999999878,0
948,5.508934240362811,1,4096,0,1.0,-43.00601883465348,,-1,0,-1,,0,0,,1,1.679799999999787,1.8974000000007152,2
949,5.5147392290249435,1,4096,0,1.0,-44.08522819749285,,-1,0,-1,,0,0,,1,0.5688999999993172,1.9674999999992338,1
950,5.520544217687075,1,4096,0,1.0,-43.114679634329946,0.0040503558702766895,67,0,-1,,0,0,2.970200000000034,0,3.5935000000009154,5.526299999999651,3
951,5.526349206349207,1,4096,0,1.0,-42.12073352196163,,-1,0,-1,,0,0,,1,1.3071000000000055,2.784600000000026,2
952,5.532154195011338,1,4096,0,1.0,-42.69864022065913,,-1,0,-1,,0,0,,1,1.493199999998751,4.4277000000008115,1
953,5.537959183673469,1,4096,0,1.0,-43.92724268609634,0.005533741787075996,67,0,-1,,0,0,3.4018000000006765,0,4.7666999999993465,9.340099999999296,0
954,5.543764172335601,1,4096,0,1.0,-46.23997178660849,,-1,0,-1,,0,0,,1,1.3792999999999722,1.6486999999987262,2
955,5.5495691609977325,1,4096,0,1.0,-46.611801310524896,,-1,0,-1,,0,0,,1,1.1782000000000181,2.319200000000521,1
956,5.555374149659864,1,4096,0,1.0,-48.92854089132533,0.0058094714768230915,64,0,-1,,0,0,4.243300000000616,0,4.903599999998676,7.151399999999697,0
957,5.561179138321996,1,4096,0,1.0,-46.01408174457886,,-1,0,-1,,0,0,,1,1.0790000000007183,1.2807999999999709,2
958,5.566984126984127,1,4096,0,1.0,-46.71969175558358,,-1,0,-1,,0,0,,1,0.44650000000068246,1.2679999999996028,1
959,5.572789115646258,1,4096,0,1.0,-47.95905913191494,0.006175184156745672,64,0,-1,,0,0,2.836900000000142,0,3.362899999997282,4.607599999999934,0
960,5.57859410430839,1,4096,0,1.0,-43.41352417164159,,-1,0,-1,,0,0,,1,0.6628000000006296,0.8990999999998195,2
961,5.584399092970521,1,4096,0,1.0,-46.831864879339584,,-1,0,-1,,0,0,,1,0.4555000000010523,1.3521999999994705,1
962,5.5902040816326535,1,4096,0,1.0,-42.24421095918855,0.009359470568597317,64,0,-1,,0,0,2.6671999999994256,0,3.20370000000203,4.568700000000092,0
963,5.596009070294785,1,4096,0,1.0,-43.839492821942954,,-1,0,-1,,0,0,,1,1.2391000000011587,1.5474999999991468,2
964,5.601814058956916,1,4096,0,1.0,-41.77968326027635,,-1,0,-1,,0,0,,1,0.7746999999991289,2.355500000000177,1
965,5.607619047619048,1,4096,0,1.0,-42.66287452630863,0.013323810882866383,64,0,-1,,0,0,3.1972000000006773,0,4.02469999999866,6.430200000000497,0
966,5.613424036281179,1,4096,0,1.0,-43.90264758479083,,-1,0,-1,,0,0,,1,0.6591000000000236,0.932000000000599,2
967,5.61922902494331,1,4096,0,1.0,-36.89213165178393,,-1,0,-1,,0,0,,1,0.4311000000001286,1.2711999999996948,1
968,5.625034013605442,1,4096,0,1.0,-37.80841285669486,0.012225297279655933,64,0,-1,,0,0,3.017699999999124,0,3.592400000000495,4.888900000000973,0
969,5.630839002267574,1,4096,0,1.0,-40.39747661126083,,-1,0,-1,,0,0,,1,0.8786000000000627,1.1285000000000878,2
970,5.636643990929705,1,4096,0,1.0,-36.31579553368979,,-1,0,-1,,0,0,,1,0.45189999999983854,1.5931000000009021,1
971,5.642448979591837,1,4096,0,1.0,-40.41963739736782,0.016329234465956688,64,0,-1,,0,0,3.1604999999998995,0,3.7506999999994406,5.408000000000968,0
972,5.648253968253968,1,4096,0,1.0,-38.74084189842482,,-1,0,-1,,0,0,,1,0.6953000000002874,0.9116000000002344,2
973,5.6540589569161,1,4096,0,1.0,-40.40275723656714,,-1,0,-1,,0,0,,1,0.43790000000143436,1.3706999999989478,1
974,5.659863945578231,1,4096,0,1.0,-40.77160402704087,0.02165287546813488,64,0,-1,,0,0,2.3906000000000205,0,2.8932000000008173,4.308800000000446,0
975,5.6656689342403626,1,4096,0,1.0,-39.96788660281517,,-1,0,-1,,0,0,,1,0.9358999999999895,1.2173000000004208,2
976,5.671473922902495,1,4096,0,1.0,-46.03504091338099,,-1,0,-1,,0,0,,1,0.8638999999988073,2.1327000000006535,1
977,5.677278911564626,1,4096,0,1.0,-46.62638394568618,0.018628578633069992,64,0,-1,,0,0,2.8365000000007967,0,3.3985000000011922,5.572600000000705,0
978,5.683083900226757,1,4096,0,1.0,-48.67386379933819,,-1,0,-1,,0,0,,1,0.5822000000001992,0.8242000000002747,2
979,5.688888888888889,1,4096,0,1.0,-47.8035719875836,,-1,0,-1,,0,0,,1,0.5915999999999144,1.4460999999990065,1
980,5.69469387755102,1,4096,0,1.0,-46.43188719286053,0.015146838501095772,64,0,-1,,0,0,3.0575999999999937,0,3.621199999999547,5.107600000000545,0
981,5.7004988662131515,1,4096,0,1.0,-52.53646049005347,,-1,0,-1,,0,0,,1,0.5834999999994039,0.8970999999995399,2
982,5.706303854875284,1,4096,0,1.0,-48.821194994212156,,-1,0,-1,,0,0,,1,0.3614999999985713,1.2729000000000212,1
983,5.712108843537415,1,4096,0,1.0,-51.712580234451494,0.010805321857333183,64,0,-1,,0,0,2.818200000000104,0,3.256800000000837,4.5488000000002415,0
984,5.717913832199547,1,4096,0,1.0,-49.59718682347343,,-1,0,-1,,0,0,,1,0.5950000000005673,0.8654000000003492,2
985,5.723718820861678,1,4096,0,1.0,-44.836203874045246,,-1,0,-1,,0,0,,1,0.4280999999988211,1.6242999999995789,1
986,5.729523809523809,1,4096,0,1.0,-41.8675820218254,0.00953234825283289,64,0,-1,,0,0,4.309700000000305,0,5.311800000001199,7.012100000000743,0
987,5.735328798185941,1,4096,0,1.0,-44.35933436507916,,-1,0,-1,,0,0,,1,0.653399999999138,0.8975000000006617,2
988,5.7411337868480725,1,4096,0,1.0,-38.06298738917238,,-1,0,-1,,0,0,,1,0.3989000000004239,1.2688000000000699,1
989,5.746938775510204,1,4096,0,1.0,-37.1564763740645,0.01610376685857773,64,0,-1,,0,0,2.8662999999991,0,3.3229999999981885,4.587599999998915,0
990,5.752743764172336,1,4096,0,1.0,-38.07971400036979,,-1,0,-1,,0,0,,1,1.4435999999999893,1.795800000000014,2
991,5.758548752834467,1,4096,0,1.0,-34.84153903687143,,-1,0,-1,,0,0,,1,2.0601999999989573,3.9224000000004366,1
992,5.764353741496599,1,4096,0,1.0,-39.61330244403473,0.013351742178201675,64,0,-1,,0,0,4.746600000000711,0,5.539999999999878,9.50270000000053,0
993,5.77015873015873,1,4096,0,1.0,-34.29781926332653,,-1,0,-1,,0,0,,1,0.606900000001076,0.8420000000004535,2
994,5.7759637188208615,1,4096,0,1.0,-34.79950634821101,,-1,0,-1,,0,0,,1,2.4586000000006436,3.3047000000010485,1
995,5.7817687074829935,1,4096,0,1.0,-37.691517467584696,0.01854264922440052,70,0,-1,,0,0,3.0064000000002977,0,7.76220000000194,11.130299999999593,0
996,5.787573696145125,1,4096,0,1.0,-38.26517944677049,,-1,0,-1,,0,0,,1,0.5828999999994977,0.7435000000004521,2
997,5.793378684807256,1,4096,0,1.0,-39.34690799813056,,-1,0,-1,,0,0,,1,0.2876000000000545,1.032800000000833,1
998,5.799183673469388,1,4096,0,1.0,-41.08028843030567,0.02600444108247757,69,0,-1,,0,0,2.091200000000626,0,2.430600000002059,3.476900000000782,0
999,5.804988662131519,1,4096,0,1.0,-42.496549600760886,,-1,0,-1,,0,0,,1,0.6389000000002198,0.801300000000893,2
1000,5.81079365079365,1,4096,0,1.0,-47.50163949597748,,-1,0,-1,,0,0,,1,0.3151999999992938,1.1334000000005062,1
1001,5.8165986394557825,1,4096,0,1.0,-45.30246435169243,0.04154987260699272,69,0,-1,,0,0,2.49710000000114,0,3.0581000000005076,4.3813000000003655,0
1002,5.822403628117914,1,4096,0,1.0,-43.80085325532021,,-1,0,-1,,0,0,,1,0.6284999999994767,0.9153000000008404,2
1003,5.828208616780046,1,4096,0,1.0,-44.39542731392709,,-1,0,-1,,0,0,,1,0.4089999999994376,1.3497000000004533,1
1004,5.834013605442177,1,4096,0,1.0,-45.67012228329311,0.027463797479867935,69,0,-1,,0,0,6.976600000001554,0,7.721500000000603,9.11920000000066,0
1005,5.839818594104308,1,4096,0,1.0,-46.41260261555088,,-1,0,-1,,0,0,,1,2.627800000000846,3.2744000000004547,2
1006,5.84562358276644,1,4096,0,1.0,-41.17154248115423,,-1,0,-1,,0,0,,1,1.4983999999991227,4.787399999999664,1
1007,5.851428571428571,1,4096,0,1.0,-44.751302781004554,0.013759773224592209,69,0,-1,,0,0,4.482599999999337,0,6.063499999999777,10.908799999999275,3
1008,5.857233560090703,1,4096,0,1.0,-45.281039379272514,,-1,0,-1,,0,0,,1,1.5546000000004057,4.376199999999386,2
1009,5.863038548752835,1,4096,0,1.0,-47.753114405215335,,-1,0,-1,,0,0,,1,1.6566999999998444,6.152199999998942,1
1010,5.868843537414966,1,4096,0,1.0,-46.457755561252945,0.0072914655320346355,69,0,-1,,0,0,4.232899999999873,0,5.425500000001193,11.675500000000838,0
1011,5.874648526077097,1,4096,0,1.0,-47.72403613376465,,-1,0,-1,,0,0,,1,1.361699999998578,1.7005000000001047,2
1012,5.880453514739229,1,4096,0,1.0,-43.709159920149965,,-1,0,-1,,0,0,,1,0.9803999999995483,2.7044000000007173,1
1013,5.88625850340136,1,4096,0,1.0,-45.49820409675739,0.005875824950635433,69,0,-1,,0,0,2.3578000000004096,0,3.328000000001552,6.082899999999114,0
1014,5.8920634920634924,1,4096,0,1.0,-46.23696428533016,,-1,0,-1,,0,0,,1,1.8078999999993073,2.011200000000102,2
1015,5.897868480725624,1,4096,0,1.0,-49.34568223363157,,-1,0,-1,,0,0,,1,0.7831999999989847,2.264099999999658,1
1016,5.903673469387755,1,4096,0,1.0,-41.63704815955286,0.009033258073031902,69,0,-1,,0,0,4.015700000000066,0,5.0682999999995815,7.313699999999201,0
1017,5.909478458049887,1,4096,0,1.0,-50.27057082489225,,-1,0,-1,,0,0,,1,0.8227999999999014,1.0805000000004839,2
1018,5.915283446712018,1,4096,0,1.0,-42.95291699809581,,-1,0,-1,,0,0,,1,0.6083999999990652,1.7065999999985593,1
1019,5.921088435374149,1,4096,0,1.0,-48.569191230943936,0.004665201995521784,64,0,-1,,0,0,2.7892999999998835,0,3.609199999999646,5.3459000000000145,3
1020,5.926893424036281,1,4096,0,1.0,-48.9821261270719,,-1,0,-1,,0,0,,1,0.7160999999999973,1.6409999999993374,2
1021,5.932698412698413,1,4096,0,1.0,-49.788702539403786,,-1,0,-1,,0,0,,1,0.7937000000008965,2.4989000000008588,1
1022,5.938503401360544,1,4096,0,1.0,-49.649589464820245,0.004893860314041376,64,0,-1,,0,0,3.2863000000009635,0,4.3956000000022755,6.981299999999635,0
1023,5.944308390022676,1,4096,0,1.0,-53.201760131665765,,-1,0,-1,,0,0,,1,1.3839999999998298,1.7028000000003374,2
1024,5.950113378684807,1,4096,0,1.0,-48.78894846595283,,-1,0,-1,,0,0,,1,0.9059000000011252,2.779300000000262,1
1025,5.955918367346939,1,4096,0,1.0,-50.98729974512502,0.0036901680286973715,69,0,-1,,0,0,2.3031000000006685,0,2.8112000000000137,5.6364999999996,0
1026,5.96172335600907,1,4096,0,1.0,-46.6912237648879,,-1,0,-1,,0,0,,1,0.9972999999998677,1.2563999999990472,2
1027,5.9675283446712015,1,4096,0,1.0,-47.877794027845894,,-1,0,-1,,0,0,,1,0.667200000000534,1.972800000000774,1
1028,5.973333333333334,1,4096,0,1.0,-50.26186592763335,0.004825275391340256,69,0,-1,,0,0,2.8314999999992096,0,3.5650999999994326,5.594200000000882,0
1029,5.979138321995465,1,4096,0,1.0,-47.52691418858869,,-1,0,-1,,0,0,,1,0.765699999998759,0.9741999999999251,2
1030,5.984943310657596,1,4096,0,1.0,-50.43048242310033,,-1,0,-1,,0,0,,1,0.5340000000000344,1.550400000001062,1
1031,5.990748299319728,1,4096,0,1.0,-45.805694187199435,0.005682638380676508,69,0,-1,,0,0,3.509199999999879,0,4.170800000000696,5.767800000000989,0
1032,5.996553287981859,1,4096,0,1.0,-48.43952880004481,,-1,0,-1,,0,0,,1,1.930900000001401,2.236800000000372,2
1033,6.002358276643991,1,4096,0,1.0,-39.66648045832009,,-1,0,-1,,0,0,,1,1.6406999999993843,3.9528000000004226,1
1034,6.0081632653061225,1,4096,0,1.0,-44.82294583166231,0.006577810738235712,69,0,-1,,0,0,7.365700000001141,0,9.036899999998127,13.071200000000616,0
1035,6.013968253968254,1,4096,0,1.0,-41.398211507423014,,-1,0,-1,,0,0,,1,1.059500000000213,1.3936000000001059,2
1036,6.019773242630386,1,4096,0,1.0,-44.05220491818412,,-1,0,-1,,0,0,,1,0.762100000001098,2.202999999999733,1
1037,6.025578231292517,1,4096,0,1.0,-38.05228430571254,0.008049985393881798,69,0,-1,,0,0,4.482199999999992,0,5.480699999999672,7.774700000000578,0
1038,6.031383219954648,1,4096,0,1.0,-42.49108793205728,,-1,0,-1,,0,0,,1,0.7166999999999035,0.9139999999998594,2
1039,6.03718820861678,1,4096,0,1.0,-43.62562874004179,,-1,0,-1,,0,0,,1,0.4849000000000103,1.428500000001165,1
1040,6.0429931972789115,1,4096,0,1.0,-41.994558622251006,0.008015003055334091,64,0,-1,,0,0,3.1751999999993785,0,3.8084999999998814,5.272500000000235,0
1041,6.048798185941043,1,4096,0,1.0,-47.59279106913601,,-1,0,-1,,0,0,,1,0.8811000000008562,1.0864999999995462,2
1042,6.054603174603175,1,4096,0,1.0,-45.371280580844285,,-1,0,-1,,0,0,,1,0.5407999999995639,1.6626999999989067,1
1043,6.060408163265306,1,4096,0,1.0,-48.04933778989782,0.0068638259544968605,64,0,-1,,0,0,3.2679999999984943,0,3.961799999999016,5.662499999999682,0
1044,6.066213151927438,1,4096,0,1.0,-49.60900803528119,,-1,0,-1,,0,0,,1,0.8569000000004934,1.0609999999999786,2
1045,6.072018140589569,1,4096,0,1.0,-47.56882698715194,,-1,0,-1,,0,0,,1,0.5915000000005222,1.7148000000002384,1
1046,6.0778231292517,1,4096,0,1.0,-50.44295842413703,0.007804544642567635,64,0,-1,,0,0,3.0173999999991707,0,3.7451000000015,5.503599999999054,0
1047,6.0836281179138325,1,4096,0,1.0,-54.00616923666174,,-1,0,-1,,0,0,,1,0.9300999999997117,1.170499999998853,2
1048,6.089433106575964,1,4096,0,1.0,-51.93369560414805,,-1,0,-1,,0,0,,1,0.5623000000003486,1.8044000000010385,1
1049,6.095238095238095,1,4096,0,1.0,-50.934156195381696,0.004601278342306614,64,0,-1,,0,0,3.7472999999987877,0,4.436199999998891,6.2956000000014,0
1050,6.101043083900227,1,4096,0,1.0,-54.0759150023256,,-1,0,-1,,0,0,,1,0.8741000000007659,1.1086999999996294,2
1051,6.106848072562358,1,4096,0,1.0,-54.471206670001465,,-1,0,-1,,0,0,,1,0.5468999999997948,1.6961000000002002,1
1052,6.112653061224489,1,4096,0,1.0,-57.1883639076167,0.0033132946118712425,64,0,-1,,0,0,4.5511999999998665,0,5.324899999999744,7.0958000000000965,0
1053,6.1184580498866215,1,4096,0,1.0,-58.017489090669805,,-1,0,-1,,0,0,,1,0.6943000000010358,0.8537000000004014,2
1054,6.124263038548753,1,4096,0,1.0,-55.97066759180959,,-1,0,-1,,0,0,,1,0.3829999999993561,1.2644999999995576,1
1055,6.130068027210885,1,4096,0,1.0,-56.14013558872733,0.0031251932960003614,72,0,-1,,0,0,4.257799999999534,0,4.756499999999164,6.059600000000387,0
1056,6.135873015873016,1,4096,0,1.0,-54.999330501285556,,-1,0,-1,,0,0,,1,0.7512000000016172,0.9622000000000241,2
1057,6.141678004535147,1,4096,0,1.0,-53.78441891070766,,-1,0,-1,,0,0,,1,0.5103000000001856,1.5037000000006628,1
1058,6.147482993197279,1,4096,0,1.0,-55.74962746523086,0.0032895298209041357,72,0,-1,,0,0,3.7773999999988206,0,4.475599999999247,6.028700000001663,0
1059,6.15328798185941,1,4096,0,1.0,-56.172430948744775,,-1,0,-1,,0,0,,1,1.1612999999996987,1.6119999999997248,2
1060,6.159092970521542,1,4096,0,1.0,-54.230490706311,,-1,0,-1,,0,0,,1,1.8125999999991649,3.4851999999983008,1
1061,6.164897959183674,1,4096,0,1.0,-47.60511278197241,0.0037850169464945793,72,0,-1,,0,0,2.609400000000761,0,3.5644999999995264,7.118300000000133,0
1062,6.170702947845805,1,4096,0,1.0,-49.97902123711243,,-1,0,-1,,0,0,,1,1.2126000000005632,1.4135999999993487,2
1063,6.176507936507937,1,4096,0,1.0,-50.336083416557635,,-1,0,-1,,0,0,,1,0.7028000000008916,2.161600000000874,1
1064,6.182312925170068,1,4096,0,1.0,-49.25983483679539,0.0039528002962470055,72,0,-1,,0,0,4.6216000000001145,0,5.39689999999915,7.185400000000897,0
1065,6.188117913832199,1,4096,0,1.0,-50.461951630374024,,-1,0,-1,,0,0,,1,0.7102999999997195,0.9647000000008177,2
1066,6.193922902494331,1,4096,0,1.0,-48.638928246125374,,-1,0,-1,,0,0,,1,0.40820000000074685,1.364000000000587,1
1067,6.199727891156463,1,4096,0,1.0,-50.598210304709596,0.0041368864476680756,72,0,-1,,0,0,1.9486999999998034,0,2.336699999997194,3.721900000000389,0
1068,6.205532879818594,1,4096,0,1.0,-55.24054476100683,,-1,0,-1,,0,0,,1,0.423200000000179,0.6707000000005792,2
1069,6.211337868480726,1,4096,0,1.0,-53.904466662387264,,-1,0,-1,,0,0,,1,0.27889999999963777,0.9665000000005364,1
1070,6.217142857142857,1,4096,0,1.0,-56.09514948071153,0.002463046694174409,72,0,-1,,0,0,2.2383999999995297,0,2.8476999999984542,3.84540000000122,0
1071,6.222947845804988,1,4096,0,1.0,-58.638038531465924,,-1,0,-1,,0,0,,1,0.5695999999986157,0.8087999999997209,2
1072,6.22875283446712,1,4096,0,1.0,-60.01304839066066,,-1,0,-1,,0,0,,1,0.32350000000036516,1.2086000000000041,1
1073,6.2345578231292516,1,4096,0,1.0,-62.88404036733687,0.0020613980013877153,59,0,-1,,0,0,4.106099999999557,0,4.59699999999863,5.8440999999991305,0
1074,6.240362811791384,1,4096,0,1.0,-61.20279060383558,,-1,0,-1,,0,0,,1,1.339200000000318,1.7674000000003076,2
1075,6.246167800453515,1,4096,0,1.0,-62.57692793764746,,-1,0,-1,,0,0,,1,0.5137000000008385,2.241100000000884,1
1076,6.251972789115646,1,4096,0,1.0,-62.86468517585853,0.002201223745942116,59,0,-1,,0,0,3.255899999999201,0,3.8841999999998933,6.103099999998918,0
1077,6.257777777777778,1,4096,0,1.0,-61.0078241414699,,-1,0,-1,,0,0,,1,0.986400000000387,1.150700000000171,2
1078,6.263582766439909,1,4096,0,1.0,-64.45001916054089,,-1,0,-1,,0,0,,1,0.45429999999946347,1.4009000000001492,1
1079,6.2693877551020405,1,4096,0,1.0,-65.94679591224634,0.002566538518294692,59,0,-1,,0,0,3.153400000000417,0,3.9719000000015825,5.362799999998558,0
1080,6.275192743764173,1,4096,0,1.0,-64.7821609187707,,-1,0,-1,,0,0,,1,0.7903000000002436,1.1518999999999835,2
1081,6.280997732426304,1,4096,0,1.0,-66.76436708098267,,-1,0,-1,,0,0,,1,0.3752999999999673,1.470199999999977,1
1082,6.286802721088435,1,512,1,1.0,-68.43717748753602,0.020983414724469185,59,0,-1,,0,0,2.114499999999353,0,2.6809999999990453,4.161899999999719,0
1083,6.292607709750567,1,512,0,1.0,-67.77220482679755,,-1,0,-1,,0,0,,1,1.0002000000000066,1.2389000000005979,2
1084,6.298412698412698,1,512,0,0.7105430796700672,-73.30058467851637,,-1,0,-1,,0,0,,1,0.38809999999855904,1.6361000000006953,1
1085,6.30421768707483,1,1024,0,0.0,-76.86993403343958,0.019826307892799377,59,0,-1,,0,0,4.303000000000168,0,4.86580000000103,5.863299999999683,0
1086,6.3100226757369615,1,1024,0,1.0,-77.63794640805777,,-1,0,-1,,0,0,,1,0.8639999999999759,1.0995999999998674,2
1087,6.315827664399093,1,2048,0,0.27901745757432933,-75.36089214588922,,-1,0,-1,,0,0,,1,0.5041999999999547,1.6253000000006068,1
1088,6.321632653061225,1,2048,0,1.0,-75.95080698015036,0.019692160189151764,59,0,-1,,0,0,2.9512000000000427,0,3.554799999999858,5.230799999999647,3
1089,6.327437641723356,1,2048,0,0.0,-85.27835775164687,,-1,0,-1,,0,0,,1,0.5650999999993189,1.5859999999996433,2
1090,6.333242630385487,1,2048,0,0.11615731281085778,-83.83274389426339,,-1,0,-1,,0,0,,1,1.199500000000242,3.0476999999997645,1
1091,6.339047619047619,1,4096,0,0.1998431566510384,-82.54370386612499,0.0025839603040367365,59,0,-1,,0,0,3.776399999999569,0,6.350200000001749,9.54819999999934,0
1092,6.3448526077097505,1,4096,0,0.0,-87.06525061362355,,-1,0,-1,,0,0,,1,0.711499999999532,0.9897999999992635,2
1093,6.350657596371882,1,4096,0,0.0,-85.89551602824156,,-1,0,-1,,0,0,,1,0.6123999999996244,1.6529999999992384,1
1094,6.356462585034014,1,4096,0,1.0,-75.61925481325908,0.0025785902980715036,59,0,-1,,0,0,2.201699999998752,0,3.128600000000148,4.8586999999997715,0
1095,6.362267573696145,1,4096,0,1.0,-72.5894870955829,,-1,0,-1,,0,0,,1,1.3461999999986318,1.5726999999987612,2
1096,6.368072562358277,1,4096,0,1.0,-72.16572275175,,-1,0,-1,,0,0,,1,1.0329999999996176,2.6790999999999343,1
1097,6.373877551020408,1,4096,0,1.0,-75.92414699222613,0.0026414107996970415,59,0,-1,,0,0,5.018599999999651,0,6.2080000000008795,8.296700000000712,0
1098,6.379682539682539,1,4096,0,1.0,-75.11755361551737,,-1,0,-1,,0,0,,1,0.5682000000000187,0.8324999999995697,2
1099,6.3854875283446715,1,4096,0,0.0,-78.73141588145623,,-1,0,-1,,0,0,,1,0.3457999999998407,1.189399999999452,1
1100,6.391292517006803,1,4096,0,0.0,-83.87495438153485,0.0026273748371750116,59,0,-1,,0,0,2.395500000000439,0,2.813799999998423,4.032699999999778,0
1101,6.397097505668934,1,4096,0,0.0,-90.76893274520665,,-1,0,-1,,0,0,,1,0.648800000000449,0.9087000000000955,2
1102,6.402902494331066,1,4096,0,0.0,-86.27380643179185,,-1,0,-1,,0,0,,1,0.3953999999986024,1.330700000000462,1
1103,6.408707482993197,1,4096,0,0.0,-89.48795191107499,0.0026262402534484863,59,0,-1,,0,0,2.9535999999996676,0,3.5127999999993165,4.886299999999011,0
1104,6.414512471655329,1,4096,0,0.0,-90.86427072245648,,-1,0,-1,,0,0,,1,0.6569000000009595,0.8086000000009363,2
1105,6.42031746031746,1,4096,0,0.0,-91.18422738002118,,-1,0,-1,,0,0,,1,0.3095000000001846,1.1414999999992403,1
1106,6.426122448979592,1,4096,0,0.0,-93.2427916041122,0.0026227557100355625,59,0,-1,,0,0,2.167700000001105,0,2.5239999999993046,3.6778999999995676,0
1107,6.431927437641724,1,4096,0,0.0,-93.30998225268631,,-1,0,-1,,0,0,,1,1.4412000000003644,1.7718999999996043,2
1108,6.437732426303855,1,4096,0,0.0,-91.92949412686964,,-1,0,-1,,0,0,,1,0.39380000000122095,2.1526999999998964,1
1109,6.443537414965986,1,4096,0,0.0,-93.96663249618472,0.002631270093843341,59,0,-1,,0,0,3.9511999999994885,0,4.4981999999986755,6.694400000000655,0
1110,6.449342403628118,1,4096,0,0.0,-93.37822877958727,,-1,0,-1,,0,0,,1,0.8683000000004881,1.1068000000005185,2
1111,6.455147392290249,1,4096,0,0.0,-93.27625698954384,,-1,0,-1,,0,0,,1,0.46469999999843026,1.6070999999993063,1
1112,6.460952380952381,1,4096,0,0.0,-94.20960145218538,0.002639209385961294,59,0,-1,,0,0,2.263399999998583,0,2.8351999999998156,4.4810999999995715,0
1113,6.466757369614513,1,4096,0,0.0,-94.33638106943889,,-1,0,-1,,0,0,,1,0.6746999999993619,0.7951999999988857,2
1114,6.472562358276644,1,4096,0,0.0,-90.37265830570271,,-1,0,-1,,0,0,,1,0.33969999999960976,1.1506999999983947,1
1115,6.478367346938776,1,4096,0,0.0,-92.05446168625966,0.002638694830238819,59,0,-1,,0,0,2.029499999999018,0,2.411200000000946,3.3253000000001975,0
1116,6.484172335600907,1,4096,0,0.0,-92.68072260134156,,-1,0,-1,,0,0,,1,0.7461000000006379,0.9394000000000347,2
1117,6.489977324263038,1,4096,0,0.0,-82.80694449687594,,-1,0,-1,,0,0,,1,0.4710000000009984,1.441699999999102,1
1118,6.49578231292517,1,4096,0,1.0,-71.66248021997701,0.0026347499806433916,59,0,-1,,0,0,2.856899999999385,0,3.4375000000004263,4.920799999998948,0
1119,6.501587301587302,1,512,1,1.0,-66.28723991709037,,-1,0,-1,,0,0,,1,0.8227000000005091,1.0881000000004803,2
1120,6.507392290249433,1,512,0,1.0,-58.24624085770025,,-1,0,-1,,0,0,,1,0.5007999999993018,1.5841000000005323,1
1121,6.513197278911565,1,512,0,1.0,-49.919988231564865,0.5790919065475464,59,0,-1,,0,0,3.28659999999914,0,3.94149999999982,5.571800000000238,0
1122,6.519002267573696,1,1024,0,1.0,-41.35227301956206,,-1,0,-1,,0,0,,1,1.3857999999995485,1.6711999999987626,2
1123,6.524807256235827,1,1024,0,1.0,-42.49041590354174,,-1,0,-1,,0,0,,1,0.9076000000014517,2.6592000000000837,1
1124,6.530612244897959,1,2048,0,1.0,-37.30232396127708,0.26973769068717957,59,0,-1,,0,0,4.809200000000402,0,5.849599999997679,8.595499999998424,0
1125,6.5364172335600905,1,2048,0,1.0,-36.87573642965104,,-1,0,-1,,0,0,,1,1.045699999998817,1.3254000000024746,2
1126,6.542222222222223,1,2048,0,1.0,-37.479887972128545,,-1,0,-1,,0,0,,1,0.7755000000031487,2.1631999999982554,1
1127,6.548027210884354,1,2048,0,1.0,-37.087761185657364,0.4827196002006531,68,0,-1,,0,0,4.095100000000684,0,4.984000000003874,7.2206000000001325,0
1128,6.553832199546485,1,4096,0,1.0,-47.8998893092055,,-1,0,-1,,0,0,,1,0.9631000000034362,1.2508999999987225,2
1129,6.559637188208617,1,4096,0,1.0,-41.09213734238934,,-1,0,-1,,0,0,,1,0.6334000000016715,1.9012000000024898,1
1130,6.565442176870748,1,4096,0,1.0,-44.08924377832598,0.01707327552139759,64,0,-1,,0,0,4.969700000000188,0,5.715599999998489,7.6721999999982415,0
1131,6.5712471655328795,1,4096,0,1.0,-45.99300595353347,0.016037603840231895,64,0,-1,,0,0,6.4464999999991335,0,8.143799999999146,8.291599999999733,2
1132,6.5770521541950115,1,4096,0,1.0,-46.11533039955028,,-1,0,-1,,0,0,,1,1.4910999999990793,8.45509999999905,1
1133,6.582857142857143,1,4096,0,1.0,-43.914551220669566,0.022545432671904564,70,0,-1,,0,0,4.231400000001884,0,5.625499999997174,14.006200000000746,0
1134,6.588662131519274,1,4096,0,1.0,-46.75601913568613,,-1,0,-1,,0,0,,1,0.7331000000014853,1.0833999999988464,2
1135,6.594467120181406,1,4096,0,1.0,-49.18853217481165,,-1,0,-1,,0,0,,1,0.3986000000004708,1.491500000000201,1
1136,6.600272108843537,1,4096,0,1.0,-46.87752073052583,0.020609481260180473,70,0,-1,,0,0,2.508800000001088,0,2.8572000000011144,4.37780000000032,3
1137,6.606077097505669,1,4096,0,1.0,-46.33483007397142,,-1,0,-1,,0,0,,1,0.36499999999861643,1.1100000000006105,2
1138,6.6118820861678005,1,4096,0,1.0,-40.3875527861734,,-1,0,-1,,0,0,,1,0.2749999999984709,1.374900000001844,1
1139,6.617687074829932,1,4096,0,1.0,-39.62086505500889,0.02821110188961029,70,0,-1,,0,0,2.163299999999424,0,2.5224000000001467,3.9005000000003065,0
1140,6.623492063492064,1,4096,0,1.0,-40.79247248346152,,-1,0,-1,,0,0,,1,0.7376000000007821,0.9383000000013908,2
1141,6.629297052154195,1,4096,0,1.0,-35.812435065172764,,-1,0,-1,,0,0,,1,0.45309999999787465,1.4220999999992046,1
1142,6.635102040816326,1,4096,0,1.0,-33.760474535356096,0.023478714749217033,70,0,-1,,0,0,3.745900000001967,0,4.465200000002056,5.93820000000278,0
1143,6.640907029478458,1,4096,0,1.0,-38.23436578431182,,-1,0,-1,,0,0,,1,1.4359000000006006,1.834999999999809,2
1144,6.646712018140589,1,4096,0,1.0,-41.48100110291388,,-1,0,-1,,0,0,,1,0.6841000000008535,2.5092999999998256,1
1145,6.6525170068027215,1,4096,0,1.0,-45.75106487136913,0.01423463225364685,70,0,-1,,0,0,3.051599999999155,0,3.650399999997944,6.165799999998001,0
1146,6.658321995464853,1,4096,0,1.0,-47.39047391489002,,-1,0,-1,,0,0,,1,0.8364000000007366,1.0276000000004615,2
1147,6.664126984126984,1,4096,0,1.0,-48.75793179457058,,-1,0,-1,,0,0,,1,0.62989999999985,1.7185000000026207,1
1148,6.669931972789116,1,4096,0,1.0,-50.6825288506916,0.009103144519031048,69,0,-1,,0,0,4.770600000000513,0,5.6392999999985705,7.446000000001618,0
1149,6.675736961451247,1,4096,0,1.0,-48.55300153472036,,-1,0,-1,,0,0,,1,1.7531999999995662,2.016399999998697,2
1150,6.681541950113378,1,4096,0,1.0,-47.74265050482689,,-1,0,-1,,0,0,,1,1.3687000000004446,3.4503000000007944,1
1151,6.6873469387755105,1,4096,0,1.0,-49.2533882419701,0.010199982672929764,69,0,-1,,0,0,3.880799999997464,0,5.371000000003789,8.896900000003427,0
1152,6.693151927437642,1,4096,0,1.0,-49.856314144566824,,-1,0,-1,,0,0,,1,0.8276000000009276,1.208199999997106,2
1153,6.698956916099773,1,4096,0,1.0,-54.61897752272595,,-1,0,-1,,0,0,,1,0.6438000000024147,1.8127999999997257,1
1154,6.704761904761905,1,4096,0,1.0,-54.902359859017665,0.005632019601762295,67,0,-1,,0,0,2.4882999999995548,0,3.174200000000127,5.084899999999948,0
1155,6.710566893424036,1,4096,0,1.0,-49.6663258817858,,-1,0,-1,,0,0,,1,1.3755999999993662,1.5388999999998987,2
1156,6.716371882086168,1,4096,0,1.0,-46.47148492298804,,-1,0,-1,,0,0,,1,0.4137999999969111,1.4390999999989162,1
1157,6.722176870748299,1,4096,0,1.0,-47.22286251313606,0.0051496741361916065,67,0,-1,,0,0,2.382899999997079,0,2.822200000000663,4.259499999999861,0
1158,6.727981859410431,1,4096,0,1.0,-48.47349307900737,,-1,0,-1,,0,0,,1,0.8094000000014034,0.9645999999996491,2
1159,6.733786848072563,1,4096,0,1.0,-50.11678999875827,,-1,0,-1,,0,0,,1,0.5483999999995604,1.5551999999985355,1
1160,6.739591836734694,1,4096,0,1.0,-47.2535770922675,0.0038785049691796303,67,0,-1,,0,0,2.6364000000000942,0,3.2996999999994614,4.90740000000045,0
1161,6.745396825396825,1,4096,0,1.0,-47.288954787267876,,-1,0,-1,,0,0,,1,0.6175000000006037,0.8608999999992761,2
1162,6.751201814058957,1,4096,0,1.0,-46.39275947214226,,-1,0,-1,,0,0,,1,0.44180000000082487,1.349300000001108,1
1163,6.757006802721088,1,4096,0,1.0,-50.09614727257245,0.005340463947504759,69,0,-1,,0,0,2.5282000000004246,0,3.4982000000027824,4.917999999999978,0
1164,6.7628117913832195,1,4096,0,1.0,-47.04465171280713,,-1,0,-1,,0,0,,1,0.5585000000003504,0.9529999999990935,2
1165,6.768616780045352,1,4096,0,1.0,-51.60977671632672,,-1,0,-1,,0,0,,1,0.3551999999977795,1.3031000000012227,1
1166,6.774421768707483,1,4096,0,1.0,-55.89016247011404,0.004498044494539499,64,0,-1,,0,0,2.2576000000000818,0,2.6521999999999935,3.971599999999853,0
1167,6.780226757369615,1,4096,0,1.0,-52.4677835129626,,-1,0,-1,,0,0,,1,1.2881000000000142,1.4594999999992808,2
1168,6.786031746031746,1,4096,0,1.0,-51.42564743029104,,-1,0,-1,,0,0,,1,0.38969999999949323,1.1909999999986098,1
1169,6.791836734693877,1,4096,0,1.0,-49.29924771668019,0.0059255450032651424,64,0,-1,,0,0,3.2639000000003193,0,3.8082999999993206,4.98720000000219,0
1170,6.797641723356009,1,4096,0,1.0,-47.74964622131887,,-1,0,-1,,0,0,,1,0.6185999999992475,0.9096999999975708,2
1171,6.8034467120181406,1,4096,0,1.0,-53.01458140319342,,-1,0,-1,,0,0,,1,0.4022999999975241,1.3438999999983992,1
1172,6.809251700680272,1,4096,0,1.0,-47.39998294580231,0.00537109887227416,69,0,-1,,0,0,2.805699999999689,0,3.3401000000026215,4.721399999997544,0
1173,6.815056689342404,1,4096,0,1.0,-47.11490646268133,,-1,0,-1,,0,0,,1,0.7797000000024923,0.9344999999996162,2
1174,6.820861678004535,1,4096,0,1.0,-38.540724695048134,,-1,0,-1,,0,0,,1,0.5885999999968305,1.5657999999980632,1
1175,6.826666666666667,1,4096,0,1.0,-39.17347228514265,0.006694308947771788,69,0,-1,,0,0,2.7578999999988696,0,3.5819999999979757,5.207499999997367,0
1176,6.832471655328798,1,4096,0,1.0,-40.48088715058999,,-1,0,-1,,0,0,,1,0.6601000000010515,0.8397000000002208,2
1177,6.8382766439909295,1,4096,0,1.0,-41.62718078190322,,-1,0,-1,,0,0,,1,0.47989999999842325,1.3524999999994236,1
1178,6.844081632653062,1,4096,0,1.0,-41.655404300156974,0.007869361899793148,69,0,-1,,0,0,4.878000000001492,0,5.637100000001283,7.050899999999416,0
1179,6.849886621315193,1,4096,0,1.0,-46.15015415874858,,-1,0,-1,,0,0,,1,1.1096999999971047,1.4566000000009183,2
1180,6.855691609977324,1,4096,0,1.0,-47.70705619956769,,-1,0,-1,,0,0,,1,0.7096999999980369,2.201499999998191,1
1181,6.861496598639456,1,4096,0,1.0,-46.90769654088328,0.005194841884076595,69,0,-1,,0,0,6.0361999999969385,0,6.9392000000014775,9.216099999999727,0
1182,6.867301587301587,1,4096,0,1.0,-46.91128254879689,,-1,0,-1,,0,0,,1,0.8084000000003755,1.0419000000005951,2
1183,6.873106575963718,1,4096,0,1.0,-46.09576767905027,,-1,0,-1,,0,0,,1,0.46099999999782426,1.5387000000011142,1
1184,6.8789115646258505,1,4096,0,1.0,-46.02459296448592,0.005909931845963001,69,0,-1,,0,0,4.074299999999198,0,4.861000000001781,6.452299999999411,0
1185,6.884716553287982,1,4096,0,1.0,-48.019054263417345,,-1,0,-1,,0,0,,1,1.630699999999763,1.8997999999967874,2
1186,6.890521541950114,1,4096,0,1.0,-47.35518924714043,,-1,0,-1,,0,0,,1,1.4529000000003123,3.562299999998686,1
1187,6.896326530612245,1,4096,0,1.0,-47.59109044579448,0.006448349449783564,64,0,-1,,0,0,7.677999999998519,0,9.333699999999112,13.027100000002179,0
1188,6.902131519274376,1,4096,0,1.0,-42.60261312092797,,-1,0,-1,,0,0,,1,1.371299999998854,1.6823999999999728,2
1189,6.907936507936508,1,4096,0,1.0,-39.93777062882872,,-1,0,-1,,0,0,,1,2.7129999999999654,4.631399999997399,1
1190,6.9137414965986395,1,4096,0,1.0,-41.70357019323835,0.007928237318992615,64,0,-1,,0,0,3.794200000001524,0,5.437799999999271,10.255700000001866,0
1191,6.919546485260771,1,4096,0,1.0,-37.991985285016995,,-1,0,-1,,0,0,,1,1.334400000001068,1.7017999999993094,2
1192,6.925351473922903,1,4096,0,1.0,-39.53465853402441,,-1,0,-1,,0,0,,1,0.8674000000006288,2.6021999999983336,1
1193,6.931156462585034,1,4096,0,1.0,-41.841955328320395,0.007087805308401585,64,0,-1,,0,0,4.305399999999793,0,5.16980000000089,7.823700000002987,3
1194,6.936961451247165,1,4096,0,1.0,-39.22844476671114,,-1,0,-1,,0,0,,1,0.7663999999998339,1.1390999999996154,2
1195,6.942766439909297,1,4096,0,1.0,-42.72229974867714,,-1,0,-1,,0,0,,1,0.39350000000126784,1.5470000000021855,1
1196,6.948571428571428,1,4096,0,1.0,-42.942656703295164,0.009855303913354874,64,0,-1,,0,0,2.7176999999980467,0,3.3428999999998155,4.9144999999981565,0
1197,6.9543764172335605,1,4096,0,1.0,-42.67450663049342,,-1,0,-1,,0,0,,1,0.7359999999998479,0.9212000000005105,2
1198,6.960181405895692,1,4096,0,1.0,-42.5693264148603,,-1,0,-1,,0,0,,1,0.4273999999995226,1.3687000000004446,1
1199,6.965986394557823,1,4096,0,1.0,-45.4993165480839,0.013702952302992344,64,0,-1,,0,0,4.151000000000238,0,4.755300000002904,6.1587000000002945,0
1200,6.971791383219955,1,4096,0,1.0,-45.04074632276886,,-1,0,-1,,0,0,,1,0.998400000000288,1.2421000000024662,2
1201,6.977596371882086,1,4096,0,1.0,-47.00035556800047,,-1,0,-1,,0,0,,1,0.9078000000002362,2.4516000000005533,1
1202,6.983401360544217,1,4096,0,1.0,-49.32079872801015,0.014148722402751446,64,0,-1,,0,0,4.550399999999399,0,5.489099999998359,8.014299999999253,0
1203,6.989206349206349,1,4096,0,1.0,-48.513425501519826,,-1,0,-1,,0,0,,1,1.8573999999986768,2.162699999999518,2
1204,6.995011337868481,1,4096,0,1.0,-47.095389222106135,,-1,0,-1,,0,0,,1,0.8379000000005021,3.051899999999108,1
1205,7.000816326530612,1,4096,0,1.0,-44.74416956006823,0.014157370664179325,64,0,-1,,0,0,3.3821999999972263,0,4.273799999999994,7.403599999999955,3
1206,7.006621315192744,1,4096,0,1.0,-42.96184675675618,,-1,0,-1,,0,0,,1,0.8443000000006862,3.367099999998402,2
1207,7.012426303854875,1,4096,0,1.0,-43.48349021557334,,-1,0,-1,,0,0,,1,2.346900000002705,5.961700000000292,1
1208,7.018231292517007,1,4096,0,1.0,-43.2415634894231,0.015236683189868927,64,0,-1,,0,0,3.133399999999398,0,4.364500000001215,10.428300000000945,0
1209,7.024036281179138,1,4096,0,1.0,-39.81950846027346,,-1,0,-1,,0,0,,1,0.6947000000003811,0.8935999999977184,2
1210,7.02984126984127,1,4096,0,1.0,-37.82352856805309,,-1,0,-1,,0,0,,1,0.45310000000142736,1.3516999999971802,1
1211,7.035646258503402,1,4096,0,1.0,-34.18312987093648,0.015099240466952324,64,0,-1,,0,0,6.293300000002944,0,7.087200000000848,8.496099999998563,0
1212,7.041451247165533,1,4096,0,1.0,-35.85958344124012,,-1,0,-1,,0,0,,1,1.093600000000805,1.6223999999986916,2
1213,7.047256235827664,1,4096,0,1.0,-33.337091582393725,,-1,0,-1,,0,0,,1,0.7467000000005442,2.355599999997793,1
1214,7.053061224489796,1,4096,0,1.0,-35.74824650475445,0.01719295233488083,64,0,-1,,0,0,4.476799999999059,0,5.3541999999993095,7.771500000000486,0
1215,7.058866213151927,1,4096,0,1.0,-34.283687030593924,,-1,0,-1,,0,0,,1,1.028099999999199,1.3286000000007903,2
1216,7.064671201814059,1,4096,0,1.0,-36.19899378325451,,-1,0,-1,,0,0,,1,0.6588000000000704,2.020399999999256,1
1217,7.070476190476191,1,4096,0,1.0,-34.82161814962493,0.028329428285360336,64,0,-1,,0,0,4.108899999998528,0,4.852500000001925,6.941499999999934,0
1218,7.076281179138322,1,4096,0,1.0,-36.727215797370434,,-1,0,-1,,0,0,,1,1.0516000000002634,1.3724000000010506,2
1219,7.082086167800454,1,4096,0,1.0,-40.44535542912355,,-1,0,-1,,0,0,,1,0.6884999999989816,2.063299999999657,1
1220,7.087891156462585,1,4096,0,1.0,-40.146373222975726,0.035929664969444275,64,0,-1,,0,0,3.595700000001756,0,4.273900000001163,6.389600000002105,0
1221,7.093696145124716,1,4096,0,1.0,-39.79992366582636,,-1,0,-1,,0,0,,1,1.5858999999984746,2.0790000000019404,2
1222,7.099501133786848,1,4096,0,1.0,-45.34709337181382,,-1,0,-1,,0,0,,1,0.6845999999995911,2.820899999999682,1
1223,7.1053061224489795,1,4096,0,1.0,-39.98069114377087,0.028802063316106796,64,0,-1,,0,0,3.2519000000021947,0,3.981799999998259,6.861599999997026,0
1224,7.111111111111111,1,4096,0,1.0,-41.156432934944306,,-1,0,-1,,0,0,,1,2.1489999999992904,2.3996000000003903,2
1225,7.116916099773243,1,4096,0,1.0,-36.95014300801165,,-1,0,-1,,0,0,,1,1.3910000000016964,3.0986999999988996,1
1226,7.122721088435374,1,4096,0,1.0,-37.57008065312619,0.01900695450603962,70,0,-1,,0,0,4.6330999999995015,0,5.973799999999585,9.025499999999909,0
1227,7.128526077097506,1,4096,0,1.0,-40.43735743171426,,-1,0,-1,,0,0,,1,0.49899999999780675,0.8064999999994882,2
1228,7.134331065759637,1,4096,0,1.0,-38.06803035733263,,-1,0,-1,,0,0,,1,0.3372000000005926,1.1425999999978842,1
1229,7.1401360544217685,1,4096,0,1.0,-40.33839139432875,0.020975351333618164,64,0,-1,,0,0,2.8311999999992565,0,3.1764999999985832,4.338199999999404,0
1230,7.1459410430839005,1,4096,0,1.0,-41.437265956754786,,-1,0,-1,,0,0,,1,1.2498999999976945,1.4378999999991038,2
1231,7.151746031746032,1,4096,0,1.0,-44.93714717427666,,-1,0,-1,,0,0,,1,0.6361999999988655,2.117300000001876,1
1232,7.157551020408163,1,4096,0,1.0,-44.61699515465679,0.021514398977160454,64,0,-1,,0,0,2.5187999999971566,0,2.9726000000032116,5.146999999997348,0
1233,7.163356009070295,1,4096,0,1.0,-47.15810260318253,,-1,0,-1,,0,0,,1,0.681900000000013,0.9364000000005035,2
1234,7.169160997732426,1,4096,0,1.0,-48.75409366157235,,-1,0,-1,,0,0,,1,0.415400000001398,1.3788999999988505,1
1235,7.174965986394557,1,4096,0,1.0,-46.92200004059017,0.008236073888838291,64,0,-1,,0,0,4.427599999999643,0,5.112400000001571,6.539799999998763,0
1236,7.1807709750566895,1,4096,0,1.0,-42.16795319058455,,-1,0,-1,,0,0,,1,0.9693999999988989,1.3258000000000436,2
1237,7.186575963718821,1,4096,0,1.0,-41.40545136676156,,-1,0,-1,,0,0,,1,0.7285999999986359,1.9963999999994542,1
1238,7.192380952380953,1,4096,0,1.0,-42.26629926103668,0.005736194550991058,64,0,-1,,0,0,2.7544999999982167,0,3.5532000000024766,5.573999999999302,0
1239,7.198185941043084,1,4096,0,1.0,-43.121769422763414,,-1,0,-1,,0,0,,1,0.8181000000000438,1.0072999999977128,2
1240,7.203990929705215,1,4096,0,1.0,-42.44273059343202,,-1,0,-1,,0,0,,1,0.45650000000208024,1.499299999998982,1
1241,7.209795918367347,1,4096,0,1.0,-42.84844395936821,0.0046122437343001366,64,0,-1,,0,0,3.206200000001047,0,3.876699999999289,5.422199999998156,0
1242,7.215600907029478,1,4096,0,1.0,-42.699930669088474,,-1,0,-1,,0,0,,1,2.3938999999977284,2.7740999999998905,2
1243,7.22140589569161,1,4096,0,1.0,-44.81337170388028,,-1,0,-1,,0,0,,1,2.664800000001577,6.75809999999899,1
1244,7.227210884353742,1,4096,0,1.0,-46.37351449319806,0.002890508621931076,64,0,-1,,0,0,8.294100000000526,0,11.009399999998948,18.364300000001776,0
1245,7.233015873015873,1,4096,0,1.0,-42.29090745165993,,-1,0,-1,,0,0,,1,3.22280000000319,3.9009000000014282,2
1246,7.238820861678004,1,4096,0,1.0,-46.93266841765205,,-1,0,-1,,0,0,,1,1.9858000000034792,6.049099999998475,1
1247,7.244625850340136,1,4096,0,1.0,-47.94154214436397,0.0026773305144160986,64,0,-1,,0,0,6.10009999999761,0,8.230400000002192,14.43609999999751,0
1248,7.250430839002267,1,4096,0,1.0,-49.2031459479134,,-1,0,-1,,0,0,,1,1.3743999999995538,1.6609000000009644,2
1249,7.2562358276643995,1,4096,0,1.0,-52.806056875236976,,-1,0,-1,,0,0,,1,1.0723000000005811,2.835799999999722,1
1250,7.262040816326531,1,4096,0,1.0,-55.204835403592895,0.002613275544717908,64,0,-1,,0,0,6.560799999999034,0,8.709700000000709,11.663900000002059,0
1251,7.267845804988662,1,4096,0,1.0,-54.23332067567081,,-1,0,-1,,0,0,,1,1.613499999997714,1.958600000001809,2
1252,7.273650793650794,1,4096,0,1.0,-52.212120123749074,,-1,0,-1,,0,0,,1,1.4842999999977735,3.5486000000020113,1
1253,7.279455782312925,1,4096,0,1.0,-48.0465236029007,0.004244348965585232,59,0,-1,,0,0,5.731199999999603,0,7.293099999994723,10.92999999999833,3
1254,7.285260770975056,1,4096,0,1.0,-47.117492024476604,,-1,0,-1,,0,0,,1,1.4870000000009043,5.8584000000010406,2
1255,7.291065759637188,1,4096,0,1.0,-46.39853729390551,,-1,0,-1,,0,0,,1,1.3991000000004306,7.469700000001467,1
1256,7.29687074829932,1,4096,0,1.0,-46.508966873610156,0.0054055615328252316,66,0,-1,,0,0,2.9977999999992733,0,3.6418000000004724,11.184500000002373,0
1257,7.302675736961452,1,4096,0,1.0,-46.38911181595083,,-1,0,-1,,0,0,,1,0.8492000000011046,1.0009999999986974,2
1258,7.308480725623583,1,4096,0,1.0,-49.73983221648194,,-1,0,-1,,0,0,,1,0.4901000000003819,1.505699999999166,1
1259,7.314285714285714,1,4096,0,1.0,-52.880347876827656,0.003798455698415637,66,0,-1,,0,0,4.689400000000177,0,5.691099999999949,6.670899999999591,0
1260,7.320090702947846,1,4096,0,1.0,-55.0940767909495,,-1,0,-1,,0,0,,1,1.5885999999980527,2.040300000000883,2
1261,7.325895691609977,1,4096,0,1.0,-51.8082605359582,,-1,0,-1,,0,0,,1,0.4980000000003315,2.5039000000006695,1
1262,7.3317006802721085,1,4096,0,1.0,-50.55206530368544,0.002366140717640519,66,0,-1,,0,0,3.5680999999989638,0,4.245300000004448,6.730300000000966,0
1263,7.337505668934241,1,4096,0,1.0,-48.299965715776096,,-1,0,-1,,0,0,,1,0.49890000000019086,0.6465000000019927,2
1264,7.343310657596372,1,4096,0,1.0,-46.34130213155986,,-1,0,-1,,0,0,,1,0.29659999999864795,0.9438999999993314,1
1265,7.349115646258503,1,4096,0,1.0,-44.185916441657874,0.002340408507734537,66,0,-1,,0,0,2.4474000000012097,0,2.7900000000009584,3.7389999999994927,0
1266,7.354920634920635,1,4096,0,1.0,-41.45221225301925,,-1,0,-1,,0,0,,1,0.6579000000002111,0.8817999999983783,2
1267,7.360725623582766,1,4096,0,1.0,-42.88121109316173,,-1,0,-1,,0,0,,1,0.4176999999998543,1.3403999999965777,1
1268,7.366530612244898,1,4096,0,1.0,-42.81444670269087,0.002593032317236066,66,0,-1,,0,0,4.382899999999523,0,5.00070000000008,6.388100000002339,0
1269,7.3723356009070296,1,4096,0,1.0,-42.86319216915114,,-1,0,-1,,0,0,,1,3.048500000002008,3.286699999996756,2
1270,7.378140589569161,1,4096,0,1.0,-45.33157853706476,,-1,0,-1,,0,0,,1,2.0604999999989104,4.864200000000096,1
1271,7.383945578231293,1,4096,0,1.0,-46.36082011866581,0.0021174366120249033,66,0,-1,,0,0,4.286499999999194,0,5.330499999999461,9.136200000000372,0
1272,7.389750566893424,1,4096,0,1.0,-49.126157279849814,,-1,0,-1,,0,0,,1,1.6470000000019525,1.9661999999982527,2
1273,7.395555555555555,1,4096,0,1.0,-46.31296494831625,,-1,0,-1,,0,0,,1,0.7681999999995526,2.748399999997986,1
1274,7.401360544217687,1,4096,0,1.0,-46.91343060784362,0.0023928529117256403,59,0,-1,,0,0,4.6354000000015105,0,5.561499999998887,8.341500000000224,3
1275,7.4071655328798185,1,4096,0,1.0,-47.02721875761125,,-1,0,-1,,0,0,,1,1.482400000000439,4.715600000000819,2
1276,7.41297052154195,1,4096,0,1.0,-48.780221927032,,-1,0,-1,,0,0,,1,1.1822999999999695,6.028099999998204,1
1277,7.418775510204082,1,4096,0,1.0,-49.120505904522375,0.0024024005979299545,59,0,-1,,0,0,3.0152999999977226,0,3.8774000000039166,9.98509999999797,0
1278,7.424580498866213,1,4096,0,1.0,-48.897621526097794,,-1,0,-1,,0,0,,1,0.7639000000025931,1.100099999998605,2
1279,7.430385487528345,1,4096,0,1.0,-45.347604831248745,,-1,0,-1,,0,0,,1,0.6881999999990285,1.8798000000010973,1
1280,7.436190476190476,1,4096,0,1.0,-39.63816799006521,0.0055459653958678246,72,0,-1,,0,0,4.992999999998915,0,6.630100000002415,8.66969999999867,0
1281,7.441995464852607,1,4096,0,1.0,-38.918894505035965,,-1,0,-1,,0,0,,1,2.0657000000028347,2.5337000000007492,2
1282,7.4478004535147395,1,4096,0,1.0,-43.16721990624032,,-1,0,-1,,0,0,,1,0.9780999999975393,3.5955999999970345,1
1283,7.453605442176871,1,4096,0,1.0,-37.95721614717765,0.006370623596012592,64,0,-1,,0,0,5.187799999998077,0,6.075700000000239,9.728900000002483,0
1284,7.459410430839002,1,4096,0,1.0,-43.5187923454242,,-1,0,-1,,0,0,,1,0.7586999999986688,0.9638999999985742,2
1285,7.465215419501134,1,4096,0,1.0,-39.356634517280916,,-1,0,-1,,0,0,,1,0.475599999997911,1.4676999999991835,1
1286,7.471020408163265,1,4096,0,1.0,-46.58949064912319,0.004274510778486729,66,0,-1,,0,0,2.8933000000002096,0,3.5830000000025564,5.097599999999147,0
1287,7.476825396825397,1,4096,0,1.0,-44.54714456919149,,-1,0,-1,,0,0,,1,1.1781999999982418,2.0334999999995773,2
1288,7.4826303854875285,1,4096,0,1.0,-49.79351946340194,,-1,0,-1,,0,0,,1,0.5533999999975947,2.6274999999991167,1
1289,7.48843537414966,1,4096,0,1.0,-56.65661106308182,0.0031335288658738136,66,0,-1,,0,0,3.106999999999971,0,3.933000000003517,6.619000000000597,0
1290,7.494240362811792,1,4096,0,1.0,-60.107291980764124,,-1,0,-1,,0,0,,1,1.7785000000003492,2.1722000000004016,2
1291,7.500045351473923,1,4096,0,1.0,-56.09340750693295,,-1,0,-1,,0,0,,1,1.0647000000005846,3.3418000000011716,1
1292,7.505850340136054,1,4096,0,1.0,-56.34261793348125,0.002317829290404916,66,0,-1,,0,0,4.3706999999990614,0,5.1309000000010485,8.503000000001038,0
1293,7.511655328798186,1,4096,0,1.0,-58.130990856311804,,-1,0,-1,,0,0,,1,0.8773000000026343,1.1319000000007406,2
1294,7.517460317460317,1,4096,0,1.0,-61.06898822430894,,-1,0,-1,,0,0,,1,0.6000999999997703,1.7261000000026172,1
1295,7.523265306122449,1,4096,0,1.0,-60.42537296222249,0.0029258194845169783,66,0,-1,,0,0,2.2681999999996094,0,2.9754999999944687,4.783199999998544,0
1296,7.529070294784581,1,4096,0,1.0,-59.58028034509003,,-1,0,-1,,0,0,,1,0.6479999999982056,0.8285999999984028,2
1297,7.534875283446712,1,4096,0,1.0,-62.128279875754195,,-1,0,-1,,0,0,,1,0.44490000000152463,1.3034999999987917,1
1298,7.540680272108844,1,4096,0,1.0,-63.28808506407279,0.0022924530785530806,66,0,-1,,0,0,3.548399999999674,0,4.156300000001778,5.525900000002082,0
1299,7.546485260770975,1,4096,0,1.0,-62.83338547525184,,-1,0,-1,,0,0,,1,0.9028999999998177,1.1734000000025446,2
1300,7.552290249433106,1,4096,0,1.0,-65.06588579860512,,-1,0,-1,,0,0,,1,0.36520000000095365,1.4927999999976294,1
1301,7.558095238095238,1,4096,0,1.0,-61.73253464913364,0.0019286713795736432,66,0,-1,,0,0,3.1415999999993005,0,3.7089999999970757,5.166500000001406,0
1302,7.56390022675737,1,4096,0,1.0,-62.612881176543524,,-1,0,-1,,0,0,,1,1.792099999999408,2.1225000000022476,2
1303,7.569705215419501,1,4096,0,1.0,-63.1694927828452,,-1,0,-1,,0,0,,1,1.2308999999994796,3.4330999999987455,1
1304,7.575510204081633,1,4096,0,1.0,-62.94508737594324,0.002393275499343872,53,0,-1,,0,0,4.090899999997788,0,5.6480000000007635,8.610300000000848,0
1305,7.581315192743764,1,4096,0,1.0,-63.259177602358776,,-1,0,-1,,0,0,,1,0.6617999999996016,1.0636999999995567,2
1306,7.587120181405895,1,4096,0,1.0,-61.87269870721296,,-1,0,-1,,0,0,,1,0.3889000000008025,1.4667000000017083,1
1307,7.592925170068027,1,4096,0,1.0,-55.19854965945942,0.0027200435288250446,59,0,-1,,0,0,2.632099999999582,0,3.0913000000012403,4.588800000000504,0
1308,7.598730158730159,1,4096,0,1.0,-45.86933235802555,,-1,0,-1,,0,0,,1,0.9458000000002187,1.1727000000014698,2
1309,7.604535147392291,1,4096,0,1.0,-46.6848269071029,,-1,0,-1,,0,0,,1,0.6747999999987542,1.890400000000625,1
1310,7.610340136054422,1,4096,0,1.0,-43.06156755420511,0.0055323936976492405,59,0,-1,,0,0,6.089899999999204,0,6.995199999998647,8.938400000001678,0
1311,7.616145124716553,1,4096,0,1.0,-43.88269820565088,,-1,0,-1,,0,0,,1,0.8039000000010788,0.9936000000010381,2
1312,7.621950113378685,1,4096,0,1.0,-49.26529836339111,,-1,0,-1,,0,0,,1,0.5333999999983519,1.5733000000004438,1
1313,7.627755102040816,1,4096,0,1.0,-41.60696196265213,0.005790535360574722,64,0,-1,,0,0,4.540300000002162,0,5.471800000002247,7.094799999997292,0
1314,7.6335600907029475,1,4096,0,1.0,-49.03165396775934,,-1,0,-1,,0,0,,1,0.7185999999990145,0.9505999999994685,2
1315,7.63936507936508,1,4096,0,1.0,-46.47469654320426,,-1,0,-1,,0,0,,1,0.4115999999996234,1.3576999999997952,1
1316,7.645170068027211,1,4096,0,1.0,-51.08497757102405,0.0037931546103209257,64,0,-1,,0,0,3.03909999999874,0,3.648300000001825,5.038299999998941,0
1317,7.650975056689342,1,4096,0,1.0,-53.663969844019796,,-1,0,-1,,0,0,,1,0.7639000000025931,0.9663000000017519,2
1318,7.656780045351474,1,4096,0,1.0,-49.65009669843626,,-1,0,-1,,0,0,,1,0.5010000000034154,1.5031999999983725,1
1319,7.662585034013605,1,4096,0,1.0,-52.75053803020999,0.0028457052540034056,64,0,-1,,0,0,3.083200000002506,0,3.7336000000003366,5.281400000001213,0
1320,7.668390022675737,1,4096,0,1.0,-51.22812492299069,,-1,0,-1,,0,0,,1,1.1673000000023137,1.7679999999984375,2
1321,7.6741950113378685,1,4096,0,1.0,-52.38875736437685,,-1,0,-1,,0,0,,1,0.7748999999996897,2.597600000001421,1
1322,7.68,1,4096,0,1.0,-50.01998301957926,0.004083279520273209,69,0,-1,,0,0,4.626500000000533,0,5.501500000001158,8.169000000002313,3
1323,7.685804988662132,1,4096,0,1.0,-57.298637035193494,,-1,0,-1,,0,0,,1,1.042900000001623,3.6668999999989182,2
1324,7.691609977324263,1,4096,0,1.0,-56.63829255938137,,-1,0,-1,,0,0,,1,0.8234999999991999,4.543999999999215,1
1325,7.697414965986394,1,4096,0,1.0,-61.284119614775044,0.003179239109158516,64,0,-1,,0,0,5.748199999999315,0,6.600499999997567,11.200899999998626,0
1326,7.703219954648526,1,4096,0,1.0,-58.928942778801776,,-1,0,-1,,0,0,,1,0.8032000000000039,1.0174999999996714,2
1327,7.7090249433106575,1,512,1,1.0,-68.45773177746602,,-1,0,-1,,0,0,,1,0.5240999999998053,1.5807999999992717,1
1328,7.7148299319727895,1,512,0,1.0,-68.37228888095119,0.02046569250524044,59,0,-1,,0,0,3.387000000000029,0,4.011300000001938,5.633400000000677,0
1329,7.720634920634921,1,512,0,1.0,-73.5419644313923,,-1,0,-1,,0,0,,1,1.0285000000003208,1.288899999998705,2
1330,7.726439909297052,1,1024,0,0.5287718375411404,-74.32704820348869,,-1,0,-1,,0,0,,1,1.3339999999999463,3.2851000000029273,1
1331,7.732244897959184,1,1024,0,1.0,-76.12076040785765,0.020300868898630142,59,0,-1,,0,0,4.538100000001322,0,5.983600000000422,9.43950000000271,0
1332,7.738049886621315,1,2048,0,0.31734581725027367,-80.50279658989623,,-1,0,-1,,0,0,,1,2.568899999999985,2.9031999999986624,2
1333,7.743854875283446,1,2048,0,1.0,-79.25752430191923,,-1,0,-1,,0,0,,1,1.0280000000015832,4.041400000001971,1
1334,7.7496598639455785,1,2048,0,0.44382586896635035,-79.48160085263349,0.019980017095804214,59,0,-1,,0,0,4.460699999999207,0,5.460299999999307,9.583800000001474,0
1335,7.75546485260771,1,2048,0,1.0,-80.88644712012862,,-1,0,-1,,0,0,,1,3.4171000000000618,3.6563000000029433,2
1336,7.761269841269841,1,4096,0,0.9556321538274001,-79.91474150205522,,-1,0,-1,,0,0,,1,1.5818000000002996,4.699999999999704,1
1337,7.767074829931973,1,4096,0,0.4045407763050007,-83.49137679384572,0.0026746324729174376,59,0,-1,,0,0,5.844199999998523,0,7.644300000002602,12.380100000001448,0
1338,7.772879818594104,1,4096,0,0.02761050786417596,-83.92147496070025,,-1,0,-1,,0,0,,1,3.518799999998379,3.916199999999037,2
1339,7.778684807256236,1,4096,0,0.0,-88.10470106664063,,-1,0,-1,,0,0,,1,2.1804000000003043,6.181099999999162,1
1340,7.784489795918367,1,4096,0,0.0,-90.90299974677376,0.0027057272382080555,59,0,-1,,0,0,4.533699999999641,0,6.70610000000238,13.00589999999957,0
1341,7.790294784580499,1,4096,0,0.0,-92.48038638800487,,-1,0,-1,,0,0,,1,2.0156000000000063,2.6132000000025357,2
1342,7.796099773242631,1,4096,0,0.0,-91.5975838329008,,-1,0,-1,,0,0,,1,2.3854000000014253,5.293300000001722,1
1343,7.801904761904762,1,4096,0,0.0,-91.73673703105308,0.0026395872700959444,59,0,-1,,0,0,5.433299999999974,0,7.643300000001574,13.046100000000393,3
1344,7.807709750566893,1,4096,0,0.0,-92.39727848051905,,-1,0,-1,,0,0,,1,0.5750000000013245,1.5172000000021058,2
1345,7.813514739229025,1,4096,0,0.0,-92.95267048816831,,-1,0,-1,,0,0,,1,0.6402000000029773,2.2054000000011342,1
1346,7.819319727891156,1,4096,0,0.0,-92.20932990223332,0.00262286770157516,59,0,-1,,0,0,3.0537999999999954,0,3.623699999998564,5.8682000000018775,0
1347,7.825124716553288,1,4096,0,0.0,-94.29370865509881,,-1,0,-1,,0,0,,1,0.5579000000004442,0.7650999999988528,2
1348,7.83092970521542,1,4096,0,0.0,-94.20960145218538,,-1,0,-1,,0,0,,1,0.553899999999885,1.354300000002695,1
1349,7.836734693877551,1,4096,0,0.0,-93.9274270879319,0.0026283946353942156,59,0,-1,,0,0,4.968100000002806,0,5.773899999997667,7.172099999998238,0
1350,7.842539682539683,1,4096,0,0.0,-94.33638106943889,,-1,0,-1,,0,0,,1,1.7201000000000022,1.89980000000034,2
1351,7.848344671201814,1,4096,0,0.0,-94.74056355997843,,-1,0,-1,,0,0,,1,0.5872999999994022,2.505400000000435,1
1352,7.854149659863945,1,4096,0,0.0,-94.20960145218538,0.002630437957122922,59,0,-1,,0,0,2.8767999999992355,0,3.370100000001486,5.156499999998232,0
1353,7.859954648526077,1,4096,0,0.0,-96.04878903049143,,-1,0,-1,,0,0,,1,0.8713999999976352,1.099099999997577,2
1354,7.865759637188209,1,4096,0,0.0,-95.62489775455435,,-1,0,-1,,0,0,,1,0.5503000000004477,1.6871999999992227,1
1355,7.87156462585034,1,4096,0,0.0,-96.37908519400071,0.0026345369406044483,59,0,-1,,0,0,3.6442000000000974,0,4.398099999999516,6.136699999998996,0
1356,7.877369614512472,1,4096,0,0.0,-96.44826950478262,,-1,0,-1,,0,0,,1,0.9808999999982859,1.243599999998679,2
1357,7.883174603174603,1,4096,0,0.0,-96.66269167130112,,-1,0,-1,,0,0,,1,0.4716999999985205,1.7085000000029993,1
1358,7.888979591836734,1,4096,0,0.0,-97.20846808077347,0.002633658703416586,59,0,-1,,0,0,2.648600000000556,0,3.2145999999997343,4.936499999999455,0
1359,7.894784580498866,1,4096,0,0.0,-96.8882527379592,,-1,0,-1,,0,0,,1,1.2915000000006671,1.5940999999983774,2
1360,7.9005895691609975,1,4096,0,0.0,-97.37788810649823,,-1,0,-1,,0,0,,1,0.542400000000498,2.1330000000006066,1
1361,7.90639455782313,1,4096,0,0.0,-96.11286916969236,0.002635786309838295,59,0,-1,,0,0,2.9828999999992334,0,3.4877000000008707,5.62410000000213,0
1362,7.912199546485261,1,4096,0,0.0,-96.44826950478262,,-1,0,-1,,0,0,,1,1.1092000000019198,1.2690999999982466,2
1363,7.918004535147392,1,4096,0,0.0,-97.73794553660701,,-1,0,-1,,0,0,,1,0.5380999999999858,1.4336999999997602,1
1364,7.923809523809524,1,4096,0,0.0,-96.66269167130112,0.002634726231917739,59,0,-1,,0,0,2.6137000000012733,0,3.2551000000005104,4.7013000000006855,0
1365,7.929614512471655,1,4096,0,0.0,-96.51857380658345,,-1,0,-1,,0,0,,1,1.6470999999995684,1.8685999999981107,2
1366,7.9354195011337865,1,4096,0,0.0,-96.44826950478262,,-1,0,-1,,0,0,,1,1.121699999998782,2.7971000000022173,1
1367,7.9412244897959186,1,4096,0,0.0,-96.37908519400071,0.002634113421663642,59,0,-1,,0,0,3.1476999999995314,0,3.93500000000202,6.749800000001471,0
1368,7.94702947845805,1,4096,0,0.0,-95.9233973547883,,-1,0,-1,,0,0,,1,1.084100000003474,1.4116000000008455,2
1369,7.952834467120182,1,4096,0,0.0,-96.73658462938218,,-1,0,-1,,0,0,,1,0.5285000000014861,1.965300000001946,1
1370,7.958639455782313,1,4096,0,0.0,-96.51857380658345,0.0026342649944126606,59,0,-1,,0,0,2.2319000000017297,0,2.680700000002645,4.64589999999987,0
1371,7.964444444444444,1,4096,0,0.0,-96.243937670594,,-1,0,-1,,0,0,,1,1.0155999999987841,1.2569999999989534,2
1372,7.970249433106576,1,4096,0,0.0,-96.81175663155918,,-1,0,-1,,0,0,,1,0.6247999999970943,1.9111999999985585,1
1373,7.9760544217687075,1,4096,0,0.0,-96.73658462938218,0.0026345220394432545,59,0,-1,,0,0,4.860600000000659,0,5.712499999997789,7.674500000000251,0
1374,7.981859410430839,1,4096,0,0.0,-97.04540980062914,,-1,0,-1,,0,0,,1,0.8562999999988108,1.0754999999988968,2
1375,7.987664399092971,1,4096,0,0.0,-97.04540980062914,,-1,0,-1,,0,0,,1,0.5540999999986695,1.6773000000007698,1
1376,7.993469387755102,1,4096,0,0.0,-97.12617372141175,0.0026342160999774933,59,0,-1,,0,0,4.265499999998923,0,5.038800000001231,6.768299999997396,0
1377,7.999274376417233,1,4096,0,0.0,-96.04878903049143,,-1,0,-1,,0,0,,1,0.6149999999998101,0.806800000002994,2
1378,8.005079365079364,1,4096,0,0.0,-96.37908519400071,,-1,0,-1,,0,0,,1,0.3740000000007626,1.1778000000006728,1
1379,8.010884353741497,1,4096,0,0.0,-97.46514278371254,0.002634983044117689,59,0,-1,,0,0,2.165600000001433,0,2.5907000000024993,3.7972000000010553,0
1380,8.016689342403629,1,4096,0,0.0,-96.8882527379592,,-1,0,-1,,0,0,,1,0.679200000000435,0.9000999999990711,2
1381,8.02249433106576,1,4096,0,0.0,-96.8882527379592,,-1,0,-1,,0,0,,1,0.3944999999987431,1.2936999999979548,1
1382,8.028299319727891,1,4096,0,0.0,-96.37908519400071,0.00263537117280066,59,0,-1,,0,0,2.032999999997287,0,2.4434000000006506,3.73440000000258,0
1383,8.034104308390022,1,4096,0,0.0,-95.9233973547883,,-1,0,-1,,0,0,,1,0.7607999999983406,0.9749999999968395,2
1384,8.039909297052155,1,4096,0,0.0,-96.11286916969236,,-1,0,-1,,0,0,,1,0.47590000000141686,1.464199999997362,1
1385,8.045714285714286,1,4096,0,0.0,-96.59003495889704,0.0026338440366089344,59,0,-1,,0,0,5.957899999998517,0,6.884299999999399,8.386500000000296,0
1386,8.051519274376417,1,4096,0,0.0,-96.51857380658345,,-1,0,-1,,0,0,,1,0.9275000000030786,1.416500000001264,2
1387,8.057324263038549,1,4096,0,0.0,-96.04878903049143,,-1,0,-1,,0,0,,1,0.6555000000005862,2.115700000000942,1
1388,8.06312925170068,1,4096,0,0.0,-97.04540980062914,0.0026343073695898056,59,0,-1,,0,0,4.9448000000005266,0,5.771800000001548,7.947899999997787,0
1389,8.068934240362811,1,4096,0,0.0,-96.8882527379592,,-1,0,-1,,0,0,,1,1.256099999999094,1.6162999999984606,2
1390,8.074739229024944,1,4096,0,0.0,-97.37788810649823,,-1,0,-1,,0,0,,1,0.4993000000013126,2.0735000000016157,1
1391,8.080544217687075,1,4096,0,0.0,-96.37908519400071,0.0026349001564085484,59,0,-1,,0,0,4.155999999998272,0,4.909200000000169,7.007599999997893,3
1392,8.086349206349206,1,4096,0,0.0,-97.20846808077347,,-1,0,-1,,0,0,,1,0.729899999999617,2.716199999998281,2
1393,8.092154195011338,1,4096,0,0.0,-96.11286916969236,,-1,0,-1,,0,0,,1,0.6303999999985876,3.3921000000027846,1
1394,8.097959183673469,1,4096,0,0.0,-96.66269167130112,0.0026347448583692312,59,0,-1,,0,0,4.33879999999931,0,5.141099999999454,8.590299999998052,0
1395,8.103764172335602,1,4096,0,0.0,-98.02903983973636,,-1,0,-1,,0,0,,1,1.0457999999999856,1.3076000000005195,2
1396,8.109569160997733,1,4096,0,0.0,-96.73658462938218,,-1,0,-1,,0,0,,1,1.0153999999999996,2.4519000000005065,1
1397,8.115374149659864,1,4096,0,0.0,-96.81175663155918,0.002635071985423565,59,0,-1,,0,0,4.497600000000546,0,5.470500000004819,8.00920000000005,0
1398,8.121179138321995,1,4096,0,0.0,-95.9233973547883,,-1,0,-1,,0,0,,1,0.846400000000358,1.0474000000009198,2
1399,8.126984126984127,1,4096,0,0.0,-96.04878903049143,,-1,0,-1,,0,0,,1,0.5430000000004043,1.629699999998735,1
1400,8.132789115646258,1,4096,0,0.0,-95.9233973547883,0.002634060801938176,59,0,-1,,0,0,4.748700000000383,0,5.57889999999972,7.286199999999354,0
1401,8.13859410430839,1,4096,0,0.0,-94.6937514599202,,-1,0,-1,,0,0,,1,1.5209000000027117,1.7290000000009798,2
1402,8.144399092970522,1,4096,0,0.0,-88.13544590204492,,-1,0,-1,,0,0,,1,0.49459999999967863,1.3953999999998246,1
1403,8.150204081632653,1,4096,0,0.8190116419962211,-85.18873049514654,0.002632375340908766,59,0,-1,,0,0,3.5570000000006985,0,4.166700000002521,5.56879999999893,0
1404,8.156009070294784,1,4096,0,1.0,-71.56556806584766,,-1,0,-1,,0,0,,1,2.3932000000002063,2.852600000000649,2
1405,8.161814058956915,1,512,1,1.0,-66.97057000887274,,-1,0,-1,,0,0,,1,0.8245000000002278,3.7292999999998244,1
1406,8.167619047619048,1,512,0,1.0,-56.19361526255193,0.048298176378011703,59,0,-1,,0,0,3.060600000001301,0,3.7140999999998314,7.476000000000482,0
1407,8.17342403628118,1,512,0,1.0,-54.716609983575836,,-1,0,-1,,0,0,,1,0.8853999999978157,1.1121000000002823,2
1408,8.17922902494331,1,1024,0,1.0,-47.45333483183188,,-1,0,-1,,0,0,,1,1.8372000000006494,3.0180000000008533,1
1409,8.185034013605442,1,1024,0,1.0,-48.7486928030626,0.1840028613805771,59,0,-1,,0,0,3.4797999999973683,0,5.176199999997522,8.291999999997302,0
1410,8.190839002267573,1,2048,0,1.0,-46.78241150096387,,-1,0,-1,,0,0,,1,0.6615000000032012,0.8783000000001095,2
1411,8.196643990929704,1,2048,0,1.0,-46.88980306213611,,-1,0,-1,,0,0,,1,0.3814000000019746,1.295900000002348,1
1412,8.202448979591837,1,2048,0,1.0,-48.87155925438062,0.0761183649301529,64,0,-1,,0,0,4.3274000000010915,0,4.970199999995373,6.312699999998728,0
1413,8.208253968253969,1,2048,0,1.0,-38.29766585418049,,-1,0,-1,,0,0,,1,0.8930000000013649,1.1316000000007875,2
1414,8.2140589569161,1,4096,0,1.0,-40.250097485883536,,-1,0,-1,,0,0,,1,0.4314000000000817,1.5675999999977819,1
1415,8.219863945578231,1,4096,0,1.0,-41.04603047778859,0.008641848340630531,64,0,-1,,0,0,3.2323999999981368,0,3.7910999999972717,5.398700000000645,0
1416,8.225668934240362,1,4096,0,1.0,-39.92813400641508,,-1,0,-1,,0,0,,1,0.6234000000020501,0.831200000000365,2
1417,8.231473922902495,1,4096,0,1.0,-43.403671457024906,,-1,0,-1,,0,0,,1,0.396899999998368,1.2532000000007315,1
1418,8.237278911564626,1,4096,0,1.0,-40.02292890127169,0.00927680917084217,64,0,-1,,0,0,4.961600000001454,0,5.460100000000523,6.750300000000209,0
1419,8.243083900226758,1,4096,0,1.0,-42.12868719367278,,-1,0,-1,,0,0,,1,1.1611000000009142,1.4740999999993676,2
1420,8.248888888888889,1,4096,0,1.0,-42.99928304114979,,-1,0,-1,,0,0,,1,0.49530000000075347,1.958299999998303,1
1421,8.25469387755102,1,4096,0,1.0,-41.35822812858565,0.012487952597439289,64,0,-1,,0,0,2.722600000002018,0,3.2105999999991752,5.186899999998218,0
1422,8.260498866213151,1,4096,0,1.0,-41.74598224591498,,-1,0,-1,,0,0,,1,1.030100000001255,1.317500000002525,2
1423,8.266303854875284,1,4096,0,1.0,-43.65534735985256,,-1,0,-1,,0,0,,1,0.7535999999994658,2.1135999999977173,1
1424,8.272108843537415,1,4096,0,1.0,-43.3116051363846,0.015154288150370121,64,0,-1,,0,0,4.672499999998081,0,5.66999999999851,7.839900000000455,0
1425,8.277913832199546,1,4096,0,1.0,-45.733457875910005,,-1,0,-1,,0,0,,1,1.663099999998252,2.0465999999998985,2
1426,8.283718820861678,1,4096,0,1.0,-50.691121470671575,,-1,0,-1,,0,0,,1,0.9356000000018128,2.991400000002642,1
1427,8.289523809523809,1,4096,0,1.0,-53.274730394931254,0.008914433419704437,64,0,-1,,0,0,5.998699999999246,0,6.994399999999956,10.028399999999493,3
1428,8.295328798185942,1,4096,0,1.0,-52.11813635704891,,-1,0,-1,,0,0,,1,0.9022000000022956,2.361299999996902,2
1429,8.301133786848073,1,4096,0,1.0,-53.29785993493469,,-1,0,-1,,0,0,,1,0.486699999999729,2.8450999999982685,1
1430,8.306938775510204,1,4096,0,1.0,-54.664708782930845,0.0038227562326937914,64,0,-1,,0,0,2.18359999999862,0,2.69010000000236,5.543199999998194,0
1431,8.312743764172335,1,4096,0,1.0,-55.66814963692242,,-1,0,-1,,0,0,,1,0.7403000000003601,1.0459999999987701,2
1432,8.318548752834467,1,4096,0,1.0,-56.404144375837475,,-1,0,-1,,0,0,,1,0.37690000000267787,1.46349999999984,1
1433,8.324353741496598,1,4096,0,1.0,-57.15184253072632,0.004284489434212446,64,0,-1,,0,0,2.5786999999972693,0,3.0266999999994937,4.525099999998616,0
1434,8.33015873015873,1,4096,0,1.0,-51.885141346623,,-1,0,-1,,0,0,,1,0.7290999999973735,0.9310000000013474,2
1435,8.335963718820862,1,4096,0,1.0,-49.744148318489216,,-1,0,-1,,0,0,,1,0.42439999999999145,1.382799999998241,1
1436,8.341768707482993,1,4096,0,1.0,-49.96739520338568,0.0035694113466888666,64,0,-1,,0,0,2.8682999999993797,0,3.408900000000159,4.831899999999223,0
1437,8.347573696145124,1,4096,0,1.0,-50.83036065541834,,-1,0,-1,,0,0,,1,1.181100000000157,1.4294000000028007,2
1438,8.353378684807256,1,4096,0,1.0,-52.61508039075119,,-1,0,-1,,0,0,,1,0.5690000000022621,1.9929999999988013,1
1439,8.359183673469389,1,4096,0,1.0,-52.538824094240056,0.002206838456913829,64,0,-1,,0,0,3.520999999999219,0,4.119800000001561,6.146899999997402,0
1440,8.36498866213152,1,4096,0,1.0,-50.706096880387165,,-1,0,-1,,0,0,,1,0.7151000000007457,0.9091000000012173,2
1441,8.370793650793651,1,4096,0,1.0,-45.019689519662776,,-1,0,-1,,0,0,,1,0.45850000000058344,1.3991000000004306,1
1442,8.376598639455782,1,4096,0,1.0,-38.98940790085311,0.008054238744080067,59,0,-1,,0,0,3.6839000000021827,0,4.309599999999136,5.752199999999874,0
1443,8.382403628117913,1,4096,0,1.0,-37.6251294499335,,-1,0,-1,,0,0,,1,1.0542000000022256,1.3137000000007504,2
1444,8.388208616780044,1,4096,0,1.0,-38.01752554511954,,-1,0,-1,,0,0,,1,0.6573999999979208,2.0103999999996347,1
1445,8.394013605442177,1,4096,0,1.0,-39.21118964161176,0.009375573135912418,66,0,-1,,0,0,5.253799999998421,0,6.076799999998883,8.146899999999846,0
1446,8.399818594104309,1,4096,0,1.0,-41.521272392358064,,-1,0,-1,,0,0,,1,0.8079000000016379,1.0154999999976155,2
1447,8.40562358276644,1,4096,0,1.0,-40.65743270405871,,-1,0,-1,,0,0,,1,0.5264000000018143,1.5737999999991814,1
1448,8.411428571428571,1,4096,0,1.0,-38.690250466272865,0.015223853290081024,66,0,-1,,0,0,5.499499999999102,0,6.217500000001763,7.8393999999981645,0
1449,8.417233560090702,1,4096,0,1.0,-36.747576205217754,,-1,0,-1,,0,0,,1,1.5223000000013087,1.8054000000020665,2
1450,8.423038548752835,1,4096,0,1.0,-35.51152944036701,,-1,0,-1,,0,0,,1,0.9850000000000136,2.8994000000004405,1
1451,8.428843537414966,1,4096,0,1.0,-35.7808339165837,0.036675579845905304,66,0,-1,,0,0,3.7157000000007656,0,4.5354999999993595,7.4840000000016005,0
1452,8.434648526077098,1,4096,0,1.0,-39.32669652299602,,-1,0,-1,,0,0,,1,1.2083999999994433,1.409100000000052,1
1453,8.440453514739229,1,4096,0,1.0,-47.36583055073943,0.04492638632655144,66,0,-1,,0,0,5.159599999998932,0,6.749300000002734,8.211299999999255,1
1454,8.44625850340136,1,4096,0,1.0,-47.92186943960164,0.0499454103410244,66,0,-1,,0,0,4.3720000000000425,0,5.408899999999051,11.104500000001849,0
1455,8.452063492063493,1,4096,0,1.0,-48.58966203089582,,-1,0,-1,,0,0,,1,1.073399999999225,1.3886000000020715,2
1456,8.457868480725624,1,4096,0,1.0,-47.93050888048187,,-1,0,-1,,0,0,,1,0.42029999999826373,1.8467999999991491,1
1457,8.463673469387755,1,4096,0,1.0,-46.817299673277006,0.10162607580423355,67,0,-1,,0,0,5.041200000000856,0,5.790400000002194,7.667299999997823,0
1458,8.469478458049887,1,4096,0,1.0,-44.25096809262563,,-1,0,-1,,0,0,,1,1.4086000000013144,1.6502000000002681,2
1459,8.475283446712018,1,4096,0,1.0,-41.637772145058854,,-1,0,-1,,0,0,,1,0.9228999999990606,2.7010999999994567,1
1460,8.481088435374149,1,4096,0,1.0,-42.35737376279111,0.04967878758907318,67,0,-1,,0,0,3.34840000000014,0,4.263599999998036,7.0230000000002235,3
1461,8.486893424036282,1,4096,0,1.0,-40.9568028572286,,-1,0,-1,,0,0,,1,0.4705000000022608,1.7574000000024625,2
1462,8.492698412698413,1,4096,0,1.0,-40.04228400382261,,-1,0,-1,,0,0,,1,0.4349999999995191,2.211599999998981,1
1463,8.498503401360544,1,4096,0,1.0,-41.910649687305714,0.022950951009988785,67,0,-1,,0,0,2.3996000000003903,0,2.875899999999376,5.093800000000925,0
1464,8.504308390022675,1,4096,0,1.0,-42.68282128939571,,-1,0,-1,,0,0,,1,0.8799000000010437,1.1297999999975161,2
1465,8.510113378684807,1,4096,0,1.0,-42.992332672024204,,-1,0,-1,,0,0,,1,0.438400000000172,1.564800000000588,1
1466,8.51591836734694,1,4096,0,1.0,-43.36408356588667,0.015433373861014843,67,0,-1,,0,0,2.9263999999997736,0,3.6363999999977636,5.243300000000062,0
1467,8.52172335600907,1,4096,0,1.0,-49.69725323411638,,-1,0,-1,,0,0,,1,1.1451000000022304,1.5417000000006453,2
1468,8.527528344671202,1,4096,0,1.0,-48.302455269143,,-1,0,-1,,0,0,,1,1.4551999999987686,3.171099999999427,1
1469,8.533333333333333,1,4096,0,1.0,-50.14089693217899,0.0063924589194357395,67,0,-1,,0,0,2.9113000000009492,0,4.0666999999992015,7.325699999999102,0
1470,8.539138321995464,1,4096,0,1.0,-50.54076272758764,,-1,0,-1,,0,0,,1,1.025099999999668,1.3642000000011478,2
1471,8.544943310657596,1,4096,0,1.0,-47.19404339052092,,-1,0,-1,,0,0,,1,0.5567000000006317,1.9196000000007984,1
1472,8.550748299319729,1,4096,0,1.0,-48.55831166360839,0.006079434882849455,67,0,-1,,0,0,3.6898000000000764,0,4.495099999999752,6.439000000000306,0
1473,8.55655328798186,1,4096,0,1.0,-48.33200269601611,,-1,0,-1,,0,0,,1,2.3471000000014897,2.7386000000007016,2
1474,8.562358276643991,1,4096,0,1.0,-51.65771762462683,,-1,0,-1,,0,0,,1,1.9570999999984906,4.8077000000006365,1
1475,8.568163265306122,1,4096,0,1.0,-50.77715115084394,0.0035406386014074087,67,0,-1,,0,0,3.5938000000008685,0,4.986500000001115,9.904600000002262,0
1476,8.573968253968253,1,4096,0,1.0,-47.48495752359722,,-1,0,-1,,0,0,,1,2.6224999999975296,2.8183999999988885,2
1477,8.579773242630386,1,4096,0,1.0,-50.02894111485854,,-1,0,-1,,0,0,,1,1.2323999999992452,3.288300000001243,1
1478,8.585578231292518,1,4096,0,1.0,-49.06383892924375,0.0038309271913021803,66,0,-1,,0,0,2.9623000000000843,0,3.818500000001279,7.171200000001932,0
1479,8.591383219954649,1,4096,0,1.0,-47.658076316609204,,-1,0,-1,,0,0,,1,0.6523999999998864,0.9438000000017155,2
1480,8.59718820861678,1,4096,0,1.0,-47.53932717472445,,-1,0,-1,,0,0,,1,0.35779999999974166,1.321900000000653,1
1481,8.602993197278911,1,4096,0,1.0,-49.77296399697636,0.004076935350894928,64,0,-1,,0,0,3.3546999999991556,0,3.808100000000536,5.164099999998228,0
1482,8.608798185941042,1,4096,0,1.0,-51.45351974206015,,-1,0,-1,,0,0,,1,1.3299999999993872,1.7241000000005613,2
1483,8.614603174603175,1,4096,0,1.0,-51.76165943133853,,-1,0,-1,,0,0,,1,0.6872999999991691,2.4353000000019165,1
1484,8.620408163265306,1,4096,0,1.0,-53.631306237215206,0.0029259989969432354,64,0,-1,,0,0,3.7872999999990498,0,4.541800000001928,7.02049999999943,0
1485,8.626213151927438,1,4096,0,1.0,-53.91644069461943,,-1,0,-1,,0,0,,1,1.823899999997991,2.2550999999992882,2
1486,8.632018140589569,1,4096,0,1.0,-52.20109066529287,,-1,0,-1,,0,0,,1,1.6233999999997195,3.9424999999972954,1
1487,8.6378231292517,1,4096,0,1.0,-52.90932397025802,0.0038258282002061605,64,0,-1,,0,0,3.22140000000104,0,4.374900000001958,8.399799999999402,0
1488,8.643628117913833,1,4096,0,1.0,-51.44988691580884,,-1,0,-1,,0,0,,1,0.6149999999998101,0.8857000000013215,2
1489,8.649433106575964,1,4096,0,1.0,-45.90407710797344,,-1,0,-1,,0,0,,1,0.3792000000011342,1.2727999999988526,1
1490,8.655238095238095,1,4096,0,1.0,-43.74183843310953,0.009032630361616611,64,0,-1,,0,0,4.0994000000011965,0,4.629500000000064,5.9283999999983905,0
1491,8.661043083900227,1,4096,0,1.0,-44.49852139564689,,-1,0,-1,,0,0,,1,1.9340999999997166,2.277799999998109,2
1492,8.666848072562358,1,4096,0,1.0,-42.388217760050146,,-1,0,-1,,0,0,,1,1.5642000000006817,3.9126999999972156,1
1493,8.672653061224489,1,4096,0,1.0,-44.173082441461425,0.010953303426504135,65,0,-1,,0,0,7.9923000000015065,0,10.045999999999111,14.070499999998987,0
1494,8.678458049886622,1,4096,0,1.0,-47.38540095191392,,-1,0,-1,,0,0,,1,1.0785999999995965,1.5733999999980597,2
1495,8.684263038548753,1,4096,0,1.0,-48.60562705750525,,-1,0,-1,,0,0,,1,0.7382000000006883,2.3708000000013385,1
1496,8.690068027210884,1,4096,0,1.0,-57.48290788338677,0.00792608130723238,65,0,-1,,0,0,6.511899999999571,0,7.424400000001441,9.871999999997882,3
1497,8.695873015873016,1,4096,0,1.0,-58.496188507491375,,-1,0,-1,,0,0,,1,1.3554999999989548,3.2733000000000345,2
1498,8.701678004535147,1,4096,0,1.0,-65.95170721493051,,-1,0,-1,,0,0,,1,1.896099999999734,5.22969999999745,1
1499,8.70748299319728,1,4096,0,0.9494485241671474,-70.7321637257991,0.003798495279625058,65,0,-1,,0,0,8.971599999998858,0,10.942899999999867,16.384299999998575,0
1500,8.713287981859411,1,512,1,1.0,-69.29033699168473,,-1,0,-1,,0,0,,1,1.9637000000010119,2.2905000000008613,2
1501,8.719092970521542,1,512,0,1.0,-76.12334808378422,,-1,0,-1,,0,0,,1,0.6020000000006576,3.4272999999984677,1
1502,8.724897959183673,1,512,0,1.0,-75.5557634720109,0.020231248810887337,59,0,-1,,0,0,4.772100000000279,0,6.1539999999986605,9.761600000000925,0
1503,8.730702947845804,1,1024,0,1.0,-79.50832437205601,,-1,0,-1,,0,0,,1,1.3001000000016916,1.6454999999986342,2
1504,8.736507936507936,1,1024,0,0.0,-80.77926871897,,-1,0,-1,,0,0,,1,0.7745000000021207,2.435400000003085,1
1505,8.742312925170069,1,2048,0,1.0,-79.06860143706494,0.019541410729289055,59,0,-1,,0,0,4.803299999998956,0,5.938000000003996,8.420700000002057,0
1506,8.7481179138322,1,2048,0,1.0,-68.32830770282453,,-1,0,-1,,0,0,,1,0.9367999999980725,1.1279999999977974,2
1507,8.753922902494331,1,2048,0,1.0,-53.793828738383674,,-1,0,-1,,0,0,,1,0.9343000000008317,2.168600000000964,1
1508,8.759727891156462,1,2048,0,1.0,-51.61799697587416,0.028301779180765152,59,0,-1,,0,0,3.8453999999994437,0,5.733400000003996,8.032899999999898,3
1509,8.765532879818593,1,4096,0,1.0,-49.10822917087213,,-1,0,-1,,0,0,,1,1.0450999999989108,1.6163999999996292,2
1510,8.771337868480726,1,4096,0,1.0,-46.27492501568373,,-1,0,-1,,0,0,,1,0.9152000000014482,2.581700000000353,1
1511,8.777142857142858,1,4096,0,1.0,-42.29177800566467,0.00631173187866807,59,0,-1,,0,0,4.553200000000146,0,5.716199999998395,8.358700000002273,0
1512,8.782947845804989,1,4096,0,1.0,-39.79730786165641,,-1,0,-1,,0,0,,1,1.6260000000016817,1.897100000000762,2
1513,8.78875283446712,1,4096,0,1.0,-40.045348116147196,,-1,0,-1,,0,0,,1,0.678800000002866,2.567899999998957,1
1514,8.794557823129251,1,4096,0,1.0,-37.43873658380714,0.008531433530151844,64,0,-1,,0,0,3.6903999999999826,0,4.51969999999946,6.058899999999312,0
1515,8.800362811791382,1,4096,0,1.0,-37.945358782669985,,-1,0,-1,,0,0,,1,0.7976999999996792,1.0863000000007617,2
1516,8.806167800453515,1,4096,0,1.0,-36.32251905635265,,-1,0,-1,,0,0,,1,0.39169999999799643,1.4500999999995656,1
1517,8.811972789115647,1,4096,0,1.0,-36.223110421041156,0.009045615792274475,64,0,-1,,0,0,5.938199999999227,0,6.534100000003207,7.995199999999869,0
1518,8.817777777777778,1,4096,0,1.0,-37.49386320411178,,-1,0,-1,,0,0,,1,0.7954000000012229,0.9921000000012725,2
1519,8.823582766439909,1,4096,0,1.0,-35.73190696360369,,-1,0,-1,,0,0,,1,0.503299999998319,1.518199999999581,1
1520,8.82938775510204,1,4096,0,1.0,-37.11821798877351,0.011014634743332863,64,0,-1,,0,0,5.88459999999813,0,6.782000000001176,8.337499999999665,0
1521,8.835192743764173,1,4096,0,1.0,-37.551881253057935,,-1,0,-1,,0,0,,1,0.8183999999999969,1.1167000000007477,2
1522,8.840997732426304,1,4096,0,1.0,-36.79094195789449,,-1,0,-1,,0,0,,1,0.6928999999971097,1.9007000000001995,1
1523,8.846802721088435,1,4096,0,1.0,-39.00095691208668,0.016075383871793747,64,0,-1,,0,0,5.258999999998792,0,6.294000000000466,8.308100000000707,0
1524,8.852607709750567,1,4096,0,1.0,-42.19619429161175,,-1,0,-1,,0,0,,1,0.7200000000011642,0.9143999999992047,2
1525,8.858412698412698,1,4096,0,1.0,-41.42771508274322,,-1,0,-1,,0,0,,1,0.7002999999983217,1.6675999999975488,1
1526,8.864217687074829,1,4096,0,1.0,-42.65179514302335,0.026158113032579422,64,0,-1,,0,0,4.643800000000198,0,5.4730000000020596,7.200800000003227,0
1527,8.870022675736962,1,4096,0,1.0,-45.31923452216567,,-1,0,-1,,0,0,,1,1.6579999999990491,2.107800000000992,2
1528,8.875827664399093,1,4096,0,1.0,-47.65407464183645,,-1,0,-1,,0,0,,1,0.7510999999986723,2.9156999999990774,1
1529,8.881632653061224,1,4096,0,1.0,-48.500836021844414,0.015193400904536247,65,0,-1,,0,0,3.861199999999343,0,4.77650000000196,7.7390000000008285,3
1530,8.887437641723356,1,4096,0,1.0,-49.14606594461627,,-1,0,-1,,0,0,,1,0.66309999999703,1.1293999999999471,2
1531,8.893242630385487,1,4096,0,1.0,-50.91607793128624,,-1,0,-1,,0,0,,1,0.47819999999987317,1.6289000000000442,1
1532,8.89904761904762,1,4096,0,1.0,-51.37176182472483,0.007193076424300671,64,0,-1,,0,0,3.4026000000011436,0,3.9532999999956075,5.5987000000001785,0
1533,8.904852607709751,1,4096,0,1.0,-42.55196310594371,,-1,0,-1,,0,0,,1,0.9795999999973048,1.2486000000002662,2
1534,8.910657596371882,1,4096,0,1.0,-49.63895703665521,,-1,0,-1,,0,0,,1,0.652899999998624,1.9499999999972317,1
1535,8.916462585034013,1,4096,0,1.0,-45.05924584182006,0.01308700256049633,70,0,-1,,0,0,5.06950000000117,0,5.803699999997747,7.8116999999977565,0
1536,8.922267573696145,1,4096,0,1.0,-47.18055578925255,,-1,0,-1,,0,0,,1,3.10569999999899,3.3081000000017013,2
1537,8.928072562358278,1,4096,0,1.0,-49.265582526780314,,-1,0,-1,,0,0,,1,0.8077000000028534,2.7903000000009115,1
1538,8.933877551020409,1,4096,0,1.0,-48.17287362594633,0.00852971151471138,70,0,-1,,0,0,4.272499999999013,0,5.148300000001882,8.010099999999909,0
1539,8.93968253968254,1,4096,0,1.0,-46.59293135841075,,-1,0,-1,,0,0,,1,1.327700000000931,1.7022000000004311,2
1540,8.945487528344671,1,4096,0,1.0,-44.23396582930167,,-1,0,-1,,0,0,,1,0.9042999999984147,2.6629000000006897,1
1541,8.951292517006802,1,4096,0,1.0,-41.45737250472383,0.009392896667122841,69,0,-1,,0,0,3.3762000000017167,0,3.9690999999990595,6.715299999999758,0
1542,8.957097505668933,1,4096,0,1.0,-38.45657579284906,,-1,0,-1,,0,0,,1,2.4082999999990307,3.3614000000028454,2
1543,8.962902494331066,1,4096,0,1.0,-36.511553193796395,,-1,0,-1,,0,0,,1,0.5628000000008626,3.957700000000841,1
1544,8.968707482993198,1,4096,0,1.0,-34.926669354572795,0.014996091835200787,69,0,-1,,0,0,2.4734999999971308,0,3.0109999999972104,7.0040999999996245,0
1545,8.974512471655329,1,4096,0,1.0,-34.672483129288246,,-1,0,-1,,0,0,,1,0.889600000000712,1.1524999999998897,2
1546,8.98031746031746,1,4096,0,1.0,-33.72616210066259,,-1,0,-1,,0,0,,1,0.9253999999998541,2.1033999999993114,1
1547,8.986122448979591,1,4096,0,1.0,-34.80470653022736,0.027596501633524895,70,0,-1,,0,0,5.482600000000559,0,6.954300000000302,9.086199999998712,0
1548,8.991927437641724,1,4096,0,1.0,-34.72316638859191,,-1,0,-1,,0,0,,1,1.1958000000014124,1.4046000000007552,2
1549,8.997732426303855,1,4096,0,1.0,-35.58796276557484,,-1,0,-1,,0,0,,1,0.6425000000014336,2.1310000000021034,1
1550,9.003537414965987,1,4096,0,1.0,-31.745394185670285,0.043772414326667786,70,0,-1,,0,0,4.17020000000079,0,4.801700000001574,6.994800000001078,0
1551,9.009342403628118,1,4096,0,1.0,-30.90354570831351,,-1,0,-1,,0,0,,1,1.1131999999989262,1.4062999999993053,2
1552,9.015147392290249,1,4096,0,1.0,-30.685460223340996,,-1,0,-1,,0,0,,1,0.76360000000264,2.2196000000000993,1
1553,9.02095238095238,1,4096,0,1.0,-31.54722885605029,0.08569499850273132,66,0,-1,,0,0,3.358200000000977,0,4.132700000003098,6.40939999999901,0
1554,9.026757369614513,1,4096,0,1.0,-31.99868491601326,,-1,0,-1,,0,0,,1,0.7504000000011501,0.9788999999997827,2
1555,9.032562358276644,1,4096,0,1.0,-33.64981852286763,,-1,0,-1,,0,0,,1,0.4523999999967998,1.44690000000125,1
1556,9.038367346938776,1,4096,0,1.0,-32.223822640150026,0.14263157546520233,70,0,-1,,0,0,4.305000000002224,0,4.9714999999999065,6.4670999999982826,0
1557,9.044172335600907,1,4096,0,1.0,-29.55618297457789,,-1,0,-1,,0,0,,1,2.1188000000016416,2.5268999999994435,2
1558,9.049977324263038,1,4096,0,1.0,-32.437171276940376,,-1,0,-1,,0,0,,1,1.324000000000325,4.0021999999986235,1
1559,9.05578231292517,1,4096,0,1.0,-32.836914901453966,0.24415341019630432,64,0,-1,,0,0,4.403100000001103,0,5.626200000001802,9.709299999997256,0
1560,9.061587301587302,1,4096,0,1.0,-34.63729887795742,,-1,0,-1,,0,0,,1,0.7204999999999018,0.9012000000012677,2
1561,9.067392290249433,1,4096,0,1.0,-35.39624281340498,,-1,0,-1,,0,0,,1,0.41660000000121045,1.334499999998684,1
1562,9.073197278911564,1,4096,0,1.0,-36.5160223406417,0.1871141940355301,64,0,-1,,0,0,2.752999999998451,0,3.367499999995971,4.734300000002634,0
1563,9.079002267573696,1,4096,0,1.0,-38.19306378790018,,-1,0,-1,,0,0,,1,0.7993000000006134,1.0046999999993034,2
1564,9.084807256235827,1,4096,0,1.0,-37.04892908996322,,-1,0,-1,,0,0,,1,0.4215000000016289,1.4618999999989057,1
1565,9.09061224489796,1,4096,0,1.0,-36.29998555944089,0.14346618950366974,64,0,-1,,0,0,2.661100000000971,0,3.198499999999882,4.693200000001951,0
1566,9.096417233560091,1,4096,0,1.0,-39.47118007552395,,-1,0,-1,,0,0,,1,1.894400000001184,2.143000000000228,2
1567,9.102222222222222,1,4096,0,1.0,-38.95091691021819,,-1,0,-1,,0,0,,1,0.6301000000021872,2.818899999997626,1
1568,9.108027210884353,1,4096,0,1.0,-41.43506633535486,0.08847153186798096,64,0,-1,,0,0,2.504099999999454,0,2.9322999999976673,5.825900000001383,0
1569,9.113832199546485,1,4096,0,1.0,-44.44037777980351,,-1,0,-1,,0,0,,1,0.7321999999980733,0.98729999999847,2
1570,9.119637188208618,1,4096,0,1.0,-46.66605194862803,,-1,0,-1,,0,0,,1,0.3685000000004379,1.3497999999998456,1
1571,9.125442176870749,1,4096,0,1.0,-48.53526590813048,0.034543804824352264,64,0,-1,,0,0,2.4551999999999907,0,2.991099999999136,4.3553999999979,0
1572,9.13124716553288,1,4096,0,1.0,-51.74404093402748,,-1,0,-1,,0,0,,1,1.0019999999997253,1.3708999999977323,2
1573,9.137052154195011,1,4096,0,1.0,-50.67651137684682,,-1,0,-1,,0,0,,1,0.775499999999596,2.1559000000017647,1
1574,9.142857142857142,1,4096,0,1.0,-52.28267956035813,0.009736702777445316,64,0,-1,,0,0,4.451299999999492,0,5.165099999999256,7.335600000001108,0
1575,9.148662131519274,1,4096,0,1.0,-53.499024703636394,,-1,0,-1,,0,0,,1,2.0355000000016332,2.2719999999978313,2
1576,9.154467120181407,1,4096,0,1.0,-54.99725287719941,,-1,0,-1,,0,0,,1,0.7997000000017351,3.1335999999981823,1
1577,9.160272108843538,1,4096,0,1.0,-61.32379779817478,0.005416447296738625,64,0,-1,,0,0,2.8650999999975113,0,3.888800000002135,7.151300000000305,3
1578,9.166077097505669,1,4096,0,1.0,-57.64739608020656,,-1,0,-1,,0,0,,1,0.5998000000033699,0.9035999999973399,2
1579,9.1718820861678,1,4096,0,1.0,-54.734611546466574,,-1,0,-1,,0,0,,1,0.426900000000785,1.3427000000021394,1
1580,9.177687074829931,1,4096,0,1.0,-54.64472379430276,0.003512911731377244,64,0,-1,,0,0,2.3911000000005345,0,2.856000000001302,4.227199999998987,0
1581,9.183492063492064,1,4096,0,1.0,-55.385792155652624,,-1,0,-1,,0,0,,1,1.9088999999965495,2.2914999999983365,2
1582,9.189297052154195,1,4096,0,1.0,-57.583591263457805,,-1,0,-1,,0,0,,1,1.6390000000008342,3.98140000000069,1
1583,9.195102040816327,1,4096,0,1.0,-56.223722142974296,0.0024650467094033957,64,0,-1,,0,0,8.576000000001471,0,10.494899999997642,14.54169999999877,0
1584,9.200907029478458,1,4096,0,1.0,-54.56797458423794,,-1,0,-1,,0,0,,1,1.7955999999976768,2.2172000000004743,2
1585,9.206712018140589,1,4096,0,1.0,-42.30323355727155,,-1,0,-1,,0,0,,1,0.9666999999993209,3.2399000000005174,1
1586,9.21251700680272,1,4096,0,1.0,-45.138544998358825,0.006566369440406561,64,0,-1,,0,0,4.5530000000013615,0,6.709400000001864,10.04740000000126,0
1587,9.218321995464853,1,4096,0,1.0,-38.58706035019893,,-1,0,-1,,0,0,,1,0.8800999999998282,1.2648000000012871,2
1588,9.224126984126984,1,4096,0,1.0,-39.03403627490591,,-1,0,-1,,0,0,,1,0.6544999999995582,1.9859000000010951,1
1589,9.229931972789116,1,4096,0,1.0,-39.19580067983263,0.007557552307844162,64,0,-1,,0,0,6.119600000001668,0,7.070800000001043,9.210699999997018,0
1590,9.235736961451247,1,4096,0,1.0,-38.18413007745193,,-1,0,-1,,0,0,,1,0.8723999999986631,1.108400000003229,2
1591,9.241541950113378,1,4096,0,1.0,-39.869352009753726,,-1,0,-1,,0,0,,1,0.5769999999998277,1.7207000000034611,1
1592,9.247346938775511,1,4096,0,1.0,-34.56392282865907,0.006620520725846291,64,0,-1,,0,0,5.683600000001121,0,6.6720999999994035,8.459999999999468,0
1593,9.253151927437642,1,4096,0,1.0,-40.85242074717815,,-1,0,-1,,0,0,,1,0.5871999999982336,0.8328999999989151,2
1594,9.258956916099773,1,4096,0,1.0,-37.64806584055011,,-1,0,-1,,0,0,,1,0.4619999999988522,1.2931999999992172,1
1595,9.264761904761905,1,4096,0,1.0,-48.219865450238615,0.004633852746337652,64,0,-1,,0,0,3.016399999999919,0,3.767699999997376,5.125199999998387,0
1596,9.270566893424036,1,4096,0,1.0,-45.89545063613559,,-1,0,-1,,0,0,,1,1.0121999999981313,1.2356000000011136,2
1597,9.276371882086167,1,4096,0,1.0,-47.49129098906619,,-1,0,-1,,0,0,,1,0.7649000000000683,2.058600000001576,1
1598,9.2821768707483,1,4096,0,1.0,-45.39820577086637,0.006026363465934992,64,0,-1,,0,0,2.7375999999996736,0,3.5388000000011743,5.661200000002253,0
1599,9.287981859410431,1,4096,0,1.0,-44.99865040642695,,-1,0,-1,,0,0,,1,0.9183999999997638,1.3009000000003823,2
1600,9.293786848072562,1,4096,0,1.0,-36.92832910379956,,-1,0,-1,,0,0,,1,0.6731000000002041,2.007200000001319,1
1601,9.299591836734693,1,4096,0,1.0,-40.388838182215856,0.008976626209914684,64,0,-1,,0,0,3.1865999999993733,0,3.672300000001627,5.951800000001839,0
1602,9.305396825396825,1,4096,0,1.0,-36.1922597077602,,-1,0,-1,,0,0,,1,0.5527000000000726,0.7770999999969774,2
1603,9.311201814058958,1,4096,0,1.0,-36.678877703889555,,-1,0,-1,,0,0,,1,0.29079999999837014,1.0791999999995028,1
1604,9.317006802721089,1,4096,0,1.0,-38.705791065634465,0.00984069425612688,64,0,-1,,0,0,2.9266999999997267,0,3.283399999997272,4.390299999997183,0
1605,9.32281179138322,1,4096,0,1.0,-35.65144657715209,,-1,0,-1,,0,0,,1,0.6486999999992804,0.8583000000008667,2
1606,9.328616780045351,1,4096,0,1.0,-41.85216284134698,,-1,0,-1,,0,0,,1,0.5099000000008402,1.4244999999988295,1
1607,9.334421768707482,1,4096,0,1.0,-36.895520299107105,0.011541154235601425,64,0,-1,,0,0,3.7731999999977006,0,4.448199999998792,5.925200000000075,0
1608,9.340226757369615,1,4096,0,1.0,-43.814353129853416,,-1,0,-1,,0,0,,1,0.9955000000019254,1.2258000000002767,2
1609,9.346031746031747,1,4096,0,1.0,-37.305603464959376,,-1,0,-1,,0,0,,1,0.7480999999991411,2.050499999999289,1
1610,9.351836734693878,1,4096,0,1.0,-43.14859457711195,0.01113300584256649,67,0,-1,,0,0,4.434899999999686,0,5.370999999996684,7.499300000002762,0
1611,9.357641723356009,1,4096,0,1.0,-39.25982450738878,,-1,0,-1,,0,0,,1,2.214200000000943,2.662499999999568,2
1612,9.36344671201814,1,4096,0,1.0,-39.8273911649527,,-1,0,-1,,0,0,,1,1.8646000000011043,4.69619999999793,1
1613,9.369251700680271,1,4096,0,1.0,-43.47177999508255,0.012497929856181145,70,0,-1,,0,0,3.265499999997701,0,4.406200000005356,9.170999999998486,0
1614,9.375056689342404,1,4096,0,1.0,-41.14085839147062,,-1,0,-1,,0,0,,1,0.8020999999978073,0.9996000000001004,2
1615,9.380861678004536,1,4096,0,1.0,-44.006029531649105,,-1,0,-1,,0,0,,1,1.7332000000003234,2.8420999999987373,1
1616,9.386666666666667,1,4096,0,1.0,-39.9353659277882,0.014392661862075329,70,0,-1,,0,0,6.619000000000597,0,8.451499999999612,11.434999999998752,0
1617,9.392471655328798,1,4096,0,1.0,-37.77236910264895,,-1,0,-1,,0,0,,1,0.996000000000663,1.3150000000017315,2
1618,9.398276643990929,1,4096,0,1.0,-39.550465659147875,,-1,0,-1,,0,0,,1,0.7909999999995421,2.17179999999928,1
1619,9.404081632653062,1,4096,0,1.0,-39.23674257643535,0.011515876278281212,70,0,-1,,0,0,2.9263999999997736,0,3.723399999998378,5.923100000000403,0
1620,9.409886621315193,1,4096,0,1.0,-39.65972444268682,,-1,0,-1,,0,0,,1,0.6720000000015602,0.8786000000000627,2
1621,9.415691609977324,1,4096,0,1.0,-38.89656363412672,,-1,0,-1,,0,0,,1,0.3570000000010509,1.2568999999977848,1
1622,9.421496598639456,1,4096,0,1.0,-36.65804089220008,0.016756128519773483,70,0,-1,,0,0,2.603700000001652,0,3.0487999999984083,4.336899999998423,0
1623,9.427301587301587,1,4096,0,1.0,-39.6505023055148,,-1,0,-1,,0,0,,1,0.5607999999988067,0.7484999999967101,2
1624,9.433106575963718,1,4096,0,1.0,-37.31341388599054,,-1,0,-1,,0,0,,1,0.35360000000039804,1.127099999997938,1
1625,9.438911564625851,1,4096,0,1.0,-37.83144032611587,0.013398394919931889,69,0,-1,,0,0,5.840200000001516,0,6.440400000002455,7.616300000002241,0
1626,9.444716553287982,1,4096,0,1.0,-40.9877123718509,,-1,0,-1,,0,0,,1,2.7481999999992013,3.393400000000213,2
1627,9.450521541950113,1,4096,0,1.0,-40.994296578398455,,-1,0,-1,,0,0,,1,1.9838000000014233,5.44039999999768,1
1628,9.456326530612245,1,4096,0,1.0,-43.809390161123396,0.008977134712040424,69,0,-1,,0,0,5.822899999998299,0,9.203499999998144,14.783900000001182,0
1629,9.462131519274376,1,4096,0,1.0,-42.102532139087984,,-1,0,-1,,0,0,,1,1.811700000001082,2.1419999999992,2
1630,9.467936507936509,1,4096,0,1.0,-43.89654327870133,,-1,0,-1,,0,0,,1,1.5055000000003815,3.70889999999946,1
1631,9.47374149659864,1,4096,0,1.0,-42.25725357643948,0.008403467014431953,64,0,-1,,0,0,5.497699999999384,0,7.393399999997996,11.197100000000404,0
1632,9.479546485260771,1,4096,0,1.0,-41.90775407108752,,-1,0,-1,,0,0,,1,0.6563999999968928,0.827899999997328,2
1633,9.485351473922902,1,4096,0,1.0,-35.198439894849756,,-1,0,-1,,0,0,,1,0.3075999999992973,1.1396999999995217,1
1634,9.491156462585034,1,4096,0,1.0,-34.643953333722756,0.014160232618451118,64,0,-1,,0,0,2.5390999999999053,0,2.9605000000003656,4.115099999999927,0
1635,9.496961451247165,1,4096,0,1.0,-32.65081076810475,,-1,0,-1,,0,0,,1,2.664899999999193,3.038799999998787,2
1636,9.502766439909298,1,4096,0,1.0,-30.159674660788326,,-1,0,-1,,0,0,,1,1.2980999999996357,4.454100000000238,1
1637,9.508571428571429,1,4096,0,1.0,-36.810491852710335,0.015732988715171814,64,0,-1,,0,0,3.277199999999425,0,4.577099999998779,9.141799999998312,0
1638,9.51437641723356,1,4096,0,1.0,-29.41880762456714,,-1,0,-1,,0,0,,1,0.7314000000029353,0.9382000000002222,2
1639,9.520181405895691,1,4096,0,1.0,-31.7333093144832,,-1,0,-1,,0,0,,1,0.43390000000087525,1.4089000000012675,1
1640,9.525986394557822,1,4096,0,1.0,-36.740531458909146,0.024317219853401184,70,0,-1,,0,0,2.804099999998755,0,3.2779000000005,4.714299999999838,0
1641,9.531791383219955,1,4096,0,1.0,-32.27549926661841,,-1,0,-1,,0,0,,1,0.8110000000023376,1.0018000000009408,2
1642,9.537596371882087,1,4096,0,1.0,-31.22044913185477,,-1,0,-1,,0,0,,1,0.5084000000010747,1.5475000000009231,1
1643,9.543401360544218,1,4096,0,1.0,-35.00359625134083,0.031644295901060104,70,0,-1,,0,0,3.1530000000010716,0,3.883899999998164,5.47499999999701,0
1644,9.549206349206349,1,4096,0,1.0,-37.64056257951787,,-1,0,-1,,0,0,,1,1.6518999999988182,2.1371999999999503,2
1645,9.55501133786848,1,4096,0,1.0,-39.409950857060764,,-1,0,-1,,0,0,,1,0.7611999999994623,2.9003999999979158,1
1646,9.560816326530611,1,4096,0,1.0,-40.58878882768159,0.034895334392786026,70,0,-1,,0,0,5.908699999999101,0,7.322599999998403,10.271899999999334,3
1647,9.566621315192744,1,4096,0,1.0,-41.18346200044332,,-1,0,-1,,0,0,,1,1.2460999999994726,2.5914000000000215,2
1648,9.572426303854876,1,4096,0,1.0,-47.143214958822384,,-1,0,-1,,0,0,,1,0.769399999999365,3.4269999999985146,1
1649,9.578231292517007,1,4096,0,1.0,-46.933689126780635,0.01954726316034794,70,0,-1,,0,0,4.699600000002135,0,5.600600000001066,9.09419999999983,0
1650,9.584036281179138,1,4096,0,1.0,-50.5271288205424,,-1,0,-1,,0,0,,1,1.7431999999999448,2.1127999999990266,2
1651,9.58984126984127,1,4096,0,1.0,-50.81961228215534,,-1,0,-1,,0,0,,1,1.0932999999972992,3.2779000000005,1
1652,9.595646258503402,1,4096,0,1.0,-50.150517105365935,0.010330581106245518,70,0,-1,,0,0,6.695200000002899,0,8.192399999998656,11.563100000000048,0
1653,9.601451247165533,1,4096,0,1.0,-51.92912089747169,,-1,0,-1,,0,0,,1,1.4100999999975272,1.7545000000005473,2
1654,9.607256235827665,1,4096,0,1.0,-47.722296435037066,,-1,0,-1,,0,0,,1,1.4640999999997462,3.3020000000014704,1
1655,9.613061224489796,1,4096,0,1.0,-47.84691797342211,0.01024328451603651,64,0,-1,,0,0,3.7845999999994717,0,5.180400000000418,8.812700000000007,0
1656,9.618866213151927,1,4096,0,1.0,-56.00883252445393,,-1,0,-1,,0,0,,1,0.5905999999988865,0.7766999999994084,2
1657,9.624671201814058,1,4096,0,1.0,-55.379566314915465,,-1,0,-1,,0,0,,1,0.34859999999881097,1.1498999999979276,1
1658,9.630476190476191,1,4096,0,1.0,-56.533529679403436,0.0028645291458815336,64,0,-1,,0,0,4.773500000002429,0,5.309900000000312,6.4995000000003245,0
1659,9.636281179138322,1,4096,0,1.0,-56.59033401652434,,-1,0,-1,,0,0,,1,0.622100000001069,0.9674000000003957,2
1660,9.642086167800453,1,4096,0,1.0,-60.86507283739628,,-1,0,-1,,0,0,,1,0.4429999999970846,1.4415000000020939,1
1661,9.647891156462585,1,4096,0,1.0,-58.32075021371071,0.0030833682976663113,64,0,-1,,0,0,3.83950000000155,0,4.609599999998437,6.10510000000275,0
1662,9.653696145124716,1,4096,0,1.0,-61.591302556320365,,-1,0,-1,,0,0,,1,0.6029999999981328,0.7964999999998668,2
1663,9.659501133786849,1,4096,0,1.0,-61.338846342221835,,-1,0,-1,,0,0,,1,0.3681999999969321,1.190900000000994,1
1664,9.66530612244898,1,4096,0,1.0,-61.437656821053544,0.0018605481600388885,64,0,-1,,0,0,2.4775999999988585,0,2.950899999998313,4.177899999998402,0
1665,9.671111111111111,1,4096,0,1.0,-64.8586216919009,,-1,0,-1,,0,0,,1,1.5640000000018972,1.970499999998765,2
1666,9.676916099773242,1,4096,0,1.0,-66.79553004381619,,-1,0,-1,,0,0,,1,1.1536999999997022,3.2078000000019813,1
1667,9.682721088435374,1,4096,0,1.0,-73.26425105167569,0.0022375003900378942,59,0,-1,,0,0,5.069899999998739,0,6.288500000000141,9.616099999998795,0
1668,9.688526077097505,1,4096,0,0.0,-76.97730189390472,,-1,0,-1,,0,0,,1,3.079899999999469,3.6239000000009014,2
1669,9.694331065759638,1,4096,0,0.0,-84.61290587110021,,-1,0,-1,,0,0,,1,1.340899999998868,5.020500000000538,1
1670,9.700136054421769,1,4096,0,0.0,-83.04875087483143,0.0022792089730501175,59,0,-1,,0,0,4.856900000000053,0,6.1053000000015345,11.181000000000552,3
1671,9.7059410430839,1,4096,0,1.0,-82.80393018488314,,-1,0,-1,,0,0,,1,0.6467000000007772,1.2407000000003165,2
1672,9.711746031746031,1,4096,0,0.8118414716489725,-82.65291007427905,,-1,0,-1,,0,0,,1,0.6460999999973183,1.798800000003098,1
1673,9.717551020408163,1,4096,0,1.0,-81.06242098750559,0.0025204820558428764,59,0,-1,,0,0,7.03009999999793,0,7.967400000001845,9.841099999999159,0
1674,9.723356009070296,1,4096,0,0.5712185053932877,-82.71741298579555,,-1,0,-1,,0,0,,1,1.8881999999997845,2.581700000000353,2
1675,9.729160997732427,1,4096,0,0.0,-88.36781501505797,,-1,0,-1,,0,0,,1,1.2618999999993719,4.554599999998743,1
1676,9.734965986394558,1,4096,0,0.0,-88.14574273829797,0.0024628560058772564,59,0,-1,,0,0,5.362099999999259,0,6.675799999996457,11.322599999999738,0
1677,9.740770975056689,1,4096,0,0.013837146485188596,-90.00953804827043,,-1,0,-1,,0,0,,1,2.6643000000028394,3.2161000000030526,2
1678,9.74657596371882,1,4096,0,0.0,-91.02130320678421,,-1,0,-1,,0,0,,1,1.0063000000002376,4.3122000000010985,1
1679,9.752380952380953,1,4096,0,0.0,-91.90492640292644,0.0026387893594801426,59,0,-1,,0,0,3.3770000000004075,0,4.426200000001046,8.79499999999922,0
1680,9.758185941043084,1,4096,0,0.0,-91.50723190533614,,-1,0,-1,,0,0,,1,2.348000000001349,2.784699999999418,2
1681,9.763990929705216,1,4096,0,0.0,-91.90492640292644,,-1,0,-1,,0,0,,1,0.8532999999992796,3.6427999999979477,1
1682,9.769795918367347,1,4096,0,0.0,-88.52243371303831,0.002635612152516842,59,0,-1,,0,0,6.193299999999624,0,7.333100000000314,11.025400000001184,3
1683,9.775600907029478,1,4096,0,0.0,-88.98466467932649,,-1,0,-1,,0,0,,1,2.8231000000005224,6.7288000000012005,2
1684,9.78140589569161,1,4096,0,0.0,-89.39075138477399,,-1,0,-1,,0,0,,1,1.5148000000024808,8.701800000000759,1
1685,9.787210884353742,1,4096,0,0.0,-91.57481901810593,0.0026335674338042736,59,0,-1,,0,0,5.332699999996748,0,6.4778000000025315,15.27499999999904,0
1686,9.793015873015873,1,4096,0,0.0,-93.20958212190418,,-1,0,-1,,0,0,,1,2.042499999998171,2.4143000000016457,2
1687,9.798820861678005,1,4096,0,0.0,-94.6937514599202,,-1,0,-1,,0,0,,1,1.9023000000011336,4.381899999998495,1
1688,9.804625850340136,1,4096,0,0.0,-95.56758314090658,0.0026356647722423077,59,0,-1,,0,0,5.6466999999997824,0,6.833700000001386,11.30510000000129,0
1689,9.810430839002267,1,4096,0,0.0,-96.59003495889704,,-1,0,-1,,0,0,,1,1.4436999999993816,1.6746999999988077,2
1690,9.8162358276644,1,4096,0,0.0,-95.68297888648334,,-1,0,-1,,0,0,,1,0.9306999999978416,2.664800000001577,1
1691,9.822040816326531,1,4096,0,0.0,-95.34560181526919,0.0026345220394432545,59,0,-1,,0,0,2.630700000000985,0,3.179599999999283,5.167800000002387,0
1692,9.827845804988662,1,4096,0,0.0,-96.44826950478262,,-1,0,-1,,0,0,,1,0.8996000000003335,1.1908999999974412,2
1693,9.833650793650794,1,4096,0,0.0,-95.86203353190663,,-1,0,-1,,0,0,,1,0.6374999999998465,1.8743000000007726,1
1694,9.839455782312925,1,4096,0,0.0,-94.5562685869605,0.0026338256429880857,59,0,-1,,0,0,5.52550000000096,0,6.663500000001932,8.622299999998972,3
1695,9.845260770975056,1,4096,0,0.0,-94.83572925497432,,-1,0,-1,,0,0,,1,1.413100000000611,4.516800000001098,2
1696,9.851065759637189,1,4096,0,0.0,-95.34560181526919,,-1,0,-1,,0,0,,1,0.7501999999988129,5.30329999999779,1
1697,9.85687074829932,1,4096,0,0.0,-95.4551743635379,0.0026341057382524014,59,0,-1,,0,0,4.772400000000232,0,5.570600000002202,10.908399999998153,0
1698,9.862675736961451,1,4096,0,0.0,-94.83572925497432,,-1,0,-1,,0,0,,1,1.0981000000001018,1.5676999999989505,2
1699,9.868480725623582,1,4096,0,0.0,-95.1862583060634,,-1,0,-1,,0,0,,1,0.5008000000010782,2.0330000000008397,1
1700,9.874285714285714,1,4096,0,0.0,-94.98250585300241,0.002632500370964408,59,0,-1,,0,0,3.9391000000001952,0,4.562400000004629,6.632199999998534,0
1701,9.880090702947847,1,4096,0,0.0,-93.41275847080522,,-1,0,-1,,0,0,,1,0.8586000000008198,1.0945999999982803,2
1702,9.885895691609978,1,4096,0,0.0,-85.34275650437675,,-1,0,-1,,0,0,,1,0.5105999999983624,1.637799999997469,1
1703,9.891700680272109,1,512,1,1.0,-58.43149774220488,0.025912217795848846,59,0,-1,,0,0,3.5401999999997713,0,4.152999999998741,5.818200000000218,0
1704,9.89750566893424,1,512,0,1.0,-50.67047457343067,,-1,0,-1,,0,0,,1,3.011300000000716,3.4324999999988393,2
1705,9.903310657596371,1,512,0,1.0,-52.15274323693593,,-1,0,-1,,0,0,,1,1.552300000000173,5.093899999998541,1
1706,9.909115646258503,1,1024,0,1.0,-50.29944917162044,0.29978448152542114,59,0,-1,,0,0,3.980999999999568,0,5.104400000000453,10.248099999998317,0
1707,9.914920634920636,1,1024,0,1.0,-52.916356323878944,,-1,0,-1,,0,0,,1,0.7061999999997681,1.0347999999993363,2
1708,9.920725623582767,1,2048,0,1.0,-52.435995857322546,,-1,0,-1,,0,0,,1,0.6625000000006764,1.7472999999981198,1
1709,9.926530612244898,1,2048,0,1.0,-49.81608197490027,0.10925321280956268,59,0,-1,,0,0,5.07119999999972,0,5.812599999995172,7.622099999998966,0
1710,9.93233560090703,1,2048,0,1.0,-41.43562921976291,,-1,0,-1,,0,0,,1,0.6751999999998759,0.8505999999997016,2
1711,9.93814058956916,1,2048,0,1.0,-39.648009618483606,,-1,0,-1,,0,0,,1,0.40959999999756747,1.2850000000028672,1
1712,9.943945578231293,1,4096,0,1.0,-37.919921690055,0.012702527455985546,67,0,-1,,0,0,2.667500000001155,0,3.2351000000012675,4.544199999998,0
1713,9.949750566893425,1,4096,0,1.0,-35.43400014997969,,-1,0,-1,,0,0,,1,1.1432000000013431,1.3539999999991892,2
1714,9.955555555555556,1,4096,0,1.0,-36.685445433828676,,-1,0,-1,,0,0,,1,0.8704000000001599,2.3151000000005695,1
1715,9.961360544217687,1,4096,0,1.0,-38.86562255313247,0.016215380281209946,67,0,-1,,0,0,4.100100000002271,0,6.143099999995627,8.22549999999822,3
1716,9.967165532879818,1,4096,0,1.0,-42.464916553672644,,-1,0,-1,,0,0,,1,0.8580000000009136,1.5092000000009875,2
1717,9.97297052154195,1,4096,0,1.0,-51.05105848544638,,-1,0,-1,,0,0,,1,1.070699999999647,2.6768000000032544,1
1718,9.978775510204082,1,4096,0,1.0,-45.130171501293255,0.016826262697577477,66,0,-1,,0,0,5.714499999999845,0,9.41789999999898,12.201499999999754,0
1719,9.984580498866213,1,4096,0,1.0,-45.1395700555456,,-1,0,-1,,0,0,,1,2.1053999999978146,2.4742999999993742,2
1720,9.990385487528345,1,4096,0,1.0,-45.37201642529232,,-1,0,-1,,0,0,,1,1.1246000000006973,3.645999999999816,1
1721,9.996190476190476,1,4096,0,1.0,-46.182998690665556,0.01699083484709263,66,0,-1,,0,0,4.616000000002174,0,5.350299999999919,9.026500000000937,0
1722,10.001995464852607,1,4096,0,1.0,-46.84409574387967,,-1,0,-1,,0,0,,1,0.7609999999971251,1.0097000000008904,2
1723,10.00780045351474,1,4096,0,1.0,-42.27723821192881,,-1,0,-1,,0,0,,1,0.48759999999958836,1.5014000000022065,1
1724,10.013605442176871,1,4096,0,1.0,-42.55058483537485,0.024132411926984787,66,0,-1,,0,0,6.908599999999154,0,7.956200000002411,9.512300000000806,0
1725,10.019410430839002,1,4096,0,1.0,-40.35472648479664,,-1,0,-1,,0,0,,1,2.4151000000003364,2.7733999999988157,2
1726,10.025215419501134,1,4096,0,1.0,-37.82203618523106,,-1,0,-1,,0,0,,1,1.9071000000003835,4.844600000001975,1
1727,10.031020408163265,1,4096,0,1.0,-35.64937196389749,0.029219185933470726,66,0,-1,,0,0,3.2831999999984873,0,5.2069000000010135,10.173699999999286,0
1728,10.036825396825396,1,4096,0,1.0,-37.19085327112139,,-1,0,-1,,0,0,,1,1.7969000000022106,2.1094999999995423,2
1729,10.042630385487529,1,4096,0,1.0,-34.69959907322402,,-1,0,-1,,0,0,,1,0.664399999998011,2.8199999999998226,1
1730,10.04843537414966,1,4096,0,1.0,-35.5372275271761,0.025491293519735336,66,0,-1,,0,0,4.702099999999376,0,6.305000000001115,9.203599999999312,0
1731,10.054240362811791,1,4096,0,1.0,-37.17699275597917,,-1,0,-1,,0,0,,1,0.752899999998391,1.0514999999990948,2
1732,10.060045351473923,1,4096,0,1.0,-36.62992335336033,,-1,0,-1,,0,0,,1,1.1393000000019526,2.244999999998498,1
1733,10.065850340136054,1,4096,0,1.0,-36.80290009955663,0.029872070997953415,70,0,-1,,0,0,8.16199999999867,0,10.124799999999823,12.487400000001259,0
1734,10.071655328798187,1,4096,0,1.0,-36.16112185492359,,-1,0,-1,,0,0,,1,2.828000000000941,3.1967000000001633,2
1735,10.077460317460318,1,4096,0,1.0,-42.55823367202443,,-1,0,-1,,0,0,,1,1.4222000000003732,3.5641000000019574,1
1736,10.083265306122449,1,4096,0,1.0,-44.169931549387165,0.020577479153871536,70,0,-1,,0,0,3.965499999999622,0,5.4977999999969995,9.021600000000518,0
1737,10.08907029478458,1,4096,0,1.0,-43.16081251468055,,-1,0,-1,,0,0,,1,1.741400000000226,2.111999999996783,2
1738,10.094875283446711,1,4096,0,1.0,-45.28423818014765,,-1,0,-1,,0,0,,1,0.5791000000030522,2.6409000000029437,1
1739,10.100680272108843,1,4096,0,1.0,-49.78949721227205,0.01162341982126236,70,0,-1,,0,0,3.0844999999999345,0,3.824000000001604,6.475900000001644,0
1740,10.106485260770976,1,4096,0,1.0,-53.0318732461767,,-1,0,-1,,0,0,,1,1.4603999999991402,1.7268000000001393,2
1741,10.112290249433107,1,4096,0,1.0,-54.995984816403606,,-1,0,-1,,0,0,,1,1.303700000001129,3.090400000001381,1
1742,10.118095238095238,1,4096,0,1.0,-57.56539688012385,0.003785000881180167,64,0,-1,,0,0,5.24820000000048,0,6.102099999996113,9.263099999998303,0
1743,10.12390022675737,1,4096,0,1.0,-56.95271749127816,,-1,0,-1,,0,0,,1,1.7187000000014052,2.076499999997594,2
1744,10.1297052154195,1,4096,0,1.0,-60.56193433677844,,-1,0,-1,,0,0,,1,0.9583000000006336,3.022200000000197,1
1745,10.135510204081633,1,4096,0,1.0,-60.05470348715903,0.0033953648526221514,64,0,-1,,0,0,3.6701999999984025,0,5.01029999999858,7.158999999997917,0
1746,10.141315192743765,1,4096,0,1.0,-60.991257164083976,,-1,0,-1,,0,0,,1,1.0994000000010828,1.6372999999987314,2
1747,10.147120181405896,1,4096,0,1.0,-54.83652553571568,,-1,0,-1,,0,0,,1,0.5123999999980811,2.1293999999976165,1
1748,10.152925170068027,1,4096,0,1.0,-54.0009263175357,0.002303051296621561,64,0,-1,,0,0,3.3932999999990443,0,4.000500000000073,6.118900000000593,0
1749,10.158730158730158,1,4096,0,1.0,-52.21960984779298,,-1,0,-1,,0,0,,1,1.0004000000023439,1.2636000000014747,2
1750,10.164535147392291,1,4096,0,1.0,-56.021784993033165,,-1,0,-1,,0,0,,1,0.5276999999992427,1.785399999999271,1
1751,10.170340136054422,1,4096,0,1.0,-50.37496833685694,0.003041365183889866,64,0,-1,,0,0,3.248500000001542,0,3.9094999999989,5.714199999999892,0
1752,10.176145124716554,1,4096,0,1.0,-50.024740997958816,,-1,0,-1,,0,0,,1,1.7060999999998216,1.9394999999988727,2
1753,10.181950113378685,1,4096,0,1.0,-44.5790185541796,,-1,0,-1,,0,0,,1,1.1174000000018225,2.747200000001726,1
1754,10.187755102040816,1,4096,0,1.0,-43.15947768584728,0.009386580437421799,59,0,-1,,0,0,3.1314000000008946,0,4.104600000001568,6.812299999999993,0
1755,10.193560090702947,1,4096,0,1.0,-43.02669066364363,,-1,0,-1,,0,0,,1,1.0799000000005776,1.2684999999983404,2
1756,10.19936507936508,1,4096,0,1.0,-44.586025290727804,,-1,0,-1,,0,0,,1,0.626199999999244,1.9784999999998831,1
1757,10.205170068027211,1,4096,0,1.0,-42.545651040939504,0.00985571276396513,67,0,-1,,0,0,2.8804999999998415,0,3.5208000000039874,5.149899999999263,0
1758,10.210975056689342,1,4096,0,1.0,-40.18518981792501,,-1,0,-1,,0,0,,1,1.3728999999997882,1.6558000000017614,2
1759,10.216780045351474,1,4096,0,1.0,-42.21724902606512,,-1,0,-1,,0,0,,1,0.5662999999991314,2.1956000000002973,1
1760,10.222585034013605,1,4096,0,1.0,-42.604917740828505,0.009428559802472591,66,0,-1,,0,0,3.460600000000369,0,4.169499999999715,5.769199999999586,0
1761,10.228390022675738,1,4096,0,1.0,-48.1509018783608,,-1,0,-1,,0,0,,1,1.3332000000012556,1.5990000000023485,2
1762,10.234195011337869,1,4096,0,1.0,-50.95722915091736,,-1,0,-1,,0,0,,1,1.2237000000006049,2.8480000000001837,1
1763,10.24,1,4096,0,1.0,-54.40500753368485,0.005558413453400135,66,0,-1,,0,0,4.630300000002308,0,5.645099999998848,7.849999999997692,3
1764,10.245804988662131,1,4096,0,1.0,-55.20738159817209,,-1,0,-1,,0,0,,1,0.5719999999982406,2.5799999999982504,2
1765,10.251609977324263,1,4096,0,1.0,-56.71745525376187,,-1,0,-1,,0,0,,1,0.45099999999820284,3.0295000000002403,1
1766,10.257414965986394,1,4096,0,1.0,-57.25162118333613,0.003664317773655057,66,0,-1,,0,0,2.98880000000068,0,3.5628000000009763,6.614800000001253,0
1767,10.263219954648527,1,4096,0,1.0,-55.32110114498519,,-1,0,-1,,0,0,,1,1.1872999999980038,1.4013999999988869,2
1768,10.269024943310658,1,4096,0,1.0,-54.36714019964592,,-1,0,-1,,0,0,,1,0.517700000003174,1.903500000000946,1
1769,10.27482993197279,1,4096,0,1.0,-51.02993571988574,0.0033462001010775566,66,0,-1,,0,0,3.2648000000001787,0,3.867599999999527,5.161599999997435,0
1770,10.28063492063492,1,4096,0,1.0,-43.113440773778464,,-1,0,-1,,0,0,,1,2.1779999999971267,2.3887000000009095,2
1771,10.286439909297052,1,4096,0,1.0,-42.89787119806221,,-1,0,-1,,0,0,,1,1.5412000000019077,2.9508000000006973,1
1772,10.292244897959185,1,4096,0,1.0,-36.01092239093142,0.006309710443019867,66,0,-1,,0,0,4.51269999999937,0,6.416800000000222,9.088500000000721,0
1773,10.298049886621316,1,4096,0,1.0,-41.13539819488721,,-1,0,-1,,0,0,,1,1.0391999999974644,1.1793999999980542,2
1774,10.303854875283447,1,4096,0,1.0,-39.71038182967997,,-1,0,-1,,0,0,,1,0.42970000000153163,1.2460999999994726,1
1775,10.309659863945578,1,4096,0,1.0,-39.731174316524196,0.005066563840955496,64,0,-1,,0,0,3.95950000000056,0,4.724199999998291,5.966999999998279,0
1776,10.31546485260771,1,4096,0,1.0,-42.368427894936644,,-1,0,-1,,0,0,,1,1.7169000000016865,1.8956000000009965,2
1777,10.32126984126984,1,4096,0,1.0,-39.148278760638576,,-1,0,-1,,0,0,,1,1.335499999999712,2.569299999997554,1
1778,10.327074829931973,1,4096,0,1.0,-43.98076538280178,0.007280194200575352,64,0,-1,,0,0,3.5405999999973403,0,4.7714000000063095,7.406899999999439,0
1779,10.332879818594105,1,4096,0,1.0,-42.07591414384402,,-1,0,-1,,0,0,,1,1.723599999998271,1.9796000000020797,2
1780,10.338684807256236,1,4096,0,1.0,-45.75371589179187,,-1,0,-1,,0,0,,1,0.8788000000023999,2.881600000002038,1
1781,10.344489795918367,1,4096,0,1.0,-44.901117967143335,0.008143463172018528,64,0,-1,,0,0,3.5118000000018412,0,4.501899999997505,6.590500000001498,0
1782,10.350294784580498,1,4096,0,1.0,-46.68815312902791,,-1,0,-1,,0,0,,1,1.4558000000022275,2.2038000000002,2
1783,10.356099773242631,1,4096,0,1.0,-46.55049629803301,,-1,0,-1,,0,0,,1,1.075700000001234,3.2130999999999688,1
1784,10.361904761904762,1,4096,0,1.0,-46.45661229820373,0.005342505872249603,64,0,-1,,0,0,4.7610999999996295,0,6.066099999998187,9.34339999999878,0
1785,10.367709750566894,1,4096,0,1.0,-45.81278950571214,,-1,0,-1,,0,0,,1,2.425999999999817,3.1371000000000038,2
1786,10.373514739229025,1,4096,0,1.0,-44.11084175016854,,-1,0,-1,,0,0,,1,1.1103000000005636,3.9187000000033834,1
1787,10.379319727891156,1,4096,0,1.0,-41.49245461825366,0.006062740925699472,64,0,-1,,0,0,3.670299999999571,0,4.931499999997868,8.521299999998178,0
1788,10.385124716553287,1,4096,0,1.0,-42.72620672768866,,-1,0,-1,,0,0,,1,0.7863999999990767,1.1031999999993047,2
1789,10.39092970521542,1,4096,0,1.0,-43.80973543572993,,-1,0,-1,,0,0,,1,0.5103999999995779,1.591499999999968,1
1790,10.396734693877551,1,4096,0,1.0,-43.187148308790256,0.0042811245657503605,64,0,-1,,0,0,3.8465000000016403,0,5.016400000002363,6.6224000000012495,0
1791,10.402539682539683,1,4096,0,1.0,-38.063601886815874,,-1,0,-1,,0,0,,1,2.3093999999979076,2.6690000000009206,2
1792,10.408344671201814,1,4096,0,1.0,-39.69497650348688,,-1,0,-1,,0,0,,1,1.860699999998161,4.690599999999989,1
1793,10.414149659863945,1,4096,0,1.0,-40.06353270530417,0.0050429231487214565,64,0,-1,,0,0,3.3490000000000464,0,4.742799999998937,9.520999999999447,0
1794,10.419954648526078,1,4096,0,1.0,-41.67578583680621,,-1,0,-1,,0,0,,1,0.7169000000004644,1.037999999997652,2
1795,10.425759637188209,1,4096,0,1.0,-42.78239737008774,,-1,0,-1,,0,0,,1,0.5603000000000691,1.649999999997931,1
1796,10.43156462585034,1,4096,0,1.0,-41.566512646510496,0.004758996888995171,64,0,-1,,0,0,5.350899999999825,0,6.177699999998509,7.881199999999922,0
1797,10.437369614512471,1,4096,0,1.0,-41.30969447304088,,-1,0,-1,,0,0,,1,4.155399999998366,4.864899999997618,2
1798,10.443174603174603,1,4096,0,1.0,-40.60736677809384,,-1,0,-1,,0,0,,1,2.3438000000020054,7.26969999999838,1
1799,10.448979591836734,1,4096,0,1.0,-42.400711531889655,0.0052881701849401,64,0,-1,,0,0,5.792300000003081,0,8.470599999998996,15.83010000000229,0
1800,10.454784580498867,1,4096,0,1.0,-41.98975275744814,,-1,0,-1,,0,0,,1,0.9066000000004237,1.0918000000010863,2
1801,10.460589569160998,1,4096,0,1.0,-46.04057684567898,,-1,0,-1,,0,0,,1,1.1622000000031107,2.5262999999995372,1
1802,10.46639455782313,1,4096,0,1.0,-45.976198634980776,0.0055684116668999195,64,0,-1,,0,0,7.538000000000267,0,9.503500000000997,12.197000000000457,0
1803,10.47219954648526,1,4096,0,1.0,-44.99285792026424,,-1,0,-1,,0,0,,1,1.798499999999592,2.1398999999995283,2
1804,10.478004535147392,1,4096,0,1.0,-44.72953066147889,,-1,0,-1,,0,0,,1,1.4584999999982529,3.641299999998182,1
1805,10.483809523809525,1,4096,0,1.0,-51.269916285321955,0.004551699385046959,64,0,-1,,0,0,3.477100000001343,0,4.732400000001746,8.432599999999013,0
1806,10.489614512471656,1,4096,0,1.0,-45.06613396523097,,-1,0,-1,,0,0,,1,1.6366000000012093,2.0293000000002337,2
1807,10.495419501133787,1,4096,0,1.0,-48.39244621099834,,-1,0,-1,,0,0,,1,0.7397000000004539,2.851200000002052,1
1808,10.501224489795918,1,4096,0,1.0,-43.86028137790514,0.005257085897028446,69,0,-1,,0,0,3.3706999999978393,0,4.153399999999863,7.0240000000012515,0
1809,10.50702947845805,1,4096,0,1.0,-49.641183557122304,,-1,0,-1,,0,0,,1,0.7199999999976114,1.009800000002059,2
1810,10.51283446712018,1,4096,0,1.0,-52.87963644764365,,-1,0,-1,,0,0,,1,0.5299000000000831,1.5295999999977994,1
1811,10.518639455782314,1,4096,0,1.0,-51.65864343601709,0.004322700668126345,69,0,-1,,0,0,5.227100000002594,0,5.975800000001641,7.520500000001817,0
1812,10.524444444444445,1,4096,0,1.0,-54.69432188563011,,-1,0,-1,,0,0,,1,3.1183999999981893,3.4381000000003326,2
1813,10.530249433106576,1,4096,0,1.0,-50.39781779740646,,-1,0,-1,,0,0,,1,0.6808999999989851,4.067400000000276,1
1814,10.536054421768707,1,4096,0,1.0,-53.28606932049852,0.00342367310076952,69,0,-1,,0,0,3.5556000000021015,0,4.2821999999986815,7.725700000001723,0
1815,10.541859410430838,1,4096,0,1.0,-55.579137021168904,,-1,0,-1,,0,0,,1,1.2879999999988456,1.8430999999985431,2
1816,10.547664399092971,1,4096,0,1.0,-55.80305425185101,,-1,0,-1,,0,0,,1,0.8528999999981579,2.6426000000014938,1
1817,10.553469387755102,1,4096,0,1.0,-60.27625728052491,0.0031366513576358557,69,0,-1,,0,0,3.3026000000013767,0,4.041499999999587,6.693899999998365,0
1818,10.559274376417234,1,4096,0,1.0,-65.10737453867517,,-1,0,-1,,0,0,,1,1.1471999999983495,1.399299999999215,2
1819,10.565079365079365,1,4096,0,1.0,-65.99924110050219,,-1,0,-1,,0,0,,1,1.172300000000348,2.6740000000025077,1
1820,10.570884353741496,1,4096,0,1.0,-65.92924770329893,0.002865013899281621,72,0,-1,,0,0,6.581300000000567,0,8.074999999998056,10.869100000000742,3
1821,10.576689342403627,1,512,1,1.0,-67.39412431764623,,-1,0,-1,,0,0,,1,1.2913999999994985,4.38090000000102,2
1822,10.58249433106576,1,512,0,1.0,-71.26639314690789,,-1,0,-1,,0,0,,1,0.7874999999977206,5.2096000000005915,1
1823,10.588299319727891,1,512,0,1.0,-72.93903797966206,0.02019086293876171,59,0,-1,,0,0,3.7701000000005536,0,4.499500000001433,9.749300000002847,0
1824,10.594104308390023,1,1024,0,1.0,-72.63214367078939,,-1,0,-1,,0,0,,1,1.0056999999967786,1.2830999999984272,2
1825,10.599909297052154,1,1024,0,1.0,-74.75244633451473,,-1,0,-1,,0,0,,1,0.7330000000003167,2.0361000000015395,1
1826,10.605714285714285,1,2048,0,1.0,-71.36197192817268,0.019817307591438293,59,0,-1,,0,0,3.394099999997735,0,4.255999999998039,6.338299999999464,0
1827,10.611519274376418,1,2048,0,1.0,-78.28450413823515,,-1,0,-1,,0,0,,1,0.9328000000010661,1.1897000000011815,2
1828,10.61732426303855,1,2048,0,0.39949894654518053,-80.99633762140037,,-1,0,-1,,0,0,,1,0.9216000000016322,2.1436000000001343,1
1829,10.62312925170068,1,2048,0,0.0,-83.34900370396264,0.019901543855667114,59,0,-1,,0,0,4.398200000000685,0,5.485899999996491,7.705400000002527,0
1830,10.628934240362812,1,4096,0,0.0,-86.19415061650452,,-1,0,-1,,0,0,,1,0.8649999999974511,1.127099999997938,2
1831,10.634739229024943,1,4096,0,0.0,-85.19395179415122,,-1,0,-1,,0,0,,1,0.45509999999993056,1.610799999998136,1
1832,10.640544217687076,1,4096,0,1.0,-80.85555387057684,0.002625418594107032,59,0,-1,,0,0,5.230899999997263,0,5.923899999999094,7.5616000000025,3
1833,10.646349206349207,1,4096,0,0.13984502377222668,-84.31701515712506,,-1,0,-1,,0,0,,1,1.0174000000020555,1.4599999999980184,2
1834,10.652154195011338,1,4096,0,0.0,-85.6799038098446,,-1,0,-1,,0,0,,1,0.8355999999984931,2.375700000001757,1
1835,10.65795918367347,1,4096,0,0.0,-85.50805934148819,0.0026225000619888306,59,0,-1,,0,0,3.2463000000007014,0,4.065899999996958,6.538800000001288,0
1836,10.6637641723356,1,4096,0,0.0,-87.75180032657454,,-1,0,-1,,0,0,,1,1.2043000000012682,1.5277000000004648,2
1837,10.669569160997732,1,4096,0,0.0,-86.74758281623173,,-1,0,-1,,0,0,,1,0.9066000000004237,2.472600000000824,1
1838,10.675374149659865,1,4096,0,0.0,-89.21581237840309,0.0026246197521686554,59,0,-1,,0,0,3.1422999999968226,0,3.9900999999993303,6.521700000000408,0
1839,10.681179138321996,1,4096,0,0.0,-90.42461323017716,,-1,0,-1,,0,0,,1,1.0103000000007967,1.174699999999973,2
1840,10.686984126984127,1,4096,0,0.0,-91.26804032738347,,-1,0,-1,,0,0,,1,0.4501999999995121,1.1288000000000409,1
1841,10.692789115646258,1,4096,0,0.0,-93.66247326824933,0.002648239489644766,59,0,-1,,0,0,3.2671999999998036,0,3.923000000000343,5.05019999999945,0
1842,10.69859410430839,1,4096,0,0.0,-94.12709220527631,,-1,0,-1,,0,0,,1,0.8195000000021935,1.0295999999989647,2
1843,10.704399092970522,1,4096,0,0.0,-93.51802597386438,,-1,0,-1,,0,0,,1,0.5223000000000866,1.5839999999975873,1
1844,10.710204081632654,1,4096,0,0.0,-93.66247326824933,0.0026294924318790436,59,0,-1,,0,0,3.11579999999978,0,3.8038999999976397,5.429099999997078,0
1845,10.716009070294785,1,4096,0,0.0,-94.16815088813847,,-1,0,-1,,0,0,,1,0.9161000000013075,1.1502999999990493,2
1846,10.721814058956916,1,4096,0,0.0,-93.01548769113678,,-1,0,-1,,0,0,,1,0.5153999999976122,1.970400000001149,1
1847,10.727619047619047,1,4096,0,0.0,-92.48038638800487,0.0026379709597676992,59,0,-1,,0,0,3.0703999999985854,0,3.69879999999867,5.484100000000325,0
1848,10.733424036281178,1,4096,0,0.0,-91.37513359580487,,-1,0,-1,,0,0,,1,1.337199999998262,1.5105000000019686,2
1849,10.739229024943311,1,4096,0,0.0,-90.51261030342991,,-1,0,-1,,0,0,,1,0.6897000000023468,1.6335000000005095,1
1850,10.745034013605443,1,4096,0,0.0,-91.66660312624575,0.0026360510382801294,59,0,-1,,0,0,3.5664000000004137,0,4.349999999998744,5.982199999998272,0
1851,10.750839002267574,1,4096,0,0.0,-92.68072260134156,,-1,0,-1,,0,0,,1,2.2628000000004533,2.6636999999993805,2
1852,10.756643990929705,1,4096,0,0.0,-93.96663249618472,,-1,0,-1,,0,0,,1,1.3556000000001234,4.202400000000495,1
1853,10.762448979591836,1,4096,0,0.0,-95.1862583060634,0.002638621022924781,59,0,-1,,0,0,4.258099999997711,0,5.493400000002424,9.7687999999998,0
1854,10.768253968253969,1,4096,0,0.0,-96.8882527379592,,-1,0,-1,,0,0,,1,2.071000000000822,2.462799999999987,2
1855,10.7740589569161,1,4096,0,0.0,-96.81175663155918,,-1,0,-1,,0,0,,1,2.232200000001683,4.875800000000652,1
1856,10.779863945578231,1,4096,0,0.0,-97.29235200308943,0.0026353616267442703,59,0,-1,,0,0,3.7695000000006473,0,7.015299999999058,12.043399999999593,3
1857,10.785668934240363,1,4096,0,0.0,-96.11286916969236,,-1,0,-1,,0,0,,1,1.4107000000009862,2.0820000000014716,2
1858,10.791473922902494,1,4096,0,0.0,-96.243937670594,,-1,0,-1,,0,0,,1,1.1755999999998323,3.352100000000746,1
1859,10.797278911564625,1,4096,0,0.0,-95.74184731756222,0.0026339630130678415,59,0,-1,,0,0,5.526200000002035,0,7.380000000001274,10.846300000000753,0
1860,10.803083900226758,1,4096,0,0.0,-96.44826950478262,,-1,0,-1,,0,0,,1,1.1207000000013068,1.3727999999986196,2
1861,10.80888888888889,1,4096,0,0.0,-93.85006232483077,,-1,0,-1,,0,0,,1,1.1779999999994573,2.6733999999990488,1
1862,10.81469387755102,1,4096,0,0.0,-95.74184731756222,0.0026341599877923727,59,0,-1,,0,0,4.094499999997225,0,5.680799999996822,8.46519999999984,0
1863,10.820498866213152,1,4096,0,0.0,-93.66247326824933,,-1,0,-1,,0,0,,1,0.8836999999992656,1.1681999999986203,2
1864,10.826303854875283,1,4096,0,0.0,-94.98250585300241,,-1,0,-1,,0,0,,1,0.5969000000014546,1.7929999999992674,1
1865,10.832108843537416,1,4096,0,0.0,-93.85006232483077,0.002633817959576845,59,0,-1,,0,0,4.796600000002371,0,5.612000000002837,7.457800000000958,0
1866,10.837913832199547,1,4096,0,0.0,-91.92949412686964,,-1,0,-1,,0,0,,1,1.5098999999985097,1.7101999999979967,2
1867,10.843718820861678,1,4096,0,0.5175576527034284,-82.2448805191776,,-1,0,-1,,0,0,,1,0.6240000000019563,1.1600999999998862,1
1868,10.84952380952381,1,4096,0,1.0,-71.53891482973481,0.0026411532890051603,59,0,-1,,0,0,3.4671999999993375,0,4.278600000002797,5.4146000000017125,0
1869,10.85532879818594,1,512,1,1.0,-61.61358140859528,,-1,0,-1,,0,0,,1,0.7802999999988458,1.0542999999998415,2
1870,10.861133786848072,1,512,0,1.0,-55.509961454652384,,-1,0,-1,,0,0,,1,0.5343999999993798,1.5670000000014284,1
1871,10.866938775510205,1,512,0,1.0,-51.361942121554705,0.07303667813539505,59,0,-1,,0,0,4.1149999999987585,0,4.9057000000019,6.498699999998081,0
1872,10.872743764172336,1,1024,0,1.0,-50.62696056405053,,-1,0,-1,,0,0,,1,1.9521000000004562,2.416999999997671,2
1873,10.878548752834467,1,1024,0,1.0,-44.88702185428555,,-1,0,-1,,0,0,,1,1.4657999999982962,3.9282999999983303,1
1874,10.884353741496598,1,2048,0,1.0,-41.154621024887994,0.08313410729169846,59,0,-1,,0,0,4.7360999999988,0,6.352499999998429,10.318599999997957,0
1875,10.89015873015873,1,2048,0,1.0,-38.512182685424364,,-1,0,-1,,0,0,,1,1.3412999999999897,1.893400000000156,2
1876,10.895963718820862,1,2048,0,1.0,-37.926058081073954,,-1,0,-1,,0,0,,1,1.0006999999987443,2.9152999999979556,1
1877,10.901768707482994,1,2048,0,1.0,-41.35514572659392,0.07732708007097244,64,0,-1,,0,0,4.154999999997244,0,5.30469999999994,8.144999999998959,0
1878,10.907573696145125,1,4096,0,1.0,-36.669648577124015,,-1,0,-1,,0,0,,1,1.8929999999990343,2.191599999999738,2
1879,10.913378684807256,1,4096,0,1.0,-37.69655878521684,,-1,0,-1,,0,0,,1,1.1387999999996623,3.418400000001043,1
1880,10.919183673469387,1,4096,0,1.0,-40.05131592299301,0.00504152150824666,64,0,-1,,0,0,4.459600000000563,0,6.134199999998202,9.664199999999568,0
1881,10.924988662131518,1,4096,0,1.0,-39.6857537968205,,-1,0,-1,,0,0,,1,3.2232999999983747,3.594700000000728,2
1882,10.930793650793651,1,4096,0,1.0,-41.147573951419545,,-1,0,-1,,0,0,,1,0.9839000000013698,4.5763999999977045,1
1883,10.936598639455783,1,4096,0,1.0,-42.893653264623936,0.003626155201345682,64,0,-1,,0,0,4.930099999999271,0,5.864900000002393,10.489500000002039,0
1884,10.942403628117914,1,4096,0,1.0,-40.057704041909126,,-1,0,-1,,0,0,,1,1.210199999999162,2.047700000002095,2
1885,10.948208616780045,1,4096,0,1.0,-39.84782797605337,,-1,0,-1,,0,0,,1,0.5108999999983155,2.258599999997557,1
1886,10.954013605442176,1,4096,0,1.0,-41.8279350789455,0.003960039000958204,64,0,-1,,0,0,3.2374999999973397,0,3.847300000000331,5.926099999999934,0
1887,10.95981859410431,1,4096,0,1.0,-42.01190385306444,,-1,0,-1,,0,0,,1,0.8103000000012628,0.9833999999990795,2
1888,10.96562358276644,1,4096,0,1.0,-43.73982062509285,,-1,0,-1,,0,0,,1,0.4099000000010733,1.415599999997852,1
1889,10.971428571428572,1,4096,0,1.0,-43.19511283384554,0.0024507911875844,64,0,-1,,0,0,3.1202999999990766,0,3.631800000000851,5.073599999999345,0
1890,10.977233560090703,1,4096,0,1.0,-44.36079517716334,,-1,0,-1,,0,0,,1,1.4372000000015817,1.6572999999979743,2
1891,10.983038548752834,1,4096,0,1.0,-42.9078930864885,,-1,0,-1,,0,0,,1,1.1402999999994279,2.389199999999647,1
1892,10.988843537414965,1,4096,0,1.0,-38.59485765972677,0.006178547162562609,64,0,-1,,0,0,5.895999999999901,0,7.090200000003932,9.701799999998428,0
1893,10.994648526077098,1,4096,0,1.0,-38.64330981978513,,-1,0,-1,,0,0,,1,1.316899999999066,1.5301000000000897,2
1894,11.00045351473923,1,4096,0,1.0,-34.12378920860221,,-1,0,-1,,0,0,,1,0.4766000000024917,2.030899999997615,1
1895,11.00625850340136,1,4096,0,1.0,-33.917610601334985,0.007033078465610743,69,0,-1,,0,0,2.7758999999996092,0,3.2540999999994824,5.319000000000074,0
1896,11.012063492063492,1,4096,0,1.0,-34.71792166083152,,-1,0,-1,,0,0,,1,0.8480000000012922,1.0247999999997148,2
1897,11.017868480725623,1,4096,0,1.0,-35.8321138019665,,-1,0,-1,,0,0,,1,0.3908999999993057,1.4184000000021513,1
1898,11.023673469387756,1,4096,0,1.0,-34.00513652504304,0.019912734627723694,69,0,-1,,0,0,3.051800000001492,0,3.566599999999198,4.687099999998168,0
1899,11.029478458049887,1,4096,0,1.0,-38.16139112277392,,-1,0,-1,,0,0,,1,0.9981999999979507,1.3348000000021898,2
1900,11.035283446712018,1,4096,0,1.0,-31.718028850435584,,-1,0,-1,,0,0,,1,0.7520999999997002,2.1294000000011692,1
1901,11.04108843537415,1,4096,0,1.0,-33.0383398015833,0.016874093562364578,70,0,-1,,0,0,4.703899999999095,0,5.981400000003134,8.386599999997912,3
1902,11.04689342403628,1,4096,0,1.0,-32.41606943229421,,-1,0,-1,,0,0,,1,0.6389000000019962,2.3056000000032384,2
1903,11.052698412698414,1,4096,0,1.0,-35.24177991358038,,-1,0,-1,,0,0,,1,0.429600000000363,2.7541000000006477,1
1904,11.058503401360545,1,4096,0,1.0,-35.51302977613751,0.04422210529446602,70,0,-1,,0,0,2.4329999999999075,0,2.9101999999987527,5.68930000000023,0
1905,11.064308390022676,1,4096,0,1.0,-38.23337234493225,,-1,0,-1,,0,0,,1,0.7812999999998738,1.053199999997645,2
1906,11.070113378684807,1,4096,0,1.0,-39.414786816124824,,-1,0,-1,,0,0,,1,0.35740000000217265,1.4022999999987462,1
1907,11.075918367346938,1,4096,0,1.0,-41.02567454103077,0.06989752501249313,70,0,-1,,0,0,3.4522000000016817,0,3.923399999997912,5.348600000001369,0
1908,11.08172335600907,1,4096,0,1.0,-41.45073558491007,,-1,0,-1,,0,0,,1,1.2681999999983873,1.4206000000029917,1
1909,11.087528344671203,1,4096,0,1.0,-47.84449735756607,,-1,0,-1,,0,0,,1,0.7795000000001551,2.2364000000010265,1
1910,11.093333333333334,1,4096,0,1.0,-45.99817918395347,0.03683021664619446,64,0,-1,,0,0,3.543700000001593,0,4.101600000002037,4.659099999997807,0
1911,11.099138321995465,1,4096,0,1.0,-47.60965452114645,,-1,0,-1,,0,0,,1,0.7821999999997331,1.072099999998244,2
1912,11.104943310657596,1,4096,0,1.0,-48.19738924794805,,-1,0,-1,,0,0,,1,0.5261000000018612,1.597299999996693,1
1913,11.110748299319727,1,4096,0,1.0,-52.561576396058776,0.015947548672556877,67,0,-1,,0,0,4.603899999999328,0,5.315799999998205,6.9277000000020905,0
1914,11.11655328798186,1,4096,0,1.0,-51.81240264337028,,-1,0,-1,,0,0,,1,0.7903000000020199,1.0086999999998625,2
1915,11.122358276643991,1,4096,0,1.0,-51.258199862654905,,-1,0,-1,,0,0,,1,0.5710999999983812,1.6153999999986013,1
1916,11.128163265306123,1,4096,0,1.0,-47.40858709835439,0.008268285542726517,66,0,-1,,0,0,3.395700000002222,0,4.11030000000423,5.778299999999348,0
1917,11.133968253968254,1,4096,0,1.0,-45.958285999263076,,-1,0,-1,,0,0,,1,0.6674999999987108,0.8958000000021116,2
1918,11.139773242630385,1,4096,0,1.0,-47.857252502463545,,-1,0,-1,,0,0,,1,0.35090000000082,1.2422000000000821,1
1919,11.145578231292516,1,4096,0,1.0,-46.23323869686274,0.004292347002774477,66,0,-1,,0,0,2.7645999999990067,0,3.186900000002879,4.4253999999988025,0
1920,11.15138321995465,1,4096,0,1.0,-46.005123998157316,,-1,0,-1,,0,0,,1,0.7075000000007492,0.9823999999980515,2
1921,11.15718820861678,1,4096,0,1.0,-44.06304252208401,,-1,0,-1,,0,0,,1,1.2343000000001325,2.2047999999976753,1
1922,11.162993197278912,1,4096,0,1.0,-41.44815951469896,0.004223828669637442,64,0,-1,,0,0,4.02779999999936,0,5.414099999999422,7.953099999998159,0
1923,11.168798185941043,1,4096,0,1.0,-37.9149231682672,,-1,0,-1,,0,0,,1,0.6276000000013937,0.8191000000010717,2
1924,11.174603174603174,1,4096,0,1.0,-39.130972942813024,,-1,0,-1,,0,0,,1,0.7377999999995666,1.6044999999991205,1
1925,11.180408163265307,1,4096,0,1.0,-44.045677533324785,0.0044883498921990395,69,0,-1,,0,0,3.679000000001764,0,4.793599999999287,6.4832999999993035,0
1926,11.186213151927438,1,4096,0,1.0,-37.747638451934556,,-1,0,-1,,0,0,,1,0.6303000000009717,0.7975000000008947,2
1927,11.19201814058957,1,4096,0,1.0,-37.803551642868015,,-1,0,-1,,0,0,,1,0.3679999999981476,1.1769000000008134,1
1928,11.1978231292517,1,4096,0,1.0,-43.709878172986166,0.005066737066954374,64,0,-1,,0,0,2.219700000001268,0,2.5625000000033538,3.750400000001264,0
1929,11.203628117913832,1,4096,0,1.0,-43.62197191550447,,-1,0,-1,,0,0,,1,0.6911999999985596,1.0113000000018246,2
1930,11.209433106575963,1,4096,0,1.0,-41.21641549179016,,-1,0,-1,,0,0,,1,0.524899999998496,1.5616999999998882,1
1931,11.215238095238096,1,4096,0,1.0,-43.19016248304186,0.0044752489775419235,69,0,-1,,0,0,4.437399999996927,0,5.2592999999987455,6.890500000000799,0
1932,11.221043083900227,1,4096,0,1.0,-44.671640989452854,,-1,0,-1,,0,0,,1,2.0468999999998516,2.3441000000019585,2
1933,11.226848072562358,1,4096,0,1.0,-44.343358340335534,,-1,0,-1,,0,0,,1,1.8479999999989616,4.317799999999039,1
1934,11.23265306122449,1,4096,0,1.0,-46.52168463518963,0.003361095441505313,64,0,-1,,0,0,3.3064999999972144,0,5.25270000000333,9.725400000000661,0
1935,11.23845804988662,1,4096,0,1.0,-45.488776242583725,,-1,0,-1,,0,0,,1,1.090900000001227,1.8365999999971905,2
1936,11.244263038548754,1,4096,0,1.0,-47.89256780006019,,-1,0,-1,,0,0,,1,0.3257999999988215,2.14340000000135,1
1937,11.250068027210885,1,4096,0,1.0,-46.26620243106808,0.0038582305423915386,64,0,-1,,0,0,2.4727000000019927,0,2.942799999999579,5.103900000001715,0
1938,11.255873015873016,1,4096,0,1.0,-40.87363074443046,,-1,0,-1,,0,0,,1,1.0185999999983153,1.187500000000341,2
1939,11.261678004535147,1,4096,0,1.0,-39.16557806495335,,-1,0,-1,,0,0,,1,0.4349999999995191,1.6531999999997993,1
1940,11.267482993197278,1,4096,0,1.0,-38.478615936762374,0.0087027158588171,64,0,-1,,0,0,3.7516000000010763,0,4.588399999999382,6.287000000000376,0
1941,11.27328798185941,1,4096,0,1.0,-34.9010802876538,,-1,0,-1,,0,0,,1,1.6017999999995425,2.348000000001349,2
1942,11.279092970521543,1,4096,0,1.0,-34.77373439812373,,-1,0,-1,,0,0,,1,0.7425000000012005,3.1368000000000507,1
1943,11.284897959183674,1,4096,0,1.0,-37.111183930908126,0.008122652769088745,69,0,-1,,0,0,2.9591000000017686,0,3.8599000000019146,7.0572999999996,0
1944,11.290702947845805,1,4096,0,1.0,-37.82098558508929,,-1,0,-1,,0,0,,1,1.1366999999999905,1.504000000000616,2
1945,11.296507936507936,1,4096,0,1.0,-35.994205023379735,,-1,0,-1,,0,0,,1,0.42390000000125383,1.9119999999972492,1
1946,11.302312925170067,1,4096,0,1.0,-35.4582849602326,0.008449597284197807,72,0,-1,,0,0,2.6079999999986114,0,3.1178000000018358,5.054400000002346,0
1947,11.3081179138322,1,4096,0,1.0,-37.40636328832564,,-1,0,-1,,0,0,,1,0.9915000000013663,1.2987999999971578,2
1948,11.313922902494332,1,4096,0,1.0,-37.22351610361942,,-1,0,-1,,0,0,,1,0.4786000000009949,1.7786999999991338,1
1949,11.319727891156463,1,4096,0,1.0,-37.517450866210645,0.011907457374036312,69,0,-1,,0,0,3.023599999998794,0,3.641699999999304,5.442999999999643,3
1950,11.325532879818594,1,4096,0,1.0,-36.03764230170449,,-1,0,-1,,0,0,,1,0.5279999999991958,1.3426000000009708,2
1951,11.331337868480725,1,4096,0,1.0,-38.30890155674887,,-1,0,-1,,0,0,,1,0.4369999999980223,1.8185000000023877,1
1952,11.337142857142856,1,4096,0,1.0,-44.62791357005678,0.026008300483226776,70,0,-1,,0,0,3.14949999999925,0,4.1210999999989895,6.004600000000693,0
1953,11.34294784580499,1,4096,0,1.0,-41.553735661777154,,-1,0,-1,,0,0,,1,1.127799999999013,1.6177999999982262,2
1954,11.34875283446712,1,4096,0,1.0,-42.613472989678634,,-1,0,-1,,0,0,,1,0.7216999999997142,2.2587000000022783,1
1955,11.354557823129252,1,4096,0,1.0,-42.732679048590256,0.03349201753735542,70,0,-1,,0,0,3.7452000000008923,0,4.392899999999145,6.676499999997532,0
1956,11.360362811791383,1,4096,0,1.0,-41.913758345144615,,-1,0,-1,,0,0,,1,0.7796999999989396,1.003799999999444,2
1957,11.366167800453514,1,4096,0,1.0,-45.33472413087374,,-1,0,-1,,0,0,,1,0.4442000000004498,1.4833000000002983,1
1958,11.371972789115647,1,4096,0,1.0,-45.951767685238025,0.02775300107896328,66,0,-1,,0,0,2.939800000000048,0,3.4746999999946127,4.995000000000971,0
1959,11.377777777777778,1,4096,0,1.0,-43.1800641046059,,-1,0,-1,,0,0,,1,0.8635000000012383,1.104800000000239,2
1960,11.38358276643991,1,4096,0,1.0,-40.16060020132969,,-1,0,-1,,0,0,,1,0.5454000000000292,1.685799999997073,1
1961,11.38938775510204,1,4096,0,1.0,-37.537861416986814,0.03151565045118332,66,0,-1,,0,0,4.139399999999682,0,4.892500000003963,6.6271000000028835,0
1962,11.395192743764172,1,4096,0,1.0,-36.37036156307245,,-1,0,-1,,0,0,,1,1.682699999999926,1.8413000000023771,2
1963,11.400997732426303,1,4096,0,1.0,-37.74812524346645,,-1,0,-1,,0,0,,1,0.585699999998468,2.042600000002892,1
1964,11.406802721088436,1,4096,0,1.0,-41.933837031941565,0.035457223653793335,66,0,-1,,0,0,2.501399999999876,0,3.018400000001975,5.1041000000005,0
1965,11.412607709750567,1,4096,0,1.0,-37.11040873935311,,-1,0,-1,,0,0,,1,0.5449999999989075,0.7231000000018639,2
1966,11.418412698412698,1,4096,0,1.0,-40.38779532372512,,-1,0,-1,,0,0,,1,0.27539999999959264,1.002499999998463,1
1967,11.42421768707483,1,4096,0,1.0,-34.70978391624481,0.02774081751704216,64,0,-1,,0,0,2.2748999999997466,0,2.625000000001876,3.6603999999975656,0
1968,11.43002267573696,1,4096,0,1.0,-33.96798407692059,,-1,0,-1,,0,0,,1,1.8439999999984025,2.131500000000841,2
1969,11.435827664399094,1,4096,0,1.0,-34.040229086070454,,-1,0,-1,,0,0,,1,2.5559000000008325,4.32169999999843,1
1970,11.441632653061225,1,4096,0,1.0,-38.72217485347525,0.03449000045657158,64,0,-1,,0,0,4.567399999999111,0,7.86059999999722,12.288500000000369,3
1971,11.447437641723356,1,4096,0,1.0,-34.958724223341406,,-1,0,-1,,0,0,,1,1.2439999999998008,6.529999999997926,2
1972,11.453242630385487,1,4096,0,1.0,-37.57887312906548,,-1,0,-1,,0,0,,1,0.8175000000001376,7.394099999999071,1
1973,11.459047619047618,1,4096,0,1.0,-41.33499255868902,0.048409633338451385,64,0,-1,,0,0,6.60299999999836,0,7.529799999996811,14.958599999999933,0
1974,11.464852607709751,1,4096,0,1.0,-41.584300293028406,,-1,0,-1,,0,0,,1,0.5999999999986017,0.8070000000017785,2
1975,11.470657596371883,1,4096,0,1.0,-43.180648043645114,,-1,0,-1,,0,0,,1,0.3524000000005856,1.1825000000023067,1
1976,11.476462585034014,1,4096,0,1.0,-42.108823070528686,0.06513621658086777,64,0,-1,,0,0,2.922500000000383,0,3.3969000000020344,4.617099999997265,0
1977,11.482267573696145,1,4096,0,1.0,-43.778730916226905,,-1,0,-1,,0,0,,1,0.8075000000005161,1.1563999999992802,2
1978,11.488072562358276,1,4096,0,1.0,-40.42466105744389,,-1,0,-1,,0,0,,1,0.6596000000023139,1.865000000002226,1
1979,11.493877551020407,1,4096,0,1.0,-47.2034916060764,0.03667431324720383,64,0,-1,,0,0,4.588399999999382,0,5.546500000001231,7.4792999999999665,0
1980,11.49968253968254,1,4096,0,1.0,-42.19882455558184,,-1,0,-1,,0,0,,1,0.8721999999998786,1.179799999999176,2
1981,11.505487528344672,1,4096,0,1.0,-43.15633439651026,,-1,0,-1,,0,0,,1,0.6613999999984799,1.865399999999795,1
1982,11.511292517006803,1,4096,0,1.0,-44.53378078962126,0.021717719733715057,64,0,-1,,0,0,5.6048000000004095,0,6.540100000002269,8.480500000001001,0
1983,11.517097505668934,1,4096,0,1.0,-41.759059823203984,,-1,0,-1,,0,0,,1,0.9689000000001613,1.1843999999996413,2
1984,11.522902494331065,1,4096,0,1.0,-46.891829297639944,,-1,0,-1,,0,0,,1,0.6699999999995043,1.9272999999984108,1
1985,11.528707482993198,1,4096,0,1.0,-46.40882423261608,0.009108427911996841,64,0,-1,,0,0,4.505200000000542,0,5.4395000000049265,7.489199999998419,0
1986,11.53451247165533,1,4096,0,1.0,-49.19615917953617,,-1,0,-1,,0,0,,1,1.0064000000014062,1.271299999999087,2
1987,11.54031746031746,1,4096,0,1.0,-49.44186251894372,,-1,0,-1,,0,0,,1,1.0016000000021563,2.313900000000757,1
1988,11.546122448979592,1,4096,0,1.0,-52.72499500659386,0.006453670561313629,64,0,-1,,0,0,4.950700000001973,0,6.024400000001151,8.41970000000103,0
1989,11.551927437641723,1,4096,0,1.0,-50.95901787219305,,-1,0,-1,,0,0,,1,2.0756999999989034,2.433899999999767,2
1990,11.557732426303854,1,4096,0,1.0,-53.83341834578036,,-1,0,-1,,0,0,,1,1.3769999999979632,4.075399999997842,1
1991,11.563537414965987,1,4096,0,1.0,-52.63085557960611,0.004549781326204538,69,0,-1,,0,0,4.485599999998868,0,5.473699999999582,9.633400000002013,0
1992,11.569342403628118,1,4096,0,1.0,-51.639622974392864,,-1,0,-1,,0,0,,1,1.5938999999995929,1.912300000000755,2
1993,11.57514739229025,1,4096,0,1.0,-50.84988108136706,,-1,0,-1,,0,0,,1,1.0344000000017672,3.077999999998582,1
1994,11.58095238095238,1,4096,0,1.0,-52.755517504588944,0.005204835906624794,64,0,-1,,0,0,5.097700000000316,0,6.3805999999999585,9.565900000001903,0
1995,11.586757369614512,1,4096,0,1.0,-49.513660053074496,,-1,0,-1,,0,0,,1,1.0808999999980529,1.3670999999995104,2
1996,11.592562358276645,1,4096,0,1.0,-52.34857490754946,,-1,0,-1,,0,0,,1,0.760299999999603,2.164600000000405,1
1997,11.598367346938776,1,4096,0,1.0,-54.06612827823576,0.003027594881132245,64,0,-1,,0,0,4.167400000000043,0,4.999499999996715,7.213400000001258,0
1998,11.604172335600907,1,4096,0,1.0,-48.377861165697304,,-1,0,-1,,0,0,,1,0.9511999999993748,1.2468000000005475,2
1999,11.609977324263038,1,4096,0,1.0,-44.86521325161731,,-1,0,-1,,0,0,,1,0.5440999999990481,1.8139000000019223,1
2000,11.61578231292517,1,4096,0,1.0,-50.0683575248802,0.003964208997786045,64,0,-1,,0,0,6.122799999999984,0,6.940000000000168,8.806800000002113,0
2001,11.6215873015873,1,4096,0,1.0,-50.878518662498905,,-1,0,-1,,0,0,,1,2.260500000001997,2.453099999996766,2
2002,11.627392290249434,1,4096,0,1.0,-44.59816119211219,,-1,0,-1,,0,0,,1,1.870499999998998,3.617600000001886,1
2003,11.633197278911565,1,4096,0,1.0,-46.543486260929264,0.0038822388742119074,64,0,-1,,0,0,3.6810000000002674,0,5.04399999999805,8.777200000000818,0
2004,11.639002267573696,1,4096,0,1.0,-47.887116324194196,,-1,0,-1,,0,0,,1,1.4572000000008245,2.0151000000012687,2
2005,11.644807256235827,1,4096,0,1.0,-45.13779351225737,,-1,0,-1,,0,0,,1,0.8191000000010717,2.7872000000002117,1
2006,11.650612244897959,1,4096,0,1.0,-47.52300382018427,0.004596571903675795,64,0,-1,,0,0,4.487799999999709,0,6.485800000000097,9.272400000000403,0
2007,11.656417233560092,1,4096,0,1.0,-44.78274268246071,,-1,0,-1,,0,0,,1,0.9927000000011788,1.1977999999999156,2
2008,11.662222222222223,1,4096,0,1.0,-52.76535921392794,,-1,0,-1,,0,0,,1,0.6851999999994973,1.9948999999996886,1
2009,11.668027210884354,1,4096,0,1.0,-48.29109933431564,0.00512832822278142,64,0,-1,,0,0,5.333400000001376,0,6.985300000003747,9.049900000000832,0
2010,11.673832199546485,1,4096,0,1.0,-50.61462247228743,,-1,0,-1,,0,0,,1,0.9044999999971992,1.221600000000933,2
2011,11.679637188208616,1,4096,0,1.0,-47.04898767276512,,-1,0,-1,,0,0,,1,0.48139999999818883,1.6849000000007663,1
2012,11.685442176870747,1,4096,0,1.0,-44.46321082259995,0.004981326870620251,69,0,-1,,0,0,4.521700000001516,0,5.39150000000177,7.083699999999027,0
2013,11.69124716553288,1,4096,0,1.0,-42.38518515973614,,-1,0,-1,,0,0,,1,0.7644000000013307,1.0115000000006091,2
2014,11.697052154195012,1,4096,0,1.0,-39.29216078715363,,-1,0,-1,,0,0,,1,0.4769000000024448,1.4949000000008539,1
2015,11.702857142857143,1,4096,0,1.0,-38.63324826910876,0.007206808775663376,69,0,-1,,0,0,4.125000000001933,0,4.725100000001703,6.257500000000249,0
2016,11.708662131519274,1,4096,0,1.0,-38.86040041815858,,-1,0,-1,,0,0,,1,1.0058999999991158,1.298600000001926,2
