frame,time_s,calibrated,visible_window,detected_onset,onset_confidence,rms_dbfs,active_probability,raw_pitch,stable_active,stable_pitch,transition_score,transition_veto,retrigger,inference_ms,inference_skipped,loop_ms,queue_delay_ms,queue_depth
0,0.005804988662131519,0,4096,0,0.0,-97.29235200308943,,,,,,,,,0,0.8221999999999952,4.254400000000658,2
1,0.011609977324263039,0,4096,0,0.2280827657955032,-96.04878903049143,,,,,,,,,0,0.7603999999989952,5.570000000000519,1
2,0.017414965986394557,0,4096,0,0.0,-96.51857380658345,,,,,,,,,0,0.8537000000004014,6.4902000000000015,0
3,0.023219954648526078,0,4096,0,0.0,-97.92982462984386,,,,,,,,,0,3.6184000000005767,3.934599999999122,2
4,0.029024943310657598,0,4096,0,0.0,-96.73658462938218,,,,,,,,,0,2.437099999999859,6.438999999998529,1
5,0.034829931972789115,0,4096,0,0.0,-96.59003495889704,,,,,,,,,0,2.104599999999124,8.783299999999272,0
6,0.040634920634920635,0,4096,0,0.0,-96.51857380658345,,,,,,,,,0,2.930799999999678,3.192600000000212,2
7,0.046439909297052155,0,4096,0,0.0,-96.243937670594,,,,,,,,,0,2.1927000000001584,4.756099999999819,1
8,0.052244897959183675,0,4096,0,0.0,-96.17790898892383,,,,,,,,,0,1.5543000000004525,6.300699999998827,0
9,0.058049886621315196,0,4096,0,0.0,-96.66269167130112,,,,,,,,,0,3.3895000000008224,3.7412999999997254,2
10,0.06385487528344672,0,4096,0,0.0,-96.51857380658345,,,,,,,,,0,2.541900000000652,6.5200999999994735,1
11,0.06965986394557823,0,4096,0,0.0,-96.04878903049143,,,,,,,,,0,0.8502000000003562,7.432400000000783,0
12,0.07546485260770976,0,4096,0,0.0,-96.81175663155918,,,,,,,,,0,2.747000000001165,3.0357999999992558,2
13,0.08126984126984127,0,4096,0,0.0,-96.73658462938218,,,,,,,,,0,1.6965999999989378,4.901200000000827,1
14,0.08707482993197278,0,4096,0,0.0,-97.46514278371254,,,,,,,,,0,1.2807999999999709,6.228899999999982,0
15,0.09287981859410431,0,4096,0,0.0,-97.04540980062914,,,,,,,,,0,1.850700000000316,2.0706999999990927,2
16,0.09868480725623582,0,4096,0,0.0,-97.29235200308943,,,,,,,,,0,1.5263999999994837,3.6731000000003178,1
17,0.10448979591836735,0,4096,0,0.0,-96.04878903049143,,,,,,,,,0,1.6828000000010945,5.22519999999993,0
18,0.11029478458049886,0,4096,0,0.0,-96.51857380658345,,,,,,,,,0,2.3239000000003784,2.7852999999993244,2
19,0.11609977324263039,0,4096,0,0.0,-97.92982462984386,,,,,,,,,0,1.8884000000003454,4.661999999999722,1
20,0.1219047619047619,0,4096,0,0.0,-96.73658462938218,,,,,,,,,0,0.5016999999991612,5.162000000000333,0
21,0.12770975056689343,0,4096,0,0.0,-96.59003495889704,,,,,,,,,0,2.5116000000000582,2.8480000000001837,2
22,0.13351473922902493,0,4096,0,0.0,-96.51857380658345,,,,,,,,,0,2.1334999999993443,5.156200000000055,1
23,0.13931972789115646,0,4096,0,0.0,-96.243937670594,,,,,,,,,0,1.2685000000001168,6.4837999999998175,0
24,0.14512471655328799,0,4096,0,0.0,-96.17790898892383,,,,,,,,,0,1.7782999999997884,2.0588000000003603,2
25,0.1509297052154195,0,4096,0,0.0,-96.66269167130112,,,,,,,,,0,1.9636999999992355,4.172499999999246,1
26,0.156734693877551,0,4096,0,0.0,-96.51857380658345,,,,,,,,,0,2.646999999999622,7.074899999999218,0
27,0.16253968253968254,0,4096,0,0.0,-96.04878903049143,,,,,,,,,0,1.168599999999742,1.5182000000013574,2
28,0.16834467120181407,0,4096,0,0.0,-96.81175663155918,,,,,,,,,0,1.723500000000655,3.2583999999999946,1
29,0.17414965986394557,0,4096,0,0.0,-96.73658462938218,,,,,,,,,0,1.2404999999997557,4.60230000000017,0
30,0.1799546485260771,0,4096,0,0.0,-97.46514278371254,,,,,,,,,0,1.5460000000011576,1.904899999999543,2
31,0.18575963718820862,0,4096,0,0.0,-97.04540980062914,,,,,,,,,0,1.2700000000016587,3.157100000001023,1
32,0.19156462585034015,0,4096,0,0.0,-97.29235200308943,,,,,,,,,0,1.2147999999996273,4.42250000000044,0
33,0.19736961451247165,0,4096,0,0.0,-96.04878903049143,,,,,,,,,0,2.226999999999535,2.515000000000711,2
34,0.20317460317460317,0,4096,0,0.0,-96.51857380658345,,,,,,,,,0,2.0970999999985196,4.7768000000001365,1
35,0.2089795918367347,0,4096,0,0.0,-97.92982462984386,,,,,,,,,0,0.6412999999998448,5.52809999999937,0
36,0.2147845804988662,0,4096,0,0.0,-96.73658462938218,,,,,,,,,0,1.7359999999992937,1.981100000000069,2
37,0.22058956916099773,0,4096,0,0.0,-96.59003495889704,,,,,,,,,0,1.8974000000007152,3.938200000000336,1
38,0.22639455782312926,0,4096,0,0.0,-96.51857380658345,,,,,,,,,0,2.6660999999990054,6.794900000000936,0
39,0.23219954648526078,0,4096,0,0.0,-96.243937670594,,,,,,,,,0,1.6653000000008689,1.9447000000010206,2
40,0.23800453514739228,0,4096,0,0.0,-96.17790898892383,,,,,,,,,0,0.6930999999994469,2.7214999999998213,1
41,0.2438095238095238,0,4096,0,0.0,-96.66269167130112,,,,,,,,,0,0.42630000000087875,3.1535999999992015,0
42,0.24961451247165534,0,4096,0,0.0,-96.51857380658345,,,,,,,,,0,2.1205000000001917,2.630200000000471,2
43,0.25541950113378686,0,4096,0,0.0,-96.04878903049143,,,,,,,,,0,1.0666999999990878,3.5895000000003563,1
44,0.2612244897959184,0,4096,0,0.0,-96.81175663155918,,,,,,,,,0,1.1078999999991623,4.708799999999513,0
45,0.26702947845804986,0,4096,0,0.0,-96.73658462938218,,,,,,,,,0,1.5774999999997874,1.911800000000241,2
46,0.2728344671201814,0,4096,0,0.0,-97.46514278371254,,,,,,,,,0,1.465699999998904,3.4434999999994886,1
47,0.2786394557823129,0,4096,0,0.0,-97.04540980062914,,,,,,,,,0,1.7859000000015612,5.2608000000002875,0
48,0.28444444444444444,0,4096,0,0.0,-97.29235200308943,,,,,,,,,0,2.4598999999998483,2.683499999999839,2
49,0.29024943310657597,0,4096,0,0.0,-96.04878903049143,,,,,,,,,0,1.354400000000311,4.0525000000002365,1
50,0.2960544217687075,0,4096,0,0.0,-96.51857380658345,,,,,,,,,0,1.5458000000005967,5.064100000000238,0
51,0.301859410430839,0,4096,0,0.0,-97.92982462984386,,,,,,,,,0,1.5124000000010795,1.8399000000002275,2
52,0.3076643990929705,0,4096,0,0.0,-96.73658462938218,,,,,,,,,0,0.8071000000011708,2.873100000000406,1
53,0.313469387755102,0,4096,0,0.0,-96.59003495889704,,,,,,,,,0,0.46289999999871156,3.3612999999999005,0
54,0.31927437641723355,0,4096,0,0.0,-96.51857380658345,,,,,,,,,0,1.4516999999987235,1.7028000000003374,2
55,0.3250793650793651,0,4096,0,0.0,-96.243937670594,,,,,,,,,0,0.6593000000005844,2.3663000000002654,1
56,0.3308843537414966,0,4096,0,0.0,-96.17790898892383,,,,,,,,,0,0.610999999999251,3.0090999999998758,0
57,0.33668934240362813,0,4096,0,0.0,-96.66269167130112,,,,,,,,,0,1.0785999999995965,1.52640000000126,2
58,0.34249433106575966,0,4096,0,0.0,-96.51857380658345,,,,,,,,,0,0.41970000000013385,1.853399999999894,1
59,0.34829931972789113,0,4096,0,0.0,-96.04878903049143,,,,,,,,,0,0.40189999999995507,2.2260000000002833,0
60,0.35410430839002266,0,4096,0,0.0,-96.81175663155918,,,,,,,,,0,0.6979999999998654,0.8668999999983384,2
61,0.3599092970521542,0,4096,0,0.0,-96.73658462938218,,,,,,,,,0,0.42240000000148825,1.2986000000001496,1
62,0.3657142857142857,0,4096,0,0.0,-97.46514278371254,,,,,,,,,0,0.518100000000743,1.84699999999971,0
63,0.37151927437641724,0,4096,0,0.0,-97.04540980062914,,,,,,,,,0,1.5366000000014424,1.8409000000012554,2
64,0.37732426303854877,0,4096,0,0.0,-97.29235200308943,,,,,,,,,0,1.2134000000010303,3.1217000000012263,1
65,0.3831292517006803,0,4096,0,0.0,-96.04878903049143,,,,,,,,,0,1.3228000000005125,4.513700000000398,0
66,0.38893424036281177,0,4096,0,0.0,-96.51857380658345,,,,,,,,,0,2.1521999999993824,2.7650999999995207,2
67,0.3947392290249433,0,4096,0,0.0,-97.92982462984386,,,,,,,,,0,0.9007000000007537,3.608399999999179,1
68,0.4005442176870748,0,4096,0,0.0,-96.73658462938218,,,,,,,,,0,1.9062000000005241,5.6563000000000585,0
69,0.40634920634920635,0,4096,0,0.0,-96.59003495889704,,,,,,,,,0,1.9375999999997617,2.2623999999993316,2
70,0.4121541950113379,0,4096,0,0.0,-96.51857380658345,,,,,,,,,0,0.8054000000008443,3.06240000000102,1
71,0.4179591836734694,0,4096,0,0.0,-96.243937670594,,,,,,,,,0,0.37869999999884385,2.560800000001251,0
72,0.42376417233560093,0,4096,0,0.0,-96.17790898892383,,,,,,,,,0,1.2857000000003893,1.5343999999988256,2
73,0.4295691609977324,0,4096,0,0.0,-96.66269167130112,,,,,,,,,0,1.2410000000002697,2.792399999998807,1
74,0.43537414965986393,0,4096,0,0.0,-96.51857380658345,,,,,,,,,0,1.1194000000003257,3.9771000000001777,0
75,0.44117913832199546,0,4096,0,0.0,-96.04878903049143,,,,,,,,,0,0.6658000000001607,0.8583999999984826,2
76,0.446984126984127,0,4096,0,0.0,-96.81175663155918,,,,,,,,,0,0.4214000000004603,1.273999999998665,1
77,0.4527891156462585,0,4096,0,0.0,-96.73658462938218,,,,,,,,,0,0.4753999999991265,1.771500000000259,0
78,0.45859410430839004,0,4096,0,0.0,-97.46514278371254,,,,,,,,,0,1.7390999999999934,1.993900000000437,2
79,0.46439909297052157,0,4096,0,0.0,-97.04540980062914,,,,,,,,,0,2.309199999999123,4.376199999999386,1
80,0.47020408163265304,0,4096,0,0.0,-97.29235200308943,,,,,,,,,0,1.5588999999991415,6.758500000000112,0
81,0.47600907029478456,0,4096,0,0.0,-96.04878903049143,,,,,,,,,0,1.4676999999991835,1.694699999999827,2
82,0.4818140589569161,0,4096,0,0.0,-96.51857380658345,,,,,,,,,0,1.0609000000005864,2.7900000000009584,1
83,0.4876190476190476,0,4096,0,0.0,-97.92982462984386,,,,,,,,,0,0.5316999999998018,3.3781000000008277,0
84,0.49342403628117915,0,4096,0,0.0,-96.73658462938218,,,,,,,,,0,0.5971999999996314,0.8297000000005994,2
85,0.4992290249433107,0,4096,0,0.0,-96.59003495889704,,,,,,,,,0,0.338900000000919,1.1282000000001347,1
86,0.5050340136054422,0,4096,0,1.0,-62.4068819375002,,,,,,,,,0,0.31289999999906115,1.4289999999999026,0
87,0.5108390022675737,0,4096,0,1.0,-57.34193319740798,,,,,,,,,0,1.2524999999996567,1.436299999999946,2
88,0.5166439909297053,0,4096,0,1.0,-55.732797477804475,,,,,,,,,0,0.36600000000142074,1.7998000000005732,1
89,0.5224489795918368,0,4096,0,1.0,-53.39119874524917,,,,,,,,,0,0.3180000000000405,2.1423000000009296,0
90,0.5282539682539683,0,4096,0,1.0,-52.67252188844395,,,,,,,,,0,1.5480000000014371,1.6571000000009661,2
91,0.5340589569160997,0,4096,0,1.0,-51.801827492219516,,,,,,,,,0,1.4000999999996822,2.73450000000075,1
92,0.5398639455782313,0,4096,0,1.0,-51.246361285792986,,,,,,,,,0,0.5002000000011719,3.262499999999946,0
93,0.5456689342403628,0,4096,0,1.0,-52.324126240722386,,,,,,,,,0,0.6933000000000078,0.8990000000004272,2
94,0.5514739229024943,0,4096,0,1.0,-58.704814326230604,,,,,,,,,0,0.8670000000012834,1.8347999999992481,1
95,0.5572789115646258,0,4096,0,1.0,-53.71124281907487,,,,,,,,,0,0.7684000000001134,2.6381000000004207,0
96,0.5630839002267574,0,4096,0,1.0,-56.68099222571814,,,,,,,,,0,0.5994000000004718,0.7756000000007646,2
97,0.5688888888888889,0,4096,0,1.0,-55.89286788936797,,,,,,,,,0,0.2961999999993026,1.0627999999996973,1
98,0.5746938775510204,0,4096,0,1.0,-57.522469300937345,,,,,,,,,0,0.2700999999998288,1.3410000000000366,0
99,0.5804988662131519,0,4096,0,1.0,-61.420180536047525,,,,,,,,,0,1.8384000000004619,2.150299999998495,2
100,0.5863038548752835,0,4096,0,1.0,-61.56757307660374,,,,,,,,,0,0.42099999999933857,2.52439999999865,1
101,0.592108843537415,0,4096,0,1.0,-63.204906827016885,,,,,,,,,0,0.5772999999997808,19.834299999999416,0
102,0.5979138321995465,0,4096,0,1.0,-62.43051361437872,,,,,,,,,0,1.2015000000005216,1.3652000000003994,2
103,0.603718820861678,0,4096,0,1.0,-61.879488523077114,,,,,,,,,0,1.1644999999997907,2.5858000000003045,1
104,0.6095238095238096,0,4096,0,1.0,-58.565762135618385,,,,,,,,,0,1.234499999998917,3.9055999999995095,0
105,0.615328798185941,0,4096,0,1.0,-56.472792378156775,,,,,,,,,0,0.6252999999993847,0.7833999999995456,2
106,0.6211337868480725,0,4096,0,1.0,-55.939057738495436,,,,,,,,,0,0.38819999999972765,1.1705000000006294,1
107,0.626938775510204,0,4096,0,1.0,-55.743954874454616,,,,,,,,,0,0.3601999999993666,1.5513000000009214,0
108,0.6327437641723356,0,4096,0,1.0,-57.86799415459326,,,,,,,,,0,1.293399999999778,1.5956999999993116,2
109,0.6385487528344671,0,4096,0,1.0,-58.6004562810336,,,,,,,,,0,0.589899999999588,2.1969000000012784,1
110,0.6443537414965986,0,4096,0,1.0,-59.87047698208352,,,,,,,,,0,0.323700000000926,2.520600000000428,0
111,0.6501587301587302,0,4096,0,1.0,-60.62193930468219,,,,,,,,,0,1.1793999999998306,1.4289999999999026,2
112,0.6559637188208617,0,4096,0,1.0,-61.23072414034631,,,,,,,,,0,0.4078999999990174,1.805900000000804,1
113,0.6617687074829932,0,4096,0,1.0,-62.837665202630355,,,,,,,,,0,0.36509999999978504,2.1927999999995507,0
114,0.6675736961451247,0,4096,0,1.0,-67.21725034903626,,,,,,,,,0,1.5820000000008605,1.8222000000012173,2
115,0.6733786848072563,0,4096,0,1.0,-62.05878975119212,,,,,,,,,0,1.4887999999988466,3.4103999999999246,1
116,0.6791836734693878,0,4096,0,1.0,-55.457680178416446,,,,,,,,,0,1.8190000000011253,5.357300000000009,0
117,0.6849886621315193,0,4096,0,1.0,-53.06405347742394,,,,,,,,,0,1.551799999999659,1.8012999999985624,2
118,0.6907936507936508,0,4096,0,1.0,-50.49615246993771,,,,,,,,,0,0.8885000000002918,2.7839000000007275,1
119,0.6965986394557823,0,4096,0,1.0,-48.95763704470497,,,,,,,,,0,0.4707000000010453,3.3111999999988484,0
120,0.7024036281179138,0,4096,0,1.0,-52.885619762590075,,,,,,,,,0,0.6004999999991156,0.7590999999997905,2
121,0.7082086167800453,0,4096,0,1.0,-51.812757590936805,,,,,,,,,0,0.2908000000001465,1.0302000000006473,1
122,0.7140136054421768,0,4096,0,1.0,-52.53234001320565,,,,,,,,,0,0.2505999999993236,1.2939999999996843,0
123,0.7198185941043084,0,4096,0,1.0,-55.283232549415786,,,,,,,,,0,0.4629999999998802,0.738100000001296,2
124,0.7256235827664399,0,4096,0,1.0,-53.601749670126786,,,,,,,,,0,0.2644999999983355,1.004299999999958,1
125,0.7314285714285714,0,4096,0,1.0,-58.754935181282434,,,,,,,,,0,0.24920000000072662,1.2702000000004432,0
126,0.737233560090703,0,4096,0,1.0,-60.07240329649306,,,,,,,,,0,1.0898000000008068,1.4719000000003035,2
127,0.7430385487528345,0,4096,0,1.0,-59.77490854808931,,,,,,,,,0,1.0726999999999265,2.565999999999846,1
128,0.748843537414966,0,4096,0,1.0,-60.31838561259785,,,,,,,,,0,0.4945000000002864,3.1186999999999188,0
129,0.7546485260770975,0,4096,0,1.0,-67.09616456023574,,,,,,,,,0,1.50619999999968,1.7417000000001792,2
130,0.7604535147392291,0,4096,0,1.0,-64.47261589592945,,,,,,,,,0,1.4991999999995897,4.141399999999962,1
131,0.7662585034013606,0,4096,0,1.0,-68.041763984705,,,,,,,,,0,1.3323999999990122,5.556399999999684,0
132,0.7720634920634921,0,4096,0,1.0,-68.93050519592583,,,,,,,,,0,0.667200000000534,0.8134999999995784,2
133,0.7778684807256235,0,4096,0,1.0,-66.81021027907295,,,,,,,,,0,0.31960000000097466,1.138400000000317,1
134,0.7836734693877551,0,4096,0,1.0,-69.23077023469158,,,,,,,,,0,0.2760999999988911,1.4386999999995709,0
135,0.7894784580498866,0,4096,0,1.0,-70.6208368740562,,,,,,,,,0,0.8030000000012194,0.9797999999996421,2
136,0.7952834467120181,0,4096,0,1.0,-76.50104104131783,,,,,,,,,0,0.47220000000081086,1.4848000000000638,1
137,0.8010884353741496,0,4096,0,1.0,-75.30854590684714,,,,,,,,,0,0.4380000000008266,1.958799999998817,0
138,0.8068934240362812,0,4096,0,1.0,-77.06965298411535,,,,,,,,,0,0.6108000000004665,0.7668000000009556,2
139,0.8126984126984127,0,4096,0,1.0,-74.9602760346066,,,,,,,,,0,0.3788999999994047,1.1630000000000251,1
140,0.8185034013605442,0,4096,0,1.0,-76.73748864870623,,,,,,,,,0,0.3409999999988145,1.5283999999997633,0
141,0.8243083900226758,0,4096,0,0.11369474325549754,-80.39418555414815,,,,,,,,,0,1.654999999999518,1.9671999999992806,2
142,0.8301133786848073,0,4096,0,1.0,-79.03051938167728,,,,,,,,,0,1.3471000000002675,3.3255000000007584,1
143,0.8359183673469388,0,4096,0,1.0,-69.15181800509916,,,,,,,,,0,1.742799999998823,5.145399999999967,0
144,0.8417233560090703,0,4096,0,1.0,-73.0228377418503,,,,,,,,,0,1.916599999999491,2.1727999999985315,2
145,0.8475283446712019,0,4096,0,1.0,-61.30632460172506,,,,,,,,,0,0.8562999999988108,3.130499999999259,1
146,0.8533333333333334,0,4096,0,1.0,-63.380967412809284,,,,,,,,,0,0.6700999999988966,3.8365999999996347,0
147,0.8591383219954648,0,4096,0,1.0,-54.13477554392301,,,,,,,,,0,1.9150999999997254,2.06359999999961,2
148,0.8649433106575963,0,4096,0,1.0,-59.68113367056578,,,,,,,,,0,1.6607000000004035,3.189700000000073,1
149,0.8707482993197279,0,4096,0,1.0,-50.942667091711144,,,,,,,,,0,1.4463000000013437,4.625799999999458,0
150,0.8765532879818594,0,4096,0,1.0,-57.43004341953174,,,,,,,,,0,1.3763999999998333,1.6329000000006033,2
151,0.8823582766439909,0,4096,0,1.0,-53.74721430426513,,,,,,,,,0,1.4622000000006352,3.1522000000006045,1
152,0.8881632653061224,0,4096,0,1.0,-54.76203835744045,,,,,,,,,0,1.1155000000009352,4.34100000000015,0
153,0.893968253968254,0,4096,0,1.0,-58.42237988454275,,,,,,,,,0,0.7468999999993287,1.0593999999990444,2
154,0.8997732426303855,0,4096,0,1.0,-59.461110278247496,,,,,,,,,0,0.389099999999587,1.3366000000001321,1
155,0.905578231292517,0,4096,0,1.0,-60.98023431845779,,,,,,,,,0,0.4315999999988662,1.7990999999994983,0
156,0.9113832199546485,0,4096,0,1.0,-56.95866664820621,,,,,,,,,0,1.989199999998803,2.2065999999991703,2
157,0.9171882086167801,0,4096,0,1.0,-62.506887055213944,,,,,,,,,0,0.9455999999996578,3.202500000000441,1
158,0.9229931972789116,0,4096,0,1.0,-57.396253283404455,,,,,,,,,0,0.7120000000000459,3.9895000000012004,0
159,0.9287981859410431,0,4096,0,1.0,-60.58598881318258,,,,,,,,,0,2.0943999999989416,2.371200000000684,2
160,0.9346031746031747,0,4096,0,1.0,-59.21898695290355,,,,,,,,,0,0.9572999999996057,3.338199999999958,1
161,0.9404081632653061,0,4096,0,1.0,-58.04187947294248,,,,,,,,,0,0.5945000000000533,3.9823000000005493,0
162,0.9462131519274376,0,4096,0,1.0,-58.47515154878555,,,,,,,,,0,0.45670000000086475,0.7418000000001257,2
163,0.9520181405895691,0,4096,0,1.0,-59.345109497279054,,,,,,,,,0,0.2815999999992158,1.0201999999992495,1
164,0.9578231292517007,0,4096,0,1.0,-58.594587957896636,,,,,,,,,0,0.25519999999978893,1.2919000000000125,0
165,0.9636281179138322,0,4096,0,1.0,-58.538085392616644,,,,,,,,,0,0.4930000000005208,0.7377000000001743,2
166,0.9694331065759637,0,4096,0,1.0,-58.69561966460655,,,,,,,,,0,0.2846000000005233,1.0215000000002306,1
167,0.9752380952380952,0,4096,0,1.0,-58.08622186599411,,,,,,,,,0,0.2817999999997767,1.3216000000007,0
168,0.9810430839002268,0,4096,0,1.0,-58.99417451553384,,,,,,,,,0,0.8865999999994045,1.1268000000015377,2
169,0.9868480725623583,0,4096,0,1.0,-58.467850925854066,,,,,,,,,0,0.5258000000001317,1.6418999999991968,1
170,0.9926530612244898,0,4096,0,1.0,-58.68317641710885,,,,,,,,,0,0.5041999999999547,2.170200000000122,0
171,0.9984580498866213,1,4096,0,1.0,-58.84467456294442,0.0024976390413939953,59,0,-1,,0,0,2.327499999999816,0,3.0034000000007666,3.277999999999892,2
172,1.0042630385487528,1,512,1,1.0,-58.171017683916276,0.023615572601556778,59,0,-1,,0,0,2.1319000000001864,0,2.570999999999657,5.870999999999071,1
173,1.0100680272108844,1,512,0,1.0,-61.138083655798525,0.023314692080020905,59,0,-1,,0,0,2.1543000000008306,0,2.519799999999961,8.430999999999855,3
174,1.0158730158730158,1,512,0,1.0,-59.95683962327014,0.021272841840982437,59,0,-1,,0,0,2.4172999999994005,0,2.786700000001474,3.508699999999365,2
175,1.0216780045351475,1,1024,0,1.0,-62.81887796255094,0.021737871691584587,59,0,-1,,0,0,3.4730000000013916,0,4.079100000000224,7.630300000000645,1
176,1.0274829931972789,1,1024,0,1.0,-61.062647251959774,0.0205074492841959,59,0,-1,,0,0,2.259299999998632,0,2.7615000000000833,10.444200000000237,0
177,1.0332879818594105,1,2048,0,1.0,-61.01867760497008,0.019904091954231262,59,0,-1,,0,0,3.542299999999443,0,4.865099999999956,5.09510000000013,2
178,1.039092970521542,1,2048,0,1.0,-60.098539458188505,0.020631542429327965,59,0,-1,,0,0,4.851000000000383,0,5.808200000000596,10.94930000000005,1
179,1.0448979591836736,1,2048,0,1.0,-64.45843505898878,0.020361896604299545,59,0,-1,,0,0,2.5583000000004574,0,3.911300000000395,15.112399999999582,3
180,1.050702947845805,1,2048,0,1.0,-64.61328123373792,0.020248979330062866,59,0,-1,,0,0,3.2730000000000814,0,3.9139999999981967,4.969700000000188,2
181,1.0565079365079366,1,4096,0,0.6727973097895107,-67.52322425404743,0.00254462962038815,59,0,-1,,0,0,3.1546999999996217,0,4.201099999997737,9.295599999999737,1
182,1.062312925170068,1,4096,0,1.0,-68.37826659181664,0.0025661331601440907,59,0,-1,,0,0,8.014300000001029,0,9.267099999998862,18.664300000001077,0
183,1.0681179138321995,1,4096,0,0.2837126170047352,-71.30868431783774,0.002578060608357191,59,0,-1,,0,0,7.738500000000315,0,9.95949999999901,10.303999999999647,5
184,1.073922902494331,1,4096,0,0.27501090165523495,-70.1782759427394,,-1,0,-1,,0,0,,1,1.7284999999986894,12.1304999999996,4
185,1.0797278911564625,1,4096,0,0.12907411909773409,-70.52261587213637,0.002613937947899103,59,0,-1,,0,0,7.726899999999759,0,9.348200000001583,21.56180000000063,3
186,1.0855328798185941,1,4096,0,0.2144920182097152,-74.35839828813917,0.002612662734463811,59,0,-1,,0,0,7.052599999999742,0,8.945199999999431,23.20600000000006,5
187,1.0913378684807256,1,4096,0,0.1760539091319517,-73.23753188402888,,-1,0,-1,,0,0,,1,1.6774999999995543,25.03989999999945,4
188,1.0971428571428572,1,4096,0,0.0,-77.34108330587857,0.002587499562650919,59,0,-1,,0,0,7.822800000001351,0,10.809700000001143,36.01669999999935,3
189,1.1029478458049886,1,4096,0,0.0,-76.1970943134667,0.0026255459524691105,59,0,-1,,0,0,3.5346000000000544,0,4.524199999998757,24.226699999999823,2
190,1.1087528344671203,1,4096,0,0.0,-76.44562925683294,0.0025989029090851545,59,0,-1,,0,0,6.3171000000004085,0,7.8136999999998125,32.10930000000012,4
191,1.1145578231292517,1,4096,0,0.0,-77.71941474259278,0.002602560445666313,59,0,-1,,0,0,4.225500000000437,0,5.509299999999939,37.74700000000131,3
192,1.1203628117913833,1,4096,0,0.0,-80.34088192022054,0.002622338943183422,59,0,-1,,0,0,4.322399999999504,0,5.74940000000268,18.370000000000886,5
193,1.1261678004535147,1,4096,0,0.0,-82.02029884840917,0.002593563636764884,59,0,-1,,0,0,5.369700000001032,0,6.911600000000462,25.365199999999533,4
194,1.1319727891156464,1,4096,0,0.0,-81.63995577299727,0.0026115882210433483,59,0,-1,,0,0,4.0722999999989185,0,5.40330000000111,30.86580000000083,3
195,1.1377777777777778,1,4096,0,0.0,-81.64456789338197,0.002652277471497655,59,0,-1,,0,0,4.188800000001436,0,5.585700000001026,21.89150000000062,5
196,1.1435827664399092,1,4096,0,0.0,-84.14951922248864,0.002632749732583761,59,0,-1,,0,0,4.545300000000196,0,7.285299999999495,29.317500000001218,4
197,1.1493877551020408,1,4096,0,0.0,-84.88641169679983,0.002631258685141802,59,0,-1,,0,0,4.521500000000955,0,5.931799999999043,35.46839999999918,6
198,1.1551927437641722,1,4096,0,0.0,-86.55754519878619,0.0026164690498262644,59,0,-1,,0,0,5.951899999999455,0,7.388199999999401,25.859700000001595,5
199,1.1609977324263039,1,4096,0,0.0,-86.73266563792431,0.0026407914701849222,59,0,-1,,0,0,3.5308999999994484,0,4.476499999999106,30.36670000000008,4
200,1.1668027210884353,1,4096,0,0.0,-87.08943301086302,0.002628331072628498,59,0,-1,,0,0,3.528100000000478,0,4.360900000000001,34.77900000000034,3
201,1.172607709750567,1,4096,0,0.0,-87.576499649607,0.0026320696342736483,59,0,-1,,0,0,5.533699999999087,0,6.624499999999145,27.427400000000546,5
202,1.1784126984126984,1,4096,0,0.0,-88.31390151609347,0.0026370335835963488,59,0,-1,,0,0,4.56270000000103,0,6.077100000000613,33.63809999999923,7
203,1.18421768707483,1,4096,0,0.0,-89.67445007406106,0.002634929260239005,59,0,-1,,0,0,3.927300000000855,0,5.14790000000076,38.92160000000011,6
204,1.1900226757369614,1,4096,0,0.0,-90.22042181764576,0.0026329108513891697,59,0,-1,,0,0,9.396600000000532,0,13.028900000000121,26.91879999999891,8
205,1.195827664399093,1,4096,0,0.0,-91.24693496500723,0.0026331590488553047,59,0,-1,,0,0,4.926799999999787,0,7.731800000000177,34.799500000000094,7
206,1.2016326530612245,1,4096,0,0.0,-90.67564278513657,0.0026309234090149403,59,0,-1,,0,0,5.574300000001031,0,8.930700000000513,44.19320000000049,6
207,1.207437641723356,1,4096,0,0.0,-92.28888544184314,0.0026358088944107294,59,0,-1,,0,0,4.715000000000913,0,5.819600000000591,44.788599999998624,8
208,1.2132426303854875,1,4096,0,0.0,-93.73653943073259,0.0026335471775382757,59,0,-1,,0,0,6.835499999999328,0,8.97199999999998,53.91399999999891,7
209,1.2190476190476192,1,4096,0,0.0,-93.14391541891082,0.0026329713873565197,59,0,-1,,0,0,4.703900000000871,0,6.358099999998146,60.44850000000146,9
210,1.2248526077097506,1,4096,0,0.0,-93.34397146134489,0.002634613309055567,59,0,-1,,0,0,5.799800000000133,0,7.683200000002444,48.95749999999843,8
211,1.230657596371882,1,4096,0,0.0,-95.03255481865014,0.0026360785122960806,59,0,-1,,0,0,4.246399999999539,0,6.038099999999602,55.104400000001164,7
212,1.2364625850340136,1,4096,0,0.0,-94.6937514599202,0.002631684299558401,59,0,-1,,0,0,8.104400000000567,0,11.944999999998984,67.2738000000006,9
213,1.242267573696145,1,4096,0,0.0,-95.80152468536258,0.002633549738675356,59,0,-1,,0,0,3.7377999999996803,0,4.800300000001201,48.99729999999991,11
214,1.2480725623582767,1,4096,0,0.0,-94.33638106943889,0.0026340081822127104,59,0,-1,,0,0,8.090999999998516,0,9.305699999998751,58.393200000001144,10
215,1.253877551020408,1,4096,0,0.0,-94.83572925497432,0.002634752541780472,59,0,-1,,0,0,3.985699999999426,0,6.226399999999188,64.775899999999,9
216,1.2596825396825397,1,4096,0,0.0,-94.42300473611438,0.0026337099261581898,59,0,-1,,0,0,7.525799999999805,0,9.966300000000317,59.008999999999645,11
217,1.2654875283446712,1,4096,0,0.0,-95.23872588742294,,-1,0,-1,,0,0,,1,0.8062000000013114,59.866299999999484,10
218,1.2712925170068028,1,4096,0,0.0,-95.74184731756222,0.0026348803658038378,59,0,-1,,0,0,3.320800000000901,0,3.9817000000024194,63.88820000000095,9
219,1.2770975056689342,1,4096,0,0.0,-95.51101507673651,0.002632302464917302,59,0,-1,,0,0,4.455700000001173,0,5.453499999999778,52.78739999999971,8
220,1.2829024943310658,1,4096,0,0.0,-96.17790898892383,,-1,0,-1,,0,0,,1,4.415100000001004,57.350800000000035,10
221,1.2887074829931973,1,4096,0,0.0,-96.243937670594,0.0026337027084082365,59,0,-1,,0,0,3.5895000000003563,0,4.847400000000945,62.301599999999624,12
222,1.294512471655329,1,4096,0,0.0,-96.59003495889704,0.0026348477695137262,59,0,-1,,0,0,3.8493000000006106,0,4.721800000000442,53.97720000000028,11
223,1.3003174603174603,1,4096,0,0.0,-97.29235200308943,0.002632186049595475,59,0,-1,,0,0,5.978799999999396,0,7.785500000000667,61.88659999999935,10
224,1.3061224489795917,1,4096,0,0.0,-97.12617372141175,0.0026333394926041365,59,0,-1,,0,0,3.645999999999816,0,4.802400000000873,66.80330000000012,9
225,1.3119274376417234,1,4096,0,0.0,-95.98564066195814,0.002635096898302436,59,0,-1,,0,0,7.336999999999705,0,9.132600000000934,49.811599999999956,11
226,1.3177324263038548,1,4096,0,0.0,-96.17790898892383,0.002634695963934064,59,0,-1,,0,0,5.98350000000103,0,7.861399999997687,57.75659999999938,10
227,1.3235374149659864,1,4096,0,0.0,-97.83282547408348,0.0026340032927691936,59,0,-1,,0,0,4.691699999998633,0,6.936100000000778,64.8383999999993,12
228,1.3293424036281178,1,4096,0,0.0,-96.59003495889704,0.0026335774455219507,59,0,-1,,0,0,3.36809999999943,0,4.274399999998124,53.48299999999995,11
229,1.3351473922902495,1,4096,0,0.0,-96.66269167130112,0.0026351683773100376,59,0,-1,,0,0,3.1637999999993838,0,3.900699999999091,56.65549999999975,10
230,1.340952380952381,1,4096,0,0.0,-96.11286916969236,0.002635194920003414,59,0,-1,,0,0,4.443900000000056,0,5.100499999999286,61.71229999999994,9
231,1.3467573696145125,1,4096,0,0.0,-95.86203353190663,0.0026340545155107975,59,0,-1,,0,0,4.111899999999835,0,6.5331000000004025,63.947899999998725,11
232,1.352562358276644,1,4096,0,0.0,-96.04878903049143,0.0026337916497141123,59,0,-1,,0,0,3.1279000000008494,0,3.9935999999993754,67.98910000000014,10
233,1.3583673469387756,1,4096,0,0.0,-96.59003495889704,0.0026336046867072582,59,0,-1,,0,0,3.4098999999994106,0,4.232700000001088,72.31969999999954,12
234,1.364172335600907,1,4096,0,0.0,-96.51857380658345,0.002634510863572359,59,0,-1,,0,0,3.737700000000288,0,6.508899999998263,53.9316000000003,11
235,1.3699773242630386,1,4096,0,0.0,-96.04878903049143,0.002634444274008274,59,0,-1,,0,0,2.955800000000508,0,3.712999999999411,57.69399999999969,10
236,1.37578231292517,1,4096,0,0.0,-96.73658462938218,0.002634342759847641,59,0,-1,,0,0,3.327000000000524,0,4.036899999999122,61.79100000000126,9
237,1.3815873015873017,1,4096,0,0.0,-96.66269167130112,0.002634311094880104,59,0,-1,,0,0,5.482900000000512,0,7.715199999999811,54.28709999999981,8
238,1.3873922902494331,1,4096,0,0.0,-97.04540980062914,0.0026347022503614426,59,0,-1,,0,0,3.4919000000002143,0,4.361199999999954,58.648500000000325,10
239,1.3931972789115645,1,4096,0,0.0,-97.04540980062914,0.002633888041600585,59,0,-1,,0,0,3.485999999998768,0,4.376900000000461,63.083599999998796,9
240,1.3990022675736962,1,4096,0,0.0,-97.64509419330474,0.002634312491863966,59,0,-1,,0,0,4.100900000000962,0,5.6917999999992475,47.602799999999945,8
241,1.4048072562358276,1,4096,0,0.0,-96.17790898892383,0.0026345918886363506,59,0,-1,,0,0,3.2175000000016496,0,4.45989999999874,52.1142999999995,10
242,1.4106122448979592,1,4096,0,0.0,-96.37908519400071,0.0026345006190240383,59,0,-1,,0,0,3.297999999999135,0,4.084199999999427,56.26499999999979,9
243,1.4164172335600906,1,4096,0,0.0,-97.73794553660701,0.002634807489812374,59,0,-1,,0,0,5.838100000000068,0,6.639699999999138,55.344100000001006,8
244,1.4222222222222223,1,4096,0,0.0,-96.81175663155918,0.0026336878072470427,59,0,-1,,0,0,2.791600000000116,0,3.6079000000004413,58.99669999999979,7
245,1.4280272108843537,1,4096,0,0.0,-96.81175663155918,0.002635122276842594,59,0,-1,,0,0,2.9845000000001676,0,3.729199999998656,62.78640000000024,6
246,1.4338321995464853,1,4096,0,0.0,-96.59003495889704,0.002634479198604822,59,0,-1,,0,0,3.4951999999996985,0,4.691599999999241,40.184100000001166,8
247,1.4396371882086167,1,4096,0,0.0,-93.96663249618472,0.0026349667459726334,59,0,-1,,0,0,3.8223999999988933,0,5.993999999999389,46.27669999999995,10
248,1.4454421768707484,1,4096,0,0.7448450442183951,-81.76860865135674,0.002634103177115321,59,0,-1,,0,0,2.7733999999988157,0,3.5127000000017006,49.85600000000012,9
249,1.4512471655328798,1,4096,0,1.0,-79.14578222258547,0.0026337725576013327,59,0,-1,,0,0,3.101100000000301,0,3.712199999998944,40.839399999999415,8
250,1.4570521541950114,1,4096,0,0.0,-80.84786477352017,,-1,0,-1,,0,0,,1,0.5913999999993536,41.45489999999974,7
251,1.4628571428571429,1,4096,0,0.12768613266616805,-86.62239068417072,0.002634872915223241,59,0,-1,,0,0,3.7893000000011057,0,4.463499999998177,45.93209999999992,6
252,1.4686621315192743,1,4096,0,0.0,-85.50805934148819,0.0026316691655665636,59,0,-1,,0,0,3.5519999999991114,0,4.909799999998299,28.126699999999616,8
253,1.474467120181406,1,4096,0,0.0,-89.71864972570097,,-1,0,-1,,0,0,,1,1.0714000000007218,29.270400000001473,7
254,1.4802721088435373,1,4096,0,0.0,-94.00619505307482,0.0026360347401350737,59,0,-1,,0,0,4.3489000000001,0,5.382000000000886,34.705999999999904,6
255,1.486077097505669,1,4096,0,0.0,-93.62590854555907,0.0026334894355386496,59,0,-1,,0,0,5.623499999998671,0,8.186999999997724,36.18340000000053,5
256,1.4918820861678004,1,4096,0,0.0,-95.23872588742294,0.0026352086570113897,59,0,-1,,0,0,3.2932999999992774,0,4.178399999998916,40.3936999999992,4
257,1.497687074829932,1,4096,0,0.0,-95.29183509470138,0.002635500393807888,59,0,-1,,0,0,2.9460999999990634,0,3.968099999999808,44.54579999999986,6
258,1.5034920634920634,1,4096,0,0.0,-96.11286916969236,0.002635349053889513,59,0,-1,,0,0,3.490799999999794,0,4.179099999999991,29.604600000000758,5
259,1.509297052154195,1,4096,0,0.0,-95.98564066195814,0.002635916927829385,59,0,-1,,0,0,3.04329999999986,0,4.299600000001291,33.96039999999978,4
260,1.5151020408163265,1,4096,0,0.0,-96.59003495889704,0.0026341311167925596,59,0,-1,,0,0,3.123599999998561,0,3.8404000000014094,37.89079999999956,3
261,1.5209070294784581,1,4096,0,0.0,-96.11286916969236,0.00263577769510448,59,0,-1,,0,0,2.803500000000625,0,3.478700000000501,19.05620000000141,5
262,1.5267120181405895,1,4096,0,0.0,-94.9330270966879,0.0026347299572080374,59,0,-1,,0,0,3.4659000000001328,0,4.200200000001431,23.29209999999904,4
263,1.5325170068027212,1,4096,0,0.0,-95.23872588742294,0.0026333932764828205,59,0,-1,,0,0,3.2160999999995,0,4.850199999999916,28.34690000000073,3
264,1.5383219954648526,1,4096,0,0.0,-95.80152468536258,0.002633471041917801,59,0,-1,,0,0,4.626599999999925,0,5.414299999999983,16.74959999999892,5
265,1.5441269841269842,1,4096,0,0.0,-95.03255481865014,0.0026353541761636734,59,0,-1,,0,0,3.0000000000001137,0,3.833699999999496,20.61759999999957,4
266,1.5499319727891157,1,4096,0,0.0,-95.56758314090658,0.002635825425386429,59,0,-1,,0,0,4.1909999999987235,0,5.043699999999873,25.734899999999783,3
267,1.555736961451247,1,4096,0,0.0,-95.98564066195814,0.002634217496961355,59,0,-1,,0,0,3.0806999999999363,0,3.7883000000000777,13.535099999998579,2
268,1.5615419501133787,1,4096,0,0.0,-96.04878903049143,0.002636206103488803,59,0,-1,,0,0,3.1380999999992554,0,3.81929999999997,17.367500000000646,4
269,1.5673469387755101,1,4096,0,0.0,-95.56758314090658,0.002633430762216449,59,0,-1,,0,0,3.43690000000052,0,4.273700000000602,21.70659999999991,3
270,1.5731519274376418,1,4096,0,0.0,-90.63888076634471,0.0026340882759541273,59,0,-1,,0,0,4.007599999999556,0,5.170300000001404,12.73790000000119,2
271,1.5789569160997732,1,4096,0,0.052619557371288005,-82.9354728025686,0.0026327907107770443,59,0,-1,,0,0,3.834499999999963,0,4.586899999999616,17.375299999999427,1
272,1.5847619047619048,1,4096,0,1.0,-75.22355691649346,0.0026361688505858183,59,0,-1,,0,0,2.883799999999326,0,3.780600000000689,21.242899999998954,0
273,1.5905668934240362,1,512,1,1.0,-61.48859694461688,0.02382603846490383,59,0,-1,,0,0,3.456899999999763,0,5.967099999999448,6.240900000001659,2
274,1.5963718820861679,1,512,0,1.0,-56.801634277492866,0.05756983906030655,59,0,-1,,0,0,2.3914000000004876,0,3.167399999998821,9.42579999999893,1
275,1.6021768707482993,1,512,0,1.0,-52.89339503617316,0.07088913768529892,53,0,-1,,0,0,2.4914000000002545,0,3.1146000000017438,12.590699999998733,0
276,1.607981859410431,1,1024,0,1.0,-56.9664936889123,0.04953157529234886,53,0,-1,,0,0,2.495599999999598,0,3.0935999999996966,3.2381000000007987,2
277,1.6137868480725623,1,1024,0,1.0,-51.21268786022163,0.06106465309858322,59,0,-1,,0,0,4.037099999999683,0,4.760899999999069,8.031499999999525,1
278,1.619591836734694,1,2048,0,1.0,-54.46413484530335,0.02554105967283249,59,0,-1,,0,0,2.538200000000046,0,3.147099999999625,11.2356000000009,0
279,1.6253968253968254,1,2048,0,1.0,-50.88452650324919,0.03560682386159897,59,0,-1,,0,0,2.0921000000004852,0,2.7839000000007275,2.9354999999995357,2
280,1.6312018140589568,1,2048,0,1.0,-50.54337074625137,0.026459986343979836,59,0,-1,,0,0,2.5466000000005096,0,2.9500999999996225,5.8888000000010265,1
281,1.6370068027210884,1,2048,0,1.0,-52.26081245338306,0.029190802946686745,59,0,-1,,0,0,3.186700000000542,0,3.677900000001344,9.60279999999969,0
282,1.6428117913832199,1,4096,0,1.0,-51.13520685240056,0.0034782500006258488,59,0,-1,,0,0,2.050199999999336,0,2.661399999999148,2.8317999999991628,2
283,1.6486167800453515,1,4096,0,1.0,-53.839036381768835,0.003739200299605727,59,0,-1,,0,0,2.080300000001145,0,2.4866999999986206,5.345800000000622,1
284,1.654421768707483,1,4096,0,1.0,-57.57549244556078,0.0029572222847491503,59,0,-1,,0,0,4.199299999999795,0,5.077500000000512,10.492599999999186,0
285,1.6602267573696146,1,4096,0,1.0,-59.64276583090145,0.0026366000529378653,64,0,-1,,0,0,2.419099999999119,0,3.1343000000010335,3.3288000000002427,2
286,1.666031746031746,1,4096,0,1.0,-58.428988147371975,0.0022006186190992594,64,0,-1,,0,0,3.855899999999579,0,5.537000000000347,8.940999999998311,1
287,1.6718367346938776,1,4096,0,1.0,-60.23910537951558,0.0021550024393945932,64,0,-1,,0,0,1.7550000000010613,0,2.2100999999992155,11.232800000000154,0
288,1.677641723356009,1,4096,0,1.0,-62.29235537938307,0.0021641869097948074,64,0,-1,,0,0,2.268500000001339,0,2.8665999999990532,3.1181000000000125,2
289,1.6834467120181407,1,4096,0,1.0,-66.97773310822745,0.002103392966091633,64,0,-1,,0,0,3.6576000000003717,0,4.242299999999588,7.406400000000701,1
290,1.689251700680272,1,4096,0,1.0,-62.48196982926415,0.0020216882694512606,64,0,-1,,0,0,2.564399999998912,0,3.5751999999984463,11.131499999999406,0
291,1.6950566893424037,1,4096,0,1.0,-60.25641791605746,0.0024065945763140917,64,0,-1,,0,0,2.592300000001657,0,3.235500000000613,3.3941999999989036,2
292,1.7008616780045351,1,4096,0,1.0,-60.63216134136495,0.0023814949672669172,59,0,-1,,0,0,2.977100000000732,0,3.5858999999991426,7.023699999999522,1
293,1.7066666666666668,1,4096,0,1.0,-59.4825714524773,0.0028036399744451046,59,0,-1,,0,0,3.2551999999999026,0,5.129000000000161,12.29449999999943,0
294,1.7124716553287982,1,4096,0,1.0,-59.887671170702106,0.002462030155584216,59,0,-1,,0,0,2.46030000000097,0,4.274300000000508,4.5037000000007765,2
295,1.7182766439909296,1,4096,0,1.0,-56.5658818892965,0.0026891028974205256,59,0,-1,,0,0,2.209999999999823,0,2.640800000001775,7.147599999999699,1
296,1.7240816326530612,1,4096,0,1.0,-53.79066591110099,0.002805919386446476,59,0,-1,,0,0,1.9726999999996053,0,2.383899999998107,9.569700000000125,0
297,1.7298866213151927,1,4096,0,1.0,-49.744187047338414,0.004171648062765598,59,0,-1,,0,0,4.1994000000009635,0,6.70780000000093,6.970900000000668,2
298,1.7356916099773243,1,4096,0,1.0,-48.04913815637821,0.004694972652941942,59,0,-1,,0,0,2.5271999999993966,0,3.3688000000005047,10.396800000000539,1
299,1.7414965986394557,1,4096,0,1.0,-47.64986420247486,0.0057487995363771915,59,0,-1,,0,0,2.610799999999358,0,3.3507999999979887,13.823000000000363,3
300,1.7473015873015874,1,4096,0,1.0,-49.96662061279834,0.004420021083205938,59,0,-1,,0,0,4.011699999999507,0,4.668900000002196,7.325399999999149,2
301,1.7531065759637188,1,4096,0,1.0,-53.09178022301463,0.004000884015113115,64,0,-1,,0,0,3.6892999999995624,0,5.105999999999611,13.162300000001181,1
302,1.7589115646258504,1,4096,0,1.0,-56.72450232269447,0.002896756399422884,64,0,-1,,0,0,2.392399999999739,0,3.0386999999993947,16.283299999999556,0
303,1.7647165532879818,1,4096,0,1.0,-56.98614296198141,0.0023524826392531395,64,0,-1,,0,0,4.55680000000136,0,5.38679999999836,5.533899999999647,2
304,1.7705215419501135,1,4096,0,1.0,-59.14147827510711,0.002123655052855611,64,0,-1,,0,0,2.425699999999864,0,3.0242999999998688,8.603700000000103,1
305,1.7763265306122449,1,4096,0,1.0,-64.91959730668532,0.0019020921317860484,64,0,-1,,0,0,2.677900000000122,0,3.2513999999999044,11.913699999999139,0
306,1.7821315192743765,1,512,1,1.0,-68.08475299850953,0.021631285548210144,59,0,-1,,0,0,5.881000000000469,0,7.225900000001673,7.603900000001218,2
307,1.787936507936508,1,512,0,1.0,-68.77010309563335,0.02226223610341549,59,0,-1,,0,0,3.717200000000531,0,4.8784999999984535,12.585699999998923,1
308,1.7937414965986394,1,512,0,1.0,-69.36490505133594,0.022626055404543877,59,0,-1,,0,0,4.585900000000365,0,5.8533999999994535,18.524000000001095,0
309,1.799546485260771,1,1024,0,1.0,-68.80248049339308,0.02097669430077076,59,0,-1,,0,0,3.2586000000005555,0,4.533999999999594,4.816899999999791,2
310,1.8053514739229024,1,1024,0,1.0,-67.4440064090665,0.01991836540400982,59,0,-1,,0,0,2.158500000000174,0,2.847399999998501,7.682700000000153,4
311,1.811156462585034,1,2048,0,1.0,-67.38278045688992,0.01960200071334839,59,0,-1,,0,0,3.1631999999994775,0,3.8154999999999717,11.537099999999967,3
312,1.8169614512471655,1,2048,0,1.0,-62.83687571583719,0.020591307431459427,59,0,-1,,0,0,2.509100000001041,0,4.0077999999983405,8.147100000000407,2
313,1.822766439909297,1,2048,0,1.0,-63.1833146514571,0.019803205505013466,59,0,-1,,0,0,2.3717999999988137,0,2.7967000000010955,10.963699999999577,1
314,1.8285714285714285,1,2048,0,1.0,-63.573991941849584,0.020200081169605255,59,0,-1,,0,0,2.562400000000409,0,3.0461000000006067,14.052600000001192,0
315,1.8343764172335602,1,4096,0,1.0,-61.6402142199524,0.0024109145160764456,59,0,-1,,0,0,2.267099999999189,0,3.0017999999998324,3.4570000000009315,2
316,1.8401814058956916,1,4096,0,1.0,-62.06087156262847,0.00256940396502614,59,0,-1,,0,0,1.9306999999990637,0,2.522199999999586,5.999599999999106,1
317,1.8459863945578232,1,4096,0,1.0,-60.75232269321279,0.002554490463808179,59,0,-1,,0,0,1.8601000000000312,0,2.259300000000408,8.292300000000807,0
318,1.8517913832199546,1,4096,0,1.0,-57.22186864237169,0.0027049914933741093,59,0,-1,,0,0,2.0489999999995234,0,2.9546999999983115,3.1970999999995087,2
319,1.8575963718820863,1,4096,0,1.0,-57.47008571692373,0.002703819889575243,59,0,-1,,0,0,2.2036000000014155,0,2.6239999999990715,5.774100000000004,1
320,1.8634013605442177,1,4096,0,1.0,-57.33172456166991,0.002673283452168107,59,0,-1,,0,0,1.6742999999994623,0,2.1295999999999538,7.946600000000359,0
321,1.8692063492063493,1,4096,0,1.0,-58.564161252018145,0.0025956432800740004,59,0,-1,,0,0,2.499300000000204,0,3.2625999999993383,3.5212000000015564,2
322,1.8750113378684807,1,4096,0,1.0,-58.05586271446319,0.0026221119333058596,59,0,-1,,0,0,4.682199999999526,0,5.244700000000435,8.791399999999783,4
323,1.8808163265306121,1,4096,0,1.0,-60.44880346179109,0.002668308326974511,59,0,-1,,0,0,2.3886000000015173,0,2.972599999999659,11.83660000000053,3
324,1.8866213151927438,1,4096,0,1.0,-61.37646965808807,0.0026212495286017656,59,0,-1,,0,0,2.4161000000013644,0,2.9830999999997942,8.37980000000016,2
325,1.8924263038548752,1,4096,0,1.0,-60.595238492142144,0.002595833269879222,59,0,-1,,0,0,2.001199999998704,0,2.4199999999989785,10.767400000000649,1
326,1.8982312925170068,1,4096,0,1.0,-59.00927818662919,0.0026380247436463833,59,0,-1,,0,0,1.7676999999984844,0,2.097699999998426,12.865099999999074,0
327,1.9040362811791383,1,4096,0,1.0,-60.82555159888674,0.0026435384061187506,59,0,-1,,0,0,1.9401000000005553,0,2.556099999999617,2.722999999999587,2
328,1.90984126984127,1,4096,0,1.0,-62.986309283881894,0.002595145720988512,59,0,-1,,0,0,2.264900000000125,0,2.698799999999224,5.4389999999990835,1
329,1.9156462585034013,1,4096,0,1.0,-62.855649662117585,0.002646526787430048,59,0,-1,,0,0,2.3102999999995433,0,2.7945999999996474,8.270800000000023,0
330,1.921451247165533,1,4096,0,1.0,-64.02493876271572,0.0026271475944668055,59,0,-1,,0,0,2.928900000000567,0,4.068299999998359,4.254700000000611,2
331,1.9272562358276644,1,4096,0,1.0,-65.31152261736631,0.0025956148747354746,59,0,-1,,0,0,6.731600000000171,0,7.642099999998209,11.946500000000526,1
332,1.933061224489796,1,4096,0,1.0,-65.58839271183453,0.0026012747548520565,59,0,-1,,0,0,4.233099999998657,0,6.559800000001559,18.697100000000688,0
333,1.9388662131519274,1,4096,0,1.0,-66.76076840723735,0.0026228330098092556,59,0,-1,,0,0,2.7489999999996684,0,3.5279999999993095,3.755099999999345,2
334,1.944671201814059,1,4096,0,1.0,-64.4225499271249,0.00261954078450799,59,0,-1,,0,0,3.1839999999991875,0,5.361099999998231,9.161600000000547,1
335,1.9504761904761905,1,512,1,1.0,-67.71208255932002,0.019944889470934868,59,0,-1,,0,0,2.4508999999994785,0,3.131500000000287,12.334800000001422,0
336,1.956281179138322,1,512,0,1.0,-65.54076871622766,0.020447667688131332,59,0,-1,,0,0,2.8055999999985204,0,4.1767999999997585,4.3258999999995496,2
337,1.9620861678004535,1,512,0,1.0,-64.69904412167142,0.020724164322018623,59,0,-1,,0,0,4.839600000000388,0,5.709700000000595,8.639900000000367,1
338,1.967891156462585,1,1024,0,1.0,-68.83570524831748,0.020181722939014435,59,0,-1,,0,0,2.6508000000013965,0,3.660499999998734,12.337699999999785,0
339,1.9736961451247166,1,1024,0,1.0,-65.81811712662649,0.020325584337115288,59,0,-1,,0,0,2.2321999999999065,0,2.8231000000005224,3.117999999998844,2
340,1.979501133786848,1,2048,0,1.0,-68.10942293633107,0.02003606967628002,59,0,-1,,0,0,3.718199999999783,0,4.345499999999447,7.5190000000002755,1
341,1.9853061224489796,1,2048,0,1.0,-67.4196914469328,0.01999075897037983,59,0,-1,,0,0,4.370100000000932,0,5.2866999999992,12.912500000000549,0
342,1.991111111111111,1,2048,0,1.0,-65.6630627158185,0.01999829337000847,59,0,-1,,0,0,4.656100000000052,0,5.6968000000008345,6.024600000001712,2
343,1.9969160997732427,1,2048,0,1.0,-70.28138768041754,0.020198123529553413,59,0,-1,,0,0,2.3967000000002514,0,3.1536999999985937,9.259000000000128,1
344,2.0027210884353743,1,4096,0,1.0,-70.70568940636801,0.002624599728733301,59,0,-1,,0,0,2.4428000000007444,0,2.9945999999991813,12.31950000000026,0
345,2.0085260770975055,1,4096,0,1.0,-69.62420128340763,0.0026441444642841816,59,0,-1,,0,0,3.476900000000782,0,4.33600000000034,4.619700000001004,2
346,2.014331065759637,1,4096,0,1.0,-70.85795448376058,0.002630635630339384,59,0,-1,,0,0,3.1215999999982813,0,4.635000000000389,9.294300000000533,1
347,2.020136054421769,1,4096,0,1.0,-70.69529304128974,0.0026276696007698774,59,0,-1,,0,0,3.543300000000471,0,4.052599999999629,13.395899999999017,3
348,2.0259410430839004,1,4096,0,1.0,-70.82115009291799,0.0026324805803596973,59,0,-1,,0,0,2.626799999999818,0,3.495800000001381,5.23530000000072,2
349,2.0317460317460316,1,4096,0,1.0,-72.20833487945974,0.0026424750685691833,59,0,-1,,0,0,4.897500000000221,0,5.5347000000001145,10.804900000000117,1
350,2.0375510204081633,1,4096,0,1.0,-64.08526858468502,0.0026540467515587807,59,0,-1,,0,0,2.686999999999884,0,3.301799999999133,14.179900000000245,0
351,2.043356009070295,1,4096,0,1.0,-60.55850113281289,0.002695222618058324,59,0,-1,,0,0,3.2417999999996283,0,4.2141000000004425,4.478600000000554,2
352,2.049160997732426,1,4096,0,1.0,-54.27141534891178,0.003088871017098427,59,0,-1,,0,0,4.4848000000001775,0,6.471600000001132,11.027200000000903,1
353,2.0549659863945577,1,4096,0,1.0,-52.83475536042674,0.003806381719186902,59,0,-1,,0,0,3.6781000000001285,0,5.361800000001082,16.503900000000016,0
354,2.0607709750566894,1,4096,0,1.0,-52.622105382626884,0.004631480667740107,53,0,-1,,0,0,3.137399999999957,0,3.8104000000007687,4.1077000000004915,2
355,2.066575963718821,1,4096,0,1.0,-52.05484333015674,0.004929578863084316,53,0,-1,,0,0,3.17339999999966,0,4.332100000000949,8.515299999999115,1
356,2.072380952380952,1,4096,0,1.0,-55.4513505004367,0.00365250906907022,53,0,-1,,0,0,2.8313999999998174,0,3.5093000000010477,12.117799999998624,0
357,2.078185941043084,1,4096,0,1.0,-54.16190345099771,0.002890437375754118,53,0,-1,,0,0,3.3767999999998466,0,4.2330000000010415,4.461700000000235,2
358,2.0839909297052155,1,4096,0,1.0,-54.92968048518925,0.002301536500453949,64,0,-1,,0,0,3.280300000000125,0,4.129500000003006,8.607800000000054,1
359,2.089795918367347,1,4096,0,1.0,-58.397008053513716,0.00216479878872633,64,0,-1,,0,0,3.913900000000581,0,5.404200000000969,14.140599999999282,3
360,2.0956009070294783,1,4096,0,1.0,-60.50682894477498,0.002029606606811285,64,0,-1,,0,0,3.222299999999123,0,4.960199999999304,10.136000000001033,2
361,2.10140589569161,1,4096,0,1.0,-62.467361097782195,0.0018741462845355272,64,0,-1,,0,0,2.750499999999434,0,3.54450000000206,13.723000000000596,1
362,2.1072108843537416,1,4096,0,1.0,-62.846328614362676,0.0017646502237766981,64,0,-1,,0,0,2.675500000000497,0,3.5820999999991443,17.374000000000223,0
363,2.1130158730158732,1,4096,0,1.0,-66.18851165043881,0.0017232034588232636,64,0,-1,,0,0,3.5167000000004833,0,4.393399999999659,4.626099999999411,2
364,2.1188208616780044,1,4096,0,1.0,-60.626718762674386,0.0017088203458115458,64,0,-1,,0,0,2.334199999999953,0,2.9204000000007113,7.55119999999998,1
365,2.124625850340136,1,4096,0,1.0,-61.27076199936922,0.001675998792052269,64,0,-1,,0,0,2.8052000000009514,0,3.3949999999993707,10.975600000000085,0
366,2.1304308390022677,1,4096,0,1.0,-60.331479358234574,0.0016593008767813444,64,0,-1,,0,0,3.1330999999994447,0,5.367500000000192,5.652000000001323,2
367,2.136235827664399,1,4096,0,1.0,-59.83580463346618,0.001674351398833096,64,0,-1,,0,0,3.225900000000337,0,3.9565999999986445,9.624500000001035,1
368,2.1420408163265305,1,4096,0,1.0,-63.55847695410964,0.0017780095804482698,64,0,-1,,0,0,4.1794999999993365,0,5.265000000001407,15.007900000000518,0
369,2.147845804988662,1,512,1,1.0,-67.9948130701149,0.021117787808179855,59,0,-1,,0,0,7.696600000000942,0,9.378799999998577,9.620099999999354,5
370,2.153650793650794,1,512,0,1.0,-65.07289167368093,,-1,0,-1,,0,0,,1,1.5228000000000463,11.261700000000374,4
371,2.159455782312925,1,512,0,1.0,-69.8713439130851,0.021733125671744347,59,0,-1,,0,0,5.902900000000599,0,7.26210000000016,18.606300000000076,3
372,2.1652607709750566,1,1024,0,0.0,-69.91837969556596,0.020648252218961716,59,0,-1,,0,0,6.855200000000394,0,8.407899999999913,20.66319999999955,5
373,2.1710657596371883,1,1024,0,1.0,-70.3966903588414,,-1,0,-1,,0,0,,1,0.6398000000000792,21.278200000001135,4
374,2.17687074829932,1,2048,0,1.0,-69.64307908881571,0.020665831863880157,59,0,-1,,0,0,3.3175000000014165,0,4.025500000000903,25.31940000000077,3
375,2.182675736961451,1,2048,0,1.0,-59.916511294433434,0.021292490884661674,59,0,-1,,0,0,3.025700000000242,0,3.7821999999980704,11.125800000000297,2
376,2.1884807256235828,1,2048,0,1.0,-47.465929492516594,0.07707367837429047,59,0,-1,,0,0,6.753899999999646,0,7.550500000000682,18.672799999999157,1
377,2.1942857142857144,1,2048,0,1.0,-46.221632261882846,0.08480188995599747,59,0,-1,,0,0,6.046700000000627,0,7.916800000000279,26.73509999999979,3
378,2.2000907029478456,1,4096,0,1.0,-42.62667743169708,0.007796639576554298,59,0,-1,,0,0,3.3703000000002703,0,4.227100000001371,8.108199999998789,5
379,2.2058956916099772,1,4096,0,1.0,-40.196899086403974,0.00758315296843648,59,0,-1,,0,0,3.341999999999956,0,4.656899999998743,12.852600000000436,4
380,2.211700680272109,1,4096,0,1.0,-40.53011055670658,0.009102120995521545,59,0,-1,,0,0,2.5262999999995372,0,3.128399999999587,16.033600000000092,3
381,2.2175056689342405,1,4096,0,1.0,-45.71716175325399,0.007573047187179327,64,0,-1,,0,0,2.488199999998386,0,2.961600000000786,12.930700000000073,2
382,2.2233106575963717,1,4096,0,1.0,-41.09296574286794,0.008751804940402508,64,0,-1,,0,0,3.1230999999998232,0,3.6824999999982566,16.6126000000002,1
383,2.2291156462585033,1,4096,0,1.0,-44.18620516595613,0.00825159065425396,64,0,-1,,0,0,4.100400000000448,0,4.9941000000011115,21.676099999998755,0
384,2.234920634920635,1,4096,0,1.0,-43.05990360997738,0.008918406441807747,64,0,-1,,0,0,2.8264000000000067,0,3.7359999999999616,3.968900000000275,2
385,2.2407256235827666,1,4096,0,1.0,-45.38978852813755,0.009152179583907127,64,0,-1,,0,0,2.968500000001484,0,3.6313000000021134,7.6041000000000025,1
386,2.246530612244898,1,4096,0,1.0,-42.541796429894596,0.009356637485325336,64,0,-1,,0,0,4.159200000000141,0,5.1816000000002305,12.84630000000142,0
387,2.2523356009070294,1,4096,0,1.0,-47.704428221256585,0.008811050094664097,64,0,-1,,0,0,3.0722999999994727,0,3.905999999998855,4.154599999999675,2
388,2.258140589569161,1,4096,0,1.0,-54.99178389084311,0.005883210338652134,64,0,-1,,0,0,3.4927000000006814,0,4.334300000000013,8.561199999999047,1
389,2.2639455782312927,1,4096,0,1.0,-56.775522962284924,0.004318401217460632,64,0,-1,,0,0,5.904100000000412,0,7.245700000000355,15.937299999999155,0
390,2.269750566893424,1,4096,0,1.0,-58.90067539514636,0.0040353224612772465,64,0,-1,,0,0,3.731500000000665,0,5.215400000000869,5.459600000000009,2
391,2.2755555555555556,1,4096,0,1.0,-62.04131148555403,0.0038917416241019964,64,0,-1,,0,0,4.635500000000903,0,6.819200000000691,12.326700000000912,4
392,2.281360544217687,1,512,1,1.0,-67.80219996969895,0.021914688870310783,59,0,-1,,0,0,2.7530999999996197,0,3.457400000000277,15.870100000000775,3
393,2.2871655328798184,1,512,0,1.0,-72.6629545678132,0.020590459927916527,59,0,-1,,0,0,4.260900000000234,0,5.1525000000012255,14.421099999999853,2
394,2.29297052154195,1,512,0,1.0,-69.5643378905958,0.02083657868206501,59,0,-1,,0,0,3.1522000000006045,0,4.597099999999799,19.264999999998977,4
395,2.2987755102040817,1,1024,0,1.0,-69.52209817195056,0.02016034908592701,59,0,-1,,0,0,3.1474000000013547,0,4.02720000000123,23.37890000000087,3
396,2.3045804988662133,1,1024,0,1.0,-70.50376770261296,0.020587347447872162,59,0,-1,,0,0,2.851500000000229,0,3.5063000000015165,8.540599999999898,2
397,2.3103854875283445,1,2048,0,1.0,-70.23777886129912,0.019461924210190773,59,0,-1,,0,0,5.382400000000231,0,6.309500000002188,14.883700000000388,1
398,2.316190476190476,1,2048,0,1.0,-68.31810562463035,0.02008567750453949,59,0,-1,,0,0,3.945200000000426,0,4.922500000001051,20.005400000000506,0
399,2.3219954648526078,1,2048,0,1.0,-72.1294542097026,0.020039794966578484,59,0,-1,,0,0,3.3605999999988256,0,4.544600000000898,4.7413000000009475,2
400,2.3278004535147394,1,2048,0,0.8232760337625976,-74.61861043643896,0.020184902474284172,59,0,-1,,0,0,3.6810999999996596,0,4.657700000000986,9.441600000000605,1
401,2.3336054421768706,1,4096,0,0.0,-75.72718099676058,0.0019240811234340072,59,0,-1,,0,0,3.36919999999985,0,4.383899999998775,13.852299999999929,0
402,2.3394104308390022,1,4096,0,0.932216365260237,-78.84738526936366,0.0021029466297477484,59,0,-1,,0,0,5.126800000001097,0,7.224600000000692,7.467400000001234,2
403,2.345215419501134,1,4096,0,1.0,-78.05239836944173,0.0027334638871252537,59,0,-1,,0,0,6.81089999999962,0,9.496300000000346,17.164900000000927,1
404,2.3510204081632655,1,4096,0,1.0,-78.7184580985617,0.002713258843868971,59,0,-1,,0,0,2.9374999999998153,0,5.005000000000592,22.353999999999985,3
405,2.3568253968253967,1,4096,0,1.0,-76.69299296263009,0.002713727066293359,59,0,-1,,0,0,5.964899999998607,0,7.289599999998231,11.538599999999732,2
406,2.3626303854875284,1,4096,0,0.0,-80.80771885434395,0.00263634673319757,59,0,-1,,0,0,3.373200000000409,0,4.738700000000762,16.317599999998933,4
407,2.36843537414966,1,4096,0,1.0,-82.06073918778097,0.0026332491543143988,59,0,-1,,0,0,3.173900000000174,0,4.020900000000438,20.39940000000051,3
408,2.374240362811791,1,4096,0,0.11967735650379017,-83.22772919872142,0.002637440338730812,59,0,-1,,0,0,5.693700000000135,0,6.7333999999998895,14.665400000000162,2
409,2.380045351473923,1,4096,0,0.32334691672247323,-81.33944393042212,0.0026415300089865923,59,0,-1,,0,0,3.944699999999912,0,5.437500000001094,19.93210000000012,1
410,2.3858503401360545,1,4096,0,0.4609175476982651,-81.73314184749324,0.002638753969222307,59,0,-1,,0,0,6.431900000000823,0,7.868299999998385,27.926300000000737,3
411,2.391655328798186,1,4096,0,0.03970300732540016,-82.23165413767364,0.002654189243912697,59,0,-1,,0,0,3.259299999999854,0,4.175800000000507,7.998000000000616,2
412,2.3974603174603173,1,4096,0,0.36861062058200383,-82.52953691723786,0.002617776161059737,59,0,-1,,0,0,3.283899999999562,0,4.178399999998916,12.20389999999938,1
413,2.403265306122449,1,4096,0,0.0,-83.45271869414104,0.0026398259215056896,59,0,-1,,0,0,3.8520000000001886,0,4.7573999999990235,17.036800000001406,3
414,2.4090702947845806,1,4096,0,0.0,-82.9137855278236,0.002632242627441883,59,0,-1,,0,0,4.662500000000236,0,6.5933999999998605,8.403799999999961,2
415,2.414875283446712,1,4096,0,0.0686541966684712,-82.40957191515085,0.0026281122118234634,59,0,-1,,0,0,3.93560000000015,0,5.1213000000007725,13.621900000000409,4
416,2.4206802721088434,1,4096,0,1.0,-81.79002859914257,0.0026260092854499817,59,0,-1,,0,0,5.4725999999991615,0,6.774300000001787,20.506199999999808,3
417,2.426485260770975,1,4096,0,0.0,-84.83800969782362,0.0026313387788832188,59,0,-1,,0,0,4.534300000001323,0,6.574900000000383,17.06770000000013,2
418,2.4322902494331067,1,4096,0,0.0,-89.74836806342987,0.0026292758993804455,59,0,-1,,0,0,2.9757000000003586,0,3.927200000001463,21.060500000000815,1
419,2.4380952380952383,1,4096,0,0.0,-94.12709220527631,0.002645656233653426,59,0,-1,,0,0,5.518799999999047,0,6.675100000000711,28.03039999999868,3
420,2.4439002267573695,1,4096,0,0.0,-95.74184731756222,0.002635910641402006,59,0,-1,,0,0,3.6290999999994966,0,4.959500000001782,10.983599999999427,2
421,2.449705215419501,1,4096,0,0.0,-95.56758314090658,0.002629147144034505,59,0,-1,,0,0,10.336000000000567,0,11.63320000000212,22.67039999999909,4
422,2.455510204081633,1,4096,0,0.0,-95.9233973547883,0.0026341008488088846,59,0,-1,,0,0,5.446199999999735,0,7.406000000001356,30.202800000001417,3
423,2.461315192743764,1,4096,0,0.0,-94.98250585300241,0.0026329688262194395,59,0,-1,,0,0,3.638899999998557,0,4.679399999998779,17.171400000000503,2
424,2.4671201814058956,1,4096,0,0.0,-95.23872588742294,0.002634707372635603,59,0,-1,,0,0,5.284800000000089,0,6.538799999997735,23.754000000000275,4
425,2.4729251700680273,1,4096,0,0.0,-94.78788574539414,0.002630369272083044,59,0,-1,,0,0,3.2418999999990206,0,4.0714000000008355,27.899200000000235,3
426,2.478730158730159,1,4096,0,0.0,-95.4551743635379,0.0026344291400164366,59,0,-1,,0,0,3.471799999999803,0,4.156399999999394,10.559199999999436,5
427,2.48453514739229,1,4096,0,0.0,-95.13441703221056,,-1,0,-1,,0,0,,1,2.96320000000172,13.625700000000407,4
428,2.4903401360544217,1,4096,0,0.0,-95.56758314090658,0.0026331942062824965,59,0,-1,,0,0,7.0198000000001315,0,9.511899999997908,23.28639999999993,3
429,2.4961451247165534,1,4096,0,0.0,-96.66269167130112,0.0026357925962656736,59,0,-1,,0,0,3.9145999999998793,0,5.190900000000553,20.769999999998845,2
430,2.501950113378685,1,4096,0,0.0,-95.9233973547883,0.0026348286774009466,59,0,-1,,0,0,5.441499999999877,0,6.914600000001769,27.788699999998556,4
431,2.507755102040816,1,4096,0,0.0,-96.51857380658345,0.002634983044117689,59,0,-1,,0,0,3.822200000000109,0,5.051599999999823,32.969299999999535,3
432,2.513560090702948,1,4096,0,0.0,-97.12617372141175,0.002635731128975749,59,0,-1,,0,0,5.6696000000009406,0,6.773600000000712,12.810499999998726,2
433,2.5193650793650795,1,4096,0,0.0,-96.11286916969236,,-1,0,-1,,0,0,,1,2.366400000001434,15.438000000001395,4
434,2.5251700680272107,1,4096,0,0.0,-96.51857380658345,0.002634856617078185,59,0,-1,,0,0,5.846000000000018,0,7.6571000000011935,23.222499999999258,3
435,2.5309750566893423,1,4096,0,0.0,-97.73794553660701,0.0026349355466663837,59,0,-1,,0,0,3.9676000000010703,0,5.079000000000278,13.961999999999364,2
436,2.536780045351474,1,4096,0,0.0,-96.59003495889704,0.0026338452007621527,59,0,-1,,0,0,5.773500000000098,0,8.482199999997775,22.558800000000545,1
437,2.5425850340136056,1,4096,0,0.0,-96.73658462938218,0.002634952776134014,59,0,-1,,0,0,4.416199999999648,0,6.830900000000639,29.54069999999831,3
438,2.5483900226757368,1,4096,0,0.0,-96.31098574877738,0.0026345569640398026,59,0,-1,,0,0,3.664300000000509,0,6.4294000000000295,11.884000000000228,5
439,2.5541950113378684,1,4096,0,0.0,-96.243937670594,0.0026339394971728325,59,0,-1,,0,0,3.1807999999990955,0,4.051500000000985,15.99159999999955,4
440,2.56,1,4096,0,0.0,-95.86203353190663,0.00263407570309937,59,0,-1,,0,0,4.334499999998798,0,5.18580000000135,21.2494999999997,3
441,2.5658049886621317,1,4096,0,0.0,-96.66269167130112,0.002633888041600585,59,0,-1,,0,0,3.953499999999721,0,7.0838000000001955,22.82470000000103,5
442,2.571609977324263,1,4096,0,0.0,-96.59003495889704,0.0026344466023147106,59,0,-1,,0,0,3.1850999999996077,0,4.081300000001065,26.93369999999895,4
443,2.5774149659863945,1,4096,0,0.0,-96.59003495889704,0.002633681520819664,59,0,-1,,0,0,3.128300000000195,0,3.9449999999998653,30.940700000000376,3
444,2.583219954648526,1,4096,0,0.0,-96.73658462938218,0.002634023316204548,59,0,-1,,0,0,4.640800000000667,0,5.622899999998765,18.641799999999265,2
445,2.589024943310658,1,4096,0,0.0,-95.29183509470138,0.0026342086493968964,59,0,-1,,0,0,4.257799999999534,0,5.663600000000102,24.338399999999538,4
446,2.594829931972789,1,4096,0,0.0,-92.05446168625966,0.0026344843208789825,59,0,-1,,0,0,4.100100000000495,0,6.313800000000924,30.745500000000092,3
447,2.6006349206349206,1,4096,0,0.580100772731484,-81.63304676314803,0.0026331590488553047,59,0,-1,,0,0,6.378299999999726,0,7.68350000000062,15.855099999999567,2
448,2.6064399092970523,1,4096,0,1.0,-71.3054821503134,0.0026453693863004446,59,0,-1,,0,0,4.363600000001355,0,6.475600000001691,22.42479999999958,4
449,2.6122448979591835,1,512,1,1.0,-57.627230966852125,0.03050980344414711,59,0,-1,,0,0,5.551399999999873,0,7.050199999998341,29.611099999998558,3
450,2.618049886621315,1,512,0,1.0,-51.44663407705178,0.41750726103782654,59,0,-1,,0,0,3.714499999999177,0,4.687800000001019,16.799699999999973,5
451,2.6238548752834467,1,512,0,1.0,-47.679195584003686,0.9111260175704956,66,0,-1,,0,0,3.584999999999283,0,4.4333000000005285,21.239200000000125,4
452,2.6296598639455784,1,1024,0,1.0,-45.45560078204282,0.5342317819595337,66,1,66,,0,0,6.894899999998927,0,7.937399999999428,29.240800000000178,3
453,2.6354648526077096,1,1024,0,1.0,-44.698027612435986,0.5973783731460571,66,1,66,,0,0,5.19740000000013,0,7.521999999999807,20.83340000000078,5
454,2.641269841269841,1,2048,0,1.0,-43.91360339276625,0.11724476516246796,66,1,66,,0,0,5.96329999999945,0,7.32870000000041,28.27820000000081,4
455,2.647074829931973,1,2048,0,1.0,-41.385226746562516,0.11118976771831512,65,0,-1,,0,0,3.5258999999996377,0,4.717199999998201,33.12120000000007,3
456,2.6528798185941045,1,2048,0,1.0,-41.23277693458674,0.12814117968082428,65,0,-1,,0,0,3.4709999999993357,0,4.2186999999991315,23.782600000000542,2
457,2.6586848072562357,1,2048,0,1.0,-40.205520326782036,0.16084134578704834,65,0,-1,,0,0,4.158300000000281,0,5.161100000000474,28.972099999998946,4
458,2.6644897959183673,1,4096,0,1.0,-40.11224637840768,0.007377968169748783,65,0,-1,,0,0,3.4149000000009977,0,4.736999999998659,33.83439999999993,3
459,2.670294784580499,1,4096,0,1.0,-42.132004753066816,0.007531346287578344,65,0,-1,,0,0,3.426299999999216,0,4.268400000000838,13.335899999999512,5
460,2.6760997732426306,1,4096,0,1.0,-43.50439095754102,,-1,0,-1,,0,0,,1,0.5926000000009424,13.954099999999414,4
461,2.681904761904762,1,4096,0,1.0,-48.02397226666812,0.007451408542692661,65,0,-1,,0,0,3.4101999999993637,0,4.120099999999738,18.103700000001055,3
462,2.6877097505668934,1,4096,0,1.0,-49.75454151954718,0.0067911213263869286,65,0,-1,,0,0,4.361199999999954,0,5.358399999998653,10.694400000000215,2
463,2.693514739229025,1,4096,0,1.0,-52.99713760654615,0.005237657111138105,65,0,-1,,0,0,3.804900000000444,0,4.743999999998749,15.500300000001133,4
464,2.6993197278911563,1,4096,0,1.0,-56.85496059873759,0.004340671002864838,65,0,-1,,0,0,7.957600000001008,0,10.182399999999703,25.79710000000013,3
465,2.705124716553288,1,4096,0,1.0,-58.89743831033405,0.0035599065013229847,65,0,-1,,0,0,7.273200000000202,0,9.702399999998335,23.672499999999985,2
466,2.7109297052154195,1,4096,0,1.0,-60.69778727124035,,-1,0,-1,,0,0,,1,2.0740999999997456,25.885799999999293,4
467,2.716734693877551,1,4096,0,1.0,-58.990729252797124,0.003407638054341078,65,0,-1,,0,0,5.444999999999922,0,7.100100000000609,33.10389999999863,3
468,2.7225396825396824,1,4096,0,1.0,-59.84232083454977,0.0032780589535832405,65,0,-1,,0,0,4.877300000000417,0,6.270000000000664,15.050000000000452,5
469,2.728344671201814,1,4096,0,1.0,-58.03518106352149,0.0033812045585364103,65,0,-1,,0,0,7.043199999998251,0,8.532799999999341,23.66810000000008,4
470,2.7341496598639456,1,4096,0,1.0,-58.5983047858696,0.003056219546124339,65,0,-1,,0,0,7.1656999999998305,0,9.048299999999898,32.84859999999945,6
471,2.7399546485260773,1,4096,0,1.0,-60.151010331132525,0.0029077930375933647,65,0,-1,,0,0,5.790100000000464,0,6.960500000001701,26.124000000001146,5
472,2.7457596371882085,1,4096,0,1.0,-60.27166315217258,0.002443675184622407,65,0,-1,,0,0,4.623800000000955,0,6.1132999999991,32.34759999999959,7
473,2.75156462585034,1,4096,0,1.0,-61.47264437156886,0.0021467674523591995,65,0,-1,,0,0,7.643699999999143,0,10.182500000000871,42.63360000000027,6
474,2.7573696145124718,1,4096,0,1.0,-62.46368175257287,0.0015122246695682406,64,0,-1,,0,0,7.0552999999993204,0,9.16339999999849,36.17569999999937,5
475,2.7631746031746034,1,4096,0,1.0,-62.68299617528386,0.0018460118444636464,64,0,-1,,0,0,9.264099999999331,0,11.356599999999162,47.64579999999974,7
476,2.7689795918367346,1,4096,0,1.0,-62.25626660589465,0.001870249630883336,64,0,-1,,0,0,5.3362999999997385,0,6.836599999999748,54.62849999999975,6
477,2.7747845804988662,1,4096,0,1.0,-64.23741200980375,0.001954261912032962,53,0,-1,,0,0,5.485400000001306,0,10.897200000000495,51.533400000000285,8
478,2.780589569160998,1,4096,0,1.0,-63.15600884942975,0.0022722664289176464,59,0,-1,,0,0,5.412200000000311,0,7.823200000000696,59.4695999999999,10
479,2.786394557823129,1,4096,0,1.0,-66.32571376249432,0.0021501213777810335,59,0,-1,,0,0,4.772799999999577,0,6.250299999999598,65.87760000000031,9
480,2.7921995464852607,1,512,1,0.9685006778073284,-67.12035736802622,0.027787761762738228,59,0,-1,,0,0,4.228899999999314,0,5.5379000000002065,45.18959999999872,8
481,2.7980045351473923,1,512,0,1.0,-67.5402290123287,0.023171808570623398,59,0,-1,,0,0,6.1392999999991815,0,7.6470000000004035,52.85770000000056,10
482,2.803809523809524,1,512,0,1.0,-70.70420268677259,0.023901240900158882,59,0,-1,,0,0,4.477700000000695,0,5.952399999999969,58.970399999999756,9
483,2.809614512471655,1,1024,0,1.0,-71.90939056253006,0.02119092456996441,59,0,-1,,0,0,6.193299999999624,0,7.619399999999388,49.82450000000149,11
484,2.815419501133787,1,1024,0,0.2872974292269944,-74.67990447797361,0.02053384855389595,59,0,-1,,0,0,6.378699999999071,0,7.897500000002111,57.26049999999994,10
485,2.8212244897959184,1,2048,0,1.0,-73.77940961722423,0.019405735656619072,59,0,-1,,0,0,6.1441999999996,0,7.336500000000967,64.66950000000082,9
486,2.82702947845805,1,2048,0,1.0,-71.32687466692349,0.019338233396410942,59,0,-1,,0,0,4.1602000000011685,0,5.664300000001177,63.012300000000465,11
487,2.8328344671201813,1,2048,0,1.0,-68.34047409656785,0.019908910617232323,59,0,-1,,0,0,3.489999999999327,0,4.430200000001605,66.98939999999887,10
488,2.838639455782313,1,2048,0,1.0,-63.23268908563964,0.020494872704148293,59,0,-1,,0,0,5.850999999999829,0,7.52870000000172,74.59800000000172,12
489,2.8444444444444446,1,4096,0,1.0,-60.57693923105835,0.002603878965601325,59,0,-1,,0,0,3.5999999999987153,0,4.638299999999873,57.57569999999923,11
490,2.8502494331065757,1,4096,0,1.0,-54.69080751237077,0.0032741473987698555,59,0,-1,,0,0,3.407899999999131,0,4.300699999998159,61.91620000000064,10
491,2.8560544217687074,1,4096,0,1.0,-51.697288746590225,0.004195642191916704,53,0,-1,,0,0,5.65929999999959,0,6.988800000000239,68.98729999999986,9
492,2.861859410430839,1,4096,0,1.0,-51.56902057238237,0.004940671380609274,53,0,-1,,0,0,4.284200000000737,0,5.323500000001147,59.79300000000087,11
493,2.8676643990929707,1,4096,0,1.0,-49.89182314165266,,-1,0,-1,,0,0,,1,1.1851000000007161,61.07520000000122,10
494,2.873469387755102,1,4096,0,1.0,-47.35129304373203,0.006091802380979061,66,0,-1,,0,0,5.566299999999913,0,6.43950000000082,67.57039999999925,9
495,2.8792743764172335,1,4096,0,1.0,-47.234065668401,0.0065641398541629314,66,0,-1,,0,0,4.428900000000624,0,6.406000000000134,50.553900000000596,11
496,2.885079365079365,1,4096,0,1.0,-47.8877885200216,0.007132553495466709,66,0,-1,,0,0,4.4018999999995145,0,5.838199999997684,56.49200000000043,10
497,2.8908843537414968,1,4096,0,1.0,-47.842118464299645,0.007792484015226364,66,0,-1,,0,0,4.233799999999732,0,5.734500000000864,62.36999999999959,9
498,2.896689342403628,1,4096,0,1.0,-49.46151149031487,0.007997939363121986,66,0,-1,,0,0,3.5799000000000802,0,5.06530000000005,60.863899999999305,8
499,2.9024943310657596,1,4096,0,1.0,-49.05510200646914,,-1,0,-1,,0,0,,1,0.7940000000008496,61.71080000000018,7
500,2.9082993197278912,1,4096,0,1.0,-48.937264131623536,0.009667322039604187,66,0,-1,,0,0,3.9308000000009002,0,4.670499999999578,66.4011999999996,9
501,2.914104308390023,1,4096,0,1.0,-48.89370207832634,0.01119052991271019,66,0,-1,,0,0,6.045999999999552,0,7.295700000000238,47.60019999999976,11
502,2.919909297052154,1,4096,0,1.0,-47.85390645661061,0.013988780789077282,66,0,-1,,0,0,3.647500000001358,0,4.7621000000006575,52.43830000000038,10
503,2.9257142857142857,1,4096,0,1.0,-47.99183518757176,0.017472892999649048,66,0,-1,,0,0,3.5258000000002454,0,4.397199999999657,56.95030000000045,9
504,2.9315192743764173,1,4096,0,1.0,-51.91885522318333,0.019593631848692894,66,0,-1,,0,0,4.292699999998817,0,5.187700000002238,48.758600000001096,8
505,2.9373242630385485,1,4096,0,1.0,-49.106461645133884,0.021470261737704277,66,0,-1,,0,0,6.029899999999699,0,9.344000000000463,58.22580000000066,10
506,2.94312925170068,1,4096,0,1.0,-48.56457047016907,0.026122471317648888,66,0,-1,,0,0,4.239300000000057,0,5.400999999999101,63.7377999999984,9
507,2.948934240362812,1,4096,0,1.0,-53.76897795991984,0.01950220577418804,66,0,-1,,0,0,4.436899999999966,0,6.739200000000167,45.18520000000059,8
508,2.9547392290249435,1,4096,0,1.0,-50.964743579311644,0.01598019152879715,66,0,-1,,0,0,4.9770999999996235,0,7.688699999999216,53.031599999998846,10
509,2.9605442176870747,1,4096,0,1.0,-56.028326390568125,0.009455876424908638,66,0,-1,,0,0,4.811399999999466,0,5.789100000001213,58.93950000000103,9
510,2.9663492063492063,1,4096,0,1.0,-50.669433003816444,0.008572645485401154,66,0,-1,,0,0,3.8385999999999143,0,4.749300000002066,56.10150000000047,11
511,2.972154195011338,1,4096,0,1.0,-53.73296085925354,0.007366292644292116,66,0,-1,,0,0,7.587299999999075,0,8.794700000001043,64.84329999999972,10
512,2.9779591836734696,1,4096,0,1.0,-53.461630832413924,0.005145834758877754,66,0,-1,,0,0,3.486499999999282,0,5.772200000000893,70.82269999999902,12
513,2.9837641723356008,1,4096,0,1.0,-60.14852453904326,0.004021580331027508,66,0,-1,,0,0,3.4400999999988358,0,4.27699999999831,58.01989999999968,11
514,2.9895691609977324,1,4096,0,1.0,-58.1112581212377,0.0037243191618472338,66,0,-1,,0,0,4.6943999999999875,0,5.751399999999407,63.818100000000655,10
515,2.995374149659864,1,4096,0,1.0,-59.268433896227386,0.003106817603111267,66,0,-1,,0,0,4.959400000000613,0,6.341000000000818,70.24750000000068,12
516,3.0011791383219957,1,4096,0,1.0,-63.19536666157944,0.0022152415476739407,66,0,-1,,0,0,3.485600000001199,0,4.669999999999064,54.75329999999978,11
517,3.006984126984127,1,4096,0,1.0,-65.98561577533114,0.0020437196362763643,65,0,-1,,0,0,4.326199999999503,0,5.257800000000756,60.03259999999955,10
518,3.0127891156462585,1,512,1,1.0,-68.82436100536667,0.034998513758182526,59,0,-1,,0,0,3.1797000000004516,0,4.178200000000132,64.34310000000032,9
519,3.01859410430839,1,512,0,1.0,-72.30906138449838,0.024721913039684296,59,0,-1,,0,0,2.733199999999769,0,3.5304000000007107,50.63900000000032,8
520,3.0243990929705213,1,512,0,1.0,-72.81704982508992,0.022237034514546394,59,0,-1,,0,0,2.906299999999362,0,3.612600000000299,54.288700000000745,7
521,3.030204081632653,1,1024,0,0.26361636811004235,-81.45054085840243,0.019684363156557083,59,0,-1,,0,0,3.6664000000001806,0,4.5986000000013405,58.974600000000876,9
522,3.0360090702947846,1,1024,0,0.0011664032687452993,-83.22109000425525,0.020006533712148666,59,0,-1,,0,0,2.876600000000451,0,4.2413000000003365,48.59279999999977,8
523,3.0418140589569163,1,2048,0,0.0,-86.45157566958721,0.01701894775032997,59,0,-1,,0,0,2.595499999999973,0,3.340599999999583,51.97790000000069,7
524,3.0476190476190474,1,2048,0,0.0,-86.3141889998312,0.018347520381212234,59,0,-1,,0,0,2.687500000000398,0,3.3098000000002514,55.328100000000546,9
525,3.053424036281179,1,2048,0,0.0,-87.81821114899299,0.019057316705584526,59,0,-1,,0,0,3.500100000000117,0,4.337599999999497,44.442999999999344,8
526,3.0592290249433107,1,2048,0,0.43158779332841923,-83.67893217078716,,-1,0,-1,,0,0,,1,2.8614999999998503,47.494399999999715,7
527,3.0650340136054424,1,4096,0,0.18037207985164264,-84.84282569499817,0.001931985141709447,53,0,-1,,0,0,2.9775000000000773,0,3.814000000000206,51.45209999999878,9
528,3.0708390022675736,1,4096,0,0.25344217350295495,-85.58740804597252,0.0018652244471013546,53,0,-1,,0,0,2.9583000000013016,0,3.8348999999993083,28.4766999999988,8
529,3.076643990929705,1,4096,0,0.0,-86.24043877785645,0.0020824496168643236,53,0,-1,,0,0,3.03150000000052,0,3.650499999999113,32.13519999999903,7
530,3.082448979591837,1,4096,0,0.18045781102676964,-85.10091557664539,0.0023829478304833174,59,0,-1,,0,0,5.655500000001368,0,6.570100000001133,38.79550000000087,6
531,3.0882539682539685,1,4096,0,0.5793701180708077,-82.46495766086977,0.0024622399359941483,59,0,-1,,0,0,3.0217999999990752,0,3.9380000000015514,30.263200000000268,5
532,3.0940589569160997,1,4096,0,1.0,-83.20123310175107,,-1,0,-1,,0,0,,1,0.5863000000001506,30.90219999999988,4
533,3.0998639455782313,1,4096,0,0.4666123751513994,-80.37003190103647,0.002606369322165847,59,0,-1,,0,0,3.3319999999985583,0,3.8233999999999213,34.75399999999951,6
534,3.105668934240363,1,4096,0,1.0,-78.38137021287321,0.0026102494448423386,59,0,-1,,0,0,5.259600000000475,0,5.968700000002158,30.432899999999208,5
535,3.111473922902494,1,4096,0,1.0,-71.11611816878639,0.0026151579804718494,59,0,-1,,0,0,2.9636999999986813,0,3.688699999999656,34.156599999999315,4
536,3.1172789115646258,1,512,1,1.0,-67.1450131830604,0.02160688303411007,59,0,-1,,0,0,3.1874999999992326,0,3.942000000000334,38.1967999999997,6
537,3.1230839002267574,1,512,0,1.0,-52.61985198961847,0.036916714161634445,59,0,-1,,0,0,3.473999999998867,0,4.240499999999869,20.35940000000025,5
538,3.128888888888889,1,512,0,1.0,-49.054250502055304,0.9133344888687134,59,0,-1,,0,0,4.077699999999851,0,5.3766999999975695,25.843199999998845,4
539,3.1346938775510202,1,1024,0,1.0,-43.90380845506292,0.6322939991950989,72,0,-1,,0,0,3.0540999999999485,0,3.7120000000001596,29.62560000000103,3
540,3.140498866213152,1,1024,0,1.0,-42.21003957750844,0.777459979057312,67,0,-1,,0,0,2.92279999999856,0,3.4644999999997594,17.554199999999298,2
541,3.1463038548752835,1,2048,0,1.0,-45.59807580579485,0.17554894089698792,67,1,67,,0,0,4.38959999999966,0,5.232499999999973,22.794400000000437,4
542,3.152108843537415,1,2048,0,1.0,-51.90419274910869,0.10084245353937149,67,1,67,,0,0,3.292599999999979,0,5.355299999997953,28.271600000000063,3
543,3.1579138321995464,1,2048,0,1.0,-52.150007751052534,0.058655865490436554,67,0,-1,,0,0,3.080399999999983,0,3.8706000000008345,10.3661000000006,5
544,3.163718820861678,1,2048,0,1.0,-54.636385107570945,0.035913098603487015,67,0,-1,,0,0,4.044600000000287,0,4.754399999999492,15.130599999999106,4
545,3.1695238095238096,1,4096,0,1.0,-57.66936396622099,0.00286855804733932,67,0,-1,,0,0,4.745800000000244,0,6.184700000000376,21.42749999999971,3
546,3.175328798185941,1,4096,0,1.0,-55.01376142492443,0.0029568851459771395,67,0,-1,,0,0,2.986400000001055,0,5.035099999998849,17.991399999999658,2
547,3.1811337868480725,1,4096,0,1.0,-55.4784368994448,0.0028984397649765015,67,0,-1,,0,0,4.473199999999622,0,5.2120000000002165,23.33929999999995,1
548,3.186938775510204,1,4096,0,1.0,-52.99765744472506,0.0034531326964497566,66,0,-1,,0,0,4.297700000000404,0,5.2912000000002735,28.738800000001063,3
549,3.1927437641723357,1,4096,0,1.0,-54.230959449538844,0.003392079146578908,66,0,-1,,0,0,3.2087000000000643,0,4.0671000000021,8.10249999999968,2
550,3.198548752834467,1,4096,0,1.0,-56.789298198587204,0.0031732043717056513,66,0,-1,,0,0,3.4893999999994207,0,4.343600000000336,12.576899999999114,1
551,3.2043537414965986,1,4096,0,1.0,-54.68749124961505,0.0033064514864236116,64,0,-1,,0,0,3.7388000000007082,0,4.601499999999703,17.405999999999366,3
552,3.21015873015873,1,4096,0,1.0,-57.33197243358585,0.0031354601960629225,64,0,-1,,0,0,3.571800000001346,0,6.1117000000017185,8.30160000000113,2
553,3.215963718820862,1,4096,0,1.0,-57.90759061685816,0.002842910122126341,64,0,-1,,0,0,4.309299999999183,0,6.608500000000461,15.015599999999907,4
554,3.221768707482993,1,4096,0,1.0,-56.46820108071661,0.0029070875607430935,64,0,-1,,0,0,5.3856000000003235,0,6.794000000001077,21.94689999999966,3
555,3.2275736961451247,1,4096,0,1.0,-53.75711041496933,0.002889086492359638,64,0,-1,,0,0,3.5469999999993007,0,5.032899999998008,17.803400000000025,2
556,3.2333786848072563,1,4096,0,1.0,-54.02116232687889,0.0027705582324415445,64,0,-1,,0,0,3.0470999999998583,0,3.8859000000002197,21.728899999999385,1
557,3.239183673469388,1,4096,0,1.0,-49.94137012878048,0.0029760089237242937,64,0,-1,,0,0,3.490700000000402,0,4.152599999999396,25.923900000000444,3
558,3.244988662131519,1,4096,0,1.0,-48.55477274423187,0.00329690333455801,59,0,-1,,0,0,3.78670000000092,0,5.031399999998243,7.237799999998629,2
559,3.250793650793651,1,4096,0,1.0,-49.95605983383348,0.0035036129411309958,59,0,-1,,0,0,3.3642999999994316,0,4.484500000000224,11.79480000000055,1
560,3.2565986394557824,1,4096,0,1.0,-53.78557466517306,0.00341199547983706,64,0,-1,,0,0,2.9988999999996935,0,4.001199999999372,15.931500000000653,0
561,3.2624036281179136,1,4096,0,1.0,-51.8741445445292,0.0032741818577051163,64,0,-1,,0,0,5.092600000001113,0,7.362599999998665,7.683200000000667,2
562,3.2682086167800453,1,4096,0,1.0,-51.39226047002567,0.004149485845118761,64,0,-1,,0,0,3.1381999999986476,0,3.944300000000567,11.623800000000628,1
563,3.274013605442177,1,4096,0,1.0,-51.20437164518232,0.005104047246277332,64,0,-1,,0,0,2.80869999999922,0,3.4229999999979555,15.100000000000335,0
564,3.2798185941043085,1,4096,0,1.0,-51.75181236433183,0.005525392945855856,64,0,-1,,0,0,3.4348000000008483,0,4.878800000000183,5.064700000000144,2
565,3.2856235827664397,1,4096,0,1.0,-48.1482501123959,0.0070544336922466755,66,0,-1,,0,0,2.604899999999688,0,3.3668999999996174,8.453300000001107,4
566,3.2914285714285714,1,4096,0,1.0,-48.605305026713296,0.0076047140173614025,66,0,-1,,0,0,2.161700000000266,0,2.6924000000008164,11.208299999999838,3
567,3.297233560090703,1,4096,0,1.0,-48.102891355287696,0.007262608967721462,66,0,-1,,0,0,2.43419999999972,0,2.8687000000005014,5.961799999999684,2
568,3.3030385487528346,1,4096,0,1.0,-48.57419123136396,0.006577452644705772,66,0,-1,,0,0,4.763800000000984,0,5.618099999999515,11.618799999999041,1
569,3.308843537414966,1,4096,0,1.0,-46.033806522235174,0.007596768904477358,66,0,-1,,0,0,2.894799999999975,0,3.5596999999985,15.212399999999349,0
570,3.3146485260770975,1,4096,0,1.0,-48.39581156596374,0.007068295031785965,66,0,-1,,0,0,2.949700000000277,0,4.12640000000053,4.628900000000158,2
571,3.320453514739229,1,4096,0,1.0,-54.12234015643607,0.006229006685316563,66,0,-1,,0,0,2.072000000000074,0,2.5279000000004714,7.031600000001248,1
572,3.3262585034013608,1,4096,0,1.0,-52.00712254034778,0.0045098718255758286,66,0,-1,,0,0,3.744400000000425,0,4.270299999999949,11.280499999999805,0
573,3.332063492063492,1,4096,0,1.0,-58.604922890916846,0.003470134688541293,66,0,-1,,0,0,3.3136000000002497,0,5.165400000000986,5.601799999999102,2
574,3.3378684807256236,1,4096,0,1.0,-65.56016492738215,0.002720493823289871,66,0,-1,,0,0,2.2303000000007955,0,2.9028000000010934,8.446300000001017,1
575,3.3436734693877552,1,4096,0,1.0,-65.66521678759693,0.002432845765724778,66,0,-1,,0,0,1.9010000000001526,0,2.298500000000203,10.737999999999914,0
576,3.3494784580498864,1,4096,0,1.0,-64.20288462589969,0.0020718302112072706,66,0,-1,,0,0,2.571500000000171,0,3.391300000000541,3.6162000000015126,2
577,3.355283446712018,1,512,1,1.0,-67.58729302538336,,-1,0,-1,,0,0,,1,0.8213000000001358,4.481900000000039,4
578,3.3610884353741497,1,512,0,1.0,-68.07318000128691,0.025907177478075027,59,0,-1,,0,0,3.235000000000099,0,3.730499999999637,8.257900000000262,3
579,3.3668934240362813,1,512,0,1.0,-70.34215937015777,0.021555501967668533,59,0,-1,,0,0,4.0634999999991095,0,5.039400000001137,9.426200000000051,2
580,3.3726984126984125,1,1024,0,1.0,-69.63987860944674,0.020865732803940773,59,0,-1,,0,0,2.3169999999996804,0,2.871300000000687,12.349900000000247,1
581,3.378503401360544,1,1024,0,1.0,-70.84603560139385,0.021339213475584984,59,0,-1,,0,0,2.431599999999534,0,2.8497999999999024,15.243899999999755,0
582,3.384308390022676,1,2048,0,1.0,-75.36197811627856,0.019258039072155952,59,0,-1,,0,0,2.144899999999339,0,3.4626000000006485,3.744300000001033,2
583,3.3901133786848074,1,2048,0,0.0,-77.03279569085456,0.019424153491854668,59,0,-1,,0,0,2.5227000000001,0,3.0767999999987694,6.825000000000969,1
584,3.3959183673469386,1,2048,0,0.35866371969823957,-77.84359468336812,0.019213804975152016,59,0,-1,,0,0,2.5121999999999645,0,2.9772999999995164,9.843900000001682,0
585,3.4017233560090703,1,2048,0,1.0,-76.65698998175925,0.019421081990003586,59,0,-1,,0,0,2.6817999999995124,0,4.596199999999939,4.783500000000274,2
586,3.407528344671202,1,4096,0,1.0,-70.91394757101926,0.0020995500963181257,59,0,-1,,0,0,2.5223000000007545,0,3.0924000000016605,5.745399999998568,1
587,3.4133333333333336,1,4096,0,1.0,-68.11586833149761,0.002301303204149008,59,0,-1,,0,0,2.502400000000904,0,3.1125000000002956,8.885900000001001,0
588,3.4191383219954647,1,4096,0,1.0,-66.71477403111119,0.0022993190214037895,59,0,-1,,0,0,2.6354000000008426,0,3.35429999999981,3.5018000000004434,2
589,3.4249433106575964,1,4096,0,1.0,-66.69310170970174,0.0025107518304139376,59,0,-1,,0,0,2.7597000000003646,0,3.8546000000021508,7.44500000000059,1
590,3.430748299319728,1,4096,0,1.0,-64.89724089457351,0.0025860550813376904,59,0,-1,,0,0,4.224100000000064,0,5.571799999998461,13.115400000000221,0
591,3.436553287981859,1,4096,0,1.0,-52.02954566703828,0.0028923950158059597,59,0,-1,,0,0,2.4239999999995376,0,3.0935000000003043,3.316199999998659,2
592,3.442358276643991,1,4096,0,1.0,-48.40667313967429,0.0037312963977456093,59,0,-1,,0,0,2.8218000000013177,0,3.4767999999996135,6.843099999999325,1
593,3.4481632653061225,1,4096,0,1.0,-50.94919687320201,0.0040853251703083515,59,0,-1,,0,0,3.316899999999734,0,3.9180999999999244,10.83279999999931,0
594,3.453968253968254,1,4096,0,1.0,-45.72490010102208,0.004941733554005623,59,0,-1,,0,0,1.8404000000007414,0,2.4455999999997147,2.6268999999992104,2
595,3.4597732426303853,1,4096,0,1.0,-43.177865754307675,0.005465639289468527,59,0,-1,,0,0,3.0517000000003236,0,3.518299999997865,6.163399999998376,1
596,3.465578231292517,1,4096,0,1.0,-45.27472920642416,0.006762002129107714,59,0,-1,,0,0,2.966799999999381,0,3.884600000001015,10.143799999999814,0
597,3.4713832199546486,1,4096,0,1.0,-42.83746271986988,0.007130018435418606,59,0,-1,,0,0,6.95110000000021,0,10.030900000000287,10.26270000000018,2
598,3.4771882086167802,1,4096,0,1.0,-43.252272429245096,0.007123047485947609,64,0,-1,,0,0,2.6241999999996324,0,3.7277000000006666,13.4988000000007,4
599,3.4829931972789114,1,4096,0,1.0,-45.19841706801976,0.008691122755408287,69,0,-1,,0,0,2.7740999999998905,0,3.4004000000020795,16.93780000000089,3
600,3.488798185941043,1,4096,0,1.0,-43.71435294560168,0.009402861818671227,69,0,-1,,0,0,3.47370000000069,0,4.379200000000694,8.772499999999184,2
601,3.4946031746031747,1,4096,0,1.0,-43.9707978628898,0.008522978983819485,69,0,-1,,0,0,4.007800000000117,0,5.317700000000869,14.336899999999986,4
602,3.500408163265306,1,4096,0,1.0,-48.54231374517081,0.007544559892266989,64,0,-1,,0,0,3.13880000000033,0,3.999300000000261,18.429700000000437,3
603,3.5062131519274375,1,4096,0,1.0,-48.502786418670574,0.007586131803691387,69,0,-1,,0,0,7.168000000000063,0,7.942699999999192,16.075000000000728,2
604,3.512018140589569,1,4096,0,1.0,-54.20115286246147,0.006721212062984705,69,0,-1,,0,0,3.8263999999994525,0,5.695099999998732,21.892999999998608,4
605,3.517823129251701,1,4096,0,1.0,-54.04548162910142,0.006181065924465656,69,0,-1,,0,0,2.975799999999751,0,3.855099999999112,25.829599999999786,3
606,3.523628117913832,1,4096,0,1.0,-54.77050359244795,0.005711689591407776,69,0,-1,,0,0,4.893799999999615,0,5.827900000001662,10.273500000000269,2
607,3.5294331065759637,1,4096,0,1.0,-57.27717084883329,0.005546875298023224,64,0,-1,,0,0,2.488300000001331,0,3.2207000000017416,13.56509999999922,1
608,3.5352380952380953,1,4096,0,1.0,-57.731929201734886,0.004910836927592754,64,0,-1,,0,0,2.1780000000006794,0,2.7087999999988455,16.33250000000075,0
609,3.541043083900227,1,4096,0,1.0,-58.29665727429422,0.004212444182485342,69,0,-1,,0,0,1.9580000000001263,0,2.561999999999287,2.6908999999992744,2
610,3.546848072562358,1,4096,0,1.0,-58.174534274106804,0.00419606501236558,64,0,-1,,0,0,2.6302999999998633,0,3.0984999999983387,5.810600000000221,1
611,3.5526530612244898,1,4096,0,1.0,-60.17528876009733,0.0035239439457654953,64,0,-1,,0,0,3.4656000000001796,0,5.4933000000012555,11.419800000000535,0
612,3.5584580498866214,1,4096,0,1.0,-61.3644907429089,0.0026122713461518288,64,0,-1,,0,0,4.398200000000685,0,5.362899999999726,5.589399999999856,2
613,3.564263038548753,1,4096,0,1.0,-65.00718813801204,0.002719244221225381,64,0,-1,,0,0,3.1756999999998925,0,4.156099999997664,9.835999999999956,4
614,3.5700680272108842,1,4096,0,1.0,-64.3551012117071,0.002341886516660452,64,0,-1,,0,0,2.1500999999997106,0,2.6583000000002244,12.571700000000519,3
615,3.575873015873016,1,4096,0,1.0,-66.58870961669838,0.0017494295025244355,64,0,-1,,0,0,2.3695999999997497,0,2.7836999999983902,5.8040999999988685,2
616,3.5816780045351475,1,4096,0,1.0,-66.34494305908126,0.0020804437808692455,64,0,-1,,0,0,3.094799999999509,0,3.689900000001245,9.532000000000096,1
617,3.5874829931972787,1,4096,0,1.0,-64.22030188419066,0.0018692041048780084,64,0,-1,,0,0,2.789100000001099,0,3.5348000000006152,13.173099999999494,0
618,3.5932879818594103,1,4096,0,1.0,-62.750361012851826,0.0024411899503320456,59,0,-1,,0,0,4.044399999999726,0,4.9194999999997435,5.094599999999616,2
619,3.599092970521542,1,4096,0,1.0,-56.51277647130894,0.0024688004050403833,59,0,-1,,0,0,2.873199999999798,0,4.8875000000006,10.162799999999805,1
620,3.6048979591836736,1,4096,0,1.0,-54.720908940423385,0.002988803666085005,59,0,-1,,0,0,1.9338999999991557,0,2.3540000000004113,12.570200000000753,0
621,3.610702947845805,1,4096,0,1.0,-52.086972303601755,0.0029795935843139887,59,0,-1,,0,0,2.4159000000008035,0,3.0572000000006483,3.212000000001325,2
622,3.6165079365079364,1,4096,0,1.0,-52.19297042196344,0.0037032326217740774,53,0,-1,,0,0,3.789199999999937,0,5.116299999999185,8.407400000001175,1
623,3.622312925170068,1,4096,0,1.0,-52.76196176625848,0.004571800120174885,53,0,-1,,0,0,2.5364000000003273,0,3.236699999998649,11.750599999999167,0
624,3.6281179138321997,1,4096,0,1.0,-51.01443768336956,0.00476194778457284,53,0,-1,,0,0,2.2849999999987602,0,3.0647999999988684,3.2367999999998176,2
625,3.633922902494331,1,4096,0,1.0,-51.421568763620336,0.004816691391170025,66,0,-1,,0,0,2.10039999999978,0,2.6054999999995943,5.845700000000065,4
626,3.6397278911564626,1,4096,0,1.0,-52.5497064519742,0.004008537624031305,66,0,-1,,0,0,2.082200000000256,0,2.772400000003117,8.6731000000011,3
627,3.645532879818594,1,4096,0,1.0,-54.6182453296783,0.0035853362642228603,66,0,-1,,0,0,3.8081999999999283,0,4.435200000001416,9.314899999999682,2
628,3.651337868480726,1,4096,0,1.0,-54.850550154361464,0.003001657547429204,66,0,-1,,0,0,1.76270000000045,0,2.320200000001549,11.685099999999338,1
629,3.657142857142857,1,4096,0,1.0,-58.61240042125536,0.002543516457080841,66,0,-1,,0,0,1.737399999999667,0,2.178499999999417,13.904399999999484,0
630,3.6629478458049887,1,4096,0,1.0,-64.78368176948675,0.002124781021848321,66,0,-1,,0,0,1.873999999999043,0,2.445399999999154,2.5791000000001674,2
631,3.6687528344671203,1,512,1,1.0,-67.43822145689322,0.022182760760188103,59,0,-1,,0,0,3.4474000000006555,0,4.096900000002179,6.718999999998587,1
632,3.6745578231292515,1,512,0,1.0,-67.98248398450761,0.02281656302511692,59,0,-1,,0,0,1.9793000000003502,0,2.5602999999989606,9.36619999999877,0
633,3.680362811791383,1,512,0,1.0,-72.56917122932941,0.02311554364860058,59,0,-1,,0,0,2.703500000000858,0,3.7912000000002166,4.076899999999384,2
634,3.6861678004535148,1,1024,0,1.0,-79.8608538203185,0.02087729051709175,59,0,-1,,0,0,2.8655999999998016,0,3.5106999999996447,7.578699999999827,1
635,3.6919727891156464,1,1024,0,1.0,-70.42813621553842,0.02022927813231945,59,0,-1,,0,0,2.5858999999996968,0,3.2119999999995485,10.846700000000098,0
636,3.6977777777777776,1,2048,0,1.0,-67.94688691014304,0.01884463243186474,59,0,-1,,0,0,2.910200000000529,0,3.7447999999997705,3.9685000000009296,2
637,3.7035827664399092,1,2048,0,1.0,-59.70735969151284,0.02090556174516678,59,0,-1,,0,0,2.4125000000001506,0,3.0168999999986568,6.9963000000008435,1
638,3.709387755102041,1,2048,0,1.0,-57.19313804997846,0.02688332088291645,59,0,-1,,0,0,2.221399999999818,0,2.664100000000502,9.69550000000119,0
639,3.7151927437641725,1,2048,0,1.0,-48.29317531905237,0.09016163647174835,59,0,-1,,0,0,2.897700000000114,0,3.5717999999995698,4.107899999999276,2
640,3.7209977324263037,1,4096,0,1.0,-46.66834834870892,0.0037852241657674313,66,0,-1,,0,0,1.9986999999996868,0,2.595400000002357,6.677500000000336,1
641,3.7268027210884354,1,4096,0,1.0,-44.54476031986278,0.006414138711988926,66,0,-1,,0,0,2.389700000000161,0,2.9767999999990025,9.645899999998875,0
642,3.732607709750567,1,4096,0,1.0,-42.69711376848369,0.007102637086063623,66,0,-1,,0,0,4.6759999999999025,0,6.823999999999941,7.066800000000484,2
643,3.7384126984126986,1,4096,0,1.0,-45.00214260680891,0.007514559663832188,67,0,-1,,0,0,2.4212000000005673,0,3.055599999999714,10.101900000000441,1
644,3.74421768707483,1,4096,0,1.0,-43.085312203890226,0.008401413448154926,67,0,-1,,0,0,3.4538000000008395,0,4.166399999999015,13.705200000000417,0
645,3.7500226757369615,1,4096,0,1.0,-46.298798350094415,0.007987352088093758,67,0,-1,,0,0,2.317199999998465,0,3.116099999999733,3.297799999998574,2
646,3.755827664399093,1,4096,0,1.0,-44.876090024842334,0.008411536924540997,67,0,-1,,0,0,2.0255000000002354,0,2.4722999999990947,5.979699999999255,4
647,3.7616326530612243,1,4096,0,1.0,-48.83300795956547,0.008066440001130104,67,0,-1,,0,0,3.1853000000001686,0,3.6193999999998283,9.64039999999855,3
648,3.767437641723356,1,4096,0,1.0,-48.78815354998386,0.007691464386880398,67,0,-1,,0,0,2.410499999999871,0,3.303699999998244,8.375300000000863,2
649,3.7732426303854876,1,4096,0,1.0,-49.80881419409705,0.007122103124856949,67,0,-1,,0,0,2.0154999999988377,0,2.3732999999985793,10.77130000000004,1
650,3.779047619047619,1,4096,0,1.0,-51.461913782266365,0.006593536585569382,67,0,-1,,0,0,1.7946000000002016,0,2.1444000000023777,12.94719999999927,0
651,3.7848526077097504,1,4096,0,1.0,-49.280577480082776,0.007494752760976553,67,0,-1,,0,0,3.8829000000006886,0,6.159100000001416,6.47599999999926,2
652,3.790657596371882,1,4096,0,1.0,-54.35686509161953,0.0065489765256643295,67,0,-1,,0,0,2.1030999999993583,0,2.6916999999997415,9.166500000000966,1
653,3.7964625850340137,1,4096,0,1.0,-51.739317297857916,0.007221887353807688,64,0,-1,,0,0,2.464599999999706,0,2.917699999999357,12.104499999999518,0
654,3.8022675736961453,1,4096,0,1.0,-54.31361224748756,0.006644500885158777,64,0,-1,,0,0,2.5722999999988616,0,3.273999999999333,3.420699999999499,2
655,3.8080725623582765,1,4096,0,1.0,-53.27313885962248,0.006706190761178732,64,0,-1,,0,0,2.577099999999888,0,3.2122000000001094,6.664100000000062,1
656,3.813877551020408,1,4096,0,1.0,-56.30668718224631,0.004013185389339924,64,0,-1,,0,0,2.8126999999997793,0,3.3703999999996626,10.101399999999927,0
657,3.81968253968254,1,4096,0,1.0,-55.68943601110131,0.0036060092970728874,64,0,-1,,0,0,3.3940999999995114,0,4.598199999998442,4.923800000000256,2
658,3.825487528344671,1,4096,0,1.0,-52.775214296364,0.00217645475640893,64,0,-1,,0,0,3.637700000000521,0,4.438400000001508,9.355600000001019,1
659,3.8312925170068026,1,4096,0,1.0,-50.56764282830906,0.0021356751676648855,64,0,-1,,0,0,5.449900000000341,0,6.872999999998797,16.32129999999954,3
660,3.8370975056689343,1,4096,0,1.0,-49.4001312367628,0.0022331061773002148,64,0,-1,,0,0,2.098799999998846,0,2.771599999999097,3.7068999999991803,2
661,3.842902494331066,1,4096,0,1.0,-45.87313343888046,0.0022182115353643894,64,0,-1,,0,0,2.269399999999422,0,2.662199999999615,6.308199999999431,1
662,3.848707482993197,1,4096,0,1.0,-44.1386370479724,0.0027519315481185913,64,0,-1,,0,0,4.143799999999587,0,4.813699999999699,11.198699999999562,0
663,3.8545124716553287,1,4096,0,1.0,-45.41465233905423,0.0024020199198275805,64,0,-1,,0,0,1.7993000000000592,0,2.4065000000010883,2.565099999999987,2
664,3.8603174603174604,1,4096,0,1.0,-44.43085670756139,0.0030471384525299072,64,0,-1,,0,0,2.0772000000004454,0,2.496699999998242,5.131300000000394,1
665,3.866122448979592,1,4096,0,1.0,-43.12485144834944,0.002847107592970133,64,0,-1,,0,0,2.112300000000289,0,2.4834999999985286,7.7072999999998615,0
666,3.871927437641723,1,4096,0,1.0,-40.94588213062658,0.003413711441680789,64,0,-1,,0,0,2.9407999999992995,0,3.957599999997896,4.251099999999397,2
667,3.877732426303855,1,4096,0,1.0,-45.07464654283445,0.003268064232543111,64,0,-1,,0,0,7.636899999999613,0,9.515200000000945,13.879100000000477,1
668,3.8835374149659865,1,4096,0,1.0,-42.55217523014512,0.004460563417524099,64,0,-1,,0,0,6.3589999999997815,0,8.178199999999691,22.256299999998674,3
669,3.889342403628118,1,4096,0,1.0,-44.381060440752414,0.003295841161161661,64,0,-1,,0,0,8.36369999999853,0,11.054400000000797,15.662799999999422,5
670,3.8951473922902493,1,4096,0,1.0,-43.9938502671873,,-1,0,-1,,0,0,,1,1.5295999999995757,17.330599999999308,4
671,3.900952380952381,1,4096,0,1.0,-41.67564361461328,0.007951922714710236,64,0,-1,,0,0,6.066000000000571,0,7.770600000000627,25.22359999999857,3
672,3.9067573696145126,1,4096,0,1.0,-47.022980090876764,0.006791040766984224,59,0,-1,,0,0,4.910100000000028,0,6.093299999999857,21.79809999999982,2
673,3.912562358276644,1,4096,0,1.0,-47.57698662596536,0.00569193297997117,64,0,-1,,0,0,2.781699999999887,0,3.4410999999998637,25.269500000000278,4
674,3.9183673469387754,1,4096,0,1.0,-51.115074785123326,0.00432925671339035,64,0,-1,,0,0,4.675500000001165,0,5.5651000000001005,30.88909999999956,3
675,3.924172335600907,1,4096,0,1.0,-52.554679854116834,0.004415696021169424,64,0,-1,,0,0,3.247299999999953,0,4.061000000001869,11.113399999999274,2
676,3.9299773242630387,1,4096,0,1.0,-52.223449191258965,0.004153952933847904,64,0,-1,,0,0,2.4513999999999925,0,3.015599999999452,14.157300000000816,4
677,3.93578231292517,1,4096,0,1.0,-51.51379908184072,0.004470140673220158,64,0,-1,,0,0,1.9145999999992114,0,2.3719999999993746,16.56410000000008,3
678,3.9415873015873015,1,4096,0,1.0,-47.30539366820109,0.005364380311220884,64,0,-1,,0,0,3.6944000000005417,0,4.240800000001599,7.681899999999686,2
679,3.947392290249433,1,4096,0,1.0,-47.96538096162455,0.006429612636566162,64,0,-1,,0,0,5.213900000001104,0,6.083400000001404,13.865499999999642,1
680,3.953197278911565,1,4096,0,1.0,-42.022820025184785,0.008643482811748981,64,0,-1,,0,0,2.9199999999995896,0,3.622000000000014,17.555400000000887,0
681,3.959002267573696,1,4096,0,1.0,-49.22442767990658,0.006379902828484774,64,0,-1,,0,0,5.969600000000241,0,8.039600000000036,8.413100000000284,2
682,3.9648072562358276,1,4096,0,1.0,-41.12562490243875,0.011512652970850468,64,0,-1,,0,0,2.1436999999995265,0,2.663099999999474,11.109000000001146,4
683,3.9706122448979593,1,4096,0,1.0,-49.58708257130014,0.006504993885755539,64,0,-1,,0,0,2.27799999999867,0,2.675500000000497,13.829499999999939,3
684,3.976417233560091,1,4096,0,1.0,-40.32510552247889,0.008750837296247482,64,0,-1,,0,0,1.877699999999649,0,2.3634999999995188,6.148600000001281,2
685,3.982222222222222,1,4096,0,1.0,-49.97625165645495,0.007335784379392862,64,0,-1,,0,0,4.01030000000091,0,5.22240000000096,11.460600000001264,1
686,3.9880272108843537,1,4096,0,1.0,-42.23746389179874,0.0076956613920629025,64,0,-1,,0,0,7.450099999999793,0,9.87940000000087,21.70200000000122,0
687,3.9938321995464854,1,4096,0,1.0,-48.368373283151975,0.005604038946330547,64,0,-1,,0,0,3.4074999999997857,0,6.192099999999812,6.588600000000611,2
688,3.9996371882086166,1,4096,0,1.0,-46.40081236131618,0.006719390861690044,64,0,-1,,0,0,2.686199999999417,0,3.525200000000339,10.113300000000436,1
689,4.005442176870749,1,4096,0,1.0,-51.89282272867166,0.004369659349322319,64,0,-1,,0,0,2.274400000001009,0,2.868599999999333,11.951299999999776,0
690,4.01124716553288,1,4096,0,1.0,-51.08215908359952,0.004643687978386879,64,0,-1,,0,0,3.4200000000002007,0,5.523499999998904,5.807700000000082,2
691,4.017052154195011,1,4096,0,1.0,-54.25997752222136,0.004539784509688616,64,0,-1,,0,0,1.906900000001599,0,2.510499999999638,8.33199999999934,1
692,4.022857142857143,1,4096,0,1.0,-56.98685341735592,0.004325357265770435,64,0,-1,,0,0,1.7883000000011862,0,2.2874999999977774,10.647500000001031,0
693,4.028662131519274,1,4096,0,1.0,-56.623680115989536,0.004604653920978308,64,0,-1,,0,0,2.5390999999999053,0,3.7450999999997237,4.106900000000024,2
694,4.0344671201814055,1,4096,0,1.0,-56.38462426010547,0.0043058739975094795,64,0,-1,,0,0,2.3745999999995604,0,2.923399999998466,7.023399999999569,4
695,4.040272108843538,1,4096,0,1.0,-57.94036747235384,0.0042337700724601746,64,0,-1,,0,0,2.370199999999656,0,2.871800000001201,9.937100000000143,3
696,4.046077097505669,1,4096,0,1.0,-60.201159706462946,0.0036551374942064285,64,0,-1,,0,0,5.162399999999678,0,6.675100000000711,11.53539999999964,2
697,4.051882086167801,1,4096,0,1.0,-63.07963147997248,0.0035893674939870834,64,0,-1,,0,0,2.6010999999996898,0,4.022000000000858,15.7177000000015,1
698,4.057687074829932,1,4096,0,1.0,-61.01843789753925,0.0033418708480894566,64,0,-1,,0,0,2.266699999999844,0,2.789400000001052,18.545700000000664,0
699,4.063492063492063,1,4096,0,1.0,-61.07016050039203,0.003303930629044771,64,0,-1,,0,0,3.43159999999898,0,4.077500000001066,4.233599999999171,2
700,4.069297052154195,1,4096,0,1.0,-65.12297132489545,0.0026718471199274063,64,0,-1,,0,0,4.435600000000761,0,5.273700000001824,9.615000000000151,1
701,4.0751020408163265,1,4096,0,1.0,-64.73729859829758,0.002818141831085086,64,0,-1,,0,0,2.4648000000002668,0,3.1437000000007487,12.974500000000333,0
702,4.080907029478458,1,4096,0,1.0,-62.14688939285173,0.003166821552440524,59,0,-1,,0,0,2.382199999999557,0,3.3599999999989194,3.73190000000001,2
703,4.08671201814059,1,4096,0,1.0,-64.12695338957538,0.0023007788695394993,59,0,-1,,0,0,2.494299999998617,0,3.072599999999426,6.752899999998618,1
704,4.092517006802721,1,4096,0,1.0,-65.15272937527163,0.0029270187951624393,59,0,-1,,0,0,3.263700000001535,0,4.001599999998717,10.763500000001258,0
705,4.098321995464852,1,4096,0,1.0,-65.79831728490873,0.002204717369750142,59,0,-1,,0,0,2.6652000000009224,0,3.6464999999985537,3.8067000000001627,2
706,4.104126984126984,1,4096,0,1.0,-66.03466541534915,0.002558368258178234,59,0,-1,,0,0,2.7471999999999497,0,3.4362000000012216,7.2814000000001045,1
707,4.1099319727891155,1,4096,0,1.0,-71.27253060621253,0.0025795348919928074,59,0,-1,,0,0,4.792399999999475,0,5.975100000000566,13.366299999999498,0
708,4.115736961451248,1,4096,0,0.9386856763957344,-77.98035242607698,0.0025722442660480738,59,0,-1,,0,0,7.5222000000003675,0,10.806500000001051,11.121900000000906,2
709,4.121541950113379,1,4096,0,0.3270992311185063,-81.83077902818826,0.002408278174698353,59,0,-1,,0,0,8.667499999999606,0,10.534099999999214,21.785000000001276,4
710,4.12734693877551,1,4096,0,0.0,-83.14872098589876,0.0025994989555329084,59,0,-1,,0,0,3.5223999999995925,0,4.973200000000233,26.928599999999747,3
711,4.133151927437642,1,4096,0,0.0,-86.67350408148576,0.0025467954110354185,59,0,-1,,0,0,2.9389000000001886,0,3.712200000002497,15.062900000000212,2
712,4.138956916099773,1,4096,0,0.0,-85.23594972039916,0.002585295122116804,59,0,-1,,0,0,4.467099999999391,0,5.576299999997758,20.65939999999955,1
713,4.144761904761904,1,4096,0,1.0,-83.22440833279563,0.0025796524714678526,59,0,-1,,0,0,3.146199999999766,0,4.584899999999337,25.356800000000845,0
714,4.1505668934240365,1,4096,0,0.0,-88.35697863954728,0.002587484661489725,59,0,-1,,0,0,2.5038000000012772,0,3.3269999999987476,3.638299999998651,2
715,4.156371882086168,1,4096,0,0.0,-90.02540126289695,0.0025759295094758272,59,0,-1,,0,0,4.367000000000232,0,5.293999999999244,9.016300000000754,1
716,4.162176870748299,1,4096,0,0.0,-90.32131758081663,0.002634929260239005,59,0,-1,,0,0,2.5300999999995355,0,3.3689999999992892,12.540400000000673,0
717,4.167981859410431,1,4096,0,0.0,-93.14391541891082,0.0025822720490396023,59,0,-1,,0,0,2.815200000000573,0,3.7929999999999353,3.9765999999996637,2
718,4.173786848072562,1,4096,0,0.0,-92.07989257680894,0.002649033907800913,59,0,-1,,0,0,2.7721999999990032,0,3.5381999999977154,7.580100000000201,1
719,4.179591836734694,1,4096,0,0.0,-92.89074894588643,0.00264037330634892,59,0,-1,,0,0,4.7224000000003485,0,6.168600000000524,13.895500000000283,3
720,4.1853968253968254,1,4096,0,0.0,-93.48265254158848,0.0026241205632686615,59,0,-1,,0,0,3.69989999999909,0,5.302399999999707,10.110900000000811,2
721,4.191201814058957,1,4096,0,0.0,-94.98250585300241,0.002597239799797535,59,0,-1,,0,0,3.3892000000008693,0,4.236500000001087,14.399300000000892,1
722,4.197006802721089,1,4096,0,0.0,-93.9274270879319,0.002615951234474778,59,0,-1,,0,0,7.222999999999757,0,8.44909999999821,23.045299999999713,0
723,4.20281179138322,1,4096,0,0.0,-94.74056355997843,0.0026330212131142616,59,0,-1,,0,0,5.056699999999026,0,6.493700000000047,6.839899999999233,2
724,4.208616780045351,1,4096,0,0.0,-96.243937670594,0.0026331767439842224,59,0,-1,,0,0,8.110200000000845,0,9.725999999998791,16.645699999999763,1
725,4.214421768707483,1,4096,0,0.0,-95.68297888648334,0.0026321373879909515,59,0,-1,,0,0,4.137899999999917,0,5.597500000000366,22.45869999999961,3
726,4.220226757369614,1,4096,0,0.0,-95.80152468536258,0.002636973513290286,59,0,-1,,0,0,4.483900000000318,0,5.676499999999862,9.474199999999655,2
727,4.2260317460317465,1,4096,0,0.0,-95.98564066195814,0.0026415851898491383,59,0,-1,,0,0,4.583100000001394,0,6.090600000000279,15.632999999999342,4
728,4.231836734693878,1,4096,0,0.0,-95.29183509470138,0.002633688971400261,59,0,-1,,0,0,2.5431000000004644,0,3.2775000000011545,18.979800000000324,3
729,4.237641723356009,1,4096,0,0.0,-96.59003495889704,0.0026340859476476908,59,0,-1,,0,0,3.303300000000675,0,3.8852000000009212,8.048199999999284,2
730,4.243446712018141,1,4096,0,0.0,-95.9233973547883,0.0026343162171542645,59,0,-1,,0,0,2.8682999999993797,0,4.58519999999929,12.68679999999911,1
731,4.249251700680272,1,4096,0,0.0,-96.37908519400071,0.0026347900275141,59,0,-1,,0,0,2.6585000000007852,0,3.656399999998783,16.4080000000002,3
732,4.255056689342403,1,4096,0,0.0,-96.31098574877738,0.002634679665789008,59,0,-1,,0,0,2.322200000000052,0,3.0426000000005615,6.539999999999324,2
733,4.260861678004535,1,4096,0,0.0,-95.9233973547883,0.0026337953750044107,59,0,-1,,0,0,2.4212999999999596,0,2.976399999999657,9.559799999999896,1
734,4.266666666666667,1,4096,0,0.0,-95.80152468536258,0.0026348503306508064,59,0,-1,,0,0,4.327599999999876,0,5.270799999999909,14.932100000001114,0
735,4.272471655328798,1,4096,0,0.0,-96.59003495889704,0.002633690135553479,59,0,-1,,0,0,3.695600000000354,0,4.750700000000663,4.978999999998734,2
736,4.27827664399093,1,4096,0,0.0,-96.81175663155918,0.002634309930726886,59,0,-1,,0,0,4.565400000000608,0,6.1157999999998935,11.302099999999982,1
737,4.284081632653061,1,4096,0,0.0,-96.11286916969236,0.00263577769510448,59,0,-1,,0,0,3.786200000000406,0,5.000800000001249,16.45180000000046,0
738,4.289886621315193,1,4096,0,0.0,-96.44826950478262,0.0026350857224315405,59,0,-1,,0,0,4.924100000000209,0,6.25099999999712,6.373400000001084,2
739,4.295691609977324,1,4096,0,0.0,-97.83282547408348,0.002634782576933503,59,0,-1,,0,0,5.362099999999259,0,6.726799999999145,12.73390000000063,4
740,4.3014965986394555,1,4096,0,0.0,-96.59003495889704,0.002634139731526375,59,0,-1,,0,0,2.9055000000006714,0,3.670500000000132,16.415800000000758,3
741,4.307301587301588,1,4096,0,0.0,-96.73658462938218,0.002635858952999115,59,0,-1,,0,0,4.034199999999544,0,4.645900000001646,11.48600000000144,2
742,4.313106575963719,1,4096,0,0.0,-96.51857380658345,0.002634469186887145,59,0,-1,,0,0,4.971100000000561,0,6.403999999999854,17.98190000000055,1
743,4.31891156462585,1,4096,0,0.0,-96.11286916969236,0.002634866628795862,59,0,-1,,0,0,2.1559999999993806,0,3.032500000001548,21.150499999999184,0
744,4.324716553287982,1,4096,0,0.0,-95.86203353190663,0.0026339516043663025,59,0,-1,,0,0,3.5690000000005995,0,4.372199999998827,4.63009999999997,2
745,4.330521541950113,1,4096,0,0.0,-96.17790898892383,0.0026338028255850077,59,0,-1,,0,0,4.313199999998574,0,5.394799999999478,10.116200000000575,1
746,4.3363265306122445,1,4096,0,0.0,-96.04878903049143,0.002634406555444002,59,0,-1,,0,0,2.9303999999985564,0,3.7137999999998783,13.938800000000029,0
747,4.342131519274377,1,4096,0,0.0,-96.11286916969236,0.0026338829193264246,59,0,-1,,0,0,3.432899999999961,0,4.7312000000001575,4.986300000000554,2
748,4.347936507936508,1,4096,0,0.0,-96.66269167130112,0.0026341485790908337,59,0,-1,,0,0,5.373900000000376,0,6.488600000000844,11.564800000000375,1
749,4.35374149659864,1,4096,0,0.0,-96.11286916969236,0.0026342212222516537,59,0,-1,,0,0,4.260000000000375,0,5.311599999998862,17.02900000000085,0
750,4.359546485260771,1,4096,0,0.0,-95.86203353190663,0.0026344843208789825,59,0,-1,,0,0,4.825200000000862,0,6.585599999999303,6.913600000000741,2
751,4.365351473922902,1,4096,0,0.0,-96.59003495889704,0.0026339818723499775,59,0,-1,,0,0,2.5086999999999193,0,3.070499999999754,9.942200000001122,4
752,4.371156462585034,1,4096,0,0.0,-97.04540980062914,0.002634364180266857,59,0,-1,,0,0,3.2781999999986766,0,3.962200000000138,13.932099999999892,3
753,4.3769614512471655,1,4096,0,0.0,-96.44826950478262,0.0026359092444181442,59,0,-1,,0,0,4.266399999998782,0,5.233000000002264,11.005700000000118,2
754,4.382766439909297,1,4096,0,0.0,-96.66269167130112,0.0026347474195063114,59,0,-1,,0,0,4.011699999999507,0,5.092900000001066,16.209599999999824,1
755,4.388571428571429,1,4096,0,0.0,-97.46514278371254,0.0026346019003540277,59,0,-1,,0,0,3.3682999999999907,0,4.2850000000012045,20.716900000000038,0
756,4.39437641723356,1,4096,0,0.0,-96.66269167130112,0.002633505966514349,59,0,-1,,0,0,4.805900000000918,0,6.8456999999995105,7.239100000001386,2
757,4.400181405895691,1,4096,0,0.0,-96.66269167130112,0.0026350656989961863,59,0,-1,,0,0,3.9269000000015097,0,5.155600000000149,12.409700000000967,1
758,4.405986394557823,1,4096,0,0.0,-96.51857380658345,0.0026351469568908215,59,0,-1,,0,0,8.269099999999696,0,9.833800000000892,22.32949999999967,3
759,4.4117913832199545,1,4096,0,0.0,-95.98564066195814,0.002634387696161866,59,0,-1,,0,0,2.685400000000726,0,3.886700000000687,12.872500000000286,2
760,4.4175963718820865,1,4096,0,0.0,-95.86203353190663,0.002634004456922412,59,0,-1,,0,0,2.4145999999998224,0,3.0735000000010615,15.94189999999962,1
761,4.423401360544218,1,4096,0,0.0,-96.8882527379592,0.0026336938608437777,59,0,-1,,0,0,3.2557000000004166,0,3.8210000000020727,19.790399999999764,0
762,4.429206349206349,1,4096,0,0.0,-96.44826950478262,0.002633904106914997,59,0,-1,,0,0,2.5265999999994904,0,4.080800000002327,4.424499999998943,5
763,4.435011337868481,1,4096,0,0.0,-96.44826950478262,,-1,0,-1,,0,0,,1,0.5282999999991489,4.935800000000157,4
764,4.440816326530612,1,4096,0,0.0,-96.73658462938218,0.002634412841871381,59,0,-1,,0,0,2.20969999999987,0,2.6823999999994186,7.622099999998966,3
765,4.446621315192743,1,4096,0,0.0,-96.66269167130112,0.002634568139910698,59,0,-1,,0,0,3.358200000000977,0,3.869200000000461,7.47169999999997,2
766,4.4524263038548755,1,4096,0,0.0,-97.83282547408348,0.0026339504402130842,59,0,-1,,0,0,5.21729999999998,0,6.501399999999435,14.05220000000007,1
767,4.458231292517007,1,4096,0,0.0,-96.59003495889704,0.0026343173813074827,59,0,-1,,0,0,2.753199999999012,0,3.610500000000627,17.743799999999865,0
768,4.464036281179139,1,4096,0,0.0,-96.66269167130112,0.0026347036473453045,59,0,-1,,0,0,5.59580000000004,0,6.804600000000605,7.093499999999864,2
769,4.46984126984127,1,4096,0,0.0,-95.9233973547883,0.0026355620939284563,59,0,-1,,0,0,2.936599999999956,0,3.8514999999996746,10.964599999999436,1
770,4.475646258503401,1,4096,0,0.0,-94.33638106943889,0.0026355066802352667,59,0,-1,,0,0,2.4553999999987752,0,3.0989999999988527,14.089200000000801,0
771,4.481451247165533,1,4096,0,0.06844881963595154,-87.6128216086672,0.0026368056423962116,59,0,-1,,0,0,2.506200000000902,0,4.747599999999963,5.01390000000157,2
772,4.487256235827664,1,4096,0,1.0,-71.06938284378228,0.0026378892362117767,59,0,-1,,0,0,2.4581000000001296,0,3.0415999999995336,8.003800000000894,1
773,4.493061224489796,1,512,1,1.0,-66.1308269715071,0.020509522408246994,59,0,-1,,0,0,2.1950999999997833,0,2.813300000001462,9.598600000000346,0
774,4.498866213151928,1,512,0,1.0,-55.865175755837484,0.027273528277873993,59,0,-1,,0,0,3.9964999999995143,0,5.285999999999902,5.525900000000306,2
775,4.504671201814059,1,512,0,1.0,-53.176225773378064,0.02978731133043766,59,0,-1,,0,0,2.6372000000005613,0,3.507000000000815,9.081199999998901,1
776,4.51047619047619,1,1024,0,1.0,-51.905986096793015,0.04588920623064041,59,0,-1,,0,0,6.015699999998958,0,6.804600000002381,15.465499999999466,0
777,4.516281179138322,1,1024,0,1.0,-49.784474255457205,0.048758622258901596,59,0,-1,,0,0,4.7658000000012635,0,6.768600000000902,7.0622000000000185,2
778,4.522086167800453,1,2048,0,1.0,-51.968819151399686,0.030428266152739525,59,0,-1,,0,0,4.69839999999877,0,6.593000000000515,13.732300000000919,1
779,4.527891156462585,1,2048,0,1.0,-55.66468966260977,0.02425127662718296,59,0,-1,,0,0,2.7263000000008475,0,4.420499999998384,18.33929999999917,3
780,4.533696145124717,1,2048,0,1.0,-56.963383165350415,0.027965057641267776,59,0,-1,,0,0,2.6521999999999935,0,3.1522000000006045,6.110699999998914,2
781,4.539501133786848,1,2048,0,1.0,-56.44916576378801,0.02413497492671013,59,0,-1,,0,0,2.201900000001089,0,2.691200000001004,8.796300000000201,1
782,4.54530612244898,1,4096,0,1.0,-54.93269504370443,0.002929740585386753,59,0,-1,,0,0,2.8733999999985826,0,3.295299999999557,11.969399999999908,0
783,4.551111111111111,1,4096,0,1.0,-51.50219721617711,0.0031775590032339096,59,0,-1,,0,0,2.257399999999521,0,3.0668000000009243,3.24220000000075,2
784,4.556916099773242,1,4096,0,1.0,-57.01450920989477,0.0034046208020299673,59,0,-1,,0,0,2.0439999999997127,0,2.669100000000313,5.9173999999995175,1
785,4.562721088435374,1,4096,0,1.0,-51.54575500270412,0.0040234411135315895,59,0,-1,,0,0,1.9770000000001176,0,2.5122999999993567,8.482000000000767,0
786,4.568526077097506,1,4096,0,1.0,-51.008363129604234,0.004850958939641714,53,0,-1,,0,0,2.454200000000739,0,3.1847999999996546,3.4562999999998567,2
787,4.574331065759637,1,4096,0,1.0,-49.65233623075125,0.005838563200086355,53,0,-1,,0,0,3.1976000000000226,0,3.8291999999984228,7.316499999999948,1
788,4.580136054421769,1,4096,0,1.0,-46.355596681436694,0.0068711829371750355,53,0,-1,,0,0,4.275800000000274,0,4.950300000000851,12.340499999998755,3
789,4.5859410430839,1,4096,0,1.0,-45.83865135917723,0.007941104471683502,66,0,-1,,0,0,3.0903000000002123,0,3.8362000000002894,6.230900000000261,2
790,4.591746031746032,1,4096,0,1.0,-47.45144544037995,0.007771813310682774,66,0,-1,,0,0,3.4717000000004106,0,4.172100000001677,10.431999999999775,1
791,4.597551020408163,1,4096,0,1.0,-48.23513124701264,0.007639140356332064,66,0,-1,,0,0,2.2201000000006132,0,2.938999999999581,13.432600000001571,0
792,4.6033560090702945,1,4096,0,1.0,-48.6978813550317,0.007784409914165735,66,0,-1,,0,0,2.342999999999762,0,2.9634999999998968,3.2378000000008456,2
793,4.609160997732427,1,4096,0,1.0,-51.554539569742644,0.006635043304413557,66,0,-1,,0,0,2.799299999999505,0,3.367200000001347,6.63699999999956,1
794,4.614965986394558,1,4096,0,1.0,-52.076339850500176,0.006262209732085466,66,0,-1,,0,0,2.170700000000636,0,2.7042000000001565,9.397699999999176,0
795,4.620770975056689,1,4096,0,1.0,-53.54098673278905,0.004725279752165079,66,0,-1,,0,0,3.404599999999647,0,4.301399999999234,4.479700000000975,2
796,4.626575963718821,1,4096,0,1.0,-54.3932346123357,0.004203810356557369,66,0,-1,,0,0,2.6302999999998633,0,3.223000000000198,7.729599999999337,1
797,4.632380952380952,1,4096,0,1.0,-55.11484002075633,0.0037265669088810682,66,0,-1,,0,0,3.530800000000056,0,4.030600000000106,11.809200000000075,0
798,4.6381859410430835,1,4096,0,1.0,-54.68157663788115,0.003576223971322179,66,0,-1,,0,0,2.5551999999997577,0,3.5812000000010613,3.7751000000003643,2
799,4.6439909297052155,1,4096,0,1.0,-52.362037569113625,0.0036245565861463547,66,0,-1,,0,0,4.6943999999999875,0,5.692399999999154,9.484300000000445,1
800,4.649795918367347,1,4096,0,1.0,-50.33003434029166,0.004173132590949535,66,0,-1,,0,0,1.839200000000929,0,2.908399999999034,12.46029999999898,3
801,4.655600907029479,1,4096,0,1.0,-48.488932205836484,0.005252644885331392,66,0,-1,,0,0,2.430200000000937,0,3.287800000000729,5.886900000000139,2
802,4.66140589569161,1,4096,0,1.0,-43.7415624573849,0.006735290866345167,66,0,-1,,0,0,1.689400000000063,0,2.2372000000014935,8.15550000000087,1
803,4.667210884353741,1,4096,0,1.0,-46.416173147747756,0.0057940250262618065,66,0,-1,,0,0,1.9877000000008138,0,2.379599999999371,10.574200000000644,0
804,4.673015873015873,1,4096,0,1.0,-46.507322241975714,0.005438037216663361,66,0,-1,,0,0,2.422199999999819,0,3.2610999999995727,3.433600000001036,2
805,4.6788208616780045,1,4096,0,1.0,-49.36381483796268,0.005648922175168991,66,0,-1,,0,0,3.653400000001028,0,4.322499999998897,7.801100000000005,1
806,4.684625850340136,1,4096,0,1.0,-44.57032793151881,0.007158923894166946,65,0,-1,,0,0,2.0041000000006193,0,3.1153000000010422,11.040899999999354,0
807,4.690430839002268,1,4096,0,1.0,-44.51957136129849,0.007827076129615307,64,0,-1,,0,0,2.1284999999995335,0,2.786499999999137,2.9631999999999437,2
808,4.696235827664399,1,4096,0,1.0,-43.31532421217268,0.008206125348806381,64,0,-1,,0,0,1.7745999999991824,0,2.1674999999987676,5.145900000000481,1
809,4.702040816326531,1,4096,0,1.0,-47.93460182681631,0.009033255279064178,64,0,-1,,0,0,4.508899999999372,0,4.919799999999697,10.14309999999874,0
810,4.707845804988662,1,4096,0,1.0,-44.78075613209405,0.0099276602268219,64,0,-1,,0,0,2.8023000000008125,0,4.479399999999245,4.836400000000296,2
811,4.713650793650793,1,4096,0,1.0,-46.6398071457181,0.010303860530257225,64,0,-1,,0,0,2.29709999999983,0,2.8068999999995015,7.663599999998993,4
812,4.7194557823129255,1,4096,0,1.0,-52.297263623303934,0.007526065688580275,64,0,-1,,0,0,2.2657999999999845,0,2.7836000000007743,10.502199999999462,3
813,4.725260770975057,1,4096,0,1.0,-54.031051981029265,0.004865768365561962,64,0,-1,,0,0,2.0417000000012564,0,2.5359999999992056,6.302999999999059,2
814,4.731065759637188,1,4096,0,1.0,-51.64350575619319,0.004520075395703316,64,0,-1,,0,0,3.731000000000151,0,4.164400000000512,10.524399999999545,1
815,4.73687074829932,1,4096,0,1.0,-51.22849598696156,0.004789224825799465,64,0,-1,,0,0,1.889900000000111,0,2.7389000000006547,13.40150000000051,0
816,4.742675736961451,1,4096,0,1.0,-47.23217572350094,0.004680551588535309,66,0,-1,,0,0,2.1012999999996396,0,2.7847000000011946,2.919200000000899,2
817,4.748480725623582,1,4096,0,1.0,-46.86653756522769,0.005788739770650864,66,0,-1,,0,0,2.2079000000001514,0,2.712400000000059,5.644900000000064,1
818,4.7542857142857144,1,4096,0,1.0,-41.62893180175828,0.0056304121389985085,69,0,-1,,0,0,4.465700000000794,0,5.611099999999425,11.34490000000099,0
819,4.760090702947846,1,4096,0,1.0,-40.837232923555774,0.005874470807611942,64,0,-1,,0,0,4.5754999999996215,0,5.616699999999142,5.759999999998655,2
820,4.765895691609978,1,4096,0,1.0,-39.2033851021622,0.005395797546952963,65,0,-1,,0,0,3.1498999999985955,0,4.151900000000097,10.493199999999092,3
821,4.771700680272109,1,4096,0,1.0,-39.075323697645416,0.006121374201029539,65,0,-1,,0,0,2.36000000000125,0,3.166200000000785,13.74120000000012,3
822,4.77750566893424,1,4096,0,1.0,-39.88021617878443,0.006150519475340843,65,0,-1,,0,0,2.4417999999997164,0,2.968600000000876,6.563800000000342,2
823,4.783310657596372,1,4096,0,1.0,-41.82142478370302,0.005445363465696573,65,0,-1,,0,0,2.8062999999995952,0,3.36809999999943,9.9171000000009,1
824,4.789115646258503,1,4096,0,1.0,-43.303628140682335,0.005951644852757454,65,0,-1,,0,0,3.384699999999796,0,5.069899999998739,14.783300000001276,0
825,4.794920634920635,1,4096,0,1.0,-43.68465546006654,0.005539743695408106,65,0,-1,,0,0,4.333100000000201,0,5.187899999999246,5.484300000000886,2
826,4.800725623582767,1,4096,0,1.0,-47.471359588583354,0.005577774718403816,65,0,-1,,0,0,2.123599999999115,0,2.7369999999997674,8.20810000000094,1
827,4.806530612244898,1,4096,0,1.0,-56.053896738345315,0.0038098872173577547,65,0,-1,,0,0,2.057399999999987,0,2.5191000000006625,10.780999999999707,0
828,4.812335600907029,1,4096,0,1.0,-56.63216956949148,0.0032168985344469547,65,0,-1,,0,0,2.910799999998659,0,3.633699999999962,3.8412999999994923,2
829,4.818140589569161,1,4096,0,1.0,-62.78496436364825,0.0028116703033447266,65,0,-1,,0,0,4.514500000000865,0,6.7816999999994465,10.754000000000374,1
830,4.823945578231292,1,4096,0,1.0,-61.603536065530385,0.002970800967887044,65,0,-1,,0,0,3.0786000000002645,0,4.5194000000012835,15.451599999998678,0
831,4.829750566893424,1,4096,0,1.0,-62.98382741749905,0.002864078152924776,65,0,-1,,0,0,3.311000000000064,0,4.350799999999211,4.587700000000083,2
832,4.835555555555556,1,4096,0,1.0,-63.52042775435302,0.0028533388394862413,65,0,-1,,0,0,7.709300000000141,0,8.845199999999664,13.479600000000147,4
833,4.841360544217687,1,4096,0,1.0,-64.37997949454788,0.0028840801678597927,65,0,-1,,0,0,2.833499999999489,0,3.768800000001349,17.337399999998837,3
834,4.847165532879819,1,4096,0,1.0,-62.4973859366135,0.003148450283333659,65,0,-1,,0,0,2.6036000000004833,0,3.280000000001948,14.564099999999414,2
835,4.85297052154195,1,4096,0,1.0,-63.27960440857743,0.0027724611572921276,64,0,-1,,0,0,3.1028000000006273,0,3.868000000002425,18.452099999999305,4
836,4.858775510204081,1,4096,0,1.0,-58.52437474777887,0.003088910598307848,64,0,-1,,0,0,3.653999999999158,0,4.682999999998216,23.21790000000057,3
837,4.864580498866213,1,4096,0,1.0,-59.44406185488364,0.002381902653723955,64,0,-1,,0,0,2.3640000000000327,0,3.0492999999989223,10.229600000000616,2
838,4.8703854875283445,1,4096,0,1.0,-59.14629117508218,0.0023960217367857695,59,0,-1,,0,0,2.613199999998983,0,3.2057999999999254,13.445199999999602,1
839,4.876190476190477,1,4096,0,1.0,-61.47870300192581,0.0020886061247438192,59,0,-1,,0,0,3.676099999999849,0,4.638800000000387,18.13700000000118,0
840,4.881995464852608,1,4096,0,1.0,-59.34087211024621,0.0027908298652619123,59,0,-1,,0,0,2.1228999999998166,0,2.7103999999980033,3.0498999999988285,2
841,4.887800453514739,1,4096,0,1.0,-57.887407265461036,0.0027505632024258375,59,0,-1,,0,0,1.9446999999992443,0,2.581199999999839,5.671300000001267,1
842,4.893605442176871,1,4096,0,1.0,-56.90406742558419,0.0027648070827126503,59,0,-1,,0,0,1.9793000000003502,0,2.489499999999367,8.210599999999957,0
843,4.899410430839002,1,4096,0,1.0,-54.49001177328888,0.0032503942493349314,59,0,-1,,0,0,2.6489999999999014,0,3.424100000000152,3.6901000000000295,2
844,4.9052154195011335,1,4096,0,1.0,-54.842491306877214,0.003378477180376649,53,0,-1,,0,0,3.4472000000000946,0,4.25029999999893,7.998599999998746,1
845,4.911020408163266,1,4096,0,1.0,-53.389453615957834,0.0030514332465827465,53,0,-1,,0,0,3.1663000000001773,0,4.00020000000012,12.08969999999887,0
846,4.916825396825397,1,4096,0,1.0,-50.911762562689724,0.0032415094319730997,64,0,-1,,0,0,3.188899999999606,0,4.762599999999395,5.024499999999321,2
847,4.922630385487528,1,4096,0,1.0,-48.347316462464214,0.003637374145910144,64,0,-1,,0,0,3.063899999999009,0,4.067599999999061,8.68179999999974,1
848,4.92843537414966,1,4096,0,1.0,-47.913553992646214,0.00403389148414135,64,0,-1,,0,0,2.5346000000006086,0,3.6045999999991807,12.199200000001298,0
849,4.934240362811791,1,4096,0,1.0,-48.46447087775189,0.004328011069446802,65,0,-1,,0,0,4.590000000000316,0,5.803300000001954,6.086299999999767,2
850,4.940045351473923,1,4096,0,1.0,-47.485688041228684,0.004814417567104101,65,0,-1,,0,0,2.4719999999991416,0,3.5850000000010596,9.694599999999554,1
851,4.9458503401360545,1,4096,0,1.0,-45.93737320402504,0.005729589611291885,65,0,-1,,0,0,2.2158999999994933,0,2.7157999999989357,12.456300000000198,0
852,4.951655328798186,1,4096,0,1.0,-46.92283154347406,0.006364170927554369,65,0,-1,,0,0,2.5012999999987073,0,3.353699999999904,3.5988000000006792,2
853,4.957460317460318,1,4096,0,1.0,-49.11238839473158,0.0066733951680362225,65,0,-1,,0,0,2.812099999999873,0,3.4437999999994418,7.240599999999375,1
854,4.963265306122449,1,4096,0,1.0,-49.98992652004081,0.007461621891707182,65,0,-1,,0,0,4.921400000000631,0,6.09839999999906,13.44399999999979,0
855,4.96907029478458,1,4096,0,1.0,-51.25274665142147,0.00815389584749937,65,0,-1,,0,0,2.2540000000006444,0,3.006700000000251,3.292599999999979,2
856,4.974875283446712,1,4096,0,1.0,-52.300053234329,0.00765965273603797,65,0,-1,,0,0,2.5564000000013465,0,3.105400000000813,6.4160999999991475,1
857,4.9806802721088435,1,4096,0,1.0,-53.549392951978696,0.00589612266048789,65,0,-1,,0,0,4.923500000000303,0,5.423099999999792,11.903399999999564,3
858,4.986485260770975,1,4096,0,1.0,-50.767095251551595,0.0065004522912204266,65,0,-1,,0,0,3.2133000000005296,0,3.991200000001527,7.04239999999956,2
859,4.992290249433107,1,4096,0,1.0,-51.41580595723997,0.007878116331994534,65,0,-1,,0,0,3.142700000001497,0,3.8512999999991138,10.93840000000057,1
860,4.998095238095238,1,4096,0,1.0,-50.182218989946264,0.006973625160753727,65,0,-1,,0,0,4.954200000000242,0,6.094500000001446,17.16030000000046,0
861,5.00390022675737,1,4096,0,1.0,-51.26480139139949,0.006656026467680931,65,0,-1,,0,0,2.5295999999990215,0,3.276899999999472,3.549200000000141,2
862,5.009705215419501,1,4096,0,1.0,-49.77906366745064,0.007323215249925852,65,0,-1,,0,0,2.1716999999998876,0,2.861199999999897,6.4077999999998525,1
863,5.015510204081632,1,4096,0,1.0,-50.408195034200446,0.007239608094096184,65,0,-1,,0,0,2.464899999999659,0,3.233699999999118,9.693999999999647,0
864,5.0213151927437645,1,4096,0,1.0,-53.533199064522904,0.00738935824483633,65,0,-1,,0,0,3.2975000000003973,0,4.3600000000001415,4.643099999999123,2
865,5.027120181405896,1,4096,0,1.0,-58.280048956811456,0.005735248327255249,65,0,-1,,0,0,2.448399999998685,0,3.1239000000002903,7.82629999999962,1
866,5.032925170068027,1,4096,0,1.0,-58.70187225950298,0.004063042346388102,65,0,-1,,0,0,6.12540000000017,0,7.017000000001161,14.935999999998728,0
867,5.038730158730159,1,4096,0,1.0,-53.73805428029959,0.0025108603294938803,65,0,-1,,0,0,2.8183000000012726,0,3.7634000000021928,3.9973999999993737,2
868,5.04453514739229,1,4096,0,1.0,-54.33203709438,0.00214239489287138,65,0,-1,,0,0,4.7496000000002425,0,6.472999999999729,10.591500000000309,1
869,5.050340136054421,1,4096,0,1.0,-54.65659941614922,0.0017905341228470206,65,0,-1,,0,0,2.4332999999998606,0,3.5858999999991426,14.283600000000618,3
870,5.056145124716553,1,4096,0,1.0,-46.17649019457707,0.0018966600764542818,65,0,-1,,0,0,2.595099999998851,0,3.2021000000010957,6.47909999999996,2
871,5.061950113378685,1,4096,0,1.0,-45.936669577057344,0.0023217161651700735,65,0,-1,,0,0,3.128199999999026,0,3.6780000000007362,10.193000000001007,1
872,5.067755102040817,1,4096,0,1.0,-45.324590432931956,0.0021415925584733486,65,0,-1,,0,0,3.7091000000000207,0,4.604299999998673,14.932599999999852,0
873,5.073560090702948,1,4096,0,1.0,-44.76632263660824,0.0029403960797935724,65,0,-1,,0,0,6.289300000000608,0,8.101600000001596,9.297499999998848,2
874,5.079365079365079,1,4096,0,1.0,-46.45912144231584,0.002654115902259946,64,0,-1,,0,0,3.612699999999691,0,4.640199999998984,13.986400000000287,1
875,5.085170068027211,1,4096,0,1.0,-47.15690872656161,0.0025640667881816626,64,0,-1,,0,0,4.141999999999868,0,5.486899999999295,19.619200000001058,3
876,5.090975056689342,1,4096,0,1.0,-52.12333457297629,0.002529373625293374,64,0,-1,,0,0,5.884,0,7.296900000000051,10.797399999999513,2
877,5.0967800453514736,1,4096,0,1.0,-51.02327950338204,0.0023085526190698147,64,0,-1,,0,0,3.4071000000004403,0,4.382800000000131,15.233499999999012,1
878,5.102585034013606,1,4096,0,1.0,-53.630172587703996,0.0022928579710423946,64,0,-1,,0,0,4.353399999999397,0,5.518100000001525,20.849800000000585,0
879,5.108390022675737,1,4096,0,1.0,-51.65688687692396,0.002442083088681102,64,0,-1,,0,0,2.5570999999988686,0,3.4948000000021295,3.701200000000071,2
880,5.114195011337869,1,4096,0,1.0,-49.60849547139448,0.0040012868121266365,64,0,-1,,0,0,2.515799999999402,0,3.0810999999992816,6.799900000000747,4
881,5.12,1,4096,0,1.0,-46.79401733051634,0.005302363075315952,64,0,-1,,0,0,2.5847000000016607,0,3.19640000000021,10.04279999999902,3
882,5.125804988662131,1,4096,0,1.0,-47.56816177312012,0.007026521489024162,64,0,-1,,0,0,2.4584000000000827,0,3.1567999999992935,8.739900000000134,2
883,5.131609977324263,1,4096,0,1.0,-41.32018987064371,0.009359271265566349,64,0,-1,,0,0,3.087000000000728,0,3.9039000000009594,12.706599999999568,1
884,5.137414965986395,1,4096,0,1.0,-39.70284628976804,0.010051264427602291,64,0,-1,,0,0,2.3375999999988295,0,2.8645999999987737,15.648200000001111,0
885,5.143219954648526,1,4096,0,1.0,-40.69389544125772,0.012080201879143715,64,0,-1,,0,0,2.479799999999699,0,3.4543999999989694,3.7085000000001145,2
886,5.149024943310658,1,4096,0,1.0,-35.14660725201182,0.01060226559638977,64,0,-1,,0,0,2.769999999999939,0,3.358099999998032,7.0566000000003015,1
887,5.154829931972789,1,4096,0,1.0,-37.75354637805523,0.01132524386048317,64,0,-1,,0,0,2.989600000001147,0,4.237699999999123,11.398899999999657,0
888,5.16063492063492,1,4096,0,1.0,-37.3912937708429,0.012483790516853333,64,0,-1,,0,0,3.104800000000907,0,4.404199999999747,5.45300000000104,2
889,5.166439909297052,1,4096,0,1.0,-41.08246750202257,0.010202297940850258,64,0,-1,,0,0,2.769900000000547,0,3.4562000000004645,8.401799999999682,1
890,5.1722448979591835,1,4096,0,1.0,-47.24678861672449,0.010404258966445923,64,0,-1,,0,0,2.4116999999996835,0,2.9002000000009076,11.234100000001135,0
891,5.178049886621316,1,4096,0,1.0,-44.65816811283641,0.011075894348323345,64,0,-1,,0,0,2.5543999999992906,0,4.195899999999142,4.505899999999841,2
892,5.183854875283447,1,4096,0,1.0,-45.434399887225524,0.009793397970497608,64,0,-1,,0,0,3.308600000000439,0,4.016600000001702,8.547899999999942,1
893,5.189659863945578,1,4096,0,1.0,-41.825600158862656,0.011198985390365124,64,0,-1,,0,0,2.539000000000513,0,3.0754999999995647,11.679900000000742,0
894,5.19546485260771,1,4096,0,1.0,-43.64854440333922,0.012073317542672157,64,0,-1,,0,0,6.4067999999988245,0,7.665899999999226,7.874699999998569,2
895,5.201269841269841,1,4096,0,1.0,-41.36153104716101,0.014049537479877472,64,0,-1,,0,0,4.576899999999995,0,5.793999999999855,13.793999999998974,1
896,5.2070748299319725,1,4096,0,1.0,-48.10507638140136,0.01339614950120449,64,0,-1,,0,0,4.015599999998898,0,5.113599999999607,19.057999999999353,3
897,5.2128798185941045,1,4096,0,1.0,-51.038349625669916,0.010124944150447845,64,0,-1,,0,0,4.485100000000131,0,8.482800000001234,10.185299999999842,2
898,5.218684807256236,1,4096,0,1.0,-59.16554413920545,0.007005052175372839,64,0,-1,,0,0,2.603000000000577,0,3.3666000000014407,13.602000000000558,1
899,5.224489795918367,1,4096,0,1.0,-56.60868247751145,0.006212254054844379,64,0,-1,,0,0,3.4586000000000894,0,4.3341999999988445,18.026900000000623,0
900,5.230294784580499,1,4096,0,1.0,-62.592082746464335,0.0044417050667107105,64,0,-1,,0,0,2.6814999999995592,0,3.6287000000001512,3.852699999999487,2
901,5.23609977324263,1,4096,0,1.0,-61.27663004948882,0.004817521665245295,64,0,-1,,0,0,2.057199999999426,0,2.7445000000003716,6.748299999999929,1
902,5.241904761904762,1,4096,0,1.0,-61.024794619017726,0.0032760309986770153,64,0,-1,,0,0,2.309499999999076,0,2.8845000000004006,9.69350000000091,0
903,5.2477097505668935,1,4096,0,1.0,-61.91804309130436,0.0019867904484272003,65,0,-1,,0,0,4.774899999999249,0,6.2163000000001745,6.418899999999894,2
904,5.253514739229025,1,4096,0,1.0,-59.31426582717912,0.0023168777115643024,64,0,-1,,0,0,4.751200000001177,0,5.9584000000008075,12.464000000001363,4
905,5.259319727891157,1,4096,0,1.0,-53.89834080413414,0.003076899331063032,64,0,-1,,0,0,5.240699999999876,0,6.520299999998258,18.7425999999995,3
906,5.265124716553288,1,4096,0,1.0,-49.459908113931306,0.004044805187731981,64,0,-1,,0,0,4.202199999999934,0,5.28759999999906,13.200199999999995,2
907,5.270929705215419,1,4096,0,1.0,-47.801237302833215,0.005535534583032131,66,0,-1,,0,0,5.653299999998751,0,6.898200000001964,20.167999999999964,1
908,5.276734693877551,1,4096,0,1.0,-43.47855848900245,0.006552218925207853,72,0,-1,,0,0,2.639500000000794,0,3.724999999999312,24.055999999999855,3
909,5.282539682539682,1,4096,0,1.0,-42.042665995677766,0.00811764132231474,72,0,-1,,0,0,2.465900000000687,0,3.209499999998755,4.671399999999437,2
910,5.288344671201814,1,4096,0,1.0,-42.44452690325523,0.008836605586111546,72,0,-1,,0,0,2.118499999999912,0,2.720000000001832,7.422399999999385,1
911,5.294149659863946,1,4096,0,1.0,-40.96961863890321,0.008861418813467026,72,0,-1,,0,0,2.22570000000033,0,2.715800000000712,10.19130000000068,0
912,5.299954648526077,1,4096,0,1.0,-40.63760145620215,0.00832840334624052,72,0,-1,,0,0,2.1623000000001724,0,2.9501999999990147,3.1303999999998666,2
913,5.305759637188209,1,4096,0,1.0,-41.333586780723486,0.009810348972678185,72,0,-1,,0,0,2.5405000000002786,0,3.080000000000638,6.23269999999998,1
914,5.31156462585034,1,4096,0,1.0,-40.89215908392271,0.010291574522852898,64,0,-1,,0,0,2.200900000000061,0,2.6638999999999413,8.965999999999141,0
915,5.317369614512471,1,4096,0,1.0,-40.3334733094413,0.011569400317966938,64,0,-1,,0,0,2.7808000000000277,0,4.515400000000724,4.800399999998817,2
916,5.3231746031746034,1,4096,0,1.0,-41.893867604825,0.01307010743767023,70,0,-1,,0,0,2.181399999999556,0,2.6730000000014797,7.441299999999984,1
917,5.328979591836735,1,4096,0,1.0,-47.40575714531288,0.012113132514059544,70,0,-1,,0,0,1.9909000000009058,0,2.4599000000016247,9.910599999999548,0
918,5.334784580498866,1,4096,0,1.0,-47.47142666925173,0.011746116913855076,70,0,-1,,0,0,4.09719999999858,0,6.886600000001408,7.063900000000345,2
919,5.340589569160998,1,4096,0,1.0,-50.12528994422121,0.011316917836666107,70,0,-1,,0,0,4.0074000000007715,0,4.957499999999726,11.57440000000065,1
920,5.346394557823129,1,4096,0,1.0,-55.14302903619505,0.009350092150270939,70,0,-1,,0,0,4.621699999999507,0,5.65839999999973,17.31700000000025,0
921,5.352199546485261,1,4096,0,1.0,-56.96122438953939,0.007917487062513828,70,0,-1,,0,0,2.307800000000526,0,3.0906999999995577,3.343599999999114,2
922,5.358004535147392,1,4096,0,1.0,-56.05361016728206,0.005432469304651022,64,0,-1,,0,0,3.061699999999945,0,3.803899999999416,7.119700000000506,1
923,5.363809523809524,1,4096,0,1.0,-56.451154170997064,0.006007165648043156,64,0,-1,,0,0,5.341999999998848,0,6.5048999999994805,13.76310000000025,0
924,5.369614512471656,1,4096,0,1.0,-54.01177662781066,0.0053426227532327175,64,0,-1,,0,0,2.666700000000688,0,3.926500000000388,4.243500000001177,2
925,5.375419501133787,1,4096,0,1.0,-51.7287184497226,0.005382893141359091,64,0,-1,,0,0,2.348300000001302,0,3.021300000002114,7.305500000001075,1
926,5.381224489795918,1,4096,0,1.0,-51.17200176581851,0.004654888529330492,64,0,-1,,0,0,3.618799999999922,0,4.290399999998584,11.66349999999916,3
927,5.38702947845805,1,4096,0,1.0,-53.49095180604222,0.003936560824513435,64,0,-1,,0,0,2.00599999999973,0,2.485600000001753,5.368800000001173,2
928,5.392834467120181,1,4096,0,1.0,-51.1266177128975,0.0036824482958763838,64,0,-1,,0,0,2.0822999999996483,0,2.54629999999878,7.909899999999581,1
929,5.3986394557823125,1,4096,0,1.0,-49.06404780241506,0.0036839705426245928,64,0,-1,,0,0,2.5844999999993234,0,3.015599999999452,10.947100000000987,0
930,5.404444444444445,1,4096,0,1.0,-53.1315843492941,0.0024882417637854815,64,0,-1,,0,0,3.6521999999994392,0,5.377400000000421,5.676499999999862,2
931,5.410249433106576,1,4096,0,1.0,-52.21476610499391,0.0025083955843001604,59,0,-1,,0,0,2.6303999999992556,0,3.4346000000002874,9.160899999999472,1
932,5.416054421768708,1,4096,0,1.0,-51.066078050601064,0.0027910659555345774,59,0,-1,,0,0,6.228600000000029,0,7.269799999999549,16.541500000000653,0
933,5.421859410430839,1,4096,0,1.0,-52.3579051974783,0.002393160481005907,59,0,-1,,0,0,2.897900000000675,0,3.989199999999471,4.190599999999378,2
934,5.42766439909297,1,4096,0,1.0,-52.18506653493863,0.002350250259041786,59,0,-1,,0,0,2.638199999999813,0,3.20599999999871,7.4038000000005155,1
935,5.433469387755102,1,4096,0,1.0,-48.279058592732724,0.002781580900773406,59,0,-1,,0,0,3.5419000000000977,0,4.446499999998466,11.932700000000906,0
936,5.4392743764172335,1,4096,0,1.0,-47.62588580962313,0.003430340439081192,59,0,-1,,0,0,2.4703000000005915,0,3.3055999999991315,3.4109000000004386,2
937,5.445079365079365,1,4096,0,1.0,-50.456493452158696,0.002770322374999523,59,0,-1,,0,0,3.2098999999998767,0,3.87379999999915,7.0432999999994195,1
938,5.450884353741497,1,4096,0,1.0,-43.7382778980638,0.004484640434384346,59,0,-1,,0,0,2.8164000000003853,0,4.315500000000583,11.562100000000797,3
939,5.456689342403628,1,4096,0,1.0,-51.56994580930919,0.0034928699024021626,59,0,-1,,0,0,2.343800000000229,0,2.8786000000007306,3.1753999999999394,2
940,5.462494331065759,1,4096,0,1.0,-47.65469606406461,0.003734248923137784,59,0,-1,,0,0,2.8034999999988486,0,3.3147000000024462,6.508100000001349,1
941,5.468299319727891,1,4096,0,1.0,-48.55239129161382,0.0035989817697554827,59,0,-1,,0,0,1.93129999999897,0,2.3175999999995867,8.852199999999755,0
942,5.4741043083900225,1,4096,0,1.0,-50.27624629240723,0.003704179311171174,59,0,-1,,0,0,2.3289999999995814,0,3.0181000000002456,3.222799999999637,2
943,5.479909297052155,1,4096,0,1.0,-49.43350492228015,0.0036554515827447176,59,0,-1,,0,0,4.531399999999408,0,5.252700000001553,8.502899999999869,1
944,5.485714285714286,1,4096,0,1.0,-48.97411200351682,0.003098787972703576,59,0,-1,,0,0,3.2864000000003557,0,4.187999999999192,12.792100000000417,0
945,5.491519274376417,1,4096,0,1.0,-51.74022764918007,0.003796608420088887,59,0,-1,,0,0,2.2094000000016933,0,2.947400000001821,3.1458000000004205,2
946,5.497324263038549,1,4096,0,1.0,-57.669336252123415,0.003787974128499627,59,0,-1,,0,0,3.0852000000010094,0,3.5810000000005004,6.7544999999995525,1
947,5.50312925170068,1,4096,0,1.0,-58.85615704853655,0.0030767121352255344,59,0,-1,,0,0,3.020099999998749,0,4.133499999998236,11.001700000001335,0
948,5.508934240362811,1,4096,0,1.0,-58.90007439020181,0.003186208428815007,59,0,-1,,0,0,4.902799999999985,0,6.440800000000024,6.732299999999469,2
949,5.5147392290249435,1,4096,0,1.0,-59.1319978180461,0.0028348786290735006,59,0,-1,,0,0,4.512899999999931,0,5.697500000000133,12.476100000000656,4
950,5.520544217687075,1,4096,0,1.0,-56.80399519350851,0.0031229506712406874,59,0,-1,,0,0,4.538999999999405,0,6.489199999998974,19.181399999999016,3
951,5.526349206349207,1,4096,0,1.0,-57.07805537304472,0.0024242084473371506,59,0,-1,,0,0,4.045000000001409,0,6.238399999999089,16.865700000000317,2
952,5.532154195011338,1,4096,0,1.0,-59.53009463476265,0.0032201490830630064,59,0,-1,,0,0,2.025899999999581,0,2.4881000000007703,19.347500000000295,4
953,5.537959183673469,1,4096,0,1.0,-58.99807409056372,0.003353822510689497,59,0,-1,,0,0,1.790900000001372,0,2.2146999999979045,21.577500000001137,3
954,5.543764172335601,1,4096,0,1.0,-59.41337945196361,0.003005734644830227,59,0,-1,,0,0,3.8573999999993447,0,4.342099999998794,7.2118000000003235,2
955,5.5495691609977325,1,4096,0,1.0,-60.448172801060466,0.0031423280015587807,59,0,-1,,0,0,2.9494999999997162,0,4.229399999998051,11.576900000001444,1
956,5.555374149659864,1,4096,0,1.0,-65.13841799843749,0.0031876142602413893,59,0,-1,,0,0,2.105699999999544,0,2.74099999999855,14.385600000000665,0
957,5.561179138321996,1,4096,0,1.0,-66.736182437861,0.002508038654923439,59,0,-1,,0,0,2.466500000000593,0,3.0340000000013134,3.2804000000012934,2
958,5.566984126984127,1,512,1,1.0,-68.66056074201876,0.02066420577466488,59,0,-1,,0,0,3.9485999999993027,0,4.939699999999547,8.372299999999555,1
959,5.572789115646258,1,512,0,1.0,-69.41694942799722,0.020853381603956223,59,0,-1,,0,0,2.206499999999778,0,2.6890999999995557,11.117500000001002,0
960,5.57859410430839,1,512,0,1.0,-70.76200029938595,0.020177245140075684,59,0,-1,,0,0,2.3333000000000936,0,3.7687999999995725,4.090099999999097,2
961,5.584399092970521,1,1024,0,1.0,-72.83795449737494,0.02034332975745201,59,0,-1,,0,0,2.3570999999993347,0,2.7858999999992307,6.827300000001202,1
962,5.5902040816326535,1,1024,0,1.0,-74.21385711303715,0.02053549885749817,59,0,-1,,0,0,2.4898000000010967,0,2.9976000000004888,9.86650000000111,0
963,5.596009070294785,1,2048,0,1.0,-67.40236935637265,0.019931504502892494,59,0,-1,,0,0,4.492299999999005,0,5.320699999998624,5.563300000000382,2
964,5.601814058956916,1,2048,0,1.0,-67.46519593326803,0.020462190732359886,59,0,-1,,0,0,2.308600000000993,0,3.020100000000525,8.602400000000898,1
965,5.607619047619048,1,2048,0,1.0,-64.61474407000016,0.020681681111454964,59,0,-1,,0,0,2.1221999999987418,0,2.5719000000012926,11.206800000000072,0
966,5.613424036281179,1,2048,0,1.0,-50.640073406417244,0.038467515259981155,59,0,-1,,0,0,4.110999999999976,0,4.917799999999417,5.088399999999993,2
967,5.61922902494331,1,4096,0,1.0,-48.56150517124115,0.005012448411434889,59,0,-1,,0,0,2.8268999999987443,0,3.995299999999702,9.19670000000039,1
968,5.625034013605442,1,4096,0,1.0,-45.56657688599636,0.007091255392879248,59,0,-1,,0,0,2.2266000000001895,0,2.6853999999989497,11.917600000000306,0
969,5.630839002267574,1,4096,0,1.0,-41.503455058711126,0.0074858516454696655,59,0,-1,,0,0,2.7164000000006183,0,3.565200000000601,3.793200000000496,2
970,5.636643990929705,1,4096,0,1.0,-43.89246301634283,0.006985853426158428,59,0,-1,,0,0,2.4289999999993483,0,3.3910999999999802,7.19270000000094,1
971,5.642448979591837,1,4096,0,1.0,-40.61690161785321,0.007834536023437977,59,0,-1,,0,0,2.3522000000006926,0,2.808299999999875,10.02130000000001,0
972,5.648253968253968,1,4096,0,1.0,-40.84449134894413,0.007495748810470104,59,0,-1,,0,0,2.3250000000007987,0,2.995300000000256,3.1852000000007763,2
973,5.6540589569161,1,4096,0,1.0,-42.963413213961,0.007386309094727039,64,0,-1,,0,0,3.1375000000011255,0,3.72010000000067,6.942299999998625,1
974,5.659863945578231,1,4096,0,1.0,-40.82414193968639,0.007906921207904816,65,0,-1,,0,0,2.973100000000173,0,3.5554999999991566,10.566000000000741,3
975,5.6656689342403626,1,4096,0,1.0,-39.19309961595923,0.008989616297185421,65,0,-1,,0,0,3.684699999999097,0,4.550799999998745,6.988099999999164,2
976,5.671473922902495,1,4096,0,1.0,-42.27307477766982,0.009215889498591423,69,0,-1,,0,0,2.2338000000008407,0,2.9476999999999975,9.992600000000351,1
977,5.677278911564626,1,4096,0,1.0,-43.10679327719554,0.009772351942956448,69,0,-1,,0,0,2.289699999998618,0,2.778199999999842,12.817000000000078,0
978,5.683083900226757,1,4096,0,1.0,-44.90939555873646,0.009880676865577698,69,0,-1,,0,0,2.547299999999808,0,3.8743999999990564,4.2466999999994925,2
979,5.688888888888889,1,4096,0,1.0,-52.76612385671184,0.007958599366247654,69,0,-1,,0,0,3.032300000000987,0,3.628100000000245,7.859699999999137,1
980,5.69469387755102,1,4096,0,1.0,-50.93858213323291,0.00769655779004097,69,0,-1,,0,0,2.0142000000014093,0,2.5793000000007282,10.474400000001438,0
981,5.7004988662131515,1,4096,0,1.0,-53.173987364071564,0.00641849497333169,69,0,-1,,0,0,3.253100000000231,0,4.148299999998883,4.323599999999317,2
982,5.706303854875284,1,4096,0,1.0,-55.32130557676456,0.005687487777322531,69,0,-1,,0,0,3.6165999999990817,0,4.777799999999388,9.171400000001384,1
983,5.712108843537415,1,4096,0,1.0,-54.15245146365734,0.004936835262924433,69,0,-1,,0,0,5.584999999999951,0,6.62520000000022,15.906700000000384,0
984,5.717913832199547,1,4096,0,1.0,-59.21285372042896,0.004430125001817942,65,0,-1,,0,0,3.733199999999215,0,4.7349000000007635,4.9320000000001585,2
985,5.723718820861678,1,4096,0,1.0,-56.106640858079146,0.004615103825926781,64,0,-1,,0,0,3.1546000000002294,0,3.930900000002069,8.925100000000796,1
986,5.729523809523809,1,4096,0,1.0,-58.422907296622085,0.003614984219893813,64,0,-1,,0,0,2.608900000000247,0,4.355200000000892,13.418700000000783,3
987,5.735328798185941,1,4096,0,1.0,-59.8624640187884,0.00322338636033237,64,0,-1,,0,0,2.513199999999216,0,3.090499999998997,6.601100000001026,2
988,5.7411337868480725,1,4096,0,1.0,-64.28080210472663,0.002773730084300041,64,0,-1,,0,0,2.431599999999534,0,2.9650999999990546,9.582899999999839,1
989,5.746938775510204,1,4096,0,1.0,-64.75445132126558,0.0028854680713266134,64,0,-1,,0,0,2.0807000000004905,0,2.542400000001166,12.168700000000143,0
990,5.752743764172336,1,4096,0,1.0,-65.36059213477888,0.0022104468662291765,64,0,-1,,0,0,2.638199999999813,0,3.4012000000007703,3.5465999999999553,2
991,5.758548752834467,1,4096,0,1.0,-65.02157494205295,0.0022536497563123703,64,0,-1,,0,0,3.293400000000446,0,3.9376999999980455,7.996999999999588,1
992,5.764353741496599,1,512,1,1.0,-67.3463520485961,0.027355773374438286,59,0,-1,,0,0,2.8106000000001075,0,4.648599999999448,12.7834,0
993,5.77015873015873,1,512,0,1.0,-69.08245375053357,0.023921385407447815,59,0,-1,,0,0,1.9863000000004405,0,2.5711999999984414,2.846500000000418,2
994,5.7759637188208615,1,512,0,1.0,-66.63047126774879,0.025605129078030586,59,0,-1,,0,0,2.0479999999984955,0,2.426200000000378,5.23530000000072,1
995,5.7817687074829935,1,1024,0,1.0,-61.81386225369969,0.028194492682814598,59,0,-1,,0,0,2.1442000000000405,0,2.694700000001049,7.978999999998848,0
996,5.787573696145125,1,1024,0,1.0,-62.866060465810875,0.02845112234354019,59,0,-1,,0,0,2.8994999999998328,0,5.168600000001078,5.516599999999983,2
997,5.793378684807256,1,2048,0,1.0,-60.30931637554701,0.02495938166975975,59,0,-1,,0,0,2.6162999999996828,0,3.327300000000477,8.809999999998652,1
998,5.799183673469388,1,2048,0,1.0,-58.409828813601706,0.026588045060634613,59,0,-1,,0,0,2.747299999999342,0,3.3399999999996766,12.176900000000046,0
999,5.804988662131519,1,2048,0,1.0,-60.706014208993864,0.025191085413098335,59,0,-1,,0,0,2.4533999999984957,0,3.140300000001872,3.2784999999986297,2
1000,5.81079365079365,1,2048,0,1.0,-61.01205057512216,0.025024008005857468,59,0,-1,,0,0,2.3834000000011457,0,2.9623999999977,6.268500000000898,1
1001,5.8165986394557825,1,4096,0,1.0,-64.3403539581978,0.002224209951236844,59,0,-1,,0,0,2.1295000000005615,0,2.543000000001072,9.049900000000832,0
1002,5.822403628117914,1,4096,0,1.0,-65.78345161825374,0.00215412606485188,59,0,-1,,0,0,2.1117000000003827,0,2.827299999999866,3.065600000001112,2
1003,5.828208616780046,1,4096,0,1.0,-75.58996780832797,0.002128591760993004,59,0,-1,,0,0,2.7111000000008545,0,3.2659000000023752,6.325699999999657,1
1004,5.834013605442177,1,4096,0,1.0,-75.03417245081604,0.0020131682977080345,59,0,-1,,0,0,4.120300000000299,0,5.032299999998102,11.436099999999172,0
1005,5.839818594104308,1,4096,0,0.994836505904309,-73.77601603593146,0.0020319626200944185,59,0,-1,,0,0,3.13769999999991,0,4.272900000000135,4.589799999999755,2
1006,5.84562358276644,1,4096,0,1.0,-82.25549070330189,0.002043902175500989,59,0,-1,,0,0,4.780199999999013,0,5.61039999999835,10.1893000000004,1
1007,5.851428571428571,1,4096,0,0.0,-81.04228932676929,0.002038092352449894,59,0,-1,,0,0,2.4504999999983568,0,3.4511000000012615,13.744100000000259,3
1008,5.857233560090703,1,4096,0,1.0,-83.09683623488029,0.0020103738643229008,59,0,-1,,0,0,2.324800000000238,0,2.8759999999987684,4.391000000000034,2
1009,5.863038548752835,1,4096,0,0.26406266351796953,-84.1949403762614,0.002043117769062519,59,0,-1,,0,0,4.790899999999709,0,6.176699999999258,10.643699999999257,1
1010,5.868843537414966,1,4096,0,0.2204505968510976,-86.96198884218441,0.002062153536826372,59,0,-1,,0,0,3.5607000000013045,0,6.534000000000262,17.361100000000462,0
1011,5.874648526077097,1,4096,0,0.0,-84.63581719209374,0.0021258012857288122,59,0,-1,,0,0,4.049799999998882,0,5.0506999999999636,5.304100000000034,2
1012,5.880453514739229,1,4096,0,0.698949917664373,-81.1665696695211,0.002167206257581711,59,0,-1,,0,0,3.964899999999716,0,5.290299999998638,10.813000000000628,1
1013,5.88625850340136,1,512,1,1.0,-69.28055309746038,0.019258400425314903,59,0,-1,,0,0,4.354199999999864,0,5.357099999999448,16.26010000000022,0
1014,5.8920634920634924,1,512,0,1.0,-72.69369183049447,0.021412482485175133,59,0,-1,,0,0,4.775499999999155,0,5.653900000000434,5.863899999999589,2
1015,5.897868480725624,1,512,0,1.0,-73.75158525639252,0.020295923575758934,59,0,-1,,0,0,2.3209000000008473,0,3.2417000000020124,9.123000000000658,1
1016,5.903673469387755,1,1024,0,1.0,-72.89819864685009,0.019816182553768158,59,0,-1,,0,0,3.2874999999989996,0,3.775899999999055,12.93040000000012,0
1017,5.909478458049887,1,1024,0,1.0,-70.76482568042591,0.019978879019618034,59,0,-1,,0,0,2.719000000000804,0,3.5887000000016656,3.9813000000012977,2
1018,5.915283446712018,1,2048,0,1.0,-72.3858275244105,0.02000189572572708,59,0,-1,,0,0,2.6748000000011984,0,3.6029000000006306,7.605199999998646,4
1019,5.921088435374149,1,2048,0,1.0,-74.59078491345225,0.019995467737317085,59,0,-1,,0,0,2.476399999999046,0,2.9646000000020933,10.551099999998925,3
1020,5.926893424036281,1,2048,0,1.0,-75.27861020471191,0.019823681563138962,59,0,-1,,0,0,2.980600000000777,0,3.657900000002101,9.31000000000104,2
1021,5.932698412698413,1,2048,0,1.0,-74.94347597885312,0.019970735535025597,59,0,-1,,0,0,3.097699999999648,0,4.636699999998939,14.024100000000317,1
1022,5.938503401360544,1,4096,0,1.0,-78.18975153393312,0.0026166567113250494,59,0,-1,,0,0,2.7389000000006547,0,3.6492999999993003,17.763900000000277,0
1023,5.944308390022676,1,4096,0,1.0,-77.41624991675386,0.0026296149007976055,59,0,-1,,0,0,2.0119999999987925,0,2.6290000000006586,2.800300000000533,2
1024,5.950113378684807,1,4096,0,1.0,-78.342364139377,0.002630286617204547,59,0,-1,,0,0,3.1137999999995003,0,3.64060000000066,6.463600000000014,1
1025,5.955918367346939,1,4096,0,1.0,-71.51578267638516,0.002615558449178934,59,0,-1,,0,0,4.134699999999825,0,5.62780000000096,12.280999999999764,0
1026,5.96172335600907,1,4096,0,1.0,-70.65891662460429,0.0026452334132045507,59,0,-1,,0,0,5.170400000000797,0,6.23659999999937,6.425000000000125,2
1027,5.9675283446712015,1,4096,0,1.0,-70.72954639864192,0.0026499037630856037,59,0,-1,,0,0,3.2356999999993974,0,4.311899999999369,10.83169999999889,1
1028,5.973333333333334,1,512,1,1.0,-69.17775834871273,0.022725727409124374,59,0,-1,,0,0,2.316500000000943,0,3.049900000000605,13.95869999999988,0
1029,5.979138321995465,1,512,0,1.0,-72.62722257649689,0.021274421364068985,59,0,-1,,0,0,3.197399999999462,0,6.373299999999915,6.55970000000039,2
1030,5.984943310657596,1,512,0,0.0,-74.06067080100418,0.020856637507677078,59,0,-1,,0,0,2.2900999999997396,0,2.9312000000008,8.914100000000147,1
1031,5.990748299319728,1,1024,0,0.0,-80.51345293050784,0.020898010581731796,59,0,-1,,0,0,2.481300000001241,0,2.891800000000444,11.776499999999857,0
1032,5.996553287981859,1,1024,0,0.0,-85.57028228154644,0.020199136808514595,59,0,-1,,0,0,6.497000000001307,0,8.10249999999968,8.324700000001073,2
1033,6.002358276643991,1,2048,0,0.0,-89.70386647042928,0.019563809037208557,59,0,-1,,0,0,2.543799999999763,0,3.4354000000007545,11.904700000000545,1
1034,6.0081632653061225,1,2048,0,0.0,-92.89074894588643,0.01966986060142517,59,0,-1,,0,0,2.1503000000002714,0,2.775099999999142,14.7396999999998,0
1035,6.013968253968254,1,2048,0,0.0,-94.16815088813847,0.01972087472677231,59,0,-1,,0,0,3.6027000000000697,0,4.589899999999147,4.795800000000128,2
1036,6.019773242630386,1,2048,0,0.0,-94.8841057031076,0.019872132688760757,59,0,-1,,0,0,2.353100000000552,0,4.03589999999987,9.099400000000202,1
1037,6.025578231292517,1,4096,0,0.0,-96.44826950478262,0.00259577133692801,59,0,-1,,0,0,2.1092000000013655,0,2.5556000000026557,11.70560000000087,0
1038,6.031383219954648,1,4096,0,0.0,-95.34560181526919,0.0026139540132135153,59,0,-1,,0,0,2.9538000000002285,0,3.8012999999992303,4.042800000000568,2
1039,6.03718820861678,1,4096,0,0.0,-95.1862583060634,0.0026113896165043116,59,0,-1,,0,0,2.6762999999991877,0,3.257200000000182,7.32590000000144,1
1040,6.0429931972789115,1,4096,0,0.0,-90.18730415194395,0.0026040077209472656,59,0,-1,,0,0,2.7242000000011757,0,3.389799999998999,10.807299999999742,0
1041,6.048798185941043,1,4096,0,1.0,-79.47459559268441,0.0025995569303631783,59,0,-1,,0,0,2.944899999999251,0,3.6290000000001044,3.8528000000006557,2
1042,6.054603174603175,1,4096,0,1.0,-79.66489431359606,0.0026371818967163563,59,0,-1,,0,0,3.664399999999901,0,4.415800000000303,8.338399999999524,1
1043,6.060408163265306,1,4096,0,1.0,-73.70498578846433,0.002650272799655795,59,0,-1,,0,0,4.114200000000068,0,5.350200000000527,13.769200000000481,3
1044,6.066213151927438,1,512,1,1.0,-68.77951662470913,0.02091239020228386,59,0,-1,,0,0,3.025900000000803,0,4.5082999999994655,8.00809999999963,2
1045,6.072018140589569,1,512,0,1.0,-63.41132358565301,0.024350188672542572,59,0,-1,,0,0,2.469100000000779,0,2.9424000000002337,10.959299999999672,1
1046,6.0778231292517,1,512,0,1.0,-55.64474090224711,0.05042010545730591,59,0,-1,,0,0,2.30130000000095,0,2.8026000000007656,13.796100000000422,0
1047,6.0836281179138325,1,1024,0,1.0,-44.59285683082634,0.40204763412475586,59,0,-1,,0,0,3.2005000000001615,0,4.623900000000347,5.064400000000191,2
1048,6.089433106575964,1,1024,0,1.0,-40.68823781361274,0.6299808025360107,59,1,59,,0,0,2.926599999998558,0,3.6791000000011564,8.687999999999363,1
1049,6.095238095238095,1,2048,0,1.0,-41.80361411186273,0.15195931494235992,59,1,59,,0,0,2.9684000000003152,0,3.523899999999358,12.214499999998907,0
1050,6.101043083900227,1,2048,0,1.0,-41.868727623799955,0.20354415476322174,59,1,59,,0,0,3.376100000000548,0,4.1522999999994425,4.3949999999988165,2
1051,6.106848072562358,1,2048,0,1.0,-37.83329261351596,0.23944589495658875,59,1,59,,0,0,2.804099999998755,0,3.4037999999991797,7.8059000000010315,1
1052,6.112653061224489,1,2048,0,1.0,-41.03644499070804,0.277371883392334,59,1,59,,0,0,2.206400000000386,0,2.6356999999990194,10.4684000000006,0
1053,6.1184580498866215,1,4096,0,1.0,-37.637936365690294,0.01364169642329216,59,1,59,,0,0,2.3663000000002654,0,3.0033000000013743,3.2028999999997865,2
1054,6.124263038548753,1,4096,0,1.0,-40.72116504670361,0.013906622305512428,59,0,-1,,0,0,2.4742999999993742,0,2.9943999999986204,6.22259999999919,1
1055,6.130068027210885,1,4096,0,1.0,-47.594540483811585,0.013975337147712708,64,0,-1,,0,0,3.95050000000019,0,4.695800000002137,11.007400000000445,3
1056,6.135873015873016,1,4096,0,1.0,-42.31191740152859,0.013583561405539513,64,0,-1,,0,0,2.5519999999996656,0,3.623000000001042,4.846399999999917,2
1057,6.141678004535147,1,4096,0,1.0,-49.04685198692846,0.011030937545001507,64,0,-1,,0,0,2.2305999999989723,0,2.7781000000004497,7.61249999999869,1
1058,6.147482993197279,1,4096,0,1.0,-38.781954669794786,0.014429301023483276,64,0,-1,,0,0,2.5295000000014056,0,2.952399999999855,10.590900000000403,0
1059,6.15328798185941,1,4096,0,1.0,-45.54318466774664,0.01159538421779871,64,0,-1,,0,0,2.93989999999944,0,3.9002999999997456,4.127300000000389,2
1060,6.159092970521542,1,4096,0,1.0,-39.17648059722586,0.015395366586744785,64,0,-1,,0,0,3.0976000000002557,0,3.8197999999987076,7.991699999999824,1
1061,6.164897959183674,1,4096,0,1.0,-44.50205145465297,0.015807021409273148,64,0,-1,,0,0,4.285800000001672,0,5.444299999998847,13.573100000000338,0
1062,6.170702947845805,1,4096,0,1.0,-46.17212105272621,0.01733541116118431,64,0,-1,,0,0,3.1420000000004222,0,4.001599999998717,4.173299999999713,2
1063,6.176507936507937,1,4096,0,1.0,-45.63566621921596,0.01671648770570755,64,0,-1,,0,0,2.7564000000008804,0,3.350200000001635,7.561500000001331,1
1064,6.182312925170068,1,4096,0,1.0,-46.436427721068306,0.012497522868216038,64,0,-1,,0,0,3.218799999999078,0,5.365000000001174,13.048799999999972,0
1065,6.188117913832199,1,4096,0,1.0,-45.03777176516543,0.009816289879381657,65,0,-1,,0,0,6.926699999999286,0,8.512700000000706,8.831900000000559,5
1066,6.193922902494331,1,4096,0,1.0,-43.710016269316476,,-1,0,-1,,0,0,,1,1.1062000000006122,10.048499999999905,4
1067,6.199727891156463,1,4096,0,1.0,-46.16544978615619,0.010898537933826447,65,0,-1,,0,0,2.8724999999987233,0,3.310799999999503,13.40129999999995,3
1068,6.205532879818594,1,4096,0,1.0,-40.51084974947781,0.007162449881434441,65,0,-1,,0,0,2.4952000000002528,0,3.0572000000006483,8.094100000000992,2
1069,6.211337868480726,1,4096,0,1.0,-46.00023498035157,0.007897907868027687,65,0,-1,,0,0,4.321400000000253,0,4.951499999998887,13.006100000000131,1
1070,6.217142857142857,1,4096,0,1.0,-48.265362719861415,0.007248520385473967,65,0,-1,,0,0,3.634299999999868,0,4.797299999999893,17.88140000000027,0
1071,6.222947845804988,1,4096,0,1.0,-49.41340909310023,0.005557796452194452,65,0,-1,,0,0,2.2485000000003197,0,2.8735999999991435,3.01829999999903,2
1072,6.22875283446712,1,4096,0,1.0,-49.03539882709816,0.004698844626545906,65,0,-1,,0,0,3.053900000001164,0,3.7159000000013265,6.775700000000384,1
1073,6.2345578231292516,1,4096,0,1.0,-52.37787706456474,0.004954004660248756,65,0,-1,,0,0,4.520199999999974,0,5.206599999999284,12.049199999999871,0
1074,6.240362811791384,1,4096,0,1.0,-51.64321973221974,0.003471986623480916,65,0,-1,,0,0,2.211499999999589,0,2.8246999999996802,3.0165000000010878,2
1075,6.246167800453515,1,4096,0,1.0,-51.192140199368346,0.003328056540340185,65,0,-1,,0,0,5.067600000000283,0,5.717799999997553,8.77250000000096,1
1076,6.251972789115646,1,4096,0,1.0,-60.264923799981375,0.002556468127295375,66,0,-1,,0,0,2.249199999999618,0,2.993399999999369,11.883999999998451,0
1077,6.257777777777778,1,4096,0,1.0,-54.30971927069292,0.002416246337816119,66,0,-1,,0,0,3.598400000001334,0,4.720400000000069,4.913000000000167,2
1078,6.263582766439909,1,4096,0,1.0,-53.429307221419144,0.002124213147908449,66,0,-1,,0,0,2.385900000000163,0,3.3417000000017794,8.432799999999574,1
1079,6.2693877551020405,1,4096,0,1.0,-55.894119946175245,0.0016130134463310242,66,0,-1,,0,0,2.515099999998327,0,3.004899999998756,11.49470000000008,0
1080,6.275192743764173,1,4096,0,1.0,-60.46964920634278,0.001620265655219555,66,0,-1,,0,0,2.673900000001339,0,3.297600000001566,3.4541999999984085,2
1081,6.280997732426304,1,4096,0,1.0,-60.54087461666072,0.0015297323698177934,66,0,-1,,0,0,4.850799999999822,0,5.773700000000659,9.284199999999743,1
1082,6.286802721088435,1,4096,0,1.0,-60.79736444468374,0.0013630216708406806,66,0,-1,,0,0,4.409100000000166,0,5.388600000001631,14.832600000000085,0
1083,6.292607709750567,1,4096,0,1.0,-66.36685793911654,0.00110195844899863,66,0,-1,,0,0,2.194199999999924,0,2.8693000000004076,3.076899999999938,2
1084,6.298412698412698,1,4096,0,1.0,-64.33049310321711,0.0014644740149378777,66,0,-1,,0,0,5.667900000000614,0,6.294399999999811,9.414599999999496,1
1085,6.30421768707483,1,512,1,1.0,-67.38727981762497,0.023561814799904823,59,0,-1,,0,0,2.5778000000009627,0,3.580100000000641,13.121500000000452,0
1086,6.3100226757369615,1,512,0,1.0,-76.81874807138857,0.020647963508963585,59,0,-1,,0,0,3.2809999999994233,0,4.319599999998758,4.57729999999934,2
1087,6.315827664399093,1,512,0,1.0,-68.81076288326304,,-1,0,-1,,0,0,,1,1.523299999998784,6.138700000001052,4
1088,6.321632653061225,1,1024,0,1.0,-73.9443254795888,0.02031049318611622,59,0,-1,,0,0,3.6909000000004966,0,4.352700000000098,10.528400000000104,3
1089,6.327437641723356,1,1024,0,0.8249443022150176,-74.24691760062494,0.020236466079950333,59,0,-1,,0,0,3.5877000000006376,0,4.361100000000562,9.831799999998836,2
1090,6.333242630385487,1,2048,0,1.0,-78.20226640757137,0.019069738686084747,59,0,-1,,0,0,3.3352000000004267,0,4.7266000000014685,14.331299999998492,1
1091,6.339047619047619,1,2048,0,1.0,-81.32870349863622,0.019116390496492386,59,0,-1,,0,0,2.2596000000003613,0,2.8473000000008852,17.189500000000635,0
1092,6.3448526077097505,1,2048,0,0.0,-81.14595055174873,0.019452914595603943,59,0,-1,,0,0,2.3271000000004705,0,3.001999999998617,3.1408000000006098,2
1093,6.350657596371882,1,2048,0,0.6017579565322647,-81.56682029133982,0.019743165001273155,59,0,-1,,0,0,3.458799999998874,0,3.990299999999891,7.162100000000393,1
1094,6.356462585034014,1,4096,0,0.8717338054987017,-83.25104663432869,0.002386062638834119,59,0,-1,,0,0,3.5922999999993266,0,4.973400000000794,12.252500000000666,0
1095,6.362267573696145,1,4096,0,0.0,-85.25710197293242,0.0024555916897952557,59,0,-1,,0,0,3.280399999999517,0,4.040299999999775,4.205100000000073,2
1096,6.368072562358277,1,4096,0,0.0,-86.03909239392017,0.002563562011346221,59,0,-1,,0,0,3.350599999999204,0,4.105300000000867,8.380499999999458,1
1097,6.373877551020408,1,4096,0,0.9546064383395053,-85.82244943256538,0.0025107793044298887,59,0,-1,,0,0,2.0476999999985424,0,2.4594000000011107,10.885199999998818,0
1098,6.379682539682539,1,4096,0,0.0,-84.78538323862196,0.0025955825112760067,59,0,-1,,0,0,4.1514999999989755,0,5.954399999998472,6.17030000000085,2
1099,6.3854875283446715,1,4096,0,1.0,-85.08050875895375,0.0026278472505509853,59,0,-1,,0,0,3.5807000000005473,0,4.288999999999987,9.942299999998738,1
1100,6.391292517006803,1,4096,0,0.0,-88.89799478193659,0.002632665680721402,59,0,-1,,0,0,3.5413999999995838,0,4.337999999998843,14.309100000000186,0
1101,6.397097505668934,1,4096,0,0.0,-89.63069572932696,0.002604026347398758,59,0,-1,,0,0,5.070500000000422,0,6.7061999999999955,7.0096999999993415,2
1102,6.402902494331066,1,4096,0,0.0,-93.04724033629803,0.002632373943924904,59,0,-1,,0,0,4.8418000000012285,0,5.674000000000845,12.689699999999249,1
1103,6.408707482993197,1,4096,0,0.0,-94.5562685869605,0.002636865945532918,59,0,-1,,0,0,2.875500000000031,0,3.657900000000325,16.417800000001037,3
1104,6.414512471655329,1,4096,0,0.0,-95.1862583060634,0.002639205427840352,59,0,-1,,0,0,4.7133000000005865,0,5.80119999999873,7.3480999999997465,2
1105,6.42031746031746,1,4096,0,0.0,-93.62590854555907,0.0026276707649230957,59,0,-1,,0,0,2.98400000000143,0,4.330799999999968,11.863799999998648,1
1106,6.426122448979592,1,4096,0,0.0,-94.60161434327354,0.0026308009400963783,59,0,-1,,0,0,2.006400000000852,0,2.4495000000008815,14.343000000000217,0
1107,6.431927437641724,1,4096,0,0.0,-94.60161434327354,0.0026351031847298145,59,0,-1,,0,0,3.4559000000005113,0,5.167499999998881,5.3611000000000075,2
1108,6.437732426303855,1,4096,0,0.0,-93.66247326824933,0.0026342435739934444,59,0,-1,,0,0,3.0932999999997435,0,4.0698999999992935,8.972499999998718,1
1109,6.443537414965986,1,4096,0,0.0,-88.4224062203451,0.002638845471665263,59,0,-1,,0,0,3.170700000000082,0,4.724399999998852,13.765499999999875,3
1110,6.449342403628118,1,4096,0,1.0,-83.87495438153485,0.0026337539311498404,59,0,-1,,0,0,2.2345999999995314,0,3.140699999997665,3.6103999999994585,2
1111,6.455147392290249,1,4096,0,1.0,-77.6747881275829,0.0026337136514484882,59,0,-1,,0,0,4.191899999998583,0,4.861000000001781,8.51820000000103,1
1112,6.460952380952381,1,4096,0,1.0,-73.60709304828634,0.002641055267304182,59,0,-1,,0,0,5.854600000001042,0,8.124000000000464,16.803399999998803,3
1113,6.466757369614513,1,512,1,1.0,-69.4514848201072,0.02046240121126175,59,0,-1,,0,0,2.356600000000597,0,3.10990000000011,10.661600000000604,2
1114,6.472562358276644,1,512,0,1.0,-65.96803520142268,0.02015436813235283,59,0,-1,,0,0,2.3350999999998123,0,2.9447999999980823,13.631099999999563,1
1115,6.478367346938776,1,512,0,1.0,-65.59016663225894,0.020283252000808716,59,0,-1,,0,0,2.6465000000008843,0,3.0880999999975955,16.451200000000554,0
1116,6.484172335600907,1,1024,0,1.0,-64.97209838751772,0.02009345032274723,59,0,-1,,0,0,2.7919999999994616,0,4.193500000001293,4.47310000000023,2
1117,6.489977324263038,1,1024,0,1.0,-69.24668125586821,0.020442549139261246,59,0,-1,,0,0,2.4698000000000775,0,3.096899999999181,7.577299999999454,1
1118,6.49578231292517,1,2048,0,1.0,-72.97148710983377,0.020084906369447708,59,0,-1,,0,0,2.933399999999864,0,3.5056000000004417,11.13989999999987,0
1119,6.501587301587302,1,2048,0,1.0,-68.60600617575041,0.01990833319723606,59,0,-1,,0,0,2.4438999999993882,0,3.636099999999587,3.7853000000005466,2
1120,6.507392290249433,1,2048,0,1.0,-65.55806232303291,0.020049648359417915,59,0,-1,,0,0,2.463799999999239,0,2.930700000000286,6.301200000001117,1
1121,6.513197278911565,1,2048,0,1.0,-64.50758043861067,0.02014767937362194,59,0,-1,,0,0,2.1602000000005006,0,2.5482000000014438,8.827800000000607,0
1122,6.519002267573696,1,4096,0,1.0,-63.321054005458414,0.0026351308915764093,59,0,-1,,0,0,2.5893000000003497,0,3.453900000000232,3.7108999999997394,2
1123,6.524807256235827,1,4096,0,1.0,-63.98437536311831,0.002644116757437587,59,0,-1,,0,0,2.4849000000006782,0,3.118799999999311,6.806799999999669,1
1124,6.530612244897959,1,4096,0,1.0,-62.65160683806813,0.0026597250252962112,59,0,-1,,0,0,3.9215000000005773,0,4.378999999998356,11.203699999999372,3
1125,6.5364172335600905,1,4096,0,1.0,-62.61469821446836,0.002646133303642273,59,0,-1,,0,0,5.0594999999997725,0,5.960399999999311,6.882900000000802,2
1126,6.542222222222223,1,4096,0,1.0,-62.51240611599263,0.0026403418742120266,59,0,-1,,0,0,2.9596999999998985,0,3.7927999999993744,10.657399999999484,1
1127,6.548027210884354,1,4096,0,1.0,-64.66773704688579,0.002644813386723399,59,0,-1,,0,0,3.8479000000002372,0,4.57339999999995,15.292900000000387,0
1128,6.553832199546485,1,4096,0,1.0,-64.5246985922695,0.0026418594643473625,59,0,-1,,0,0,2.3106000000012727,0,3.217600000001042,3.5493999999989256,2
1129,6.559637188208617,1,4096,0,1.0,-66.40867205104207,0.0026243103202432394,59,0,-1,,0,0,3.54089999999907,0,4.10899999999792,7.660800000000023,1
1130,6.565442176870748,1,512,1,1.0,-67.50361735699181,0.020907049998641014,59,0,-1,,0,0,3.510799999999037,0,4.56329999999916,12.35720000000029,0
1131,6.5712471655328795,1,512,0,1.0,-66.78866101440295,0.020622024312615395,59,0,-1,,0,0,2.8618999999991956,0,3.5825999999996583,3.8213999999996418,2
1132,6.5770521541950115,1,512,0,1.0,-69.14039612151458,0.02013094536960125,59,0,-1,,0,0,3.116699999999639,0,4.070999999999714,7.983199999999968,1
1133,6.582857142857143,1,1024,0,1.0,-68.40816967675414,0.020046913996338844,59,0,-1,,0,0,5.477900000000702,0,6.2899000000005145,14.3803000000009,0
1134,6.588662131519274,1,1024,0,1.0,-69.52719631099492,0.020251402631402016,59,0,-1,,0,0,5.503899999999007,0,7.039199999999468,7.194099999999537,2
1135,6.594467120181406,1,2048,0,1.0,-68.97582120870231,0.01987817883491516,59,0,-1,,0,0,2.7688000000001267,0,3.614200000001233,10.401199999998667,4
1136,6.600272108843537,1,2048,0,1.0,-65.64528879769904,0.020062707364559174,59,0,-1,,0,0,4.017600000000954,0,4.66890000000042,15.032399999999058,3
1137,6.606077097505669,1,2048,0,1.0,-68.46183216005622,0.019900696352124214,59,0,-1,,0,0,3.871900000000039,0,4.69949999999919,12.249199999999405,2
1138,6.6118820861678005,1,2048,0,1.0,-65.25133903631246,0.02067459002137184,59,0,-1,,0,0,4.393500000000827,0,5.798699999999712,18.244700000000336,1
1139,6.617687074829932,1,4096,0,1.0,-64.01373704907611,0.002768418285995722,59,0,-1,,0,0,3.917400000000626,0,4.71639999999951,23.070099999999982,3
1140,6.623492063492064,1,4096,0,1.0,-66.99407133001975,0.002649287460371852,59,0,-1,,0,0,7.310300000000325,0,8.180099999998802,11.895900000000736,2
1141,6.629297052154195,1,4096,0,1.0,-70.7366542454061,0.0026030915323644876,59,0,-1,,0,0,4.7864000000004125,0,6.8272999999994255,18.85489999999912,1
1142,6.635102040816326,1,4096,0,1.0,-75.78246593629201,0.002604166278615594,59,0,-1,,0,0,4.013000000000488,0,5.212499999998954,24.188999999999794,3
1143,6.640907029478458,1,4096,0,0.806139627765443,-79.0737043684961,0.002563066780567169,59,0,-1,,0,0,4.128299999999641,0,5.3187000000001206,7.184899999998606,2
1144,6.646712018140589,1,4096,0,1.0,-80.65074642266444,0.0025619163643568754,59,0,-1,,0,0,3.0879999999999797,0,3.77239999999901,10.883500000000268,1
1145,6.6525170068027215,1,4096,0,0.1270729903652705,-82.38487692584258,0.0025566297117620707,59,0,-1,,0,0,2.2716999999996546,0,2.97390000000064,13.937399999999656,0
1146,6.658321995464853,1,4096,0,0.699656852240272,-83.98428785629153,0.0025885531213134527,59,0,-1,,0,0,2.951799999999949,0,3.6023000000007244,3.8442000000014076,2
1147,6.664126984126984,1,4096,0,0.0,-86.36862324846675,0.002578335115686059,59,0,-1,,0,0,2.8962000000003485,0,4.06290000000098,8.02999999999976,1
1148,6.669931972789116,1,4096,0,0.0,-88.52243371303831,0.0025714149232953787,59,0,-1,,0,0,2.93989999999944,0,3.53130000000057,11.65480000000052,0
1149,6.675736961451247,1,4096,0,0.0,-90.40722577049155,0.002575467573478818,59,0,-1,,0,0,2.509399999999218,0,3.256800000000837,3.482200000000546,2
1150,6.681541950113378,1,4096,0,0.0,-90.63888076634471,0.0025898143649101257,59,0,-1,,0,0,3.9474999999988825,0,4.647900000000149,8.164600000000632,1
1151,6.6873469387755105,1,4096,0,0.0,-90.6206157954671,0.0025629098527133465,59,0,-1,,0,0,2.521900000001409,0,3.1677000000005506,11.420599999999226,0
1152,6.693151927437642,1,4096,0,0.0,-91.90492640292644,0.002504612784832716,59,0,-1,,0,0,2.541900000000652,0,3.3332999999995394,3.4965000000006796,2
1153,6.698956916099773,1,4096,0,0.0,-92.15709113668966,0.002605074318125844,59,0,-1,,0,0,3.1095000000007644,0,3.71900000000025,7.227999999999568,1
1154,6.704761904761905,1,4096,0,0.0,-91.7841301922698,0.0025880681350827217,59,0,-1,,0,0,3.4276999999995894,0,4.713499999999371,12.077299999999624,0
1155,6.710566893424036,1,4096,0,0.0,-92.07989257680894,0.0026365499943494797,59,0,-1,,0,0,2.9669000000005497,0,3.880399999999895,4.076300000001254,2
1156,6.716371882086168,1,4096,0,0.0,-92.89074894588643,0.0026176227256655693,59,0,-1,,0,0,2.1884999999990384,0,2.7823000000015696,6.885099999999866,1
1157,6.722176870748299,1,4096,0,0.0,-91.90492640292644,0.00263898610137403,59,0,-1,,0,0,2.2771999999999792,0,2.8340999999993954,9.764899999998633,0
1158,6.727981859410431,1,4096,0,0.0,-94.25145145011584,0.002632143907248974,59,0,-1,,0,0,3.317100000000295,0,5.045100000000247,5.339400000000438,2
1159,6.733786848072563,1,4096,0,0.0,-92.59373024143176,0.002631473820656538,59,0,-1,,0,0,2.2739999999998872,0,2.988399999999558,8.307900000000146,1
1160,6.739591836734694,1,4096,0,0.0,-94.33638106943889,0.002633042633533478,59,0,-1,,0,0,2.1190999999998184,0,2.5069000000002006,10.835500000000664,3
1161,6.745396825396825,1,4096,0,0.0,-94.8841057031076,0.00263578025624156,59,0,-1,,0,0,1.9001999999996855,0,2.2426999999982655,3.736999999999213,2
1162,6.751201814058957,1,4096,0,0.0,-95.4551743635379,0.002633051248267293,59,0,-1,,0,0,2.4836000000014735,0,3.106599999998849,6.86370000000025,1
1163,6.757006802721088,1,4096,0,0.0,-95.9233973547883,0.002632670570164919,59,0,-1,,0,0,3.057199999998872,0,4.1256000000000626,11.130599999999546,0
1164,6.7628117913832195,1,4096,0,0.0,-95.86203353190663,0.0026343590579926968,59,0,-1,,0,0,2.786999999999651,0,3.5108000000008133,3.71310000000058,2
1165,6.768616780045352,1,4096,0,0.0,-95.80152468536258,0.002634389093145728,59,0,-1,,0,0,3.1279000000008494,0,4.716099999999557,9.24009999999953,1
1166,6.774421768707483,1,4096,0,0.0,-95.68297888648334,0.0026359769981354475,59,0,-1,,0,0,2.9751000000004524,0,3.5527999999995785,12.866899999998793,0
1167,6.780226757369615,1,4096,0,0.0,-95.51101507673651,0.002634241245687008,59,0,-1,,0,0,5.520200000001196,0,6.893400000000938,7.227200000000877,2
1168,6.786031746031746,1,4096,0,0.0,-96.243937670594,0.00263378769159317,59,0,-1,,0,0,2.5079999999988445,0,3.4205000000007146,10.664300000000182,1
1169,6.791836734693877,1,4096,0,0.0,-94.74056355997843,0.002635015407577157,59,0,-1,,0,0,2.2818000000004446,0,2.8345999999999094,13.52059999999966,0
1170,6.797641723356009,1,4096,0,0.0,-95.40004253398527,0.002634952776134014,59,0,-1,,0,0,3.6788999999988192,0,5.662299999999121,6.1283000000003085,2
1171,6.8034467120181406,1,4096,0,0.0,-96.81175663155918,0.002632059855386615,59,0,-1,,0,0,2.0802999999993688,0,2.790700000000257,8.912600000000381,1
1172,6.809251700680272,1,4096,0,0.0,-95.29183509470138,0.00263411202467978,59,0,-1,,0,0,2.2631999999997987,0,2.8599000000006924,11.77479999999953,0
1173,6.815056689342404,1,4096,0,0.0,-93.9274270879319,0.0026367856189608574,59,0,-1,,0,0,4.070600000000368,0,4.75540000000052,5.070899999999767,2
1174,6.820861678004535,1,4096,0,0.0,-90.98150957367534,0.0026367329992353916,59,0,-1,,0,0,4.139000000000337,0,6.248699999998664,11.450799999998651,1
1175,6.826666666666667,1,4096,0,0.9029561492620404,-81.17691605521213,0.0026368999388068914,59,0,-1,,0,0,2.6928000000001617,0,3.5553999999997643,15.123799999999576,0
1176,6.832471655328798,1,4096,0,1.0,-75.00456285957006,0.002633389551192522,59,0,-1,,0,0,2.8692000000010154,0,3.684699999999097,4.044099999999773,2
1177,6.8382766439909295,1,512,1,1.0,-68.8409045305714,0.02028738707304001,59,0,-1,,0,0,2.7034999999990816,0,3.361700000001022,7.465699999999131,1
1178,6.844081632653062,1,512,0,1.0,-66.43730675393344,0.0200648196041584,59,0,-1,,0,0,4.965800000000797,0,6.039300000001191,13.620099999998914,0
1179,6.849886621315193,1,512,0,1.0,-63.41056122337906,0.02070150151848793,59,0,-1,,0,0,2.3064000000001528,0,2.957699999999619,3.1951000000010055,2
1180,6.855691609977324,1,1024,0,1.0,-64.17246826218498,0.020250706002116203,59,0,-1,,0,0,3.8652999999992943,0,4.586899999999616,7.838599999999474,1
1181,6.861496598639456,1,1024,0,1.0,-63.68310703528109,0.020429862663149834,59,0,-1,,0,0,3.6585999999996233,0,4.566999999999766,12.536199999999553,3
1182,6.867301587301587,1,2048,0,1.0,-63.026086399471126,0.02006678469479084,59,0,-1,,0,0,3.372900000000456,0,4.99849999999924,7.651399999998532,2
1183,6.873106575963718,1,2048,0,1.0,-63.653032157467266,0.02027895115315914,59,0,-1,,0,0,2.3417999999999495,0,2.8193999999999164,10.482800000000125,1
1184,6.8789115646258505,1,2048,0,1.0,-62.96177294439535,0.02017424814403057,59,0,-1,,0,0,3.025199999999728,0,3.6106999999994116,14.127699999999521,0
1185,6.884716553287982,1,2048,0,1.0,-57.60331772902133,0.02089930698275566,59,0,-1,,0,0,3.6952999999986247,0,5.935300000002641,6.158300000000949,2
1186,6.890521541950114,1,4096,0,1.0,-57.377443287911014,0.00274821650236845,59,0,-1,,0,0,2.77079999999863,0,3.360800000001163,9.513099999999497,1
1187,6.896326530612245,1,4096,0,1.0,-57.73476050178418,0.0027938494458794594,59,0,-1,,0,0,1.990499999999784,0,2.524899999999164,10.877799999999382,0
1188,6.902131519274376,1,4096,0,1.0,-54.58127492699623,0.002882404951378703,59,0,-1,,0,0,2.1996000000008564,0,2.894200000000069,3.0895999999991375,2
1189,6.907936507936508,1,4096,0,1.0,-59.21314369974944,0.0026726629585027695,59,0,-1,,0,0,3.278500000000406,0,3.8399999999985113,6.9774000000002445,1
1190,6.9137414965986395,1,4096,0,1.0,-55.89018700149184,0.0028218748047947884,59,0,-1,,0,0,2.7828999999996995,0,3.361799999998638,10.416199999999876,0
1191,6.919546485260771,1,4096,0,1.0,-57.13646964333333,0.002686105901375413,59,0,-1,,0,0,3.566099999998684,0,5.174499999998972,5.392300000000461,2
1192,6.925351473922903,1,4096,0,1.0,-59.337656086683594,0.002759554423391819,59,0,-1,,0,0,2.555799999999664,0,3.6106999999994116,9.074899999999886,1
1193,6.931156462585034,1,4096,0,1.0,-58.41379647220058,0.0027063891757279634,59,0,-1,,0,0,2.8633000000013453,0,4.338399999998188,13.52960000000003,3
1194,6.936961451247165,1,4096,0,1.0,-59.10650862332382,0.002804152201861143,59,0,-1,,0,0,2.3958999999997843,0,2.891099999999369,6.5856000000010795,2
1195,6.942766439909297,1,4096,0,1.0,-54.3033607184414,0.0030335132032632828,59,0,-1,,0,0,2.3108000000000573,0,2.898200000000628,9.495200000001702,1
1196,6.948571428571428,1,4096,0,1.0,-47.70100426810182,0.004177428781986237,59,0,-1,,0,0,2.015800000000567,0,2.6188000000004763,11.360100000000983,0
1197,6.9543764172335605,1,4096,0,1.0,-47.65726002559754,0.005734367296099663,59,0,-1,,0,0,6.101299999999199,0,7.959500000001896,8.098399999999728,2
1198,6.960181405895692,1,4096,0,1.0,-44.40841025119034,0.006214294582605362,59,0,-1,,0,0,5.1722999999999075,0,6.869299999999967,14.95570000000157,1
1199,6.965986394557823,1,4096,0,1.0,-43.323188936524666,0.006597667001187801,59,0,-1,,0,0,4.694699999999941,0,6.389400000001544,21.470000000000766,3
1200,6.971791383219955,1,4096,0,1.0,-45.00135837858483,0.00627527292817831,64,0,-1,,0,0,4.840200000000294,0,6.2411000000004435,11.029300000000575,2
1201,6.977596371882086,1,4096,0,1.0,-42.773894845117724,0.005546633619815111,64,0,-1,,0,0,2.5812000000016155,0,3.48380000000148,14.85210000000059,1
1202,6.983401360544217,1,4096,0,1.0,-41.52444091701454,0.0056196157820522785,64,0,-1,,0,0,2.3566999999999894,0,2.805499999999128,17.685700000001248,0
1203,6.989206349206349,1,4096,0,1.0,-46.917822379142436,0.004786407575011253,64,0,-1,,0,0,4.341999999999402,0,5.479800000001589,5.801099999999337,2
1204,6.995011337868481,1,4096,0,1.0,-45.59539029211326,0.004558003973215818,64,0,-1,,0,0,2.332100000000281,0,3.1954999999985745,9.111400000000103,4
1205,7.000816326530612,1,4096,0,1.0,-50.48889144149403,0.0034664578270167112,64,0,-1,,0,0,2.6644000000004553,0,3.2148999999996875,12.397299999999944,3
1206,7.006621315192744,1,4096,0,1.0,-50.53075332379723,0.003266428830102086,64,0,-1,,0,0,2.2788000000009134,0,2.8100999999995935,8.440000000000225,2
1207,7.012426303854875,1,4096,0,1.0,-52.52661182782977,0.0027674587909132242,64,0,-1,,0,0,2.606700000001183,0,3.102500000000674,11.564200000000469,1
1208,7.018231292517007,1,4096,0,1.0,-54.553975375800896,0.0027177806477993727,64,0,-1,,0,0,3.344900000000095,0,4.454300000000799,16.175799999999185,0
1209,7.024036281179138,1,4096,0,1.0,-55.77311449251292,0.0026443670503795147,64,0,-1,,0,0,2.3962999999991297,0,3.1010000000009086,3.3404000000007983,2
1210,7.02984126984127,1,4096,0,1.0,-59.22419050065841,0.002674649003893137,64,0,-1,,0,0,3.1570999999992466,0,3.779599999999661,7.158999999999693,1
1211,7.035646258503402,1,4096,0,1.0,-58.29976439796408,0.002329820767045021,64,0,-1,,0,0,5.277799999999999,0,6.981099999999074,14.283199999999496,0
1212,7.041451247165533,1,4096,0,1.0,-56.727617368766296,0.00231203087605536,64,0,-1,,0,0,2.316099999999821,0,3.0350999999999573,3.325400000001366,2
1213,7.047256235827664,1,4096,0,1.0,-51.6453422942959,0.002478096168488264,64,0,-1,,0,0,5.028900000001002,0,5.574899999999161,8.914599999998885,1
1214,7.053061224489796,1,4096,0,1.0,-50.35276452210293,0.0023772798012942076,64,0,-1,,0,0,4.0247999999998285,0,4.904400000000919,13.93259999999863,0
1215,7.058866213151927,1,4096,0,1.0,-50.631254027965,0.0028018380980938673,64,0,-1,,0,0,5.21729999999998,0,6.930400000001669,7.221399999998823,2
1216,7.064671201814059,1,4096,0,1.0,-50.06717478680461,0.003311729757115245,64,0,-1,,0,0,2.8287000000002394,0,4.309600000000913,11.66070000000019,1
1217,7.070476190476191,1,4096,0,1.0,-47.45091304408534,0.004591107834130526,64,0,-1,,0,0,2.6047000000009035,0,3.2244000000005713,14.928400000000508,3
1218,7.076281179138322,1,4096,0,1.0,-44.89526235480962,0.004550234414637089,64,0,-1,,0,0,4.334400000001182,0,4.9744000000000455,5.2418999999996885,2
1219,7.082086167800454,1,4096,0,1.0,-42.48573337594084,0.006179027259349823,64,0,-1,,0,0,2.510299999999077,0,3.415800000000857,8.720399999999628,1
1220,7.087891156462585,1,4096,0,1.0,-43.43750905788887,0.006963422521948814,64,0,-1,,0,0,3.2570999999990136,0,3.876099999999383,12.65109999999936,0
1221,7.093696145124716,1,4096,0,1.0,-45.249180290671276,0.007387199904769659,64,0,-1,,0,0,3.7501000000013107,0,4.833299999999596,5.060600000000193,2
1222,7.099501133786848,1,4096,0,1.0,-43.48233637154038,0.007667950354516506,64,0,-1,,0,0,3.7058999999999287,0,5.062300000000519,10.274599999998912,1
1223,7.1053061224489795,1,4096,0,1.0,-43.49818437818485,0.00802827998995781,64,0,-1,,0,0,2.1473000000007403,0,2.6878999999997433,12.994499999999576,0
1224,7.111111111111111,1,4096,0,1.0,-43.1047505351692,0.009206646122038364,64,0,-1,,0,0,4.9650999999997225,0,7.4147999999993885,7.9481000000001245,2
1225,7.116916099773243,1,4096,0,1.0,-41.30419225929414,0.008994256146252155,66,0,-1,,0,0,3.1692999999997085,0,4.349700000000567,12.337599999998616,1
1226,7.122721088435374,1,4096,0,1.0,-42.734392416943464,0.008748737163841724,66,0,-1,,0,0,3.1999999999996476,0,4.31320000000035,16.649900000000883,0
1227,7.128526077097506,1,4096,0,1.0,-46.690848389437775,0.008759097196161747,66,0,-1,,0,0,2.8727000000010605,0,4.212100000000163,4.428800000001232,2
1228,7.134331065759637,1,4096,0,1.0,-51.94956939362317,0.0070909676142036915,66,0,-1,,0,0,2.4055999999994526,0,3.0692000000005493,6.872300000001275,1
1229,7.1401360544217685,1,4096,0,1.0,-53.14922536814572,0.005780836101621389,64,0,-1,,0,0,2.1746000000000265,0,3.0151000000007144,9.914099999999593,3
1230,7.1459410430839005,1,4096,0,1.0,-55.15785818828058,0.004353904630988836,64,0,-1,,0,0,2.736399999999861,0,3.297400000001005,6.01520000000022,2
1231,7.151746031746032,1,4096,0,1.0,-55.43791183623846,0.00360811036080122,64,0,-1,,0,0,4.251699999999303,0,5.905799999998962,12.014999999999887,1
1232,7.157551020408163,1,4096,0,1.0,-56.14744994691223,0.0029669860377907753,64,0,-1,,0,0,3.407299999999225,0,4.159800000000047,16.25879999999924,0
1233,7.163356009070295,1,4096,0,1.0,-57.27563497283744,0.002298944164067507,64,0,-1,,0,0,4.550000000000054,0,5.5776000000005155,5.833799999999556,2
1234,7.169160997732426,1,4096,0,1.0,-60.11846450750078,0.00187874014955014,64,0,-1,,0,0,3.593199999999186,0,4.358800000000329,10.27249999999924,1
1235,7.174965986394557,1,4096,0,1.0,-60.40544926998814,0.0015011673094704747,64,0,-1,,0,0,2.2655000000000314,0,2.7986000000002065,13.13489999999895,0
1236,7.1807709750566895,1,4096,0,1.0,-62.26658515624329,0.0010537754278630018,64,0,-1,,0,0,3.3183999999994995,0,4.765399999998365,5.2864999999986395,2
1237,7.186575963718821,1,4096,0,1.0,-63.50414658385866,0.0012226105900481343,64,0,-1,,0,0,2.8177999999989822,0,3.562499999999247,8.783499999999833,1
1238,7.192380952380953,1,4096,0,1.0,-63.50421739354499,0.0012049025390297174,64,0,-1,,0,0,2.662799999999521,0,3.3308999999999145,12.112799999998813,0
1239,7.198185941043084,1,4096,0,1.0,-58.14935862817727,0.0009287174907512963,64,0,-1,,0,0,2.579799999999466,0,4.01399999999974,4.286300000000409,2
1240,7.203990929705215,1,4096,0,1.0,-45.815650293807686,0.002286424394696951,64,0,-1,,0,0,2.4394000000000915,0,2.967800000000409,7.2675000000010925,1
1241,7.209795918367347,1,4096,0,1.0,-41.384934198259586,0.0029527044389396906,64,0,-1,,0,0,2.6045000000003427,0,3.163699999998215,10.485299999999143,3
1242,7.215600907029478,1,4096,0,1.0,-39.268523905951845,0.0034530635457485914,64,0,-1,,0,0,4.998099999999894,0,5.9693999999996805,7.560500000000303,2
1243,7.22140589569161,1,4096,0,1.0,-35.723845064064264,0.004774413071572781,64,0,-1,,0,0,3.5936000000003077,0,4.66890000000042,12.336599999999365,1
1244,7.227210884353742,1,4096,0,1.0,-34.845439429180715,0.005209148861467838,64,0,-1,,0,0,2.282700000000304,0,2.879599999999982,15.299800000001085,0
1245,7.233015873015873,1,4096,0,1.0,-34.7897317849793,0.00754075450822711,64,0,-1,,0,0,2.840300000000795,0,3.6738000000013926,3.8973000000002145,2
1246,7.238820861678004,1,4096,0,1.0,-36.38833446801024,0.008519063703715801,64,0,-1,,0,0,2.520600000000428,0,3.0962000000016587,7.044099999999887,1
1247,7.244625850340136,1,4096,0,1.0,-36.61112555433579,0.00994950719177723,64,0,-1,,0,0,2.1588000000001273,0,2.582599999998436,9.671799999999564,0
1248,7.250430839002267,1,4096,0,1.0,-37.3517522698948,0.011755558662116528,64,0,-1,,0,0,2.309199999999123,0,3.063799999999617,3.2660999999993834,2
1249,7.2562358276643995,1,4096,0,1.0,-38.854133978532,0.014193988405168056,64,0,-1,,0,0,2.54349999999981,0,2.993400000001145,6.290699999999205,1
1250,7.262040816326531,1,4096,0,1.0,-40.10019480948513,0.015393936075270176,64,0,-1,,0,0,2.3503000000015817,0,2.7384000000001407,9.07029999999942,0
1251,7.267845804988662,1,4096,0,1.0,-41.763914083954774,0.01575578562915325,64,0,-1,,0,0,6.6200999999992405,0,7.827499999997656,8.112900000000423,5
1252,7.273650793650794,1,4096,0,1.0,-41.23150979680379,,-1,0,-1,,0,0,,1,0.8668000000007225,9.039200000000136,4
1253,7.279455782312925,1,4096,0,1.0,-45.75665577005254,0.019420061260461807,64,0,-1,,0,0,3.185699999999514,0,3.7400000000005207,12.783600000000561,3
1254,7.285260770975056,1,4096,0,1.0,-46.826492305104495,0.024778475984930992,64,0,-1,,0,0,2.1170000000001465,0,2.610699999999966,8.42749999999981,2
1255,7.291065759637188,1,4096,0,1.0,-47.43061914596584,0.026437001302838326,64,0,-1,,0,0,2.297900000000297,0,2.725399999999212,11.15300000000019,1
1256,7.29687074829932,1,4096,0,1.0,-52.5171182786609,0.018779471516609192,64,0,-1,,0,0,6.786800000000426,0,7.6064999999996274,18.834899999999877,0
1257,7.302675736961452,1,4096,0,1.0,-57.035862235699014,0.013710218481719494,64,0,-1,,0,0,3.8917000000004975,0,4.9171999999977345,5.190599999998824,2
1258,7.308480725623583,1,4096,0,1.0,-53.65915698116052,0.009408938698470592,64,0,-1,,0,0,4.742399999999591,0,5.626599999999371,10.884799999999473,1
1259,7.314285714285714,1,4096,0,1.0,-52.03601724147386,0.00787842832505703,64,0,-1,,0,0,4.00810000000007,0,6.679199999998886,17.911599999999694,0
1260,7.320090702947846,1,4096,0,1.0,-51.015110275488894,0.008556230925023556,64,0,-1,,0,0,4.720400000000069,0,5.650499999998004,5.8728000000005665,2
1261,7.325895691609977,1,4096,0,1.0,-49.30789624722752,0.006622334010899067,64,0,-1,,0,0,6.057499999998939,0,7.653300000001195,13.716099999999898,4
1262,7.3317006802721085,1,4096,0,1.0,-48.31619267998296,0.006738414987921715,64,0,-1,,0,0,4.658199999999724,0,5.823300000001197,19.676600000000377,3
1263,7.337505668934241,1,4096,0,1.0,-48.51365775861203,0.006190909072756767,64,0,-1,,0,0,3.890400000001293,0,5.0358000000017,14.960999999999558,2
1264,7.343310657596372,1,4096,0,1.0,-47.371295548776224,0.009569661691784859,64,0,-1,,0,0,3.913199999999506,0,5.00019999999779,20.065499999999403,1
1265,7.349115646258503,1,4096,0,1.0,-42.90039930443168,0.011639942415058613,64,0,-1,,0,0,4.0268999999995,0,4.841499999999499,24.97870000000013,3
1266,7.354920634920635,1,4096,0,1.0,-41.87234422804167,0.01299709640443325,64,0,-1,,0,0,3.4369999999999123,0,4.259199999998131,6.221200000000593,2
1267,7.360725623582766,1,4096,0,1.0,-44.115410883249986,0.012751386500895023,64,0,-1,,0,0,5.4826999999999515,0,6.6448999999995095,12.962299999999871,1
1268,7.366530612244898,1,4096,0,1.0,-40.75524296867354,0.013473507948219776,64,0,-1,,0,0,3.2172999999993124,0,4.045300000001362,17.068999999999335,3
1269,7.3723356009070296,1,4096,0,1.0,-42.24271405887968,0.010921414941549301,64,0,-1,,0,0,3.075599999998957,0,3.739800000001736,6.661799999999829,2
1270,7.378140589569161,1,4096,0,1.0,-45.53309498399115,0.01034116093069315,64,0,-1,,0,0,4.159300000001309,0,4.975500000002242,11.686499999999711,1
1271,7.383945578231293,1,4096,0,1.0,-44.646012348062875,0.009746367111802101,64,0,-1,,0,0,2.581100000000447,0,3.341700000000003,15.18000000000086,0
1272,7.389750566893424,1,4096,0,1.0,-53.12527210902721,0.007327401079237461,64,0,-1,,0,0,4.5109999999990436,0,7.016200000000694,7.332699999999193,5
1273,7.395555555555555,1,4096,0,1.0,-50.0154982067106,,-1,0,-1,,0,0,,1,0.7579999999993703,8.16489999999881,4
1274,7.401360544217687,1,4096,0,1.0,-53.324142127920936,0.004705959465354681,64,0,-1,,0,0,3.0663000000004104,0,3.760199999998548,11.997499999999661,3
1275,7.4071655328798185,1,4096,0,1.0,-55.162855738677266,0.0044059776701033115,64,0,-1,,0,0,3.0388000000005633,0,3.6653999999991527,9.72920000000066,2
1276,7.41297052154195,1,4096,0,1.0,-57.587170411342726,0.00397754879668355,64,0,-1,,0,0,4.556900000000752,0,5.735499999998339,15.541500000001207,1
1277,7.418775510204082,1,4096,0,1.0,-57.992020787105936,0.0035237513948231936,64,0,-1,,0,0,2.921699999999916,0,5.0144999999997,20.91779999999943,0
1278,7.424580498866213,1,4096,0,1.0,-58.833584687809704,0.003731447272002697,64,0,-1,,0,0,3.0666000000003635,0,4.008800000001145,4.18400000000041,2
1279,7.430385487528345,1,4096,0,1.0,-59.48497038301384,0.0028339053969830275,64,0,-1,,0,0,4.604799999999187,0,5.46200000000141,9.716599999999076,1
1280,7.436190476190476,1,4096,0,1.0,-60.477296035925264,0.0036258655600249767,64,0,-1,,0,0,4.5000000000001705,0,5.795100000002051,15.665499999999,0
1281,7.441995464852607,1,4096,0,1.0,-60.69849235717882,0.0037553817965090275,64,0,-1,,0,0,5.108100000001059,0,7.460099999999414,7.733299999999943,2
1282,7.4478004535147395,1,4096,0,1.0,-60.716864886917094,0.003135883715003729,64,0,-1,,0,0,3.7884000000012463,0,4.831799999998054,12.61409999999863,1
1283,7.453605442176871,1,4096,0,1.0,-58.28712555927244,0.002652070950716734,64,0,-1,,0,0,3.5266000000007125,0,4.756100000001595,16.53409999999944,0
1284,7.459410430839002,1,4096,0,1.0,-60.34765833639141,0.0026931955944746733,64,0,-1,,0,0,4.276899999998918,0,6.860800000000111,7.107599999999437,2
1285,7.465215419501134,1,4096,0,1.0,-60.96367343049831,0.0019893678836524487,59,0,-1,,0,0,3.0053999999992698,0,3.9093999999995077,11.039900000000102,1
1286,7.471020408163265,1,4096,0,1.0,-63.73701018784868,0.0027391815092414618,59,0,-1,,0,0,3.0058999999997837,0,3.758299999999437,14.410200000000373,0
1287,7.476825396825397,1,4096,0,1.0,-66.34841748189186,0.0025665005668997765,59,0,-1,,0,0,6.42539999999947,0,9.025199999999955,9.195500000000578,2
1288,7.4826303854875285,1,512,1,1.0,-68.19011332278195,0.021911965683102608,59,0,-1,,0,0,3.1229999999986546,0,4.063300000000325,12.528299999999604,1
1289,7.48843537414966,1,512,0,1.0,-70.76859571669206,0.021126272156834602,59,0,-1,,0,0,3.327500000001038,0,4.867100000000235,17.437899999999118,3
1290,7.494240362811792,1,512,0,1.0,-71.19840628072572,0.021469704806804657,59,0,-1,,0,0,3.580899999999332,0,5.9744999999988835,10.712299999999786,2
1291,7.500045351473923,1,1024,0,1.0,-71.53396362305035,0.020572412759065628,59,0,-1,,0,0,3.032000000001034,0,4.050699999998741,14.812799999999626,1
1292,7.505850340136054,1,1024,0,1.0,-73.86089261360986,0.020313473418354988,59,0,-1,,0,0,2.4746999999987196,0,3.125700000000009,17.968700000000837,0
1293,7.511655328798186,1,2048,0,1.0,-76.5887475119395,0.019491786137223244,59,0,-1,,0,0,3.951899999998787,0,5.2629999999993515,5.705799999999428,2
1294,7.517460317460317,1,2048,0,1.0,-76.20368124595774,0.01987125352025032,59,0,-1,,0,0,2.876300000000498,0,3.689100000000778,9.354499999998822,1
1295,7.523265306122449,1,2048,0,0.6858602954475227,-76.6496789634412,0.019947564229369164,59,0,-1,,0,0,3.5767999999993805,0,4.328000000000998,13.69039999999977,0
1296,7.529070294784581,1,2048,0,1.0,-76.7952676208638,0.01996633969247341,59,0,-1,,0,0,6.456499999998755,0,8.399299999998888,8.61830000000019,5
1297,7.534875283446712,1,4096,0,1.0,-71.42249333588248,,-1,0,-1,,0,0,,1,0.7082999999994399,8.713000000000193,4
1298,7.540680272108844,1,4096,0,1.0,-63.946421153333795,0.0025931138079613447,59,0,-1,,0,0,4.312699999999836,0,5.096100000001158,13.817500000000038,3
1299,7.546485260770975,1,4096,0,1.0,-64.7632897091896,0.002619849517941475,59,0,-1,,0,0,3.3609999999999474,0,4.758200000001267,11.352199999999257,2
1300,7.552290249433106,1,4096,0,1.0,-60.01740852627563,0.0026376210153102875,59,0,-1,,0,0,3.201400000000021,0,4.060700000000139,15.464800000000167,1
1301,7.558095238095238,1,4096,0,1.0,-51.225637307224815,0.0034492984414100647,59,0,-1,,0,0,3.862200000000371,0,4.832999999999643,20.609500000000835,0
1302,7.56390022675737,1,4096,0,1.0,-40.51614361557503,0.006541712209582329,59,0,-1,,0,0,3.371399999998914,0,4.7794999999997145,5.085600000001023,2
1303,7.569705215419501,1,4096,0,1.0,-42.564782223626366,0.0067989155650138855,59,0,-1,,0,0,3.163899999998776,0,3.9597000000011207,9.072400000000869,1
1304,7.575510204081633,1,4096,0,1.0,-36.75743416961886,0.009430505335330963,59,0,-1,,0,0,3.4898999999999347,0,4.31209999999993,13.453800000000626,0
1305,7.581315192743764,1,4096,0,1.0,-39.52019719251892,0.00928662158548832,72,0,-1,,0,0,4.038800000000009,0,5.89410000000079,6.19389999999953,2
1306,7.587120181405895,1,4096,0,1.0,-39.20936141426266,0.010644001886248589,72,0,-1,,0,0,4.706699999999842,0,5.481599999999531,11.644600000000338,1
1307,7.592925170068027,1,4096,0,1.0,-41.242542449782455,0.00912700779736042,72,0,-1,,0,0,4.732699999999923,0,5.830800000001801,16.89200000000035,0
1308,7.598730158730159,1,4096,0,1.0,-40.504748385394684,0.010306195355951786,72,0,-1,,0,0,3.333200000000147,0,4.36380000000014,4.68270000000004,2
1309,7.604535147392291,1,4096,0,1.0,-41.569556522217255,0.010586385615170002,72,0,-1,,0,0,3.5594000000003234,0,4.503299999999655,9.296700000000158,4
1310,7.610340136054422,1,4096,0,1.0,-43.21522525690763,0.011787798255681992,72,0,-1,,0,0,3.7021999999993227,0,5.694800000000555,15.13019999999976,3
1311,7.616145124716553,1,4096,0,1.0,-46.131097428638526,0.01134778093546629,72,0,-1,,0,0,2.9874000000003065,0,3.87800000000027,11.120299999999972,2
1312,7.621950113378685,1,4096,0,1.0,-45.35857971835774,0.0124082425609231,72,0,-1,,0,0,3.88110000000097,0,4.643099999999123,15.80939999999842,1
1313,7.627755102040816,1,4096,0,1.0,-50.25719478971273,0.011393408291041851,71,0,-1,,0,0,4.373299999999247,0,8.657599999999377,24.705700000000164,0
1314,7.6335600907029475,1,4096,0,1.0,-51.101863891786145,0.010420090518891811,71,0,-1,,0,0,3.902300000000025,0,5.766299999999447,6.03010000000026,2
1315,7.63936507936508,1,4096,0,1.0,-49.801742704380665,0.009264783002436161,71,0,-1,,0,0,4.725300000000487,0,6.771900000000386,12.898299999999807,1
1316,7.645170068027211,1,4096,0,1.0,-46.28614819942031,0.009615966118872166,71,0,-1,,0,0,3.723300000000762,0,5.60619999999723,18.592500000000456,3
1317,7.650975056689342,1,4096,0,1.0,-44.070332122227995,0.00992948841303587,71,0,-1,,0,0,4.463999999998691,0,6.215499999999707,11.698499999999612,2
1318,7.656780045351474,1,4096,0,1.0,-41.549529551231295,0.00960941519588232,71,0,-1,,0,0,6.401000000000323,0,7.969500000001517,20.201099999999528,1
1319,7.662585034013605,1,4096,0,1.0,-41.365066666849145,0.007081532385200262,70,0,-1,,0,0,8.67610000000063,0,10.74570000000108,31.09399999999951,6
1320,7.668390022675737,1,4096,0,1.0,-44.56345037756564,,-1,0,-1,,0,0,,1,1.710199999999773,9.23350000000056,5
1321,7.6741950113378685,1,4096,0,1.0,-40.45207547027474,0.00847713928669691,69,0,-1,,0,0,4.163300000000092,0,5.158699999999072,14.511399999999952,4
1322,7.68,1,4096,0,1.0,-42.477527043455154,0.007250751368701458,64,0,-1,,0,0,4.971299999999346,0,6.45130000000016,21.11739999999962,3
1323,7.685804988662132,1,4096,0,1.0,-39.888292789769395,0.007531452924013138,64,0,-1,,0,0,5.603400000000036,0,7.967199999999508,22.5275000000007,5
1324,7.691609977324263,1,4096,0,1.0,-44.36034109999979,0.006718948949128389,64,0,-1,,0,0,3.207899999999597,0,4.042000000000101,26.608399999998866,4
1325,7.697414965986394,1,4096,0,1.0,-46.76329557370703,0.003091344842687249,64,0,-1,,0,0,4.11060000000063,0,4.911299999998064,31.580200000000502,3
1326,7.703219954648526,1,4096,0,1.0,-45.57306433497363,0.003573621856048703,64,0,-1,,0,0,6.44619999999918,0,7.579700000000855,20.90259999999944,2
1327,7.7090249433106575,1,4096,0,1.0,-47.33522212369267,0.002721841912716627,64,0,-1,,0,0,3.5775999999998476,0,5.308499999999938,26.337200000000394,4
1328,7.7148299319727895,1,4096,0,1.0,-50.047205211301495,0.0023388713598251343,64,0,-1,,0,0,4.99590000000083,0,6.0731000000000535,32.559100000000285,3
1329,7.720634920634921,1,4096,0,1.0,-50.28340124554567,0.002419466618448496,64,0,-1,,0,0,4.168899999999809,0,5.64719999999852,16.87879999999886,2
1330,7.726439909297052,1,4096,0,1.0,-50.75209813535199,,-1,0,-1,,0,0,,1,2.038699999999949,18.98730000000093,4
1331,7.732244897959184,1,4096,0,1.0,-50.778092251309126,0.0022812592796981335,64,0,-1,,0,0,6.548900000000302,0,8.197199999997906,27.267400000001274,3
1332,7.738049886621315,1,4096,0,1.0,-50.76222478009705,0.0021172501146793365,64,0,-1,,0,0,3.65180000000187,0,4.735999999999407,14.697299999998137,2
1333,7.743854875283446,1,4096,0,1.0,-50.83450777723593,0.0022019329480826855,64,0,-1,,0,0,3.678499999999474,0,4.551299999999259,19.300799999999896,4
1334,7.7496598639455785,1,4096,0,1.0,-50.57981006769594,0.0024128935765475035,59,0,-1,,0,0,5.082099999999201,0,6.521500000001623,26.465000000001737,3
1335,7.75546485260771,1,4096,0,1.0,-51.50267731060129,0.00232830923050642,53,0,-1,,0,0,3.3468000000027587,0,4.281500000001159,13.726800000000594,2
1336,7.761269841269841,1,4096,0,1.0,-50.42883933267825,0.002733820118010044,59,0,-1,,0,0,3.5988000000024556,0,4.885800000000273,18.699899999997882,4
1337,7.767074829931973,1,4096,0,1.0,-49.760618342818,0.0030998161528259516,59,0,-1,,0,0,4.825099999997917,0,5.731499999999556,24.510200000001703,3
1338,7.772879818594104,1,4096,0,1.0,-49.010251083043585,0.004037337377667427,59,0,-1,,0,0,3.4188999999997804,0,4.340100000000291,14.456499999997874,2
1339,7.778684807256236,1,4096,0,1.0,-49.032158405985925,0.003572231624275446,59,0,-1,,0,0,2.992400000000117,0,3.754700000001776,18.23389999999847,1
1340,7.784489795918367,1,4096,0,1.0,-45.87800918604151,0.006541972979903221,59,0,-1,,0,0,3.6626999999995746,0,4.419099999996234,22.69369999999782,0
1341,7.790294784580499,1,4096,0,1.0,-45.15059994296868,0.008613401092588902,59,0,-1,,0,0,4.030900000000059,0,5.252000000002255,5.558799999999309,2
1342,7.796099773242631,1,4096,0,1.0,-38.55848244706281,0.009721881709992886,72,0,-1,,0,0,2.9696000000001277,0,3.76250000000411,9.3291000000022,1
1343,7.801904761904762,1,4096,0,1.0,-40.30367146537366,0.009055550210177898,66,0,-1,,0,0,2.781399999999934,0,3.3870999999976448,12.764100000001832,0
1344,7.807709750566893,1,4096,0,1.0,-38.235355557116016,0.012371374294161797,66,0,-1,,0,0,3.8316999999992163,0,6.502300000001071,6.672200000000572,2
1345,7.813514739229025,1,4096,0,1.0,-42.386526425243204,0.013125438243150711,64,0,-1,,0,0,3.3183000000001073,0,4.145600000001082,10.300000000000864,4
1346,7.819319727891156,1,4096,0,1.0,-41.07915271461603,0.014042445458471775,64,0,-1,,0,0,3.05230000000023,0,3.8617999999956965,14.206599999997849,3
1347,7.825124716553288,1,4096,0,1.0,-41.966728924664,0.01422564871609211,69,0,-1,,0,0,3.3655999999986363,0,4.202999999996848,8.757199999998022,2
1348,7.83092970521542,1,4096,0,1.0,-43.05091208705166,0.014748486690223217,64,0,-1,,0,0,5.784699999999532,0,7.326600000002514,16.240800000002054,1
1349,7.836734693877551,1,4096,0,1.0,-42.56705058625166,0.013859808444976807,69,0,-1,,0,0,4.168700000001024,0,5.278400000001682,21.669999999996747,0
1350,7.842539682539683,1,4096,0,1.0,-44.575558160931536,0.012961511500179768,70,0,-1,,0,0,4.1048999999979685,0,6.0320000000011476,6.473100000000898,2
1351,7.848344671201814,1,4096,0,1.0,-45.06782560562659,0.01547034177929163,70,0,-1,,0,0,2.9173000000000116,0,3.672999999999149,10.128999999999166,1
1352,7.854149659863945,1,4096,0,1.0,-47.41043095151472,0.013652712106704712,70,0,-1,,0,0,3.8151000000006263,0,4.768799999997242,14.983699999998379,0
1353,7.859954648526077,1,4096,0,1.0,-45.839508400718294,0.015922999009490013,70,0,-1,,0,0,8.156700000000683,0,10.019100000000947,10.328600000001131,2
1354,7.865759637188209,1,4096,0,1.0,-46.74406632847577,0.017569858580827713,70,0,-1,,0,0,6.627699999999237,0,8.704099999999215,19.096199999999897,4
1355,7.87156462585034,1,4096,0,1.0,-49.64989991974156,0.018786311149597168,64,0,-1,,0,0,5.906700000000598,0,8.129599999996628,27.59370000000061,3
1356,7.877369614512472,1,4096,0,1.0,-53.17528366287882,0.014687513001263142,64,0,-1,,0,0,4.472700000000884,0,5.989200000001915,17.330399999998747,5
1357,7.883174603174603,1,4096,0,1.0,-56.3190643206843,,-1,0,-1,,0,0,,1,1.6359000000001345,19.180000000002195,4
1358,7.888979591836734,1,4096,0,1.0,-55.21537565524292,0.009701112285256386,64,0,-1,,0,0,5.731699999998341,0,7.418099999998873,26.730799999999277,3
1359,7.894784580498866,1,4096,0,1.0,-58.706444456128835,0.006482237949967384,64,0,-1,,0,0,3.486999999999796,0,5.175300000001215,16.415800000000758,2
1360,7.9005895691609975,1,4096,0,1.0,-60.12772915569532,0.003382217139005661,64,0,-1,,0,0,3.89769999999956,0,4.934799999997352,21.420799999997797,1
1361,7.90639455782313,1,4096,0,1.0,-61.229151246162886,0.0027221604250371456,64,0,-1,,0,0,5.627900000000352,0,6.640099999998483,28.19200000000066,3
1362,7.912199546485261,1,4096,0,1.0,-61.75720909280366,0.0029494534246623516,64,0,-1,,0,0,3.05230000000023,0,3.8845000000016228,7.111600000001772,2
1363,7.918004535147392,1,4096,0,1.0,-62.70930381265145,0.0027506574988365173,64,0,-1,,0,0,4.526499999997213,0,5.389000000000976,12.444099999999736,1
1364,7.923809523809524,1,4096,0,1.0,-70.09900052499542,0.002439238829538226,64,0,-1,,0,0,5.70679999999868,0,6.833500000002601,19.406899999999894,3
1365,7.929614512471655,1,4096,0,1.0,-70.76991600294208,0.002325682435184717,64,0,-1,,0,0,2.747399999996958,0,3.8130000000009545,9.27340000000143,5
1366,7.9354195011337865,1,4096,0,1.0,-75.88538019318838,,-1,0,-1,,0,0,,1,0.49529999999720076,9.791899999999742,4
1367,7.9412244897959186,1,4096,0,0.0,-80.32893562463025,0.0017597692785784602,64,0,-1,,0,0,3.427200000000852,0,4.178599999999477,14.021799999998308,3
1368,7.94702947845805,1,4096,0,0.0,-81.04228932676929,0.0016544042155146599,64,0,-1,,0,0,4.66610000000145,0,5.815000000001902,12.527100000003344,2
1369,7.952834467120182,1,4096,0,0.0,-85.38622571574848,0.0016703938599675894,64,0,-1,,0,0,2.68480000000082,0,4.136000000002582,16.84930000000051,1
1370,7.958639455782313,1,4096,0,0.13228927849197045,-88.22900828976897,0.001680040848441422,64,0,-1,,0,0,3.325799999998935,0,4.067299999999108,20.97169999999693,0
1371,7.964444444444444,1,4096,0,0.0,-90.42461323017716,0.001827812404371798,53,0,-1,,0,0,4.675399999999996,0,6.260099999998658,6.757000000000346,2
1372,7.970249433106576,1,4096,0,0.0,-92.3427438050915,0.0019810437224805355,53,0,-1,,0,0,3.11100000000053,0,3.9332999999999174,10.649600000000703,1
1373,7.9760544217687075,1,4096,0,0.0,-91.04133759712808,0.002182506490498781,53,0,-1,,0,0,4.798599999997322,0,5.679899999996962,16.37050000000073,3
1374,7.981859410430839,1,4096,0,0.0,-92.82969788189533,0.002277736784890294,59,0,-1,,0,0,4.171400000000602,0,6.554099999998897,7.331600000000549,2
1375,7.987664399092971,1,4096,0,0.0,-92.86011613640173,0.002415230730548501,59,0,-1,,0,0,2.8852999999990914,0,3.6866999999993766,11.052300000002901,1
1376,7.993469387755102,1,4096,0,0.0,-93.73653943073259,0.0024591207038611174,59,0,-1,,0,0,5.33280000000147,0,6.154300000002166,17.28289999999788,0
1377,7.999274376417233,1,4096,0,0.0,-93.55368989157404,0.002638804027810693,59,0,-1,,0,0,7.084400000000102,0,9.034800000002008,9.320100000000053,5
1378,8.005079365079364,1,4096,0,0.0,-94.29370865509881,0.0026312763802707195,59,0,-1,,0,0,3.21490000000324,0,4.154499999998507,13.49869999999953,4
1379,8.010884353741497,1,4096,0,0.0,-94.74056355997843,0.0026466615963727236,59,0,-1,,0,0,3.5667999999979827,0,4.451100000000707,18.042399999998793,3
1380,8.016689342403629,1,4096,0,0.0,-94.33638106943889,0.0026420752983540297,59,0,-1,,0,0,4.837500000000716,0,5.831600000000492,15.688700000001887,2
1381,8.02249433106576,1,4096,0,0.0,-93.37822877958727,0.0026268938090652227,59,0,-1,,0,0,5.1008999999986315,0,6.666700000000247,22.516500000001827,1
1382,8.028299319727891,1,4096,0,0.0,-94.37947693367157,0.002636243822053075,59,0,-1,,0,0,4.522500000000207,0,6.429000000000684,29.15619999999919,3
1383,8.034104308390022,1,4096,0,0.0,-93.41275847080522,0.0026368508115410805,59,0,-1,,0,0,7.255999999998153,0,8.84579999999957,13.67660000000015,2
1384,8.039909297052155,1,4096,0,0.0,-94.6937514599202,0.00263385777361691,59,0,-1,,0,0,3.494400000001008,0,6.226500000000357,20.087000000000188,4
1385,8.045714285714286,1,4096,0,0.0,-95.80152468536258,0.0026336752343922853,59,0,-1,,0,0,4.322800000000626,0,5.644600000000111,25.84359999999819,3
1386,8.051519274376417,1,4096,0,0.0,-95.9233973547883,0.0026349667459726334,59,0,-1,,0,0,3.7300000000008993,0,6.465700000003238,17.23400000000197,2
1387,8.057324263038549,1,4096,0,0.0,-95.29183509470138,0.0026345732621848583,59,0,-1,,0,0,3.6428999999991163,0,4.710700000000401,22.020099999998877,1
1388,8.06312925170068,1,4096,0,0.0,-97.29235200308943,0.0026341057382524014,59,0,-1,,0,0,6.357300000001231,0,8.293000000001882,30.376900000000262,3
1389,8.068934240362811,1,4096,0,0.0,-94.33638106943889,0.0026344365905970335,59,0,-1,,0,0,3.933199999998749,0,6.150800000000345,12.7309000000011,5
1390,8.074739229024944,1,4096,0,0.0,-86.90738685601463,,-1,0,-1,,0,0,,1,0.8489000000011515,13.650500000000676,4
1391,8.080544217687075,1,4096,0,0.8519504574147642,-79.76102117036328,0.002635509241372347,59,0,-1,,0,0,5.279399999999157,0,6.9807000000032815,20.692500000002667,3
1392,8.086349206349206,1,4096,0,1.0,-80.23119617383998,0.002635341603308916,59,0,-1,,0,0,3.9160000000002526,0,4.939499999998986,18.158400000000796,5
1393,8.092154195011338,1,4096,0,0.6424612045043342,-77.9163218201621,0.0026361322961747646,59,0,-1,,0,0,4.417300000000068,0,5.949899999997399,24.211199999999877,4
1394,8.097959183673469,1,4096,0,1.0,-78.9466562047292,0.002633356722071767,59,0,-1,,0,0,6.4336000000011495,0,8.705800000001318,32.904699999999565,3
1395,8.103764172335602,1,4096,0,1.0,-79.66928441598002,0.0026358000468462706,59,0,-1,,0,0,4.05669999999958,0,6.344099999996189,25.191299999999472,5
1396,8.109569160997733,1,4096,0,0.0,-81.26481280112685,0.0026359029579907656,59,0,-1,,0,0,9.464200000000034,0,12.582199999997101,38.036399999999304,4
1397,8.115374149659864,1,4096,0,0.57320332349306,-79.13541185707007,0.002635985380038619,59,0,-1,,0,0,4.572199999998361,0,5.946600000001467,44.10439999999838,6
1398,8.121179138321995,1,4096,0,1.0,-81.24161972936918,0.002639276208356023,59,0,-1,,0,0,7.317900000000321,0,10.016600000000153,30.118200000000428,5
1399,8.126984126984127,1,4096,0,1.0,-75.31821208491012,,-1,0,-1,,0,0,,1,0.8657999999996946,31.06979999999737,4
1400,8.132789115646258,1,4096,0,1.0,-71.32816157503106,0.0026379346381872892,59,0,-1,,0,0,3.640999999998229,0,4.878099999999108,36.02499999999864,6
1401,8.13859410430839,1,4096,0,1.0,-72.10116847083677,0.00263691833242774,59,0,-1,,0,0,5.2279999999989,0,6.673800000001506,27.36669999999819,5
1402,8.144399092970522,1,4096,0,1.0,-71.79276698947436,0.0026422685477882624,59,0,-1,,0,0,3.423399999999077,0,5.312499999998721,32.8778000000014,7
1403,8.150204081632653,1,512,1,1.0,-69.48798180912802,0.020135097205638885,59,0,-1,,0,0,3.935099999999636,0,4.788999999998822,37.737199999998694,6
1404,8.156009070294784,1,512,0,1.0,-68.84235660466364,0.02043689601123333,59,0,-1,,0,0,4.175100000001208,0,5.741000000003993,28.145300000002038,5
1405,8.161814058956915,1,512,0,1.0,-72.58747989459653,0.020076295360922813,59,0,-1,,0,0,3.6396000000031847,0,4.492900000002464,32.667800000002245,4
1406,8.167619047619048,1,1024,0,1.0,-70.91258277096404,0.02018444985151291,59,0,-1,,0,0,3.461599999997844,0,4.392400000000407,37.125299999999584,3
1407,8.17342403628118,1,1024,0,1.0,-71.87421943581329,0.019647013396024704,59,0,-1,,0,0,6.013400000000502,0,7.107699999998829,28.76150000000166,5
1408,8.17922902494331,1,2048,0,1.0,-71.19320434490129,0.020096691325306892,59,0,-1,,0,0,3.701100000000679,0,5.380999999999858,34.32789999999741,4
1409,8.185034013605442,1,2048,0,1.0,-74.65906891483375,0.019946573302149773,59,0,-1,,0,0,3.9112000000010028,0,5.073199999998224,39.52090000000297,6
1410,8.190839002267573,1,2048,0,1.0,-74.42441050579832,0.02002987265586853,59,0,-1,,0,0,5.639699999999692,0,8.76999999999839,24.66720000000322,5
1411,8.196643990929704,1,2048,0,1.0,-75.10473919511645,0.020005732774734497,59,0,-1,,0,0,3.5887999999992815,0,5.321099999996193,30.039900000002007,7
1412,8.202448979591837,1,4096,0,1.0,-74.17732414720027,0.0026378328911960125,59,0,-1,,0,0,5.358300000001037,0,6.283799999998507,36.43950000000018,6
1413,8.208253968253969,1,4096,0,1.0,-74.2251279812848,0.002634251257404685,59,0,-1,,0,0,4.550399999999399,0,5.488799999998406,27.825700000001063,5
1414,8.2140589569161,1,4096,0,1.0,-75.1180669796301,0.0026329411193728447,59,0,-1,,0,0,4.162600000000793,0,5.101000000003353,32.99559999999957,7
1415,8.219863945578231,1,4096,0,1.0,-73.26123692586704,0.002636820776388049,59,0,-1,,0,0,5.642000000001701,0,7.407100000001776,40.68249999999907,6
1416,8.225668934240362,1,4096,0,1.0,-67.2293379956662,0.0026270749513059855,59,0,-1,,0,0,3.5427999999981807,0,4.556900000000752,34.66719999999768,5
1417,8.231473922902495,1,4096,0,1.0,-67.05330695286952,0.002655588323250413,59,0,-1,,0,0,4.3969000000032565,0,5.44179999999983,40.18660000000196,7
1418,8.237278911564626,1,4096,0,1.0,-61.3944239753777,0.0027991870883852243,59,0,-1,,0,0,4.06680000000037,0,5.414500000000544,45.92410000000058,6
1419,8.243083900226758,1,4096,0,1.0,-57.20250298756415,0.0032951757311820984,59,0,-1,,0,0,3.4221999999992647,0,4.217200000002919,29.85969999999938,5
1420,8.248888888888889,1,4096,0,1.0,-54.796389663146726,0.004089631140232086,53,0,-1,,0,0,4.224400000001793,0,5.060400000001408,34.968000000002775,4
1421,8.25469387755102,1,4096,0,1.0,-52.27089928033996,0.004708202555775642,53,0,-1,,0,0,7.044100000001663,0,8.828399999998737,43.97189999999895,6
1422,8.260498866213151,1,4096,0,1.0,-51.36191185484506,0.005067058838903904,53,0,-1,,0,0,4.156600000001731,0,5.292600000000647,32.0639000000007,5
1423,8.266303854875284,1,4096,0,1.0,-50.81670909396059,,-1,0,-1,,0,0,,1,2.4131000000018332,34.614900000001114,7
1424,8.272108843537415,1,4096,0,1.0,-49.00807911556062,0.005919116549193859,65,0,-1,,0,0,4.862700000000331,0,6.323800000000546,41.07409999999945,6
1425,8.277913832199546,1,4096,0,1.0,-47.53515033858459,0.00712640630081296,65,0,-1,,0,0,4.038500000000056,0,5.6861999999995305,21.995899999996738,5
1426,8.283718820861678,1,4096,0,1.0,-47.42277593724837,0.008549376390874386,65,0,-1,,0,0,4.128900000001323,0,5.099699999998819,27.103700000001396,4
1427,8.289523809523809,1,4096,0,1.0,-47.35186660381725,0.010662375949323177,65,0,-1,,0,0,5.120100000002736,0,7.129100000000221,34.3802999999987,6
1428,8.295328798185942,1,4096,0,1.0,-47.99231580460269,0.013045476749539375,65,0,-1,,0,0,3.6394000000008475,0,4.598400000006109,31.11420000000109,5
1429,8.301133786848073,1,4096,0,1.0,-47.719993809085544,0.0159335695207119,65,0,-1,,0,0,3.574100000001579,0,4.497400000001761,35.63439999999929,4
1430,8.306938775510204,1,4096,0,1.0,-51.697097242688,0.01590789295732975,65,0,-1,,0,0,4.408999999998997,0,6.1481000000043196,41.865400000002495,6
1431,8.312743764172335,1,4096,0,1.0,-53.38644439822906,0.012899938970804214,65,0,-1,,0,0,5.0762000000013074,0,6.054000000002446,24.612600000001095,8
1432,8.318548752834467,1,4096,0,1.0,-56.81029725137332,,-1,0,-1,,0,0,,1,0.8911000000004776,25.560399999999817,7
1433,8.324353741496598,1,4096,0,1.0,-61.55715856793233,0.010092927142977715,65,0,-1,,0,0,5.266500000001173,0,6.503099999999762,32.13880000000202,6
1434,8.33015873015873,1,4096,0,1.0,-62.319977275747235,0.008873233571648598,65,0,-1,,0,0,3.7386999999995396,0,4.696100000000314,22.51979999999776,5
1435,8.335963718820862,1,4096,0,1.0,-63.955525099775144,0.007915334776043892,65,0,-1,,0,0,4.159099999998972,0,5.168499999999909,27.75259999999946,4
1436,8.341768707482993,1,4096,0,1.0,-65.37102795538291,0.006445378065109253,65,0,-1,,0,0,5.520500000002926,0,7.129799999994191,35.07109999999969,6
1437,8.347573696145124,1,4096,0,1.0,-62.94975910920713,0.005099600646644831,65,0,-1,,0,0,3.396800000000866,0,5.250500000002489,31.400299999997827,5
1438,8.353378684807256,1,4096,0,1.0,-54.26191194604176,0.004303753841668367,65,0,-1,,0,0,3.357900000001024,0,4.26570000000126,35.72669999999789,4
1439,8.359183673469389,1,4096,0,1.0,-51.798261941825,0.0031396690756082535,65,0,-1,,0,0,4.715399999998482,0,5.807100000001952,41.699300000001216,6
1440,8.36498866213152,1,4096,0,1.0,-55.846532647482164,0.002980106044560671,65,0,-1,,0,0,4.096100000001712,0,7.362600000003994,27.66599999999997,5
1441,8.370793650793651,1,4096,0,1.0,-57.29140774437064,0.002350704977288842,65,0,-1,,0,0,3.932400000000058,0,4.9093999999989535,32.643999999997675,4
1442,8.376598639455782,1,4096,0,1.0,-44.95482599445505,0.003633881686255336,65,0,-1,,0,0,6.169899999999728,0,7.760000000001099,40.58219999999935,3
1443,8.382403628117913,1,4096,0,1.0,-39.467018336359565,0.0038816507440060377,64,0,-1,,0,0,3.40659999999815,0,4.416999999996563,27.426999999999424,5
1444,8.388208616780044,1,4096,0,1.0,-38.58391995779796,0.005838989745825529,64,0,-1,,0,0,3.5286000000027684,0,4.209700000000538,31.645199999999818,7
1445,8.394013605442177,1,4096,0,1.0,-38.263217842000394,0.006993555463850498,64,0,-1,,0,0,4.90999999999886,0,6.1283000000003085,37.93540000000206,6
1446,8.399818594104309,1,4096,0,1.0,-38.05849029547941,0.008089619688689709,64,0,-1,,0,0,3.0844000000023186,0,4.588900000001672,18.161799999997896,5
1447,8.40562358276644,1,4096,0,1.0,-38.016369342384166,0.008076624944806099,69,0,-1,,0,0,3.0202000000016938,0,3.614299999998849,21.794499999998607,4
1448,8.411428571428571,1,4096,0,1.0,-37.369545265974565,0.009668833576142788,64,0,-1,,0,0,4.792900000001765,0,5.63489999999689,27.50650000000121,3
1449,8.417233560090702,1,4096,0,1.0,-37.66897979188379,0.011010896414518356,64,0,-1,,0,0,3.4728000000008308,0,4.109100000000865,26.67200000000136,5
1450,8.423038548752835,1,4096,0,1.0,-36.208167096456904,0.012075797654688358,64,0,-1,,0,0,2.5076000000012755,0,3.4209999999994523,30.144899999999808,4
1451,8.428843537414966,1,4096,0,1.0,-37.62724260541485,0.014876474626362324,64,0,-1,,0,0,2.515899999998794,0,3.0456000000036454,33.23750000000203,3
1452,8.434648526077098,1,4096,0,1.0,-34.79882316954452,0.017735235393047333,69,0,-1,,0,0,6.677599999999728,0,8.376500000000675,16.868900000002185,5
1453,8.440453514739229,1,4096,0,1.0,-35.99290487986214,0.02231164649128914,69,0,-1,,0,0,2.595299999999412,0,3.3989999999981535,20.355200000000906,4
1454,8.44625850340136,1,4096,0,1.0,-38.04093284300582,0.028235621750354767,71,0,-1,,0,0,2.5927000000010025,0,3.226400000002627,23.65610000000018,3
1455,8.452063492063493,1,4096,0,1.0,-37.21887735378577,0.03267127647995949,71,0,-1,,0,0,5.10889999999975,0,5.909700000000129,13.466900000000948,2
1456,8.457868480725624,1,4096,0,1.0,-37.79400665008823,0.04747479781508446,71,0,-1,,0,0,2.6007999999997367,0,3.4833999999968057,16.992900000001754,1
1457,8.463673469387755,1,4096,0,1.0,-41.08075143209925,0.05304291844367981,71,0,-1,,0,0,2.426400000000939,0,3.026600000001878,20.0579999999988,0
1458,8.469478458049887,1,4096,0,1.0,-43.48936953732068,0.055049944669008255,71,0,-1,,0,0,2.8407000000001403,0,3.7072999999985257,3.8975000000007753,2
1459,8.475283446712018,1,4096,0,1.0,-42.189803602471116,0.05663325637578964,71,0,-1,,0,0,4.407300000000447,0,5.487300000002193,9.473299999999796,4
1460,8.481088435374149,1,4096,0,1.0,-42.15595969418254,0.06584889441728592,71,0,-1,,0,0,3.258999999999901,0,3.9075000000003968,13.455300000000392,3
1461,8.486893424036282,1,4096,0,1.0,-44.05137274616371,0.04299403727054596,71,0,-1,,0,0,2.8578999999986365,0,3.7354999999976712,11.835899999997679,2
1462,8.492698412698413,1,4096,0,1.0,-48.21109500493001,0.0369342602789402,70,0,-1,,0,0,3.017400000000947,0,3.6381999999974823,15.480300000000113,1
1463,8.498503401360544,1,4096,0,1.0,-55.770691451298916,0.01893829181790352,70,0,-1,,0,0,3.4258999999998707,0,4.585800000000972,20.147099999999085,0
1464,8.504308390022675,1,4096,0,1.0,-55.71026233355731,0.01401345245540142,70,0,-1,,0,0,2.4094000000012272,0,3.12449999999842,3.369700000000364,2
1465,8.510113378684807,1,4096,0,1.0,-60.70129527779274,0.009919386357069016,70,0,-1,,0,0,2.5367000000002804,0,3.050200000000558,6.443799999999555,1
1466,8.51591836734694,1,4096,0,1.0,-56.788687216095454,0.009894035756587982,64,0,-1,,0,0,3.7263000000002933,0,4.270699999995742,10.767200000000088,0
1467,8.52172335600907,1,4096,0,1.0,-54.07738127895698,0.00820498913526535,64,0,-1,,0,0,3.325299999996645,0,4.619800000000396,4.850000000001131,2
1468,8.527528344671202,1,4096,0,1.0,-48.53769778404529,0.006381858605891466,64,0,-1,,0,0,3.264999999998963,0,3.883399999999426,8.73239999999953,1
1469,8.533333333333333,1,4096,0,1.0,-48.2670426607821,0.010657839477062225,64,0,-1,,0,0,3.9073000000016123,0,5.026499999999601,13.259300000001417,0
1470,8.539138321995464,1,4096,0,1.0,-42.89197953751273,0.011526759713888168,67,0,-1,,0,0,4.029199999997957,0,4.894300000000129,5.2244000000030155,2
1471,8.544943310657596,1,4096,0,1.0,-41.802698991932104,0.011283483356237411,67,0,-1,,0,0,3.710200000000441,0,6.334599999998858,11.668200000002571,1
1472,8.550748299319729,1,4096,0,1.0,-43.92962478641693,0.010835378430783749,66,0,-1,,0,0,2.717100000001693,0,3.3469000000003746,15.075899999999365,0
1473,8.55655328798186,1,4096,0,1.0,-41.779328149485465,0.014034472405910492,66,0,-1,,0,0,3.5262999999972067,0,4.623899999998571,4.881200000003361,2
1474,8.562358276643991,1,4096,0,1.0,-42.180461734924855,0.008995390497148037,66,0,-1,,0,0,4.01820000000086,0,5.526599999999604,10.480899999997462,1
1475,8.568163265306122,1,4096,0,1.0,-46.38311361310371,0.010764675214886665,66,0,-1,,0,0,2.475099999998065,0,3.0943000000007714,13.640900000002176,0
1476,8.573968253968253,1,4096,0,1.0,-48.5716103440415,0.007009770255535841,66,0,-1,,0,0,2.678799999998205,0,3.5042000000018447,3.813800000003198,2
1477,8.579773242630386,1,4096,0,1.0,-51.68658683018591,0.006168489344418049,66,0,-1,,0,0,2.812799999997395,0,3.435500000001923,7.208400000003223,1
1478,8.585578231292518,1,4096,0,1.0,-49.119685342990174,0.00613370118662715,66,0,-1,,0,0,2.9128999999983307,0,4.635500000002679,11.913800000002084,0
1479,8.591383219954649,1,4096,0,1.0,-46.24059933182849,0.006821770220994949,64,0,-1,,0,0,4.345399999998278,0,5.728400000002409,5.966999999998279,2
1480,8.59718820861678,1,4096,0,1.0,-45.49935073875894,0.008346166461706161,66,0,-1,,0,0,2.7633999999991943,0,3.4600000000004627,9.46790000000064,1
1481,8.602993197278911,1,4096,0,1.0,-39.31669155585003,0.010087259113788605,64,0,-1,,0,0,2.2458999999983575,0,2.809499999997911,12.322699999998576,0
1482,8.608798185941042,1,4096,0,1.0,-39.65051527985741,0.0119869289919734,69,0,-1,,0,0,2.275799999999606,0,2.896199999998572,3.120199999997908,2
1483,8.614603174603175,1,4096,0,1.0,-40.24303758120776,0.013495240360498428,66,0,-1,,0,0,3.346099999998131,0,4.265499999998923,7.450099999999793,1
1484,8.620408163265306,1,4096,0,1.0,-39.89409845310127,0.013483908027410507,66,0,-1,,0,0,2.6200000000002888,0,3.1557000000006497,10.680300000000642,0
1485,8.626213151927438,1,4096,0,1.0,-39.26708883302003,0.012580695562064648,65,0,-1,,0,0,2.300800000000436,0,3.0090999999998758,3.1916000000009603,2
1486,8.632018140589569,1,4096,0,1.0,-43.30820599887066,0.016243526712059975,70,0,-1,,0,0,2.5829999999977815,0,2.9873000000009142,6.1769999999974345,1
1487,8.6378231292517,1,4096,0,1.0,-41.68875365186521,0.019410574808716774,70,0,-1,,0,0,4.326800000001185,0,4.972999999999672,11.188400000001764,0
1488,8.643628117913833,1,4096,0,1.0,-44.92296867476152,0.01644456572830677,70,0,-1,,0,0,2.541999999998268,0,3.244399999999814,3.498499999999183,2
1489,8.649433106575964,1,4096,0,1.0,-47.41347123311708,0.019842587411403656,70,0,-1,,0,0,6.3157000000018115,0,7.612200000000513,11.144099999999213,1
1490,8.655238095238095,1,4096,0,1.0,-50.14534492065068,0.015563741326332092,70,0,-1,,0,0,2.7301999999984616,0,3.6340999999993073,14.910100000001592,0
1491,8.661043083900227,1,4096,0,1.0,-51.66748097434592,0.015002081170678139,70,0,-1,,0,0,5.295499999999009,0,6.2880999999990195,6.6251000000008275,2
1492,8.666848072562358,1,4096,0,1.0,-52.73007264720008,0.014462118037045002,69,0,-1,,0,0,3.0122000000005755,0,4.461099999996776,11.193699999999751,1
1493,8.672653061224489,1,4096,0,1.0,-55.400779455766944,0.00973052904009819,64,0,-1,,0,0,2.2066999999985626,0,2.8244000000015035,14.078900000001227,0
1494,8.678458049886622,1,4096,0,1.0,-54.18555961244378,0.009305593557655811,64,0,-1,,0,0,3.5553999999997643,0,5.064999999998321,5.398499999998307,2
1495,8.684263038548753,1,4096,0,1.0,-53.016454317751766,0.008671474643051624,64,0,-1,,0,0,3.506200000000348,0,4.475200000001678,9.888099999997735,3
1496,8.690068027210884,1,4096,0,1.0,-53.71545211167117,0.007106312550604343,64,0,-1,,0,0,3.9751999999992904,0,5.26569999999893,15.271699999999555,3
1497,8.695873015873016,1,4096,0,1.0,-54.313817013171565,0.0065980576910078526,64,0,-1,,0,0,3.011300000000716,0,5.023800000000023,10.932900000000245,2
1498,8.701678004535147,1,4096,0,1.0,-54.85748278365519,0.006821582559496164,64,0,-1,,0,0,2.8780000000026007,0,3.5830999999966195,14.549899999998672,1
1499,8.70748299319728,1,4096,0,1.0,-53.02684910904847,0.004793439991772175,64,0,-1,,0,0,3.014000000000294,0,3.7455000000008454,17.723200000002493,0
1500,8.713287981859411,1,4096,0,1.0,-55.603921763702864,0.0033544444013386965,64,0,-1,,0,0,3.0959999999993215,0,4.116100000004508,4.409100000000166,2
1501,8.719092970521542,1,4096,0,1.0,-54.611967267605635,0.002894247882068157,64,0,-1,,0,0,2.4518000000028906,0,3.1355999999966855,7.693399999997297,1
1502,8.724897959183673,1,4096,0,1.0,-53.099075867319314,0.0028506023809313774,64,0,-1,,0,0,1.993799999997492,0,2.6031000000017457,10.313599999999923,0
1503,8.730702947845804,1,4096,0,1.0,-51.313338527311274,0.0028106234967708588,64,0,-1,,0,0,2.649300000001631,0,3.7055999999999756,4.12189999999768,2
1504,8.736507936507936,1,4096,0,1.0,-48.93434578437386,0.0029582909774035215,64,0,-1,,0,0,2.315200000001738,0,2.9227999999967835,6.997099999999534,1
1505,8.742312925170069,1,4096,0,1.0,-49.15387221391785,0.0024378420785069466,64,0,-1,,0,0,1.919799999999583,0,2.4181999999974835,9.461200000000503,0
1506,8.7481179138322,1,4096,0,1.0,-50.883821545219476,0.0029877936467528343,59,0,-1,,0,0,3.3551000000002773,0,4.36210000000159,4.60119999999975,2
1507,8.753922902494331,1,4096,0,1.0,-53.14496647025734,,-1,0,-1,,0,0,,1,0.8813999999972566,6.377199999999306,4
1508,8.759727891156462,1,4096,0,1.0,-53.25631905999559,0.0030842141713947058,59,0,-1,,0,0,5.514800000000264,0,6.530399999999048,13.019700000000967,3
1509,8.765532879818593,1,4096,0,1.0,-50.0056469411831,0.0035780405160039663,59,0,-1,,0,0,4.110400000001846,0,5.1819999999977995,13.331699999998392,2
1510,8.771337868480726,1,4096,0,1.0,-50.26076016682219,0.004111490678042173,59,0,-1,,0,0,4.586700000000832,0,5.653500000001088,19.00320000000022,1
1511,8.777142857142858,1,4096,0,1.0,-50.322022826477095,0.004767649807035923,59,0,-1,,0,0,4.067600000002614,0,6.710400000002892,25.86390000000094,3
1512,8.782947845804989,1,4096,0,1.0,-45.031764332982725,0.005896075628697872,59,0,-1,,0,0,1.9916000000002043,0,2.525999999999584,7.307400000001962,2
1513,8.78875283446712,1,4096,0,1.0,-48.249940845449906,0.0049637663178145885,59,0,-1,,0,0,2.9234000000002425,0,3.553100000001308,10.820800000001185,1
1514,8.794557823129251,1,4096,0,1.0,-45.61862484839849,0.007151874713599682,64,0,-1,,0,0,4.208600000001894,0,5.009900000001011,15.843799999998964,0
1515,8.800362811791382,1,4096,0,1.0,-48.83372174624948,0.005317592527717352,64,0,-1,,0,0,2.5134000000015533,0,3.249900000000139,3.4637999999986846,2
1516,8.806167800453515,1,4096,0,1.0,-51.176683203708684,0.0050859409384429455,64,0,-1,,0,0,3.7340999999990743,0,4.505600000001664,8.016500000000093,1
1517,8.811972789115647,1,4096,0,1.0,-48.38841405872734,0.005035982001572847,64,0,-1,,0,0,8.166000000002782,0,9.79690000000133,18.000799999999373,0
1518,8.817777777777778,1,4096,0,1.0,-52.46989517438362,0.0043435897678136826,64,0,-1,,0,0,8.492900000000247,0,10.66669999999803,11.089200000000687,2
1519,8.823582766439909,1,4096,0,1.0,-54.76759476635677,0.003963371738791466,64,0,-1,,0,0,5.399900000000457,0,7.372499999998894,18.581700000002144,1
1520,8.82938775510204,1,4096,0,1.0,-54.006697851647935,0.0029182634316384792,64,0,-1,,0,0,4.213699999997544,0,5.69749999999658,24.346400000002433,3
1521,8.835192743764173,1,4096,0,1.0,-53.720059887710214,0.0027782893739640713,64,0,-1,,0,0,4.294899999997881,0,6.00960000000228,11.677699999999902,2
1522,8.840997732426304,1,4096,0,1.0,-52.53887795632736,0.0025977129116654396,64,0,-1,,0,0,3.0778999999974133,0,3.744399999998649,15.341199999998167,4
1523,8.846802721088435,1,4096,0,1.0,-47.54153505556861,0.0025475334841758013,64,0,-1,,0,0,2.2914000000007206,0,2.8929999999967038,18.252300000000332,3
1524,8.852607709750567,1,4096,0,1.0,-50.47403034469479,0.0024761115200817585,64,0,-1,,0,0,3.199800000000863,0,3.8015000000015675,9.108100000002395,2
1525,8.858412698412698,1,4096,0,1.0,-47.735436230796324,0.0025440934114158154,64,0,-1,,0,0,3.776699999999522,0,4.850300000001084,14.008100000001633,1
1526,8.864217687074829,1,4096,0,1.0,-49.41267343535622,0.0027928187046200037,64,0,-1,,0,0,2.4141999999969244,0,3.1229000000010387,17.199100000002687,0
1527,8.870022675736962,1,4096,0,1.0,-52.1714919659128,0.00281183747574687,64,0,-1,,0,0,3.5959999999981562,0,4.393900000000173,4.634599999999267,2
1528,8.875827664399093,1,4096,0,1.0,-51.55225084567182,0.0029282912146300077,59,0,-1,,0,0,4.972600000002103,0,6.217500000001763,10.914300000003152,4
1529,8.881632653061224,1,4096,0,1.0,-55.752520014754296,0.002738767070695758,59,0,-1,,0,0,2.773999999998722,0,3.7410000000015486,14.729199999997888,3
1530,8.887437641723356,1,4096,0,1.0,-57.95726370518225,0.0023658357094973326,59,0,-1,,0,0,2.472300000000871,0,3.022100000002581,11.674200000001633,2
1531,8.893242630385487,1,4096,0,1.0,-58.13643954301814,0.0024044823367148638,59,0,-1,,0,0,3.436999999998136,0,4.111599999998106,15.772900000001755,1
1532,8.89904761904762,1,4096,0,1.0,-54.33629317867434,0.003664122661575675,59,0,-1,,0,0,3.3674999999995237,0,4.345600000000616,20.24420000000049,3
1533,8.904852607709751,1,4096,0,1.0,-51.72743656572061,0.004565615206956863,53,0,-1,,0,0,3.173199999999099,0,4.045900000001268,5.554400000001181,2
1534,8.910657596371882,1,4096,0,1.0,-51.263059725933275,0.005177096929401159,53,0,-1,,0,0,3.156699999998125,0,4.05449999999874,9.675200000000217,1
1535,8.916462585034013,1,4096,0,1.0,-53.057177310981984,0.004972446244210005,66,0,-1,,0,0,4.096499999999281,0,4.770400000001729,14.53350000000242,0
1536,8.922267573696145,1,4096,0,1.0,-54.38151951732727,0.004221019800752401,66,0,-1,,0,0,5.943400000003152,0,7.43659999999835,7.69369999999725,2
1537,8.928072562358278,1,4096,0,1.0,-58.82950416694258,0.0029177251271903515,66,0,-1,,0,0,3.754700000001776,0,5.500900000001252,13.307799999999759,1
1538,8.933877551020409,1,4096,0,1.0,-53.5765344766936,0.0025523982476443052,66,0,-1,,0,0,3.5330000000008965,0,4.783999999997235,18.35919999999902,0
1539,8.93968253968254,1,4096,0,1.0,-49.76803350534713,0.0023779473267495632,66,0,-1,,0,0,2.0807000000004905,0,2.7930000000040422,2.905399999999503,2
1540,8.945487528344671,1,4096,0,1.0,-47.36168811528836,0.002864242997020483,66,0,-1,,0,0,4.602399999999562,0,5.281400000001213,8.214899999998693,1
1541,8.951292517006802,1,4096,0,1.0,-45.345246124837274,0.003419900545850396,66,0,-1,,0,0,2.634700000001544,0,3.675300000001158,11.867099999999908,0
1542,8.957097505668933,1,4096,0,1.0,-42.298647870921215,0.004324702080339193,66,0,-1,,0,0,3.4421999999985076,0,4.574999999999108,4.677499999999668,2
1543,8.962902494331066,1,4096,0,1.0,-41.54678255732339,0.004751444328576326,66,0,-1,,0,0,5.004799999998255,0,5.911999999998585,10.576999999997838,1
1544,8.968707482993198,1,4096,0,1.0,-41.48323078831004,0.00488303741440177,66,0,-1,,0,0,3.5634999999984984,0,4.49469999999863,15.171199999997498,0
1545,8.974512471655329,1,4096,0,1.0,-42.3837575954102,0.005857206415385008,66,0,-1,,0,0,2.5892000000027338,0,3.315300000000576,3.587299999999516,2
1546,8.98031746031746,1,4096,0,1.0,-47.64496881281775,0.006074855569750071,66,0,-1,,0,0,5.612700000000359,0,6.413600000001907,9.981100000000964,1
1547,8.986122448979591,1,4096,0,1.0,-50.475734696321325,0.004955076612532139,66,0,-1,,0,0,3.265999999999991,0,4.161299999999812,14.204599999999346,0
1548,8.991927437641724,1,4096,0,1.0,-45.25139261807339,0.005637218244373798,66,0,-1,,0,0,3.9096000000000686,0,4.848499999997813,5.081700000001632,2
1549,8.997732426303855,1,4096,0,1.0,-46.12813650421481,0.00530094001442194,66,0,-1,,0,0,2.3309000000004687,0,3.5695999999987293,8.758399999997835,1
1550,9.003537414965987,1,4096,0,1.0,-49.83318336360856,0.006247206125408411,69,0,-1,,0,0,2.1398000000019124,0,2.6149999999987017,11.419300000000021,0
1551,9.009342403628118,1,4096,0,1.0,-55.094291234094385,0.004841056652367115,69,0,-1,,0,0,5.5862999999973795,0,7.028800000000501,7.223799999998448,2
1552,9.015147392290249,1,4096,0,1.0,-57.836092953418216,0.0035678534768521786,69,0,-1,,0,0,2.8098000000014167,0,3.8231999999958077,11.138700000000057,4
1553,9.02095238095238,1,4096,0,1.0,-58.03531171443999,0.0034055421128869057,69,0,-1,,0,0,4.095200000001853,0,4.792599999998259,16.00970000000146,3
1554,9.026757369614513,1,4096,0,1.0,-58.83936191798482,0.0033284786622971296,64,0,-1,,0,0,5.407099999999332,0,6.912700000000882,12.659400000000431,2
1555,9.032562358276644,1,4096,0,1.0,-59.15955096325072,0.002804575953632593,64,0,-1,,0,0,4.33060000000296,0,5.57070000000337,18.33299999999838,1
1556,9.038367346938776,1,4096,0,1.0,-59.9788585439548,0.0028005754575133324,64,0,-1,,0,0,4.592299999998772,0,5.94520000000287,24.47610000000111,3
1557,9.044172335600907,1,4096,0,1.0,-59.93233326775957,0.0030232698190957308,64,0,-1,,0,0,3.965499999999622,0,6.873099999999965,10.624099999997583,2
1558,9.049977324263038,1,4096,0,1.0,-56.02254364424071,0.0030830942559987307,64,0,-1,,0,0,2.8395999999979438,0,3.5911000000012905,14.283299999998889,1
1559,9.05578231292517,1,4096,0,1.0,-54.08232098120461,0.0034477580338716507,64,0,-1,,0,0,3.563500000002051,0,4.543300000001693,18.918799999998015,0
1560,9.061587301587302,1,4096,0,1.0,-50.11684355869975,0.002638832898810506,64,0,-1,,0,0,3.70410000000021,0,6.079699999997246,6.387300000000096,2
1561,9.067392290249433,1,4096,0,1.0,-48.84169005800024,0.004040162544697523,64,0,-1,,0,0,2.349699999999899,0,2.8785000000013383,9.298499999999876,1
1562,9.073197278911564,1,4096,0,1.0,-48.51746203464038,0.0036681147757917643,64,0,-1,,0,0,2.8240000000003818,0,3.4215999999993585,12.7834,0
1563,9.079002267573696,1,4096,0,1.0,-46.628917539132246,0.004725615959614515,64,0,-1,,0,0,2.229899999999674,0,3.130800000004541,3.4215999999993585,2
1564,9.084807256235827,1,4096,0,1.0,-48.75874019248927,0.004821487236768007,64,0,-1,,0,0,2.4741999999982056,0,3.12759999999912,6.528599999999329,1
1565,9.09061224489796,1,4096,0,1.0,-47.2090750284518,0.0040575661696493626,64,0,-1,,0,0,4.283000000000925,0,4.991999999997887,11.581499999998357,3
1566,9.096417233560091,1,4096,0,1.0,-47.4480975247451,0.004513008985668421,64,0,-1,,0,0,6.1803000000004715,0,7.1992999999999086,10.642199999999491,2
1567,9.102222222222222,1,4096,0,1.0,-50.55191998255778,0.0045659164898097515,64,0,-1,,0,0,4.088100000000594,0,5.069300000002386,15.810299999998279,1
1568,9.108027210884353,1,4096,0,1.0,-55.0662433012375,0.003524982603266835,64,0,-1,,0,0,7.808199999999488,0,10.56499999999616,26.5266000000004,0
1569,9.113832199546485,1,4096,0,1.0,-56.488495505810164,0.0027452190406620502,64,0,-1,,0,0,4.863300000000237,0,5.9573999999997795,6.204400000001442,2
1570,9.119637188208618,1,4096,0,1.0,-54.42772977637378,0.0023156593088060617,64,0,-1,,0,0,4.863300000000237,0,6.016499999997649,12.332000000000676,1
1571,9.125442176870749,1,4096,0,1.0,-54.26100152161826,0.0024610396940261126,64,0,-1,,0,0,3.0078000000024474,0,5.29340000000289,17.755799999999766,3
1572,9.13124716553288,1,4096,0,1.0,-54.38254224396137,0.0023527469020336866,64,0,-1,,0,0,2.3741999999984387,0,3.1328999999971074,7.18039999999931,2
1573,9.137052154195011,1,4096,0,1.0,-53.84044776530696,0.002164137549698353,64,0,-1,,0,0,2.102100000001883,0,2.7356999999987863,9.89320000000049,1
1574,9.142857142857142,1,4096,0,1.0,-57.41634763885542,0.001976783387362957,64,0,-1,,0,0,2.3171000000026254,0,2.8258999999977163,12.566700000000708,0
1575,9.148662131519274,1,4096,0,1.0,-52.652681922762994,0.002212490187957883,64,0,-1,,0,0,2.6623000000007835,0,3.4959000000007734,3.8061999999996488,2
1576,9.154467120181407,1,4096,0,1.0,-49.091343607044365,0.0032531078904867172,64,0,-1,,0,0,2.5285999999979936,0,3.2020000000017035,7.038300000001385,4
1577,9.160272108843538,1,4096,0,1.0,-47.997684816458786,0.0033956984989345074,64,0,-1,,0,0,4.1018000000008215,0,5.492400000001396,12.652400000000341,3
1578,9.166077097505669,1,4096,0,1.0,-48.038319253206495,0.004129957873374224,64,0,-1,,0,0,3.000800000002357,0,3.762500000000557,11.975599999999531,2
1579,9.1718820861678,1,4096,0,1.0,-47.831220498668266,0.004585227929055691,64,0,-1,,0,0,2.3890999999984786,0,3.0052000000004853,15.012699999999768,1
1580,9.177687074829931,1,4096,0,1.0,-45.91981972669244,0.004518717527389526,64,0,-1,,0,0,2.9226000000015517,0,3.5008999999988077,18.56079999999949,0
1581,9.183492063492064,1,4096,0,1.0,-46.3194857193199,0.005104538518935442,64,0,-1,,0,0,3.9997000000013827,0,6.147300000002076,6.4896999999994875,2
1582,9.189297052154195,1,4096,0,1.0,-45.87971090408382,0.004650022368878126,64,0,-1,,0,0,3.1367000000024348,0,4.331299999996929,10.850300000001312,1
1583,9.195102040816327,1,4096,0,1.0,-48.03864712978556,0.005068150814622641,64,0,-1,,0,0,3.9180999999999244,0,4.640800000000667,15.544200000000785,0
1584,9.200907029478458,1,4096,0,1.0,-51.12113079216158,0.005161690060049295,64,0,-1,,0,0,2.305899999999639,0,3.1202999999990766,3.271399999999147,2
1585,9.206712018140589,1,4096,0,1.0,-54.98374760536062,0.0036817609798163176,64,0,-1,,0,0,2.4903999999992266,0,3.0889000000016154,6.394199999999017,1
1586,9.21251700680272,1,4096,0,1.0,-53.17042535578761,0.0040322113782167435,64,0,-1,,0,0,5.410200000000032,0,5.993399999997706,12.42859999999979,0
1587,9.218321995464853,1,4096,0,1.0,-55.16596396242492,0.003427874995395541,64,0,-1,,0,0,2.1701999999983457,0,2.941199999998645,3.092099999999931,2
1588,9.224126984126984,1,4096,0,1.0,-55.684695381292514,0.003663144540041685,64,0,-1,,0,0,2.493900000001048,0,3.003500000005488,6.122999999998768,1
1589,9.229931972789116,1,4096,0,1.0,-50.984288253628726,0.003696075640618801,64,0,-1,,0,0,4.306500000001989,0,5.047699999998656,11.23590000000263,0
1590,9.235736961451247,1,4096,0,1.0,-50.69426999764928,0.004155112896114588,64,0,-1,,0,0,2.256500000001438,0,3.0375000000013586,3.290799999998484,2
1591,9.241541950113378,1,4096,0,1.0,-43.973688755896305,0.004410421010106802,64,0,-1,,0,0,2.1269999999979916,0,2.608700000003239,5.857000000002444,1
1592,9.247346938775511,1,4096,0,1.0,-42.754922012116936,0.004912631120532751,64,0,-1,,0,0,2.0839999999999748,0,2.482499999999277,8.339300000002936,0
1593,9.253151927437642,1,4096,0,1.0,-45.64161311378864,0.005014408379793167,64,0,-1,,0,0,2.7214999999998213,0,3.6106999999994116,3.789199999999937,2
1594,9.258956916099773,1,4096,0,1.0,-43.28037815812153,0.006205604877322912,64,0,-1,,0,0,2.469699999998909,0,3.1197999999967863,6.964299999999923,1
1595,9.264761904761905,1,4096,0,1.0,-45.010083829817205,0.005242742598056793,64,0,-1,,0,0,2.405400000000668,0,2.7885000000047455,9.799000000001001,0
1596,9.270566893424036,1,4096,0,1.0,-48.045059777572625,0.004426939878612757,64,0,-1,,0,0,4.637200000001229,0,5.59719999999686,5.8088000000005025,2
1597,9.276371882086167,1,4096,0,1.0,-48.3324202353058,0.0051649184897542,64,0,-1,,0,0,2.2653999999988628,0,4.014000000001516,9.910999999998893,1
1598,9.2821768707483,1,4096,0,1.0,-49.63636837876028,0.004058309830725193,64,0,-1,,0,0,2.2042000000013218,0,2.7427000000024293,12.709999999998445,0
1599,9.287981859410431,1,4096,0,1.0,-52.52062017405021,0.0034402364399284124,64,0,-1,,0,0,1.9793999999997425,0,2.5140000000014595,2.6586000000001775,2
1600,9.293786848072562,1,4096,0,1.0,-52.98277375665532,0.0028015824500471354,64,0,-1,,0,0,2.084200000002312,0,2.520300000000475,5.187100000000555,1
1601,9.299591836734693,1,4096,0,1.0,-50.734010288253,0.002706879051402211,64,0,-1,,0,0,4.05500000000103,0,7.166900000001419,12.760400000001226,3
1602,9.305396825396825,1,4096,0,1.0,-47.10771662887488,0.0027244279626756907,64,0,-1,,0,0,2.9409000000022445,0,3.6928999999972234,4.678700000003033,2
1603,9.311201814058958,1,4096,0,1.0,-47.07877576342269,0.0025176950730383396,64,0,-1,,0,0,2.65330000000219,0,3.1837999999986266,7.892900000001646,1
1604,9.317006802721089,1,4096,0,1.0,-44.085781501066556,0.0028027123771607876,64,0,-1,,0,0,4.483099999998075,0,5.783700000005609,13.736500000000262,0
1605,9.32281179138322,1,4096,0,1.0,-43.65406925273753,0.0035276312846690416,64,0,-1,,0,0,1.9518000000005031,0,2.5583000000004574,2.6998999999996443,2
1606,9.328616780045351,1,4096,0,1.0,-45.68299731421372,0.0032315286807715893,64,0,-1,,0,0,2.8230999999969697,0,3.294000000000352,6.018099999998583,1
1607,9.334421768707482,1,4096,0,1.0,-41.91121343873559,0.002798360539600253,64,0,-1,,0,0,6.029399999999185,0,6.963700000000017,13.057700000000949,0
1608,9.340226757369615,1,4096,0,1.0,-42.58272040232342,0.0027281956281512976,64,0,-1,,0,0,4.429600000001699,0,5.497300000001815,5.855999999997863,2
1609,9.346031746031747,1,4096,0,1.0,-42.78960631740745,0.0031206891871988773,64,0,-1,,0,0,3.1692999999997085,0,5.336299999996186,11.278099999998403,1
1610,9.351836734693878,1,4096,0,1.0,-43.674099579327745,0.0024914133828133345,64,0,-1,,0,0,2.35049999999859,0,2.9938999999998828,14.35950000000119,0
1611,9.357641723356009,1,4096,0,1.0,-43.34482103099586,0.002230611862614751,64,0,-1,,0,0,5.526700000000773,0,6.8193999999976995,7.072100000002024,2
1612,9.36344671201814,1,4096,0,1.0,-42.67539059290182,0.002705489518120885,64,0,-1,,0,0,5.5467000000000155,0,8.299400000002066,15.484699999998242,4
1613,9.369251700680271,1,4096,0,1.0,-46.502709850020295,0.002471642568707466,59,0,-1,,0,0,3.03429999999949,0,4.141399999998185,19.73520000000306,3
1614,9.375056689342404,1,4096,0,1.0,-47.82746904349817,0.0022015066351741552,59,0,-1,,0,0,4.039299999998747,0,4.926699999998618,9.85470000000177,2
1615,9.380861678004536,1,4096,0,1.0,-47.44750672574383,0.0021398263052105904,59,0,-1,,0,0,2.104899999999077,0,3.155200000001912,13.083200000000517,1
1616,9.386666666666667,1,4096,0,1.0,-50.20686190482692,0.002276542829349637,59,0,-1,,0,0,3.0605999999977485,0,3.6738000000013926,16.801699999998476,0
1617,9.392471655328798,1,4096,0,1.0,-52.376552394610336,0.002008472802117467,59,0,-1,,0,0,3.7164999999994563,0,4.513399999996892,4.686899999999383,2
1618,9.398276643990929,1,4096,0,1.0,-50.63633825638978,0.0019916470628231764,59,0,-1,,0,0,4.45709999999977,0,5.682200000002524,10.473499999999802,1
1619,9.404081632653062,1,4096,0,1.0,-44.45276342448702,0.002915578428655863,72,0,-1,,0,0,2.815099999999404,0,3.8143000000019356,14.42469999999929,0
1620,9.409886621315193,1,4096,0,1.0,-40.73624103649168,0.0037097721360623837,64,0,-1,,0,0,2.6551000000019087,0,3.3030000000024984,3.646799999998507,2
1621,9.415691609977324,1,4096,0,1.0,-45.01349302163174,0.005439511965960264,64,0,-1,,0,0,5.790099999998688,0,6.841000000001429,10.589299999999469,1
1622,9.421496598639456,1,4096,0,1.0,-39.10308868072229,0.0062004197388887405,64,0,-1,,0,0,2.4336999999974296,0,3.304200000002311,14.047399999999044,3
1623,9.427301587301587,1,4096,0,1.0,-40.09791681061664,0.005236052442342043,64,0,-1,,0,0,2.208899999999403,0,2.620699999997811,3.4438999999970576,2
1624,9.433106575963718,1,4096,0,1.0,-41.11345000646921,0.0053133293986320496,65,0,-1,,0,0,2.8559000000001333,0,3.4084000000014214,6.87329999999875,1
1625,9.438911564625851,1,4096,0,1.0,-43.68499058954214,0.006814559455960989,65,0,-1,,0,0,3.945999999999117,0,4.901199999999051,11.88319999999976,0
1626,9.444716553287982,1,4096,0,1.0,-47.126498601919096,0.0059870569966733456,64,0,-1,,0,0,4.6165000000009115,0,5.8935000000026605,6.214899999999801,2
1627,9.450521541950113,1,4096,0,1.0,-46.136308085719364,0.004112627357244492,64,0,-1,,0,0,2.855300000000227,0,4.540199999997441,10.823900000001885,1
1628,9.456326530612245,1,4096,0,1.0,-47.62175742117165,0.004756348207592964,64,0,-1,,0,0,2.281400000001099,0,2.7950000000025454,13.63359999999858,0
1629,9.462131519274376,1,4096,0,1.0,-49.452756648721405,0.004235199186950922,64,0,-1,,0,0,4.129199999997724,0,5.515500000001339,5.6723999999981345,2
1630,9.467936507936509,1,4096,0,1.0,-48.52898385221088,0.005308140069246292,64,0,-1,,0,0,2.5005999999976325,0,3.3073000000030106,8.728000000001401,1
1631,9.47374149659864,1,4096,0,1.0,-54.118141755313246,0.004873352125287056,64,0,-1,,0,0,2.349999999999852,0,2.8724999999987233,11.607699999999,0
1632,9.479546485260771,1,4096,0,1.0,-48.19680403085716,0.005517671816051006,64,0,-1,,0,0,2.3209000000008473,0,3.6836999999962927,3.910099999998806,2
1633,9.485351473922902,1,4096,0,1.0,-51.973911273574615,0.0058922842144966125,64,0,-1,,0,0,3.580500000001763,0,4.2305999999960875,8.171400000001938,1
1634,9.491156462585034,1,4096,0,1.0,-44.048625943416006,0.007687247823923826,64,0,-1,,0,0,5.450700000000808,0,7.230799999998538,15.551999999999566,3
1635,9.496961451247165,1,4096,0,1.0,-48.18340735212323,0.006273423787206411,64,0,-1,,0,0,4.09039999999905,0,6.464699999998658,13.103400000002097,2
1636,9.502766439909298,1,4096,0,1.0,-45.063810175849895,0.0067432899959385395,64,0,-1,,0,0,2.841400000001215,0,3.62039999999908,16.759199999999197,1
1637,9.508571428571429,1,4096,0,1.0,-45.98212416335991,0.006792694330215454,64,0,-1,,0,0,4.611299999996987,0,6.231400000000775,23.03179999999827,0
1638,9.51437641723356,1,4096,0,1.0,-46.21513108566526,0.005326707847416401,64,0,-1,,0,0,4.027700000001744,0,5.327399999998761,5.619800000001618,2
1639,9.520181405895691,1,4096,0,1.0,-48.52967189979367,0.003776712343096733,64,0,-1,,0,0,3.3156000000005292,0,4.059599999997943,9.66370000000083,1
1640,9.525986394557822,1,4096,0,1.0,-53.68487636436156,0.0037301124539226294,64,0,-1,,0,0,4.3568000000000495,0,5.246400000004314,15.029099999999573,3
1641,9.531791383219955,1,4096,0,1.0,-54.99610960911074,0.0032477565109729767,64,0,-1,,0,0,2.6551000000019087,0,3.421899999995759,4.393799999999004,2
1642,9.537596371882087,1,4096,0,1.0,-58.041346037803066,0.00262269820086658,64,0,-1,,0,0,2.5134000000015533,0,3.1551000000007434,7.582199999998096,1
1643,9.543401360544218,1,4096,0,1.0,-61.921509192126706,0.0021364507265388966,64,0,-1,,0,0,2.3474999999990587,0,2.8345999999999094,10.476000000000596,0
1644,9.549206349206349,1,4096,0,1.0,-57.832484997638396,0.0015763252740725875,64,0,-1,,0,0,2.853299999998171,0,3.848600000001312,4.0193000000030565,2
1645,9.55501133786848,1,4096,0,1.0,-65.1382116809923,0.0016848910599946976,64,0,-1,,0,0,3.218700000001462,0,4.040800000002065,8.125900000003128,4
1646,9.560816326530611,1,4096,0,1.0,-61.139993646646424,0.001679976936429739,64,0,-1,,0,0,3.9159000000026367,0,4.81359999999853,12.683799999997802,3
1647,9.566621315192744,1,4096,0,1.0,-64.32599884156579,0.001697262399829924,64,0,-1,,0,0,2.486199999999883,0,3.026999999999447,10.370899999998073,2
1648,9.572426303854876,1,4096,0,1.0,-73.47885393798248,0.001676164916716516,64,0,-1,,0,0,2.597300000001468,0,3.0605999999977485,13.450200000001189,1
1649,9.578231292517007,1,4096,0,1.0,-74.35064708369107,0.0016620882088318467,66,0,-1,,0,0,4.1575000000015905,0,5.178999999998268,18.724199999997637,0
1650,9.584036281179138,1,512,1,1.0,-68.01077346164277,0.020728740841150284,59,0,-1,,0,0,4.5125000000005855,0,6.371800000003702,6.959300000001889,2
1651,9.58984126984127,1,512,0,1.0,-64.1531853486909,0.020676860585808754,59,0,-1,,0,0,4.5111000000019885,0,5.595299999999526,12.558999999999543,1
1652,9.595646258503402,1,512,0,1.0,-63.019938207773976,0.020516103133559227,59,0,-1,,0,0,6.268999999999636,0,7.6958000000004745,20.409900000000647,0
1653,9.601451247165533,1,1024,0,1.0,-65.4030349024871,0.02083546295762062,59,0,-1,,0,0,4.01459999999787,0,5.823799999998158,5.993799999998828,2
1654,9.607256235827665,1,1024,0,1.0,-68.63590903569373,0.02040058746933937,59,0,-1,,0,0,4.481399999999525,0,5.393300000001489,10.390900000000869,1
1655,9.613061224489796,1,2048,0,1.0,-68.36566866515248,0.019990423694252968,59,0,-1,,0,0,2.515299999998888,0,3.2463000000007014,13.646300000001332,3
1656,9.618866213151927,1,2048,0,1.0,-64.46187661348597,0.020235110074281693,59,0,-1,,0,0,2.0830000000024995,0,2.5404999999985023,2.8798999999999353,2
1657,9.624671201814058,1,2048,0,1.0,-61.49405380785518,0.020669523626565933,59,0,-1,,0,0,2.5362999999991587,0,2.946900000001307,5.841600000000113,1
1658,9.630476190476191,1,2048,0,1.0,-60.95464887144729,0.02005787007510662,59,0,-1,,0,0,2.8672999999983517,0,3.499700000002548,9.406999999999499,0
1659,9.636281179138322,1,4096,0,1.0,-63.55213609131173,0.0025756587274372578,59,0,-1,,0,0,2.7974000000021704,0,3.652799999997569,3.8403000000002407,2
1660,9.642086167800453,1,4096,0,1.0,-60.7182441008741,0.002606795635074377,59,0,-1,,0,0,2.5212000000003343,0,3.0801000000018064,6.955900000001236,1
1661,9.647891156462585,1,4096,0,1.0,-56.178167864749426,0.002732871100306511,59,0,-1,,0,0,2.1143999999999608,0,2.5572999999994295,9.56030000000041,0
1662,9.653696145124716,1,4096,0,1.0,-53.710960611777374,0.0033775188494473696,59,0,-1,,0,0,2.0594999999978825,0,2.750599999998826,2.961400000000225,2
1663,9.659501133786849,1,4096,0,1.0,-44.08421324882109,0.004911657422780991,59,0,-1,,0,0,2.4396000000024287,0,2.9190999999997302,5.889200000002148,1
1664,9.66530612244898,1,4096,0,1.0,-45.65417143452378,0.006273983046412468,59,0,-1,,0,0,2.032200000002149,0,2.4340999999985513,8.365200000000073,0
1665,9.671111111111111,1,4096,0,1.0,-43.021305970407646,0.0064746481366455555,59,0,-1,,0,0,4.7725999999990165,0,6.024700000001104,6.263199999999358,2
1666,9.676916099773242,1,4096,0,1.0,-47.24013710130416,0.005286251660436392,59,0,-1,,0,0,3.319399999998751,0,4.413700000000631,10.7588000000014,1
1667,9.682721088435374,1,4096,0,1.0,-43.0567108146813,0.005473052151501179,59,0,-1,,0,0,2.9156999999990774,0,3.634200000000476,14.481100000001135,3
1668,9.688526077097505,1,4096,0,1.0,-45.881965391977396,0.005485352594405413,64,0,-1,,0,0,2.5440999999979397,0,3.0993000000023585,3.398799999999369,2
1669,9.694331065759638,1,4096,0,1.0,-42.788517441314596,0.00478995218873024,64,0,-1,,0,0,2.7001999999995974,0,3.2503999999988764,6.6572999999969795,1
1670,9.700136054421769,1,4096,0,1.0,-42.76032175456747,0.005896248389035463,64,0,-1,,0,0,3.428500000001833,0,5.998400000002846,13.195200000001961,3
1671,9.7059410430839,1,4096,0,1.0,-49.922937897896546,0.0049624997191131115,64,0,-1,,0,0,2.8554999999990116,0,3.483199999998021,4.093699999998535,2
1672,9.711746031746031,1,4096,0,1.0,-43.57052578924937,0.006311789155006409,69,0,-1,,0,0,5.895500000001164,0,7.306599999999719,11.465299999997569,1
1673,9.717551020408163,1,4096,0,1.0,-47.54305575616749,0.006170450709760189,69,0,-1,,0,0,5.975899999999257,0,9.532899999999955,21.18199999999959,0
1674,9.723356009070296,1,4096,0,1.0,-49.14996537669186,0.005603164434432983,69,0,-1,,0,0,7.245300000001009,0,9.90499999999983,10.086399999998719,2
1675,9.729160997732427,1,4096,0,1.0,-52.41416584513093,0.004475013352930546,69,0,-1,,0,0,4.054700000001077,0,5.092500000003497,14.777500000000998,1
1676,9.734965986394558,1,4096,0,1.0,-54.10127081199771,0.004426585044711828,69,0,-1,,0,0,2.8287999999996316,0,3.4668000000017685,18.259999999997945,3
1677,9.740770975056689,1,4096,0,1.0,-58.38375674316517,0.004608344752341509,69,0,-1,,0,0,4.224600000000578,0,5.123000000001099,7.663399999998433,2
1678,9.74657596371882,1,4096,0,1.0,-60.35931305595784,0.004247155040502548,69,0,-1,,0,0,2.6169000000031417,0,3.6323000000031413,11.390000000002232,1
1679,9.752380952380953,1,4096,0,1.0,-60.20384140243177,0.003093801438808441,69,0,-1,,0,0,2.0932999999985213,0,2.5639999999995666,14.006000000001961,0
1680,9.758185941043084,1,4096,0,1.0,-62.148573349733724,0.0038405130617320538,69,0,-1,,0,0,5.482600000000559,0,6.853400000000676,7.02270000000027,2
1681,9.763990929705216,1,4096,0,1.0,-64.19391161981483,0.0034223701804876328,69,0,-1,,0,0,3.028600000000381,0,3.7728000000001316,10.954699999999207,1
1682,9.769795918367347,1,512,1,1.0,-67.18945170295734,0.02188500389456749,59,0,-1,,0,0,2.7180000000015525,0,3.8411999999965474,14.81899999999925,3
1683,9.775600907029478,1,512,0,1.0,-67.05779841510153,0.022733792662620544,59,0,-1,,0,0,2.558100000001673,0,3.2136999999963223,6.661499999999876,2
1684,9.78140589569161,1,512,0,1.0,-72.00936237839436,0.021733200177550316,59,0,-1,,0,0,4.179099999998215,0,4.926799999999787,11.607000000001477,1
1685,9.787210884353742,1,1024,0,0.18058865642785543,-77.23782159374603,0.02052530273795128,59,0,-1,,0,0,2.5580000000005043,0,3.0428000000028987,14.672199999999691,0
1686,9.793015873015873,1,1024,0,1.0,-76.25207092014625,0.020037632435560226,59,0,-1,,0,0,3.1494000000016342,0,4.097299999997972,4.233100000000434,2
1687,9.798820861678005,1,2048,0,0.9584838267913606,-77.24954734904996,0.01975293830037117,59,0,-1,,0,0,2.672900000000311,0,4.096199999999328,8.475999999998152,1
1688,9.804625850340136,1,2048,0,0.8989419091734274,-79.94583735593947,0.02007228508591652,59,0,-1,,0,0,2.123499999999723,0,2.5849999999962847,10.855000000002946,0
1689,9.810430839002267,1,2048,0,0.0,-81.92573585128214,0.019894950091838837,59,0,-1,,0,0,3.416099999999034,0,4.288399999996528,4.4584999999983665,2
1690,9.8162358276644,1,2048,0,0.45210740667677496,-82.07090838680043,0.01993313990533352,59,0,-1,,0,0,3.7857000000016683,0,5.211799999997879,9.878600000000404,1
1691,9.822040816326531,1,4096,0,0.07163586529401057,-83.40055160084052,0.0028126719407737255,59,0,-1,,0,0,3.143800000000141,0,4.127399999998005,14.119300000000834,0
1692,9.827845804988662,1,4096,0,0.10917320254279542,-83.62399337740811,0.002674537245184183,59,0,-1,,0,0,2.9044999999996435,0,3.984100000000268,4.273099999998919,2
1693,9.833650793650794,1,4096,0,0.0,-85.93251553985162,0.002639919985085726,59,0,-1,,0,0,2.4164000000013175,0,3.2195000000037055,7.486100000001272,4
1694,9.839455782312925,1,4096,0,0.0,-87.94430631774462,0.0025943557266145945,59,0,-1,,0,0,3.9207999999995025,0,5.160799999998744,12.71859999999947,3
1695,9.845260770975056,1,4096,0,0.0,-90.75011374872831,0.0026426054537296295,59,0,-1,,0,0,3.4311000000002423,0,3.9558999999975697,11.70009999999877,2
1696,9.851065759637189,1,4096,0,0.0,-91.76036896368987,0.002571024699136615,59,0,-1,,0,0,2.5342999999971028,0,3.1371000000000038,14.886099999998237,1
1697,9.85687074829932,1,4096,0,0.0,-90.96174866035683,0.00261821411550045,59,0,-1,,0,0,2.2292999999997676,0,2.6231000000009885,17.557499999998782,3
1698,9.862675736961451,1,4096,0,0.0,-90.5843146999018,0.0026010533329099417,59,0,-1,,0,0,2.8967999999984784,0,3.3945999999964727,4.660099999998835,2
1699,9.868480725623582,1,4096,0,0.0,-91.80802213939772,0.002628509420901537,59,0,-1,,0,0,3.5604999999989673,0,5.3362999999997385,10.1274999999994,1
1700,9.874285714285714,1,4096,0,0.0,-91.46275119353095,0.002639535814523697,59,0,-1,,0,0,2.8811999999973636,0,3.6330000000006635,13.857499999996747,0
1701,9.880090702947847,1,4096,0,0.0,-93.01548769113678,0.002631200011819601,59,0,-1,,0,0,3.394399999997688,0,4.485299999998915,4.673400000001493,2
1702,9.885895691609978,1,4096,0,0.0,-93.51802597386438,0.002636855933815241,59,0,-1,,0,0,2.437900000000326,0,3.1394999999996287,7.845500000001948,1
1703,9.891700680272109,1,4096,0,0.0,-93.30998225268631,0.0026421707589179277,59,0,-1,,0,0,2.2698000000005436,0,3.1007000000009555,10.995900000001058,3
1704,9.89750566893424,1,4096,0,0.0,-94.83572925497432,0.0026312260888516903,59,0,-1,,0,0,2.3575999999998487,0,2.8335000000012656,5.481899999999484,2
1705,9.903310657596371,1,4096,0,0.0,-95.29183509470138,0.002627324778586626,59,0,-1,,0,0,3.7826000000009685,0,4.7256999999980565,10.28570000000073,1
1706,9.909115646258503,1,4096,0,0.0,-95.98564066195814,0.0026288474909961224,59,0,-1,,0,0,2.1030999999993583,0,2.7753000000032557,13.187200000000843,0
1707,9.914920634920636,1,4096,0,0.0,-94.9330270966879,0.0026346398517489433,59,0,-1,,0,0,2.9900000000004923,0,4.467599999998129,4.63799999999992,2
1708,9.920725623582767,1,4096,0,0.0,-95.1862583060634,0.002631890820339322,59,0,-1,,0,0,2.2809999999999775,0,2.8875999999975477,7.579700000000855,1
1709,9.926530612244898,1,4096,0,0.0,-90.0413226326227,0.002631316427141428,59,0,-1,,0,0,2.084699999997497,0,2.5339999999971496,10.16260000000102,0
1710,9.93233560090703,1,4096,0,0.48818064706327885,-84.29147523197763,0.0026353339198976755,59,0,-1,,0,0,5.613800000002556,0,8.393999999995572,8.909099999996783,2
1711,9.93814058956916,1,4096,0,1.0,-78.80518266926957,0.002635842887684703,59,0,-1,,0,0,8.682999999997776,0,10.324699999998188,19.271400000000938,1
1712,9.943945578231293,1,4096,0,0.0,-90.65722287811337,0.0026364519726485014,59,0,-1,,0,0,3.0511999999980333,0,3.8832000000006417,23.204300000003286,0
1713,9.949750566893425,1,4096,0,0.0,-95.86203353190663,0.002634261269122362,59,0,-1,,0,0,4.205799999997595,0,5.168799999999862,5.538500000000113,5
1714,9.955555555555556,1,4096,0,0.0,-95.74184731756222,,-1,0,-1,,0,0,,1,1.3633999999989044,7.070899999998659,4
1715,9.961360544217687,1,4096,0,0.0,-96.8882527379592,0.0026343741919845343,59,0,-1,,0,0,4.994400000001065,0,6.255499999998193,13.449500000000114,3
1716,9.967165532879818,1,4096,0,0.0,-95.74184731756222,0.0026341737248003483,59,0,-1,,0,0,3.7252999999992653,0,4.5165999999987605,12.965799999999916,2
1717,9.97297052154195,1,4096,0,0.0,-96.17790898892383,0.0026331287808716297,59,0,-1,,0,0,10.964900000001165,0,11.999700000000502,25.015899999999647,4
1718,9.978775510204082,1,4096,0,0.0,-96.51857380658345,0.0026353427674621344,59,0,-1,,0,0,4.0464000000000055,0,5.18300000000238,30.327199999998555,3
1719,9.984580498866213,1,4096,0,0.0,-95.4551743635379,0.002634970471262932,59,0,-1,,0,0,6.994199999997619,0,7.989499999997207,16.96839999999966,2
1720,9.990385487528345,1,4096,0,0.0,-95.03255481865014,0.002632953692227602,59,0,-1,,0,0,3.013100000000435,0,4.699099999999845,21.7380000000027,4
1721,9.996190476190476,1,4096,0,0.0,-95.9233973547883,0.002632611896842718,59,0,-1,,0,0,2.696699999997776,0,3.3371000000030904,25.120400000002263,3
1722,10.001995464852607,1,4096,0,0.0,-95.51101507673651,0.0026339830365031958,59,0,-1,,0,0,4.003600000000773,0,4.894000000000176,8.723700000000889,2
1723,10.00780045351474,1,4096,0,0.0,-93.96663249618472,0.002633602125570178,59,0,-1,,0,0,5.323399999998202,0,6.670399999997301,15.522600000000608,1
1724,10.013605442176871,1,4096,0,0.0,-95.74184731756222,0.002630531555041671,59,0,-1,,0,0,2.903999999997353,0,3.785199999999378,19.40739999999863,3
1725,10.019410430839002,1,4096,0,0.0,-95.62489775455435,0.0026355243753641844,59,0,-1,,0,0,3.0047999999993635,0,3.8132000000032917,5.909400000000176,2
1726,10.025215419501134,1,4096,0,0.0,-95.03255481865014,0.0026356785092502832,59,0,-1,,0,0,4.333700000000107,0,4.998899999996809,10.927099999999967,1
1727,10.031020408163265,1,4096,0,0.0,-94.6937514599202,0.0026345644146203995,59,0,-1,,0,0,2.4434000000006506,0,3.2209999999963657,14.222600000000085,0
1728,10.036825396825396,1,4096,0,0.0,-95.08318728956347,0.0026341883931308985,59,0,-1,,0,0,3.1676000000011584,0,4.0464000000000055,4.256000000001592,2
1729,10.042630385487529,1,4096,0,0.0,-90.00953804827043,0.002634303644299507,59,0,-1,,0,0,2.7986999999995987,0,3.4829999999992367,7.7785999999981925,1
1730,10.04843537414966,1,4096,0,0.534191874324398,-79.04951866815759,0.0026332817506045103,59,0,-1,,0,0,3.457499999999669,0,4.050599999999349,11.872100000001495,0
1731,10.054240362811791,1,4096,0,1.0,-75.63657517437012,0.002641964703798294,59,0,-1,,0,0,2.327100000002247,0,3.0375999999989745,3.192099999999698,2
1732,10.060045351473923,1,512,1,1.0,-66.20054948814,0.020247934386134148,59,0,-1,,0,0,3.324100000000385,0,3.827399999998704,7.032399999999939,1
1733,10.065850340136054,1,512,0,1.0,-66.26304826513936,0.02139923721551895,59,0,-1,,0,0,2.162599999998349,0,2.776000000000778,9.862300000001767,0
1734,10.071655328798187,1,512,0,1.0,-59.122460557012566,0.02311045117676258,59,0,-1,,0,0,4.023699999997632,0,5.465899999997248,5.683900000001074,2
1735,10.077460317460318,1,1024,0,1.0,-65.29042479451498,0.021642059087753296,59,0,-1,,0,0,5.0258999999996945,0,6.113799999997838,11.46890000000056,1
1736,10.083265306122449,1,1024,0,1.0,-56.29538864662067,0.026403749361634254,59,0,-1,,0,0,3.7576999999977545,0,4.889400000003263,16.388299999999134,3
1737,10.08907029478458,1,2048,0,1.0,-56.65011883309592,0.02475775219500065,59,0,-1,,0,0,2.945900000000279,0,3.6364999999989323,3.954300000000188,2
1738,10.094875283446711,1,2048,0,1.0,-53.71631453558939,0.02819225564599037,59,0,-1,,0,0,4.1569999999993,0,4.9080000000003565,8.90449999999987,1
1739,10.100680272108843,1,2048,0,1.0,-51.79657225741482,0.029743729159235954,59,0,-1,,0,0,3.9309999999979084,0,4.714299999999838,13.710499999998405,3
1740,10.106485260770976,1,2048,0,1.0,-58.99956713762397,0.025194907560944557,59,0,-1,,0,0,4.069300000001164,0,4.976100000000372,7.939799999999053,2
1741,10.112290249433107,1,4096,0,1.0,-51.53578864016326,0.0038240475114434958,59,0,-1,,0,0,5.811599999997696,0,7.091800000004866,15.128799999999387,1
1742,10.118095238095238,1,4096,0,1.0,-50.87410131402975,0.004131005145609379,59,0,-1,,0,0,4.013999999997964,0,4.946600000000245,20.201400000001257,0
1743,10.12390022675737,1,4096,0,1.0,-47.88916917904981,0.005302848294377327,59,0,-1,,0,0,2.8714000000000794,0,3.9573999999973353,4.286199999999241,2
1744,10.1297052154195,1,4096,0,1.0,-38.89797351510572,0.008312185294926167,59,0,-1,,0,0,4.112700000000302,0,4.899500000000501,9.234500000001589,1
1745,10.135510204081633,1,4096,0,1.0,-35.484081790908114,0.009458595886826515,59,0,-1,,0,0,2.5896000000003028,0,3.290900000003205,12.681900000000468,0
1746,10.141315192743765,1,4096,0,1.0,-35.96164555590712,0.009751047939062119,64,0,-1,,0,0,2.0381999999976586,0,3.0541000000035012,3.2730999999976973,2
1747,10.147120181405896,1,4096,0,1.0,-36.61106162288816,0.011142984963953495,64,0,-1,,0,0,3.014000000000294,0,3.544099999999162,6.83700000000087,1
1748,10.152925170068027,1,4096,0,1.0,-35.18110930433126,0.011230860836803913,64,0,-1,,0,0,3.601199999998528,0,5.034199999997213,12.013200000001945,0
1749,10.158730158730158,1,4096,0,1.0,-35.42501028403969,0.010790850967168808,64,0,-1,,0,0,4.395200000001154,0,5.507099999999099,5.688200000001586,2
1750,10.164535147392291,1,4096,0,1.0,-32.58577468922877,0.011997297406196594,64,0,-1,,0,0,4.788899999997653,0,6.159000000000248,12.116600000002364,4
1751,10.170340136054422,1,4096,0,1.0,-34.75356599748624,0.013052613474428654,64,0,-1,,0,0,1.96809999999914,0,2.5009999999952015,14.698400000000333,3
1752,10.176145124716554,1,4096,0,1.0,-33.21842962456135,0.014730952680110931,64,0,-1,,0,0,3.361699999999246,0,4.05359999999888,6.996199999999675,2
1753,10.181950113378685,1,4096,0,1.0,-32.95535369008893,0.016999436542391777,64,0,-1,,0,0,5.3426999999999225,0,8.245000000002278,15.388900000001371,1
1754,10.187755102040816,1,4096,0,1.0,-33.98774316320794,0.020126240327954292,64,0,-1,,0,0,4.329399999999595,0,5.479900000000981,21.015199999997236,0
1755,10.193560090702947,1,4096,0,1.0,-36.054387469160346,0.02526840567588806,64,0,-1,,0,0,6.399400000002942,0,8.661599999999936,9.482599999998342,2
1756,10.19936507936508,1,4096,0,1.0,-39.04064015367941,0.02960074134171009,64,0,-1,,0,0,5.233900000000347,0,7.1635000000007665,16.690899999996844,4
1757,10.205170068027211,1,4096,0,1.0,-40.560779365198094,0.036977291107177734,64,0,-1,,0,0,4.3899999999972295,0,6.939100000000309,23.791700000000304,3
1758,10.210975056689342,1,4096,0,1.0,-43.01756246177254,0.041831113398075104,64,0,-1,,0,0,2.8216999999983727,0,3.6472000000031812,14.26569999999927,2
1759,10.216780045351474,1,4096,0,1.0,-45.876855308821064,0.04933955892920494,64,0,-1,,0,0,3.2429000000000485,0,4.049999999999443,18.357699999999255,1
1760,10.222585034013605,1,4096,0,1.0,-47.079551538659636,0.03131602704524994,64,0,-1,,0,0,5.156800000001738,0,6.178299999998416,24.638100000000662,0
1761,10.228390022675738,1,4096,0,1.0,-47.26008529556809,0.018060939386487007,64,0,-1,,0,0,3.642700000000332,0,5.179099999999437,5.545600000001372,2
1762,10.234195011337869,1,4096,0,1.0,-47.079477342103566,,-1,0,-1,,0,0,,1,1.1247000000018659,6.687500000001734,4
1763,10.24,1,4096,0,1.0,-51.64057720825828,0.010380387306213379,64,0,-1,,0,0,4.866799999998506,0,5.6770000000021525,12.42290000000068,3
1764,10.245804988662131,1,4096,0,1.0,-51.10321820845766,0.00889795832335949,64,0,-1,,0,0,2.7900999999985743,0,3.8120000000034793,10.237099999997668,2
1765,10.251609977324263,1,4096,0,1.0,-54.13473051283253,0.006859641056507826,64,0,-1,,0,0,2.542200000000605,0,3.290400000000915,13.544899999999416,1
1766,10.257414965986394,1,4096,0,1.0,-54.63208175041145,0.005898596718907356,64,0,-1,,0,0,2.1823999999988075,0,2.7149999999984686,16.28239999999792,3
1767,10.263219954648527,1,4096,0,1.0,-57.563043419193214,0.004409853834658861,64,0,-1,,0,0,3.680899999999099,0,4.325299999997867,4.873599999999811,2
1768,10.269024943310658,1,4096,0,1.0,-53.7725995426511,0.003910478670150042,64,0,-1,,0,0,2.601399999999643,0,3.9504999999984136,9.05260000000041,1
1769,10.27482993197279,1,4096,0,1.0,-47.664908401626185,0.004098305478692055,64,0,-1,,0,0,3.0335999999984153,0,3.5724000000030287,12.688199999999483,0
1770,10.28063492063492,1,4096,0,1.0,-54.00701187146295,0.003081246744841337,64,0,-1,,0,0,5.502400000001018,0,7.539300000001248,7.882799999997303,2
1771,10.286439909297052,1,4096,0,1.0,-54.48605958128226,0.0031244102865457535,64,0,-1,,0,0,3.2282999999999618,0,4.583399999997795,12.568999999999164,1
1772,10.292244897959185,1,4096,0,1.0,-51.40800954621212,0.0034084138460457325,64,0,-1,,0,0,4.5692000000023825,0,5.714099999998723,18.41140000000152,0
1773,10.298049886621316,1,4096,0,1.0,-48.23316801749567,0.003513212315738201,64,0,-1,,0,0,2.425600000002248,0,3.118199999999405,3.352100000000746,2
1774,10.303854875283447,1,4096,0,1.0,-48.4599667960546,0.004334727302193642,64,0,-1,,0,0,3.744399999998649,0,4.445999999997952,7.844999999999658,1
1775,10.309659863945578,1,4096,0,1.0,-44.67466284610802,0.004499291535466909,64,0,-1,,0,0,6.235100000001381,0,7.182499999995429,15.15330000000148,3
1776,10.31546485260771,1,4096,0,1.0,-46.64834354892399,0.0034416066482663155,64,0,-1,,0,0,4.137400000001179,0,5.449300000002211,7.073000000001883,2
1777,10.32126984126984,1,4096,0,1.0,-48.32874662136916,0.0038533646147698164,64,0,-1,,0,0,4.841200000001322,0,6.089899999999204,13.254899999999736,1
1778,10.327074829931973,1,4096,0,1.0,-49.877720472456076,0.0032095094211399555,64,0,-1,,0,0,4.638900000003332,0,7.307700000001915,20.78859999999949,3
1779,10.332879818594105,1,4096,0,1.0,-50.338533761526435,0.0026489372830837965,64,0,-1,,0,0,3.165100000000365,0,4.354099999996919,8.316000000000656,2
1780,10.338684807256236,1,4096,0,1.0,-50.2868903146956,0.002357306657359004,64,0,-1,,0,0,5.4379999999980555,0,6.216000000001998,14.60480000000075,1
1781,10.344489795918367,1,4096,0,1.0,-51.00207616544118,0.002746536396443844,64,0,-1,,0,0,4.777099999998313,0,7.2763000000009015,22.33659999999915,0
1782,10.350294784580498,1,4096,0,1.0,-50.586485141699555,0.0029246732592582703,64,0,-1,,0,0,5.863900000001365,0,7.241600000000403,7.533299999998633,2
1783,10.356099773242631,1,4096,0,1.0,-43.88758482761566,0.004551971796900034,64,0,-1,,0,0,4.19069999999877,0,5.479499999996307,13.142099999999601,1
1784,10.361904761904762,1,4096,0,1.0,-39.66334954180272,0.006028514355421066,64,0,-1,,0,0,3.3236999999992634,0,3.9201999999995962,17.124299999998982,3
1785,10.367709750566894,1,4096,0,1.0,-37.78572584034273,0.006210225634276867,64,0,-1,,0,0,5.124099999999743,0,6.051400000004037,8.90200000000263,2
1786,10.373514739229025,1,4096,0,1.0,-38.5655424291291,0.007604815065860748,64,0,-1,,0,0,2.920899999999449,0,4.660499999999956,13.687300000000846,4
1787,10.379319727891156,1,4096,0,1.0,-37.548868524162465,0.009450920857489109,64,0,-1,,0,0,3.6962000000002604,0,4.415599999997966,18.1906000000005,3
1788,10.385124716553287,1,4096,0,1.0,-39.279913837796585,0.009604956023395061,64,0,-1,,0,0,2.6559999999982153,0,3.4601000000016313,11.33570000000006,2
1789,10.39092970521542,1,4096,0,1.0,-40.99336702678596,0.010077022016048431,64,0,-1,,0,0,5.200900000001951,0,6.689699999999021,18.206899999999138,1
1790,10.396734693877551,1,4096,0,1.0,-40.3922653450779,0.01004549115896225,64,0,-1,,0,0,3.9718000000021902,0,6.123800000001012,24.455099999997287,3
1791,10.402539682539683,1,4096,0,1.0,-38.606058853911954,0.01001785509288311,64,0,-1,,0,0,2.6062000000024454,0,3.3642000000000394,9.088800000000674,2
1792,10.408344671201814,1,4096,0,1.0,-42.53225890989007,0.010121216997504234,69,0,-1,,0,0,5.184499999998593,0,6.2971999999987815,15.578200000000209,1
1793,10.414149659863945,1,4096,0,1.0,-44.755966376761776,0.011515606194734573,64,0,-1,,0,0,3.569999999999851,0,5.7381999999996935,21.46680000000245,3
1794,10.419954648526078,1,4096,0,1.0,-48.24136243268269,0.00987501535564661,64,0,-1,,0,0,3.0178999999996847,0,3.9164000000013743,6.268500000000898,2
1795,10.425759637188209,1,4096,0,1.0,-48.99555899528296,0.01083404291421175,64,0,-1,,0,0,4.869200000001683,0,5.820599999999843,12.145000000000294,1
1796,10.43156462585034,1,4096,0,1.0,-54.19547837414243,0.00920646358281374,64,0,-1,,0,0,3.3738999999997077,0,4.883899999999386,17.12450000000132,3
1797,10.437369614512471,1,4096,0,1.0,-50.90232971578231,0.007390840444713831,64,0,-1,,0,0,3.337900000001781,0,4.257400000000189,6.297699999997519,2
1798,10.443174603174603,1,4096,0,1.0,-51.27707836800248,0.008624715730547905,64,0,-1,,0,0,6.697599999998971,0,7.743499999996573,14.14010000000232,1
1799,10.448979591836734,1,4096,0,1.0,-55.90095738513278,0.007355888839811087,64,0,-1,,0,0,3.0226000000013187,0,4.800500000001762,19.086200000000275,3
1800,10.454784580498867,1,4096,0,1.0,-59.38698512214688,0.005708759650588036,64,0,-1,,0,0,2.7439999999998577,0,3.6225999999999203,7.645200000002461,2
1801,10.460589569160998,1,4096,0,1.0,-62.229758473356746,0.004432320594787598,64,0,-1,,0,0,5.3611999999994,0,6.120199999998022,13.935400000001152,1
1802,10.46639455782313,1,4096,0,1.0,-62.21378886657937,0.0035691233351826668,64,0,-1,,0,0,3.1850999999996077,0,4.144700000001222,18.204900000000634,0
1803,10.47219954648526,1,512,1,1.0,-67.02757080163147,0.022315870970487595,59,0,-1,,0,0,4.884900000000414,0,5.884000000001777,6.027100000000729,2
1804,10.478004535147392,1,512,0,1.0,-67.00151096094625,0.02135678566992283,59,0,-1,,0,0,3.839299999999213,0,5.163299999995985,11.3935000000005,1
1805,10.483809523809525,1,512,0,1.0,-67.95694315997795,0.02140096202492714,59,0,-1,,0,0,3.123899999998514,0,3.833599999996551,15.311500000002809,0
1806,10.489614512471656,1,1024,0,1.0,-61.9433279058928,0.02037389948964119,59,0,-1,,0,0,2.376099999999326,0,3.1098999999983334,3.241700000000236,2
1807,10.495419501133787,1,1024,0,1.0,-58.58615969347596,0.021359849721193314,59,0,-1,,0,0,5.630799999998715,0,6.563299999996275,9.837799999999675,1
1808,10.501224489795918,1,2048,0,1.0,-57.96070024916331,0.020006215199828148,59,0,-1,,0,0,4.169700000002052,0,6.553000000000253,16.292700000001048,3
1809,10.50702947845805,1,2048,0,1.0,-56.25430595373785,0.020670460537075996,59,0,-1,,0,0,2.7532999999984042,0,3.659500000001259,10.225399999999496,2
1810,10.51283446712018,1,2048,0,1.0,-55.82891244742045,0.02081405371427536,59,0,-1,,0,0,5.406099999998304,0,6.209500000000645,16.45939999999868,1
1811,10.518639455782314,1,2048,0,1.0,-59.82733905212897,0.02121228352189064,59,0,-1,,0,0,2.330499999999347,0,3.1058000000001584,19.622400000002926,0
1812,10.524444444444445,1,4096,0,1.0,-61.569386847613515,0.0020575106609612703,59,0,-1,,0,0,2.134200000000419,0,2.796699999997543,2.949199999999763,2
1813,10.530249433106576,1,4096,0,1.0,-61.66154140425121,0.002222212729975581,59,0,-1,,0,0,2.642599999997941,0,3.1486000000029435,6.118799999999425,1
1814,10.536054421768707,1,4096,0,1.0,-60.94672352817624,0.0023598826956003904,59,0,-1,,0,0,5.060199999999071,0,5.749000000001558,11.928600000000955,0
1815,10.541859410430838,1,4096,0,1.0,-62.64474604882811,0.0025476887822151184,59,0,-1,,0,0,2.524699999998603,0,3.305199999999786,3.4799000000020897,2
1816,10.547664399092971,1,4096,0,1.0,-60.34073175474469,0.0027311979793012142,59,0,-1,,0,0,2.699600000003244,0,3.2733000000035872,6.771700000001601,1
1817,10.553469387755102,1,4096,0,1.0,-55.39288006272293,0.0031394928228110075,59,0,-1,,0,0,4.216400000000675,0,5.389199999999761,12.277600000000888,0
1818,10.559274376417234,1,4096,0,1.0,-51.40110616142242,0.004155600443482399,59,0,-1,,0,0,4.712600000001288,0,5.702899999999289,6.0168999999987705,2
1819,10.565079365079365,1,4096,0,1.0,-48.42543918811829,0.005571240093559027,53,0,-1,,0,0,2.577099999999888,0,3.34840000000014,9.431799999997992,1
1820,10.570884353741496,1,4096,0,1.0,-47.20601255745798,0.006570280995219946,64,0,-1,,0,0,2.174499999998858,0,2.915100000002724,12.411300000000125,3
1821,10.576689342403627,1,4096,0,1.0,-48.09809428192099,0.006396998185664415,64,0,-1,,0,0,2.216600000000568,0,2.6218999999976234,5.412800000001994,2
1822,10.58249433106576,1,4096,0,1.0,-50.883641450667845,0.005692942533642054,64,0,-1,,0,0,4.700599999999611,0,5.437700000005208,10.895200000000216,1
1823,10.588299319727891,1,4096,0,1.0,-57.508167836823745,0.004184043034911156,65,0,-1,,0,0,3.3954999999998847,0,4.662599999996075,15.750799999999288,0
1824,10.594104308390023,1,4096,0,1.0,-62.77357878504904,0.0028396311681717634,65,0,-1,,0,0,5.078699999998548,0,5.85879999999861,6.008800000000036,2
1825,10.599909297052154,1,4096,0,1.0,-65.50172949379471,0.0020691854879260063,65,0,-1,,0,0,2.385999999997779,0,3.0216000000002907,9.068199999997972,1
1826,10.605714285714285,1,512,1,1.0,-68.33078128735221,0.023913849145174026,59,0,-1,,0,0,2.2903999999996927,0,2.8346999999975253,11.949500000000057,0
1827,10.611519274376418,1,512,0,1.0,-71.75142402301412,0.021858755499124527,59,0,-1,,0,0,6.768600000000902,0,8.711500000000427,8.9421999999999,2
1828,10.61732426303855,1,512,0,1.0,-71.73631587517313,0.020953219383955002,59,0,-1,,0,0,2.697300000001235,0,3.3952000000034843,12.39800000000102,1
1829,10.62312925170068,1,1024,0,1.0,-73.56236938553651,0.020712582394480705,59,0,-1,,0,0,3.147099999999625,0,3.661900000000884,15.440800000000365,0
1830,10.628934240362812,1,1024,0,0.8254233512252522,-75.413877028393,0.02025701478123665,59,0,-1,,0,0,2.8909999999982006,0,3.8292999999995914,4.103000000000634,2
1831,10.634739229024943,1,2048,0,1.0,-76.38197773873006,,-1,0,-1,,0,0,,1,1.1174999999994384,5.242599999998987,4
1832,10.640544217687076,1,2048,0,1.0,-74.23475221660074,0.0192988570779562,59,0,-1,,0,0,4.699500000000967,0,5.650500000001557,10.95640000000131,3
1833,10.646349206349207,1,2048,0,1.0,-73.35942673301612,0.01957603171467781,59,0,-1,,0,0,4.048499999999677,0,5.46149999999912,12.350399999998984,2
1834,10.652154195011338,1,2048,0,1.0,-76.67752655268936,0.01959642581641674,59,0,-1,,0,0,2.6302999999998633,0,3.1976000000000226,15.601399999997767,1
1835,10.65795918367347,1,4096,0,0.5352716159732005,-81.70029879541104,0.001892376341857016,65,0,-1,,0,0,2.600099999998662,0,3.308600000000439,18.98299999999864,0
1836,10.6637641723356,1,4096,0,0.0,-84.55389601145326,0.0017831126460805535,53,0,-1,,0,0,6.3051999999999,0,7.736499999996482,7.890199999998515,2
1837,10.669569160997732,1,4096,0,0.0,-86.47958234871895,0.0021181046031415462,53,0,-1,,0,0,3.2453999999972893,0,4.516100000000023,12.08729999999747,1
1838,10.675374149659865,1,4096,0,0.0,-87.91488079034875,0.002319902181625366,59,0,-1,,0,0,2.7913000000019395,0,3.6205999999978644,15.673899999999463,0
1839,10.681179138321996,1,4096,0,0.0,-88.19759633125678,0.002518925117328763,59,0,-1,,0,0,2.366600000001995,0,3.159300000000087,3.4776000000000806,2
1840,10.686984126984127,1,4096,0,0.0,-87.39063895349487,0.0025791593361645937,59,0,-1,,0,0,2.7298000000008926,0,3.600800000000959,7.145200000000074,1
1841,10.692789115646258,1,4096,0,0.20851582171233668,-82.00272392833767,0.00257987342774868,59,0,-1,,0,0,1.9624000000000308,0,2.4231999999990705,9.626600000000707,0
1842,10.69859410430839,1,4096,0,1.0,-76.02418649662,0.002584546571597457,59,0,-1,,0,0,4.720600000002406,0,6.25400000000198,6.465800000000854,2
1843,10.704399092970522,1,512,1,1.0,-67.08807627506157,0.0216387789696455,59,0,-1,,0,0,6.571199999999777,0,8.359699999999748,14.966900000001004,1
1844,10.710204081632654,1,512,0,1.0,-68.16684634589305,0.022968899458646774,59,0,-1,,0,0,4.391599999998164,0,6.314899999999568,21.454800000000773,3
1845,10.716009070294785,1,512,0,1.0,-63.2391128831675,0.027961421757936478,59,0,-1,,0,0,2.5946999999995057,0,3.3999999999991815,7.45030000000213,2
1846,10.721814058956916,1,1024,0,1.0,-53.648650375535105,0.037649091333150864,59,0,-1,,0,0,4.712699999998904,0,5.697000000001395,13.178800000002155,4
1847,10.727619047619047,1,1024,0,1.0,-42.016362290878334,0.2878223657608032,59,0,-1,,0,0,2.7237999999982776,0,3.5130000000016537,16.80769999999754,3
1848,10.733424036281178,1,2048,0,1.0,-43.55882156500037,0.1194080337882042,59,0,-1,,0,0,2.3778000000014288,0,3.0922000000010996,8.319499999998925,2
1849,10.739229024943311,1,2048,0,1.0,-41.88458571771048,0.13055695593357086,66,0,-1,,0,0,1.9786999999986676,0,2.5674999999978354,10.89110000000204,1
1850,10.745034013605443,1,2048,0,1.0,-40.225849426811635,0.12655195593833923,66,0,-1,,0,0,1.9860999999998796,0,2.44960000000205,13.35200000000114,0
1851,10.750839002267574,1,2048,0,1.0,-40.72677872176094,0.15509004890918732,66,0,-1,,0,0,3.277100000001809,0,4.392499999998023,4.663399999998319,2
1852,10.756643990929705,1,4096,0,1.0,-42.21249390203448,0.007461657281965017,66,0,-1,,0,0,5.253800000001974,0,6.347999999999132,11.529100000000625,1
1853,10.762448979591836,1,4096,0,1.0,-40.305804031188394,0.007746676914393902,66,0,-1,,0,0,3.238700000000705,0,4.877900000000324,16.584899999998015,3
1854,10.768253968253969,1,4096,0,1.0,-41.59028393998539,0.009364984929561615,66,0,-1,,0,0,2.842599999997475,0,3.641900000001641,4.325000000001467,2
1855,10.7740589569161,1,4096,0,1.0,-44.54734759237151,0.01105770654976368,66,0,-1,,0,0,5.112699999997972,0,5.813100000001015,10.167599999999055,4
1856,10.779863945578231,1,4096,0,1.0,-46.45719996490708,0.012465426698327065,66,0,-1,,0,0,2.649999999999153,0,3.247099999999392,13.515200000000505,3
1857,10.785668934240363,1,4096,0,1.0,-45.663831196841336,0.01340689416974783,66,0,-1,,0,0,2.242999999999995,0,2.8287000000020157,8.360200000002038,2
1858,10.791473922902494,1,4096,0,1.0,-50.573379613992415,0.009427191689610481,66,0,-1,,0,0,2.0611000000023694,0,2.5884000000004903,10.90639999999965,1
1859,10.797278911564625,1,4096,0,1.0,-48.009080089943446,0.008955203928053379,66,0,-1,,0,0,2.4548000000024217,0,2.969599999996575,13.87799999999828,0
1860,10.803083900226758,1,4096,0,1.0,-48.64979424646512,0.009144213050603867,66,0,-1,,0,0,2.209199999999356,0,2.9241000000013173,3.0858999999985315,2
1861,10.80888888888889,1,4096,0,1.0,-47.53863508900331,0.011025055311620235,66,0,-1,,0,0,2.464599999999706,0,3.005999999999176,6.117400000000828,1
1862,10.81469387755102,1,4096,0,1.0,-50.406196017124785,0.009225765243172646,66,0,-1,,0,0,2.1966000000013253,0,2.713799999998656,8.880300000001284,0
1863,10.820498866213152,1,4096,0,1.0,-49.14258888609646,0.0070713236927986145,66,0,-1,,0,0,3.026900000001831,0,3.869200000000461,4.109100000000865,2
1864,10.826303854875283,1,4096,0,1.0,-52.00291837713639,0.005227378569543362,66,0,-1,,0,0,3.6239000000009014,0,4.61490000000353,8.776599999997359,1
1865,10.832108843537416,1,4096,0,1.0,-50.087425219479734,0.004431559704244137,65,0,-1,,0,0,4.265000000000185,0,5.205699999997648,14.09800000000061,0
1866,10.837913832199547,1,4096,0,1.0,-50.04241140350976,0.0037471449468284845,65,0,-1,,0,0,4.322299999998336,0,5.420300000000822,5.665400000001597,2
1867,10.843718820861678,1,4096,0,1.0,-43.920620118333254,0.004075182136148214,65,0,-1,,0,0,3.558800000000417,0,5.826899999998858,11.65449999999879,4
1868,10.84952380952381,1,4096,0,1.0,-42.201256549272586,0.004987515974789858,66,0,-1,,0,0,3.335899999999725,0,4.04659999999879,15.786900000001935,3
1869,10.85532879818594,1,4096,0,1.0,-41.07827914901003,0.00560770696029067,66,0,-1,,0,0,3.1000999999974965,0,4.03700000000029,9.836200000002293,2
1870,10.861133786848072,1,4096,0,1.0,-39.107321966468206,0.007071028929203749,64,0,-1,,0,0,6.137500000001239,0,7.224200000003123,17.120300000001976,1
1871,10.866938775510205,1,4096,0,1.0,-41.18155208860706,0.006586560048162937,64,0,-1,,0,0,3.245499999998458,0,4.414899999996891,21.676500000001653,0
1872,10.872743764172336,1,4096,0,1.0,-43.23606329468178,0.0062067462131381035,64,0,-1,,0,0,5.475199999999347,0,6.617000000002093,6.9091999999990605,2
1873,10.878548752834467,1,4096,0,1.0,-39.71852748605228,0.007525331806391478,64,0,-1,,0,0,3.8130000000009545,0,4.846300000000525,11.783399999998778,1
1874,10.884353741496598,1,4096,0,1.0,-44.03397586536922,0.006394370924681425,64,0,-1,,0,0,3.7691999999971415,0,4.697400000001295,16.557800000001066,3
1875,10.89015873015873,1,4096,0,1.0,-44.9351404254047,0.006039733998477459,64,0,-1,,0,0,6.786600000001641,0,7.933600000001206,10.559799999999342,2
1876,10.895963718820862,1,4096,0,1.0,-47.608893742412654,0.004478993359953165,64,0,-1,,0,0,4.770900000000466,0,6.11160000000055,16.765400000000596,4
1877,10.901768707482994,1,4096,0,1.0,-50.62565747652216,0.004468464758247137,64,0,-1,,0,0,3.0818999999979724,0,4.709299999998251,21.640399999999005,3
1878,10.907573696145125,1,4096,0,1.0,-55.983964014756495,0.0031782069709151983,64,0,-1,,0,0,4.864099999998928,0,6.094700000002007,15.195899999998375,2
1879,10.913378684807256,1,4096,0,1.0,-61.161926221272374,0.0031219294760376215,64,0,-1,,0,0,3.074299999997976,0,3.9514000000018257,19.20510000000064,4
1880,10.919183673469387,1,4096,0,1.0,-57.77850439710028,0.0032725592609494925,64,0,-1,,0,0,2.4785999999998864,0,3.368499999996999,22.657099999999986,3
1881,10.924988662131518,1,4096,0,1.0,-53.8241472952261,0.003523373045027256,64,0,-1,,0,0,2.6985000000010473,0,3.314299999999548,7.313899999999762,2
1882,10.930793650793651,1,4096,0,1.0,-57.99496714551543,0.003382064402103424,64,0,-1,,0,0,3.975000000000506,0,5.062599999998696,12.465899999998697,1
1883,10.936598639455783,1,4096,0,1.0,-57.3641962889501,0.003955839201807976,64,0,-1,,0,0,2.9544000000001347,0,3.566299999999245,16.093900000001327,0
1884,10.942403628117914,1,4096,0,1.0,-53.73242721735929,0.0033974419347941875,64,0,-1,,0,0,2.494900000002076,0,3.1581000000002746,3.4157999999990807,2
1885,10.948208616780045,1,4096,0,1.0,-57.031114240796796,0.0035557965748012066,64,0,-1,,0,0,4.879299999998921,0,5.554300000003565,9.007600000000338,1
1886,10.954013605442176,1,4096,0,1.0,-59.12197004505093,0.0028701224364340305,64,0,-1,,0,0,3.5799999999994725,0,4.839499999999219,14.000499999998084,0
1887,10.95981859410431,1,4096,0,1.0,-62.344088099113286,0.002144422149285674,64,0,-1,,0,0,5.022200000002641,0,7.209700000000652,7.555899999999838,2
1888,10.96562358276644,1,4096,0,1.0,-65.2041102004404,0.0029614532832056284,64,0,-1,,0,0,2.1357999999978006,0,2.6262000000016883,10.13149999999996,4
1889,10.971428571428572,1,4096,0,1.0,-69.84321264123885,0.003035313216969371,59,0,-1,,0,0,2.084500000002265,0,2.475700000001524,12.604499999998353,3
1890,10.977233560090703,1,512,1,1.0,-68.70665003783085,0.02110561914741993,59,0,-1,,0,0,3.0189999999983286,0,3.631199999997392,7.827799999997609,2
1891,10.983038548752834,1,512,0,1.0,-67.10418682845719,0.020406318828463554,59,0,-1,,0,0,3.3874000000011506,0,4.2798999999966725,12.224499999998528,1
1892,10.988843537414965,1,512,0,1.0,-66.55284296171646,0.022087719291448593,59,0,-1,,0,0,2.4806999999995583,0,3.084399999998766,15.373400000001425,0
1893,10.994648526077098,1,1024,0,1.0,-70.34592182419334,0.020403826609253883,59,0,-1,,0,0,5.838099999998292,0,6.695599999996915,6.869999999999266,2
1894,11.00045351473923,1,1024,0,1.0,-71.94756940651096,0.02001047693192959,59,0,-1,,0,0,2.3948999999987564,0,3.150100000002709,10.085500000002412,1
1895,11.00625850340136,1,2048,0,1.0,-73.0086004068884,0.020003998652100563,59,0,-1,,0,0,2.489199999999414,0,2.937700000000376,13.069999999999027,0
1896,11.012063492063492,1,2048,0,1.0,-70.93545094675157,0.019773926585912704,59,0,-1,,0,0,2.4146999999992147,0,3.165600000002655,3.332600000000241,2
1897,11.017868480725623,1,2048,0,1.0,-68.94299745068743,0.020170174539089203,59,0,-1,,0,0,3.190000000000026,0,5.710700000001623,9.158499999998071,1
1898,11.023673469387756,1,2048,0,1.0,-71.21906735709592,0.0200062058866024,59,0,-1,,0,0,2.38780000000105,0,3.0357999999992558,12.26649999999907,0
1899,11.029478458049887,1,4096,0,1.0,-65.85062998131212,0.0027497000992298126,59,0,-1,,0,0,2.832399999999069,0,3.7744999999986817,4.035299999998188,2
1900,11.035283446712018,1,4096,0,1.0,-65.6732019898553,,-1,0,-1,,0,0,,1,0.7988999999994917,4.836999999998426,4
1901,11.04108843537415,1,4096,0,1.0,-66.38276585947631,0.0025053599383682013,59,0,-1,,0,0,3.278900000001528,0,4.035599999998141,9.086099999997543,3
1902,11.04689342403628,1,4096,0,1.0,-57.86225373967856,0.002659443998709321,59,0,-1,,0,0,4.872800000001121,0,5.591800000001257,10.48720000000003,2
1903,11.052698412698414,1,4096,0,1.0,-63.26882559657554,0.0026237687561661005,59,0,-1,,0,0,2.487299999998527,0,3.1310999999973887,13.6718000000009,1
1904,11.058503401360545,1,4096,0,1.0,-69.01657292936014,0.0026160781271755695,59,0,-1,,0,0,2.6423999999991565,0,3.1966000000025474,16.91849999999917,0
1905,11.064308390022676,1,4096,0,1.0,-66.36364229975533,0.0025878932792693377,59,0,-1,,0,0,4.007999999998901,0,4.80800000000059,5.072000000001964,2
1906,11.070113378684807,1,4096,0,1.0,-69.78989879875081,0.0026142115239053965,59,0,-1,,0,0,3.0727999999982103,0,4.389299999999707,9.61590000000001,1
1907,11.075918367346938,1,4096,0,1.0,-74.9071342619699,0.0026234181132167578,59,0,-1,,0,0,2.4188999999985583,0,3.025599999997297,12.70369999999943,0
1908,11.08172335600907,1,4096,0,1.0,-75.55008884839394,0.0025909363757818937,59,0,-1,,0,0,5.2846999999971445,0,7.217599999997049,7.549900000000775,2
1909,11.087528344671203,1,4096,0,0.948080152787023,-79.82428496434439,0.0025711937341839075,59,0,-1,,0,0,3.6079999999998336,0,4.806799999997224,12.427499999997593,1
1910,11.093333333333334,1,4096,0,0.6122815130555174,-83.29468541464735,0.0025576429907232523,59,0,-1,,0,0,5.791800000000791,0,6.841300000001382,19.374000000002667,0
1911,11.099138321995465,1,4096,0,0.0,-85.22015286580185,0.0025718158576637506,59,0,-1,,0,0,2.3398000000014463,0,3.1371999999976197,3.3743999999984453,2
1912,11.104943310657596,1,4096,0,0.19481546834923366,-85.07034119599476,0.0025698267854750156,59,0,-1,,0,0,3.9149999999992247,0,4.543300000001693,7.939000000000362,1
1913,11.110748299319727,1,4096,0,0.0,-89.61620836175085,0.0025419683661311865,59,0,-1,,0,0,3.609500000003152,0,4.546000000001271,12.56880000000038,0
1914,11.11655328798186,1,4096,0,0.0,-90.51261030342991,0.002607160247862339,59,0,-1,,0,0,2.5703999999997507,0,3.442300000003229,3.840900000000147,2
1915,11.122358276643991,1,4096,0,0.0,-86.36862324846675,0.002569435629993677,59,0,-1,,0,0,3.2320000000005678,0,3.7894000000022743,7.6008999999999105,1
1916,11.128163265306123,1,4096,0,1.0,-75.2314543547435,0.002571596996858716,59,0,-1,,0,0,3.4191000000021177,0,5.003099999999705,12.691999999997705,0
1917,11.133968253968254,1,4096,0,1.0,-74.49099721554678,0.002577526029199362,59,0,-1,,0,0,2.4735000000006835,0,4.096400000001665,4.5074000000013825,2
1918,11.139773242630385,1,512,1,1.0,-69.3624487329184,0.019554466009140015,59,0,-1,,0,0,2.470300000002368,0,3.0084999999999695,7.4539999999991835,1
1919,11.145578231292516,1,512,0,1.0,-65.10926984065233,0.020738791674375534,59,0,-1,,0,0,2.8494999999999493,0,3.2901999999985776,10.754899999998457,0
1920,11.15138321995465,1,512,0,1.0,-53.62019030246577,0.025339275598526,59,0,-1,,0,0,2.599299999999971,0,3.5573999999982675,3.8476999999979,2
1921,11.15718820861678,1,1024,0,1.0,-51.56845826977321,0.02308729849755764,59,0,-1,,0,0,2.841199999998878,0,3.549300000003086,7.434400000001062,1
1922,11.162993197278912,1,1024,0,1.0,-51.36838508236683,0.0489993654191494,59,0,-1,,0,0,3.7671000000010224,0,4.681899999997796,12.246699999998611,0
1923,11.168798185941043,1,2048,0,1.0,-43.06094473923486,0.10192887485027313,59,0,-1,,0,0,2.8659999999973707,0,3.9124000000008152,4.145499999999913,2
1924,11.174603174603174,1,2048,0,1.0,-46.8747686797057,0.12071859836578369,66,0,-1,,0,0,2.823299999999307,0,3.4853000000012457,7.656700000001848,1
1925,11.180408163265307,1,2048,0,1.0,-40.827485348027125,0.1391807198524475,66,0,-1,,0,0,4.246800000000661,0,4.938100000000389,12.654500000000013,3
1926,11.186213151927438,1,2048,0,1.0,-42.77502046971301,0.08455877006053925,67,0,-1,,0,0,2.3448999999970965,0,2.93569999999832,5.651799999998985,2
1927,11.19201814058957,1,4096,0,1.0,-41.309940340775825,0.007008269429206848,72,0,-1,,0,0,2.23360000000028,0,2.8924000000003502,8.55059999999952,1
1928,11.1978231292517,1,4096,0,1.0,-40.50829919052289,0.006717539392411709,72,0,-1,,0,0,2.3106999999988886,0,2.8199999999998226,11.408299999999372,0
1929,11.203628117913832,1,4096,0,1.0,-45.37433743788487,0.006038205232471228,72,0,-1,,0,0,5.322100000000773,0,6.870299999999219,7.131100000002277,2
1930,11.209433106575963,1,4096,0,1.0,-43.57271964348166,0.00659836083650589,72,0,-1,,0,0,6.200299999999714,0,7.489599999999541,14.765799999999274,1
1931,11.215238095238096,1,4096,0,1.0,-48.51467108340232,0.006084545981138945,69,0,-1,,0,0,4.522300000001422,0,6.72439999999952,21.69529999999753,3
1932,11.221043083900227,1,4096,0,1.0,-47.85345922680374,0.0058600748889148235,69,0,-1,,0,0,4.129700000000014,0,5.516400000001198,7.073800000000574,2
1933,11.226848072562358,1,4096,0,1.0,-50.642107952817945,0.004975384101271629,69,0,-1,,0,0,5.054699999998746,0,7.383300000000759,14.614200000000466,1
1934,11.23265306122449,1,4096,0,1.0,-50.82177090235014,0.00418161042034626,69,0,-1,,0,0,3.6490000000029,0,4.6479000000019255,19.384399999999857,0
1935,11.23845804988662,1,4096,0,1.0,-53.48004809642277,0.003965451847761869,69,0,-1,,0,0,3.6141000000000645,0,4.645099999997626,4.920999999999509,2
1936,11.244263038548754,1,4096,0,1.0,-52.87902937179317,0.0039133657701313496,69,0,-1,,0,0,2.931999999997714,0,5.041200000000856,10.144799999999066,4
1937,11.250068027210885,1,4096,0,1.0,-55.26942617184779,0.0034766506869345903,69,0,-1,,0,0,2.0390000000034547,0,2.584899999995116,12.799299999997515,3
1938,11.255873015873016,1,4096,0,1.0,-50.738693749836976,0.003348153317347169,69,0,-1,,0,0,3.4809000000031176,0,4.036400000000384,7.079300000000899,2
1939,11.261678004535147,1,4096,0,1.0,-48.65687285520883,0.0032690707594156265,69,0,-1,,0,0,3.7884999999988622,0,4.435399999998424,11.546199999997953,1
1940,11.267482993197278,1,4096,0,1.0,-47.25656409343244,0.002555340062826872,69,0,-1,,0,0,3.279500000001434,0,5.269699999995936,16.979800000001433,0
1941,11.27328798185941,1,4096,0,1.0,-46.45483021877298,0.0028678160160779953,64,0,-1,,0,0,6.481499999999585,0,8.296999999998889,8.645699999998868,2
1942,11.279092970521543,1,4096,0,1.0,-43.467641926237974,0.0027395617216825485,72,0,-1,,0,0,2.728999999998649,0,3.56389999999962,12.225300000000772,1
1943,11.284897959183674,1,4096,0,1.0,-44.162742438745354,0.002869887975975871,64,0,-1,,0,0,2.0705000000020846,0,2.5492000000006954,14.802800000001781,0
1944,11.290702947845805,1,4096,0,1.0,-46.35462877811789,0.002369525609537959,64,0,-1,,0,0,2.8609999999993363,0,3.6097999999995523,3.82099999999852,2
1945,11.296507936507936,1,4096,0,1.0,-46.81171683490193,0.002533010672777891,64,0,-1,,0,0,4.520999999996889,0,5.231100000003153,9.070699999998766,1
1946,11.302312925170067,1,4096,0,1.0,-46.236731799052215,0.002470831386744976,64,0,-1,,0,0,3.5485000000008426,0,5.540799999998569,14.856999999999232,0
1947,11.3081179138322,1,4096,0,1.0,-48.83900935194259,0.002230003708973527,59,0,-1,,0,0,2.2856999999980587,0,3.460900000000322,3.7935000000004493,2
1948,11.313922902494332,1,4096,0,1.0,-48.37629544318408,0.0025540192145854235,59,0,-1,,0,0,2.1927999999995507,0,2.6271999999991635,6.360600000000716,4
1949,11.319727891156463,1,4096,0,1.0,-53.06177619995877,0.002855659695342183,59,0,-1,,0,0,2.7433000000023355,0,3.172199999998071,8.755399999998303,3
1950,11.325532879818594,1,4096,0,1.0,-51.64310440530143,0.0025728659238666296,59,0,-1,,0,0,5.257300000000242,0,6.42710000000335,11.250700000001501,2
1951,11.331337868480725,1,4096,0,1.0,-50.20867839077175,0.0027911653742194176,59,0,-1,,0,0,2.9932000000023606,0,3.8568999999988307,15.189400000000575,1
1952,11.337142857142856,1,4096,0,1.0,-52.704122204474814,0.0028314257506281137,59,0,-1,,0,0,2.9380000000003292,0,3.6333999999982325,18.953500000002066,0
1953,11.34294784580499,1,4096,0,1.0,-50.999857887087245,0.0027931039221584797,59,0,-1,,0,0,3.556499999998408,0,4.934199999997446,5.100399999999894,2
1954,11.34875283446712,1,4096,0,1.0,-50.54201015676188,0.0036074386443942785,59,0,-1,,0,0,3.347000000001543,0,5.91850000000349,10.969400000000462,1
1955,11.354557823129252,1,4096,0,1.0,-48.61389227644815,0.0037424485199153423,59,0,-1,,0,0,2.7839999999983434,0,3.5593000000027075,14.556400000000025,0
1956,11.360362811791383,1,4096,0,1.0,-49.85229289805091,0.003982702735811472,59,0,-1,,0,0,4.214399999998619,0,6.387100000001311,6.751700000002359,2
1957,11.366167800453514,1,4096,0,1.0,-50.25359716294639,0.0032052500173449516,59,0,-1,,0,0,2.7575999999989165,0,3.6168999999972584,10.422699999999452,1
1958,11.371972789115647,1,4096,0,1.0,-52.702329187772044,0.0037575482856482267,59,0,-1,,0,0,2.329400000000703,0,2.9010000000049274,13.384500000000799,0
1959,11.377777777777778,1,4096,0,1.0,-50.84065823970937,0.0038588629104197025,59,0,-1,,0,0,2.2266999999978054,0,4.563399999998552,4.83380000000011,2
1960,11.38358276643991,1,4096,0,1.0,-49.7217509868404,0.004757531452924013,59,0,-1,,0,0,2.879300000000029,0,3.6403999999983228,8.471799999998808,1
1961,11.38938775510204,1,4096,0,1.0,-56.936588442655,0.0035590524785220623,59,0,-1,,0,0,4.266799999999904,0,4.935800000001933,13.437400000000821,0
1962,11.395192743764172,1,4096,0,1.0,-52.03683791532193,0.0038869278505444527,59,0,-1,,0,0,6.153499999999923,0,7.32980000000083,7.53519999999952,2
1963,11.400997732426303,1,4096,0,1.0,-57.740597677096666,0.003467708360403776,72,0,-1,,0,0,3.6018999999996026,0,4.693799999998305,12.347199999997116,1
1964,11.406802721088436,1,4096,0,1.0,-54.4704591643648,0.003330865176394582,72,0,-1,,0,0,2.833100000000144,0,3.671200000002983,16.12440000000248,3
1965,11.412607709750567,1,4096,0,1.0,-60.47320665488186,0.0028551870491355658,72,0,-1,,0,0,3.0967000000003964,0,3.704799999997732,4.064100000000792,2
1966,11.418412698412698,1,4096,0,1.0,-60.896461375651604,0.002328579779714346,72,0,-1,,0,0,4.866899999999674,0,5.780300000001404,9.899099999998384,1
1967,11.42421768707483,1,4096,0,1.0,-62.823748777904854,0.0020979931578040123,72,0,-1,,0,0,2.6197000000003356,0,3.202699999995673,13.168500000002581,0
1968,11.43002267573696,1,4096,0,1.0,-63.38537470184272,0.002234848216176033,72,0,-1,,0,0,2.6359000000013566,0,3.53380000000314,3.8586000000009335,2
1969,11.435827664399094,1,512,1,1.0,-68.01087339876032,,-1,0,-1,,0,0,,1,0.9113000000020577,4.77989999999906,4
1970,11.441632653061225,1,512,0,1.0,-67.92028140533301,0.020651543512940407,59,0,-1,,0,0,2.5788999999996065,0,3.0888000000004467,7.916800000000279,3
1971,11.447437641723356,1,512,0,1.0,-67.36870682282871,0.021578045561909676,59,0,-1,,0,0,5.976600000000332,0,6.626399999998256,10.278100000000734,2
1972,11.453242630385487,1,1024,0,1.0,-70.597386766402,0.020942017436027527,59,0,-1,,0,0,2.6556000000006463,0,3.5762999999988665,13.937500000000824,1
1973,11.459047619047618,1,1024,0,1.0,-74.42266042535778,0.02012772113084793,59,0,-1,,0,0,2.5411000000019612,0,3.149900000000372,17.05339999999822,0
1974,11.464852607709751,1,2048,0,1.0,-74.62823111621991,0.018824275583028793,59,0,-1,,0,0,6.408400000001535,0,7.65039999999928,7.899399999999446,2
1975,11.470657596371883,1,2048,0,1.0,-75.7896510148383,0.018985850736498833,59,0,-1,,0,0,4.91050000000115,0,6.481199999999632,14.465099999998898,1
1976,11.476462585034014,1,2048,0,0.8900789948255573,-77.79197513855497,0.019777365028858185,59,0,-1,,0,0,2.968500000001484,0,4.038800000000009,18.08459999999812,0
1977,11.482267573696145,1,2048,0,0.8554478638771035,-81.5015885706395,0.01969202421605587,59,0,-1,,0,0,3.001599999997495,0,4.24430000000342,4.547099999999915,2
1978,11.488072562358276,1,4096,0,0.0,-83.60945965314966,0.0024510349612683058,59,0,-1,,0,0,2.330199999999394,0,2.8423999999986904,7.354199999998201,1
1979,11.493877551020407,1,4096,0,0.19853837938536048,-81.49712574244344,0.0026656535919755697,59,0,-1,,0,0,1.9790999999997894,0,2.3724000000022727,9.737899999997524,0
1980,11.49968253968254,1,4096,0,0.55859478488112,-86.85346284220736,0.0025235034991055727,59,0,-1,,0,0,3.5351999999981842,0,4.414499999995769,4.612900000001474,2
1981,11.505487528344672,1,4096,0,0.1332427355204299,-86.2337959015201,0.00256544747389853,59,0,-1,,0,0,3.470399999997653,0,4.385500000001485,9.067800000000403,1
1982,11.511292517006803,1,4096,0,0.0,-90.0413226326227,0.0025647643487900496,59,0,-1,,0,0,4.45060000000197,0,5.162500000000847,14.293699999999632,0
1983,11.517097505668934,1,4096,0,0.0,-91.7841301922698,0.0026643481105566025,59,0,-1,,0,0,2.3826999999982945,0,3.1060000000024957,3.396800000000866,2
1984,11.522902494331065,1,4096,0,0.0,-90.9224945486664,0.002612501149997115,59,0,-1,,0,0,2.243399999997564,0,2.6889000000025476,6.099599999998873,1
1985,11.528707482993198,1,4096,0,0.0,-89.99373256544906,0.0026254337280988693,59,0,-1,,0,0,2.138999999999669,0,2.5542999999998983,8.685700000000907,0
1986,11.53451247165533,1,4096,0,0.0,-91.76036896368987,0.0026496488135308027,59,0,-1,,0,0,3.3297999999994943,0,6.17459999999781,6.429199999999469,2
1987,11.54031746031746,1,4096,0,0.0,-91.35350263359268,0.0026562537532299757,59,0,-1,,0,0,2.5636999999996135,0,3.1666000000001304,9.59710000000058,1
1988,11.546122448979592,1,4096,0,0.0,-93.07922684601269,0.002637209603562951,59,0,-1,,0,0,2.2117000000001497,0,2.6532000000010214,12.055900000000008,0
1989,11.551927437641723,1,4096,0,0.0,-94.42300473611438,0.002624963177368045,59,0,-1,,0,0,4.5010000000011985,0,5.548999999998472,5.706599999999895,2
1990,11.557732426303854,1,4096,0,0.0,-94.64743856597275,0.002631674287840724,59,0,-1,,0,0,6.360900000000669,0,9.106599999999077,14.982299999999782,1
1991,11.563537414965987,1,4096,0,0.0,-94.04612132548827,0.002626443048939109,59,0,-1,,0,0,4.49300000000008,0,5.857699999996413,20.744800000002783,3
1992,11.569342403628118,1,4096,0,0.0,-95.40004253398527,0.0026302579790353775,59,0,-1,,0,0,4.4746999999993875,0,6.091800000000092,10.7588000000014,5
1993,11.57514739229025,1,4096,0,0.0,-95.23872588742294,,-1,0,-1,,0,0,,1,0.8343000000010647,11.691100000000176,4
1994,11.58095238095238,1,4096,0,0.0,-95.08318728956347,0.002640932332724333,59,0,-1,,0,0,2.3979000000018402,0,2.844500000001915,14.557400000001053,3
1995,11.586757369614512,1,4096,0,0.0,-94.16815088813847,0.002633379539474845,59,0,-1,,0,0,2.3665000000008263,0,3.0146000000002005,8.266400000000118,2
1996,11.592562358276645,1,4096,0,0.0,-95.74184731756222,0.0026333844289183617,59,0,-1,,0,0,2.76489999999896,0,3.9149000000016088,12.209699999999657,1
1997,11.598367346938776,1,4096,0,0.0,-96.37908519400071,0.0026332116685807705,59,0,-1,,0,0,5.721799999999888,0,6.338999999996986,18.641599999998704,0
1998,11.604172335600907,1,4096,0,0.0,-97.20846808077347,0.002638135338202119,59,0,-1,,0,0,2.8940000000012844,0,3.788600000000031,4.1264999999981455,2
1999,11.609977324263038,1,4096,0,0.0,-96.11286916969236,0.002634371630847454,59,0,-1,,0,0,3.820300000000998,0,4.821600000003201,9.02590000000103,1
2000,11.61578231292517,1,4096,0,0.0,-95.98564066195814,0.0026340284384787083,59,0,-1,,0,0,4.774100000002335,0,5.604100000002887,14.714800000000139,0
2001,11.6215873015873,1,4096,0,0.0,-95.9233973547883,0.002637089230120182,59,0,-1,,0,0,2.8895999999996036,0,4.167400000000043,4.3098999999990895,2
2002,11.627392290249434,1,4096,0,0.0,-96.44826950478262,0.0026353250723332167,59,0,-1,,0,0,2.325700000000097,0,2.9438000000041598,6.7416999999991845,1
2003,11.633197278911565,1,4096,0,0.0,-97.04540980062914,0.0026354717556387186,59,0,-1,,0,0,3.986599999997509,0,4.77170000000271,11.557700000000892,0
2004,11.639002267573696,1,4096,0,0.0,-96.59003495889704,0.002634193515405059,59,0,-1,,0,0,2.739099999999439,0,3.4877999999984866,3.6556999999994844,2
2005,11.644807256235827,1,4096,0,0.0,-96.66269167130112,0.0026341737248003483,59,0,-1,,0,0,3.626100000001742,0,4.358499999995047,8.041899999998492,1
2006,11.650612244897959,1,4096,0,0.0,-96.59003495889704,0.002635055687278509,59,0,-1,,0,0,3.211099999997913,0,4.863800000002527,13.14779999999871,3
2007,11.656417233560092,1,4096,0,0.0,-95.68297888648334,0.0026344028301537037,59,0,-1,,0,0,2.60160000000198,0,3.5070000000025914,5.557200000001927,2
2008,11.662222222222223,1,4096,0,0.0,-94.60161434327354,0.0026351544074714184,59,0,-1,,0,0,2.8257000000024846,0,3.5242000000010876,9.139600000001025,1
2009,11.668027210884354,1,4096,0,0.0,-95.98564066195814,0.0026340384501963854,59,0,-1,,0,0,6.923600000000363,0,7.994400000004731,17.23610000000164,0
2010,11.673832199546485,1,4096,0,0.0,-94.74056355997843,0.002634788630530238,59,0,-1,,0,0,4.359600000000796,0,6.765000000001464,7.11069999999836,2
2011,11.679637188208616,1,4096,0,0.0,-93.85006232483077,0.002634597010910511,59,0,-1,,0,0,2.5988999999988494,0,3.517600000002119,10.650299999998225,1
2012,11.685442176870747,1,4096,0,0.0,-91.02130320678421,0.0026335197035223246,59,0,-1,,0,0,2.2671999999985815,0,2.7342999999966366,13.398099999999857,3
2013,11.69124716553288,1,4096,0,0.9665300549603182,-77.5194319825126,0.0026377011090517044,59,0,-1,,0,0,1.9932999999987544,0,2.391900000002778,2.870800000000173,2
2014,11.697052154195012,1,4096,0,1.0,-74.11045638072818,0.0026324503123760223,59,0,-1,,0,0,3.0861000000008687,0,3.607800000001049,6.5032000000009305,1
2015,11.702857142857143,1,4096,0,1.0,-69.9997655121456,0.002636072225868702,59,0,-1,,0,0,2.8767999999992355,0,5.205799999998817,11.869100000001964,0
2016,11.708662131519274,1,512,1,1.0,-62.81473752916929,0.020319392904639244,59,0,-1,,0,0,4.182799999998821,0,5.512100000000686,5.865299999999962,2
2017,11.714467120181405,1,512,0,1.0,-58.78749803439881,0.020805085077881813,59,0,-1,,0,0,2.383899999998107,0,2.9839000000002613,8.827300000000093,4
2018,11.720272108843538,1,512,0,1.0,-59.68125112075008,0.020970096811652184,59,0,-1,,0,0,2.203099999999125,0,2.623699999997342,11.475600000000696,3
2019,11.72607709750567,1,1024,0,1.0,-59.33297878595638,0.02088298089802265,59,0,-1,,0,0,2.58309999999895,0,3.119099999999264,7.21409999999878,2
2020,11.7318820861678,1,1024,0,1.0,-59.63266398652724,0.020550765097141266,59,0,-1,,0,0,4.692599999998492,0,5.375100000001964,12.63670000000161,1
2021,11.737687074829932,1,2048,0,1.0,-56.7214637748428,0.020316585898399353,59,0,-1,,0,0,2.7255000000003804,0,3.2830000000032555,15.991299999999598,0
2022,11.743492063492063,1,2048,0,1.0,-59.262497115567044,0.021104753017425537,59,0,-1,,0,0,2.6732000000002643,0,3.552499999997849,3.7339999999979057,2
2023,11.749297052154194,1,2048,0,1.0,-63.272818360381294,0.02109384536743164,59,0,-1,,0,0,5.652299999997723,0,6.52769999999947,10.320399999997676,1
2024,11.755102040816327,1,2048,0,1.0,-59.15723408226438,0.020091472193598747,59,0,-1,,0,0,2.642500000000325,0,3.8069999999983395,14.27759999999978,0
2025,11.760907029478458,1,4096,0,1.0,-59.659620543689016,0.002656931057572365,59,0,-1,,0,0,5.10799999999989,0,6.601900000003269,6.9672999999994545,2
