frame,time_s,calibrated,visible_window,detected_onset,onset_confidence,rms_dbfs,active_probability,raw_pitch,stable_active,stable_pitch,transition_score,transition_veto,retrigger,inference_ms,loop_ms,queue_delay_ms,queue_depth
0,0.005804988662131519,0,4096,0,0.0,-97.29235200308943,,,,,,,,,1.442199999999616,0.22050000000106706,2
1,0.011609977324263039,0,4096,0,0.2280827657955032,-96.04878903049143,,,,,,,,,1.1419999999997543,2.3613000000004547,1
2,0.017414965986394557,0,4096,0,0.0,-96.51857380658345,,,,,,,,,1.3038000000005212,3.219500000000153,0
3,0.023219954648526078,0,4096,0,0.0,-97.92982462984386,,,,,,,,,1.9373999999992009,0.45590000000039765,2
4,0.029024943310657598,0,4096,0,0.0,-96.73658462938218,,,,,,,,,1.414999999999722,2.432800000001123,1
5,0.034829931972789115,0,4096,0,0.0,-96.59003495889704,,,,,,,,,1.6367000000006016,3.9536999999985056,0
6,0.040634920634920635,0,4096,0,0.0,-96.51857380658345,,,,,,,,,0.780899999998752,0.2371000000014334,2
7,0.046439909297052155,0,4096,0,0.0,-96.243937670594,,,,,,,,,0.4664999999999253,1.046699999999845,1
8,0.052244897959183675,0,4096,0,0.0,-96.17790898892383,,,,,,,,,0.49360000000042703,1.5292999999996226,0
9,0.058049886621315196,0,4096,0,0.0,-96.66269167130112,,,,,,,,,1.756300000000266,0.3155000000010233,2
10,0.06385487528344672,0,4096,0,0.0,-96.51857380658345,,,,,,,,,1.4495000000014358,2.064600000000638,1
11,0.06965986394557823,0,4096,0,0.0,-96.04878903049143,,,,,,,,,1.3906000000005747,3.5663000000010214,0
12,0.07546485260770976,0,4096,0,0.0,-96.81175663155918,,,,,,,,,1.9457000000002722,0.1230000000003173,2
13,0.08126984126984127,0,4096,0,0.0,-96.73658462938218,,,,,,,,,1.6556999999988165,1.5484000000007825,1
14,0.08707482993197278,0,4096,0,0.0,-97.46514278371254,,,,,,,,,1.0041000000011735,3.2511999999993435,0
15,0.09287981859410431,0,4096,0,0.0,-97.04540980062914,,,,,,,,,1.5740999999991345,0.26100000000006673,2
16,0.09868480725623582,0,4096,0,0.0,-97.29235200308943,,,,,,,,,1.250499999999377,1.8726999999998384,1
17,0.10448979591836735,0,4096,0,0.0,-96.04878903049143,,,,,,,,,1.0094000000009373,3.1601999999999464,0
18,0.11029478458049886,0,4096,0,0.0,-96.51857380658345,,,,,,,,,3.338700000000472,0.6585999999995096,2
19,0.11609977324263039,0,4096,0,0.0,-97.92982462984386,,,,,,,,,2.4326999999999543,3.8640000000000896,1
20,0.1219047619047619,0,4096,0,0.0,-96.73658462938218,,,,,,,,,1.280099999998896,6.411200000000505,0
21,0.12770975056689343,0,4096,0,0.0,-96.59003495889704,,,,,,,,,2.927500000000194,0.155200000000022,2
22,0.13351473922902493,0,4096,0,0.0,-96.51857380658345,,,,,,,,,1.6098999999982766,2.5524000000007874,1
23,0.13931972789115646,0,4096,0,0.0,-96.243937670594,,,,,,,,,1.3699999999996493,4.253600000000191,0
24,0.14512471655328799,0,4096,0,0.0,-96.17790898892383,,,,,,,,,1.9390999999995273,0.2371000000014334,2
25,0.1509297052154195,0,4096,0,0.0,-96.66269167130112,,,,,,,,,1.326999999999856,2.209099999999964,1
26,0.156734693877551,0,4096,0,0.0,-96.51857380658345,,,,,,,,,1.2585999999998876,3.582800000000219,0
27,0.16253968253968254,0,4096,0,0.0,-96.04878903049143,,,,,,,,,2.237100000000325,0.14810000000053947,2
28,0.16834467120181407,0,4096,0,0.0,-96.81175663155918,,,,,,,,,1.5249999999991104,1.802400000000759,1
29,0.17414965986394557,0,4096,0,0.0,-96.73658462938218,,,,,,,,,1.4734999999994614,3.3437000000002826,0
30,0.1799546485260771,0,4096,0,0.0,-97.46514278371254,,,,,,,,,1.1403000000012042,0.28249999999907516,2
31,0.18575963718820862,0,4096,0,0.0,-97.04540980062914,,,,,,,,,0.838100000001063,1.4254000000004652,1
32,0.19156462585034015,0,4096,0,0.0,-97.29235200308943,,,,,,,,,2.12850000000131,2.2793999999990433,0
33,0.19736961451247165,0,4096,0,0.0,-96.04878903049143,,,,,,,,,1.8491000000011582,0.29330000000094003,2
34,0.20317460317460317,0,4096,0,0.0,-96.51857380658345,,,,,,,,,0.6328999999993812,2.1105000000005703,1
35,0.2089795918367347,0,4096,0,0.0,-97.92982462984386,,,,,,,,,0.4649000000007675,2.7366999999998143,0
36,0.2147845804988662,0,4096,0,0.0,-96.73658462938218,,,,,,,,,1.4929999999999666,0.2434000000004488,2
37,0.22058956916099773,0,4096,0,0.0,-96.59003495889704,,,,,,,,,1.3139000000013112,1.7411999999996652,1
38,0.22639455782312926,0,4096,0,0.0,-96.51857380658345,,,,,,,,,1.1796999999997837,3.085199999999233,0
39,0.23219954648526078,0,4096,0,0.0,-96.243937670594,,,,,,,,,3.0216000000002907,0.1241999999983534,2
40,0.23800453514739228,0,4096,0,0.0,-96.17790898892383,,,,,,,,,1.3950000000004792,2.784699999999418,1
41,0.2438095238095238,0,4096,0,0.0,-96.66269167130112,,,,,,,,,1.1979000000010842,4.177399999999665,0
42,0.24961451247165534,0,4096,0,0.0,-96.51857380658345,,,,,,,,,1.860300000000592,0.1611999999990843,2
43,0.25541950113378686,0,4096,0,0.0,-96.04878903049143,,,,,,,,,2.1919999999990836,2.0577999999993324,1
44,0.2612244897959184,0,4096,0,0.0,-96.81175663155918,,,,,,,,,1.493899999999826,3.883000000000081,0
45,0.26702947845804986,0,4096,0,0.0,-96.73658462938218,,,,,,,,,0.8803000000003891,0.21609999999938623,2
46,0.2728344671201814,0,4096,0,0.0,-97.46514278371254,,,,,,,,,0.61979999999906,1.0774999999991763,1
47,0.2786394557823129,0,4096,0,0.0,-97.04540980062914,,,,,,,,,0.6246000000000862,1.722199999999674,0
48,0.28444444444444444,0,4096,0,0.0,-97.29235200308943,,,,,,,,,1.4070999999997724,0.22270000000013113,2
49,0.29024943310657597,0,4096,0,0.0,-96.04878903049143,,,,,,,,,1.4476999999999407,1.6722999999991828,1
50,0.2960544217687075,0,4096,0,0.0,-96.51857380658345,,,,,,,,,1.126700000000369,3.3095000000002983,0
51,0.301859410430839,0,4096,0,0.0,-97.92982462984386,,,,,,,,,3.38830000000101,0.20229999999976656,2
52,0.3076643990929705,0,4096,0,0.0,-96.73658462938218,,,,,,,,,1.5490000000006887,3.675799999999896,1
53,0.313469387755102,0,4096,0,0.0,-96.59003495889704,,,,,,,,,1.291200000000714,4.724000000001283,0
54,0.31927437641723355,0,4096,0,0.0,-96.51857380658345,,,,,,,,,1.6204000000001884,0.22009999999994534,2
55,0.3250793650793651,0,4096,0,0.0,-96.243937670594,,,,,,,,,1.408099999999024,1.9310000000007932,1
56,0.3308843537414966,0,4096,0,0.0,-96.17790898892383,,,,,,,,,1.353899999999797,3.434599999998511,0
57,0.33668934240362813,0,4096,0,0.0,-96.66269167130112,,,,,,,,,1.6239999999996257,0.20439999999943836,2
58,0.34249433106575966,0,4096,0,0.0,-96.51857380658345,,,,,,,,,1.9863000000004405,1.923299999999628,1
59,0.34829931972789113,0,4096,0,0.0,-96.04878903049143,,,,,,,,,2.693199999999507,4.05280000000019,0
60,0.35410430839002266,0,4096,0,0.0,-96.81175663155918,,,,,,,,,1.8975000000001074,0.21779999999971267,2
61,0.3599092970521542,0,4096,0,0.0,-96.73658462938218,,,,,,,,,1.6193999999991604,2.1714999999993267,1
62,0.3657142857142857,0,4096,0,0.0,-97.46514278371254,,,,,,,,,1.4082999999995849,3.8634000000001834,0
63,0.37151927437641724,0,4096,0,0.0,-97.04540980062914,,,,,,,,,1.0993999999993065,0.28320000000015,2
64,0.37732426303854877,0,4096,0,0.0,-97.29235200308943,,,,,,,,,1.2167000000005146,1.3927000000002465,1
65,0.3831292517006803,0,4096,0,0.0,-96.04878903049143,,,,,,,,,1.4604000000009165,2.6806000000014762,0
66,0.38893424036281177,0,4096,0,0.0,-96.51857380658345,,,,,,,,,1.712599999999398,0.32489999999896213,2
67,0.3947392290249433,0,4096,0,0.0,-97.92982462984386,,,,,,,,,1.4604999999985324,2.067700000001338,1
68,0.4005442176870748,0,4096,0,0.0,-96.73658462938218,,,,,,,,,1.565999999998624,3.6064000000006757,0
69,0.40634920634920635,0,4096,0,0.0,-96.59003495889704,,,,,,,,,1.596899999999124,0.30120000000088964,2
70,0.4121541950113379,0,4096,0,0.0,-96.51857380658345,,,,,,,,,0.7222000000002282,1.8943999999994077,1
71,0.4179591836734694,0,4096,0,0.0,-96.243937670594,,,,,,,,,0.5635000000001611,2.634999999999721,0
72,0.42376417233560093,0,4096,0,0.0,-96.17790898892383,,,,,,,,,1.5273000000011194,0.24190000000068324,2
73,0.4295691609977324,0,4096,0,0.0,-96.66269167130112,,,,,,,,,1.3060999999989775,1.7849999999999255,1
74,0.43537414965986393,0,4096,0,0.0,-96.51857380658345,,,,,,,,,1.2243999999999033,3.1455999999998596,0
75,0.44117913832199546,0,4096,0,0.0,-96.04878903049143,,,,,,,,,1.3519999999989096,0.22930000000087603,2
76,0.446984126984127,0,4096,0,0.0,-96.81175663155918,,,,,,,,,1.1019000000001,1.5812999999997857,1
77,0.4527891156462585,0,4096,0,0.0,-96.73658462938218,,,,,,,,,1.0574999999999335,2.7098999999992657,0
78,0.45859410430839004,0,4096,0,0.0,-97.46514278371254,,,,,,,,,1.0049000000016406,0.12779999999956715,2
79,0.46439909297052157,0,4096,0,0.0,-97.04540980062914,,,,,,,,,0.5418999999999841,0.5983999999994438,1
80,0.47020408163265304,0,4096,0,0.0,-97.29235200308943,,,,,,,,,0.36029999999875884,1.1156000000003274,0
81,0.47600907029478456,0,4096,0,0.0,-96.04878903049143,,,,,,,,,1.5318000000004162,0.21489999999957377,2
82,0.4818140589569161,0,4096,0,0.0,-96.51857380658345,,,,,,,,,0.6710999999999245,1.8686999999992793,1
83,0.4876190476190476,0,4096,0,0.0,-97.92982462984386,,,,,,,,,0.4163999999988732,2.5706999999997038,0
84,0.49342403628117915,0,4096,0,0.0,-96.73658462938218,,,,,,,,,1.5666000000003066,0.23800000000129273,2
85,0.4992290249433107,0,4096,0,0.0,-96.59003495889704,,,,,,,,,0.6429999999983949,1.8829000000000207,1
86,0.5050340136054422,0,4096,0,1.0,-56.942726525338934,,,,,,,,,0.4547000000005852,2.541600000000699,0
87,0.5108390022675737,0,4096,0,1.0,-60.21244392913701,,,,,,,,,2.2570000000001755,0.18170000000061748,2
88,0.5166439909297053,0,4096,0,1.0,-66.15722505769885,,,,,,,,,1.8138000000007537,2.509799999998563,1
89,0.5224489795918368,0,4096,0,1.0,-64.84978040272348,,,,,,,,,1.7406999999991513,4.462600000000094,0
90,0.5282539682539683,0,4096,0,1.0,-66.43814158410858,,,,,,,,,0.570100000000906,0.16880000000085715,2
91,0.5340589569160997,0,4096,0,1.0,-68.95950265333475,,,,,,,,,0.8680999999999273,0.7341000000007369,1
92,0.5398639455782313,0,4096,0,1.0,-74.95137379259715,,,,,,,,,0.4970000000010799,1.6241999999984102,0
93,0.5456689342403628,0,4096,0,1.0,-71.04138035165637,,,,,,,,,1.6618000000008237,0.7664000000016102,2
94,0.5514739229024943,0,4096,0,1.0,-68.44048612285019,,,,,,,,,1.1430000000007823,2.437600000000373,1
95,0.5572789115646258,0,4096,0,1.0,-62.858913709180975,,,,,,,,,0.8189999999999031,3.6506000000002814,0
96,0.5630839002267574,0,4096,0,1.0,-56.885957457116376,,,,,,,,,0.6263999999998049,0.14119999999984145,2
97,0.5688888888888889,0,4096,0,1.0,-54.32562869563773,,,,,,,,,0.4592999999992742,0.7847999999999189,1
98,0.5746938775510204,0,4096,0,1.0,-56.080560357252125,,,,,,,,,0.3200999999997123,1.269399999999976,0
99,0.5804988662131519,0,4096,0,1.0,-54.617618487467425,,,,,,,,,0.9680999999996942,0.21619999999877848,2
100,0.5863038548752835,0,4096,0,1.0,-55.66655910438545,,,,,,,,,0.40890000000004534,1.1838999999991273,1
101,0.592108843537415,0,4096,0,1.0,-54.563598371128556,,,,,,,,,1.60059999999973,18.235600000000574,0
102,0.5979138321995465,0,4096,0,1.0,-57.53416655388773,,,,,,,,,2.0756999999989034,0.1937999999999107,2
103,0.603718820861678,0,4096,0,1.0,-58.99456306207627,,,,,,,,,2.1607999999986305,2.40439999999964,1
104,0.6095238095238096,0,4096,0,1.0,-58.18524680494666,,,,,,,,,1.3360999999996181,4.662800000000189,0
105,0.615328798185941,0,4096,0,1.0,-62.76535779856409,,,,,,,,,1.6926999999995473,0.18739999999972667,2
106,0.6211337868480725,0,4096,0,1.0,-65.97440853714173,,,,,,,,,1.2202000000005597,1.8826999999994598,1
107,0.626938775510204,0,4096,0,1.0,-65.70264648097091,,,,,,,,,1.0481000000002183,2.698599999998663,0
108,0.6327437641723356,0,4096,0,1.0,-64.86530081803579,,,,,,,,,0.9624999999999773,0.19589999999958252,2
109,0.6385487528344671,0,4096,0,1.0,-67.62370574641761,,,,,,,,,0.43890000000068596,1.220599999999905,1
110,0.6443537414965986,0,4096,0,1.0,-68.87418184692073,,,,,,,,,0.9513999999999356,1.689600000000624,0
111,0.6501587301587302,0,4096,0,1.0,-74.79751390479686,,,,,,,,,1.5447000000001765,0.20439999999943836,2
112,0.6559637188208617,0,4096,0,1.0,-76.40884662149901,,,,,,,,,2.2358000000011202,1.820600000000283,1
113,0.6617687074829932,0,4096,0,1.0,-73.68574671779498,,,,,,,,,1.1310000000008813,4.178900000001207,0
114,0.6675736961451247,0,4096,0,1.0,-73.57063018777299,,,,,,,,,2.0828999999995546,0.23129999999937922,2
115,0.6733786848072563,0,4096,0,1.0,-76.7501790872341,,,,,,,,,1.545899999999989,2.337199999999484,1
116,0.6791836734693878,0,4096,0,1.0,-78.21062973698754,,,,,,,,,1.4409999999998035,3.020600000001039,0
117,0.6849886621315193,0,4096,0,1.0,-80.20296035032277,,,,,,,,,2.214100000001551,0.3305999999998477,2
118,0.6907936507936508,0,4096,0,1.0,-77.96944989926321,,,,,,,,,1.1115999999997683,2.7759000000013856,1
119,0.6965986394557823,0,4096,0,1.0,-79.22700336917144,,,,,,,,,0.9844999999994997,3.9762000000003184,0
120,0.7024036281179138,0,4096,0,1.0,-81.0745449303781,,,,,,,,,0.990999999999076,0.16550000000137288,2
121,0.7082086167800453,0,4096,0,1.0,-80.05326033750093,,,,,,,,,0.45369999999955724,1.1890000000001066,1
122,0.7140136054421768,0,4096,0,1.0,-77.33765845596515,,,,,,,,,0.5246999999997115,1.6572000000003584,0
123,0.7198185941043084,0,4096,0,1.0,-77.35395060128684,,,,,,,,,2.592899999999787,0.3161000000009295,2
124,0.7256235827664399,0,4096,0,1.0,-75.92847585322177,,,,,,,,,0.5468999999997948,2.8729999999992373,1
125,0.7314285714285714,0,4096,0,0.6830334509322993,-82.14276741562543,,,,,,,,,0.48030000000132134,3.4214999999999662,0
126,0.737233560090703,0,4096,0,0.8040799948821171,-80.94890081093044,,,,,,,,,0.9193999999990154,0.1499999999996504,2
127,0.7430385487528345,0,4096,0,1.0,-80.59059828564193,,,,,,,,,0.5725000000005309,1.115599999998551,1
128,0.748843537414966,0,4096,0,1.0,-81.46822861023813,,,,,,,,,0.4409000000009655,1.7249999999986443,0
129,0.7546485260770975,0,4096,0,1.0,-80.36143804830716,,,,,,,,,0.8345999999992415,0.23979999999923507,2
130,0.7604535147392291,0,4096,0,1.0,-78.37701886401555,,,,,,,,,0.4197999999995261,1.0656999999998362,1
131,0.7662585034013606,0,4096,0,1.0,-76.68414827073755,,,,,,,,,0.4065000000004204,1.4681000000003053,0
132,0.7720634920634921,0,4096,0,1.0,-72.45117652155679,,,,,,,,,2.1124999999990735,0.2879000000000076,2
133,0.7778684807256235,0,4096,0,1.0,-66.63520105305001,,,,,,,,,1.5101000000008469,3.872300000001161,1
134,0.7836734693877551,0,4096,0,1.0,-63.42479092343701,,,,,,,,,1.4692000000007255,5.48760000000037,0
135,0.7894784580498866,0,4096,0,1.0,-57.69627450027394,,,,,,,,,0.9073999999991145,0.12049999999952377,2
136,0.7952834467120181,0,4096,0,1.0,-54.51654888172151,,,,,,,,,1.511799999999397,1.07520000000072,1
137,0.8010884353741496,0,4096,0,1.0,-54.00135901588708,,,,,,,,,0.6992000000014542,2.652699999998731,0
138,0.8068934240362812,0,4096,0,1.0,-52.95554492357455,,,,,,,,,3.3809000000015743,0.2867999999995874,2
139,0.8126984126984127,0,4096,0,1.0,-53.33646588317984,,,,,,,,,1.9898000000004856,2.8714999999994717,1
140,0.8185034013605442,0,4096,0,1.0,-50.71577575517864,,,,,,,,,1.388500000000903,4.905700000000124,0
141,0.8243083900226758,0,4096,0,1.0,-54.27231528280881,,,,,,,,,1.5129999999992094,0.36109999999922593,2
142,0.8301133786848073,0,4096,0,1.0,-59.59909744420094,,,,,,,,,0.4980000000003315,1.8269000000010749,1
143,0.8359183673469388,0,4096,0,1.0,-64.54422307111966,,,,,,,,,0.38319999999991694,2.32379999999921,0
144,0.8417233560090703,0,4096,0,1.0,-67.72123498790339,,,,,,,,,0.5026000000007969,0.2432999999992802,2
145,0.8475283446712019,0,4096,0,1.0,-69.59359088048464,,,,,,,,,0.2905000000001934,0.754199999999372,1
146,0.8533333333333334,0,4096,0,1.0,-71.12081948186407,,,,,,,,,0.3241000000002714,1.0660999999991816,0
147,0.8591383219954648,0,4096,0,1.0,-73.93063368739908,,,,,,,,,0.8581999999996981,0.29739999999911504,2
148,0.8649433106575963,0,4096,0,1.0,-74.83006242051778,,,,,,,,,0.9671999999998349,1.228099999998733,1
149,0.8707482993197279,0,4096,0,1.0,-74.3057053873584,,,,,,,,,0.4959000000006597,2.255599999999802,0
150,0.8765532879818594,0,4096,0,1.0,-73.43403136496735,,,,,,,,,1.126199999999855,0.275799999998938,2
151,0.8823582766439909,0,4096,0,1.0,-77.83782878652721,,,,,,,,,0.8322999999990088,1.4303999999984995,1
152,0.8881632653061224,0,4096,0,1.0,-74.82670055254454,,,,,,,,,0.5798000000005743,2.300599999999875,0
153,0.893968253968254,0,4096,0,1.0,-76.44562925683294,,,,,,,,,1.4742999999999284,0.1297999999998467,2
154,0.8997732426303855,0,4096,0,1.0,-76.04701653430277,,,,,,,,,0.6132999999994837,1.6370000000005547,1
155,0.905578231292517,0,4096,0,1.0,-75.95454002375887,,,,,,,,,0.4553999999998837,1.8158000000010333,0
156,0.9113832199546485,0,4096,0,1.0,-69.16222766744566,,,,,,,,,0.5388000000010607,0.2288999999997543,2
157,0.9171882086167801,0,4096,0,1.0,-63.72943379199199,,,,,,,,,0.3504999999996983,0.8224999999999483,1
158,0.9229931972789116,0,4096,0,1.0,-57.60971878444341,,,,,,,,,0.28730000000010136,1.151200000000685,0
159,0.9287981859410431,0,4096,0,1.0,-56.23280434772796,,,,,,,,,1.2214999999997644,0.22169999999910317,2
160,0.9346031746031747,0,4096,0,1.0,-56.85406465322287,,,,,,,,,0.9844999999994997,1.4716999999997427,1
161,0.9404081632653061,0,4096,0,1.0,-57.8849989328789,,,,,,,,,0.9531999999996543,2.489900000000489,0
162,0.9462131519274376,0,4096,0,1.0,-56.93237646106712,,,,,,,,,1.53120000000051,0.26259999999922456,2
163,0.9520181405895691,0,4096,0,1.0,-58.59469084262743,,,,,,,,,1.2398999999998495,1.7864999999996911,1
164,0.9578231292517007,0,4096,0,1.0,-55.87668505142264,,,,,,,,,1.0218000000001837,3.0631000000003183,0
165,0.9636281179138322,0,4096,0,1.0,-60.14595847038284,,,,,,,,,1.0048999999998642,0.28970000000150264,2
166,0.9694331065759637,0,4096,0,1.0,-58.700677247900714,,,,,,,,,0.7959999999993528,1.2626000000004467,1
167,0.9752380952380952,0,4096,0,1.0,-62.63375071528383,,,,,,,,,0.5855000000014599,2.088900000000393,0
168,0.9810430839002268,0,4096,0,1.0,-59.777744761707766,,,,,,,,,1.443000000000083,0.2499000000000251,2
169,0.9868480725623583,0,4096,0,1.0,-59.212669198214634,,,,,,,,,0.7529000000001673,1.704300000000103,1
170,0.9926530612244898,0,4096,0,1.0,-61.22093950945509,,,,,,,,,0.44459999999979516,2.4823000000004924,0
171,0.9984580498866213,1,4096,0,1.0,-62.30837510544016,0.0015453316736966372,64,0,-1,,0,0,4.601400000000311,7.828299999999899,0.16369999999987783,2
172,1.0042630385487528,1,4096,0,0.424758321647514,-65.7231350862479,0.001346407923847437,64,0,-1,,0,0,3.1218000000006185,4.538000000000153,7.714499999998736,4
173,1.0100680272108844,1,512,1,1.0,-66.2782444562879,0.04007590562105179,53,0,-1,,0,0,4.3333000000007615,5.627900000000352,12.284600000000978,3
174,1.0158730158730158,1,512,0,0.0,-69.20240795901982,0.027377184480428696,59,0,-1,,0,0,5.288900000000041,6.296999999999997,9.737200000000001,2
175,1.0216780045351475,1,512,0,0.0,-77.06482773499677,0.02281687967479229,59,0,-1,,0,0,3.5431999999993025,4.496599999999518,16.103300000001042,1
176,1.0274829931972789,1,1024,0,0.0,-76.04447392878956,0.020157117396593094,59,0,-1,,0,0,3.937199999999308,4.937299999999922,20.6306000000005,0
177,1.0332879818594105,1,1024,0,0.0,-77.98829876275877,0.019300520420074463,59,0,-1,,0,0,5.270700000000517,8.119899999998736,0.3533999999998372,2
178,1.039092970521542,1,2048,0,0.0,-79.84710438967512,0.017108924686908722,59,0,-1,,0,0,3.7103999999992254,5.465799999999632,8.529100000000511,4
179,1.0448979591836736,1,2048,0,0.0,-78.01022645648274,0.01830453611910343,59,0,-1,,0,0,5.691999999999808,7.266800000000018,14.082600000000056,3
180,1.050702947845805,1,2048,0,0.0,-78.68098107725255,0.019003968685865402,59,0,-1,,0,0,3.459299999999388,4.5655,8.895000000000763,2
181,1.0565079365079366,1,2048,0,0.0,-78.83045498512378,0.019625825807452202,59,0,-1,,0,0,6.2616000000002,8.305000000000007,13.514299999998869,1
182,1.062312925170068,1,4096,0,0.0,-81.10093016225001,0.00181580800563097,53,0,-1,,0,0,2.90309999999927,4.208099999999604,21.965599999999696,0
183,1.0681179138321995,1,4096,0,0.0,-80.06126495683714,0.0020383193623274565,53,0,-1,,0,0,2.7932999999986663,4.605999999999,0.32049999999905765,2
184,1.073922902494331,1,4096,0,0.0,-78.90593819467631,0.002118780044838786,59,0,-1,,0,0,4.224499999999409,5.247999999999919,4.920699999999556,4
185,1.0797278911564625,1,4096,0,0.0,-77.45476639270923,0.0024220000486820936,59,0,-1,,0,0,2.788300000000632,3.462999999999994,10.219799999999779,3
186,1.0855328798185941,1,4096,0,0.0,-77.8764134887391,0.0023826872929930687,59,0,-1,,0,0,3.5737999999998493,4.293099999999939,8.620800000000983,2
187,1.0913378684807256,1,4096,0,0.0,-80.11609117829309,0.0026049541775137186,59,0,-1,,0,0,3.0178999999996847,3.796699999998765,12.916999999999845,1
188,1.0971428571428572,1,4096,0,0.0,-79.91784108735118,0.0026105165015906096,59,0,-1,,0,0,4.7864000000004125,7.257700000000256,16.79350000000035,3
189,1.1029478458049886,1,4096,0,0.0,-74.55726694323103,0.0025948146358132362,59,0,-1,,0,0,3.50519999999932,4.354900000000939,6.164000000000058,2
190,1.1087528344671203,1,4096,0,0.0,-73.93454122537139,0.002655628602951765,59,0,-1,,0,0,3.026400000001317,3.7895999999992824,10.52659999999861,1
191,1.1145578231292517,1,4096,0,0.0,-71.22828170326721,0.0026518828235566616,59,0,-1,,0,0,5.444699999999969,6.300399999998874,14.3810000000002,0
192,1.1203628117913833,1,4096,0,0.0,-73.50852217386218,0.0026823990046977997,59,0,-1,,0,0,4.067899999999014,5.205699999999425,0.23619999999979768,2
193,1.1261678004535147,1,4096,0,0.0,-75.2994364509888,0.0026631904765963554,59,0,-1,,0,0,5.913599999999519,7.391700000001222,5.479699999998644,1
194,1.1319727891156464,1,4096,0,0.0,-79.11603391454557,0.0026252565439790487,59,0,-1,,0,0,5.1451000000000136,7.297899999999302,13.057500000000388,3
195,1.1377777777777778,1,4096,0,0.0,-79.42448854957442,0.0026186900213360786,59,0,-1,,0,0,3.375800000000595,4.40649999999998,2.9581000000007407,2
196,1.1435827664399092,1,4096,0,0.0,-85.66241013160705,0.0026062154211103916,59,0,-1,,0,0,4.839700000001557,5.7448000000004384,7.3942000000002395,1
197,1.1493877551020408,1,4096,0,0.0,-85.57028228154644,0.002597224898636341,59,0,-1,,0,0,4.611800000001054,6.450100000000347,13.272100000000009,3
198,1.1551927437641722,1,4096,0,0.0,-87.85662118094564,0.002611999399960041,59,0,-1,,0,0,8.31140000000019,9.9266999999994,4.438200000000947,2
199,1.1609977324263039,1,4096,0,0.0,-90.44207058239596,0.0026069805026054382,59,0,-1,,0,0,7.114800000000088,9.624199999999306,14.544000000000779,4
200,1.1668027210884353,1,4096,0,0.0,-91.90492640292644,0.002612507436424494,59,0,-1,,0,0,6.127700000000402,8.018699999999157,24.302099999999882,3
201,1.172607709750567,1,4096,0,0.0,-90.90299974677376,0.002608843380585313,59,0,-1,,0,0,3.953499999999721,6.045699999999599,17.49769999999984,2
202,1.1784126984126984,1,4096,0,0.0,-85.97608384483992,0.0026065874844789505,59,0,-1,,0,0,3.5522999999990645,4.945200000001648,23.571000000000453,4
203,1.18421768707483,1,4096,0,0.0,-79.98974902822735,0.002621665596961975,59,0,-1,,0,0,5.708199999999053,7.175099999999546,28.57239999999983,6
204,1.1900226757369614,1,4096,0,0.0,-81.69329319627265,0.002610414521768689,59,0,-1,,0,0,4.165499999999156,5.631799999999743,11.390099999999848,5
205,1.195827664399093,1,4096,0,0.0,-82.02533334506937,0.0025776990223675966,59,0,-1,,0,0,4.902200000000079,6.477499999999026,17.0464999999993,4
206,1.2016326530612245,1,4096,0,0.0,-82.71150933644623,0.002607834991067648,59,0,-1,,0,0,6.292900000000046,8.81099999999968,23.528600000000566,6
207,1.207437641723356,1,4096,0,0.0,-78.62536503867832,0.0026210721116513014,59,0,-1,,0,0,3.940099999999447,5.039699999999314,25.171399999999622,5
208,1.2132426303854875,1,4096,0,0.0,-74.00111601308967,0.002637258730828762,59,0,-1,,0,0,3.918500000001046,5.25299999999973,30.23419999999888,4
209,1.2190476190476192,1,4096,0,0.0,-70.80895094887394,0.0026345131918787956,59,0,-1,,0,0,3.003500000000159,3.8129000000015623,35.56020000000082,3
210,1.2248526077097506,1,4096,0,0.22660933641397898,-69.90197501347285,0.002655802760273218,59,0,-1,,0,0,3.3394000000015467,4.55059999999996,22.396900000000386,5
211,1.230657596371882,1,4096,0,0.0,-68.13433663070712,0.0026192229706794024,59,0,-1,,0,0,7.66160000000049,8.554500000000687,26.960299999998938,4
212,1.2364625850340136,1,4096,0,0.0,-70.25299218824965,0.002640932332724333,59,0,-1,,0,0,7.148700000000119,9.180799999999323,35.62670000000168,6
213,1.242267573696145,1,4096,0,0.0,-71.58532447360935,0.0026176488026976585,59,0,-1,,0,0,8.649700000001204,11.805900000000591,22.515300000000238,8
214,1.2480725623582767,1,4096,0,0.0,-70.5023485134966,0.002648651134222746,59,0,-1,,0,0,4.0285000000004345,5.396499999999804,34.36860000000053,7
215,1.253877551020408,1,4096,0,0.0,-73.10376387606507,0.00263919192366302,59,0,-1,,0,0,7.331399999999988,10.140599999999722,39.849000000000245,9
216,1.2596825396825397,1,4096,0,0.0,-74.46485823744928,0.0026241943705826998,59,0,-1,,0,0,8.675500000000724,10.9572,33.08569999999911,8
217,1.2654875283446712,1,4096,0,0.0,-74.03139090035657,0.0026426331605762243,59,0,-1,,0,0,5.070699999999206,10.194700000001333,44.2393999999986,7
218,1.2712925170068028,1,4096,0,0.0,-71.98059902000463,0.0026463496033102274,59,0,-1,,0,0,5.415799999999749,6.528100000000592,54.505100000000084,9
219,1.2770975056689342,1,4096,0,0.0,-70.49065786508977,0.002679205499589443,59,0,-1,,0,0,3.875099999998355,4.775600000000324,44.692599999999416,8
220,1.2829024943310658,1,4096,0,0.0,-68.13670213774847,0.002679465338587761,59,0,-1,,0,0,4.365200000000513,5.284400000000744,49.45299999999975,7
221,1.2887074829931973,1,4096,0,0.0,-66.30474712470814,0.0026952801272273064,59,0,-1,,0,0,5.123900000000958,8.321600000000373,54.80659999999915,9
222,1.294512471655329,1,4096,0,0.08775997984086277,-64.44434433740875,0.002712806686758995,59,0,-1,,0,0,3.963600000000511,5.6024000000007845,48.588600000000426,11
223,1.3003174603174603,1,4096,0,0.0837208770411316,-64.73198746506996,0.002682424383237958,59,0,-1,,0,0,3.7232999999989858,4.817599999999089,54.2145000000005,10
224,1.3061224489795917,1,512,1,0.7759576891082262,-62.19130456072718,0.05384961888194084,53,0,-1,,0,0,5.307600000000079,6.8195000000006445,59.14369999999991,9
225,1.3119274376417234,1,512,0,1.0,-60.45162503790044,0.056159310042858124,59,0,-1,,0,0,4.290899999999098,5.7837999999996725,39.98190000000079,11
226,1.3177324263038548,1,512,0,0.4530105661307164,-60.147249487390546,0.12212221324443817,53,0,-1,,0,0,5.2120000000002165,6.773300000000759,45.81720000000011,10
227,1.3235374149659864,1,1024,0,0.0,-63.00675215279307,0.033486492931842804,59,0,-1,,0,0,4.399900000001011,5.845799999999457,52.69559999999984,9
228,1.3293424036281178,1,1024,0,1.0,-59.42835419573167,0.03871247172355652,53,0,-1,,0,0,4.434100000000996,5.773800000000051,44.399600000000206,11
229,1.3351473922902495,1,2048,0,0.26338815528488946,-60.74044624723047,0.019074412062764168,53,0,-1,,0,0,6.116599999998584,7.614399999999577,50.20339999999912,10
230,1.340952380952381,1,2048,0,0.0,-63.040763109721745,0.020964138209819794,53,0,-1,,0,0,7.766900000000021,10.534500000000335,57.94039999999967,9
231,1.3467573696145125,1,2048,0,0.0,-62.75310009685596,0.01799330674111843,53,0,-1,,0,0,3.753900000001309,7.202799999999954,59.690599999999705,11
232,1.352562358276644,1,2048,0,0.307411425449301,-65.6716854207925,0.014535258524119854,53,0,-1,,0,0,3.7018999999993696,4.657399999999257,66.89710000000026,13
233,1.3583673469387756,1,4096,0,0.0,-64.75062850458617,0.001927316072396934,53,0,-1,,0,0,3.754499999999439,5.071000000000936,71.61750000000033,12
234,1.364172335600907,1,4096,0,0.0,-69.68784114126167,0.001868175808340311,53,0,-1,,0,0,4.832900000000251,6.640199999999652,55.65070000000105,11
235,1.3699773242630386,1,4096,0,0.0,-71.3971371822573,0.0018275583861395717,53,0,-1,,0,0,3.5024000000003497,4.445699999999775,62.32890000000069,10
236,1.37578231292517,1,4096,0,0.0,-74.78798705248906,0.001822395366616547,53,0,-1,,0,0,4.000700000000634,5.060600000000193,66.84489999999954,9
237,1.3815873015873017,1,4096,0,0.0,-74.17608410592243,0.001822782214730978,53,0,-1,,0,0,3.853600000001123,7.278599999999358,55.1358000000004,11
238,1.3873922902494331,1,4096,0,0.13037642689109843,-69.94185615971861,0.0018725877162069082,53,0,-1,,0,0,3.711300000000861,4.748199999999869,62.46360000000095,10
239,1.3931972789115645,1,4096,0,0.7730913312825748,-65.56744666413539,0.00200821366161108,53,0,-1,,0,0,5.09569999999826,5.99440000000051,67.28179999999995,12
240,1.3990022675736962,1,4096,0,0.261225657849919,-63.86779628606922,0.0020724197383970022,53,0,-1,,0,0,3.9397999999994937,5.001700000001108,49.125899999999945,11
241,1.4048072562358276,1,512,1,1.0,-55.47074033412565,0.058701854199171066,59,0,-1,,0,0,4.137000000000057,5.038700000000063,54.13090000000054,10
242,1.4106122448979592,1,512,0,1.0,-55.58911634896607,0.20730745792388916,59,0,-1,,0,0,6.730499999999751,7.6768999999998755,59.06840000000102,9
243,1.4164172335600906,1,512,0,1.0,-53.19625533519199,0.339091420173645,53,0,-1,,0,0,3.5298000000008045,4.3959999999998445,61.169200000000146,8
244,1.4222222222222223,1,1024,0,1.0,-54.93927236812084,0.15104302763938904,66,0,-1,,0,0,3.683099999999939,5.59100000000079,65.60469999999974,10
245,1.4280272108843537,1,1024,0,1.0,-50.86373578719194,0.30048897862434387,66,0,-1,,0,0,6.219100000000921,9.667199999999099,71.27750000000077,12
246,1.4338321995464853,1,2048,0,1.0,-52.66867632251197,0.10165166854858398,66,0,-1,,0,0,3.3572999999993414,4.270200000000557,54.45350000000104,11
247,1.4396371882086167,1,2048,0,1.0,-51.33075631080847,0.09830342233181,66,0,-1,,0,0,3.8999000000004003,4.916900000001334,58.18990000000035,13
248,1.4454421768707484,1,2048,0,1.0,-52.89433331244165,0.08352555334568024,66,0,-1,,0,0,4.253699999999583,5.74469999999927,63.1560000000011,12
249,1.4512471655328798,1,2048,0,1.0,-51.92078741015841,0.0576566644012928,66,0,-1,,0,0,3.6244999999990313,4.553100000000754,56.652400000000824,11
250,1.4570521541950114,1,4096,0,1.0,-55.54044886032596,0.0030315511394292116,66,0,-1,,0,0,3.7260999999997324,4.9397999999989395,61.22550000000082,10
251,1.4628571428571429,1,4096,0,1.0,-51.81133797469605,0.0036322709638625383,66,0,-1,,0,0,4.336900000000199,5.339100000000485,66.23650000000048,9
252,1.4686621315192743,1,4096,0,1.0,-45.29429676191376,0.003780544502660632,66,0,-1,,0,0,3.2417999999996283,3.967599999999294,45.288799999999796,11
253,1.474467120181406,1,4096,0,1.0,-42.22110367204486,0.006007079500705004,66,0,-1,,0,0,3.27369999999938,3.9298000000016486,48.871600000000015,10
254,1.4802721088435373,1,4096,0,1.0,-37.77884878032409,0.007100407965481281,66,0,-1,,0,0,3.3642000000000394,4.091799999999424,52.7287999999988,9
255,1.486077097505669,1,4096,0,1.0,-44.01674440794722,0.007085731718689203,66,0,-1,,0,0,4.931800000001374,6.433200000000028,51.95819999999962,11
256,1.4918820861678004,1,4096,0,1.0,-36.273917541061344,0.007916836068034172,66,0,-1,,0,0,4.477299999999573,5.332600000000909,58.4062000000003,10
257,1.497687074829932,1,4096,0,1.0,-43.57374053565697,0.007912807166576385,66,0,-1,,0,0,3.432899999999961,4.630800000001045,63.18459999999959,9
258,1.5034920634920634,1,4096,0,1.0,-35.33521527104173,0.009575516916811466,66,0,-1,,0,0,4.607899999999887,6.455000000000766,51.29889999999904,11
259,1.509297052154195,1,4096,0,1.0,-38.41233439713512,0.009578827768564224,66,0,-1,,0,0,3.566700000000367,4.67059999999897,57.779899999999884,10
260,1.5151020408163265,1,4096,0,1.0,-38.45725069101776,0.011306572705507278,66,0,-1,,0,0,3.280600000000078,4.11429999999946,62.49489999999902,9
261,1.5209070294784581,1,4096,0,1.0,-38.55247330985482,0.012590543366968632,66,0,-1,,0,0,5.4648000000003805,7.250100000000259,43.24860000000008,11
262,1.5267120181405895,1,4096,0,1.0,-37.93207026955434,0.014705057255923748,66,0,-1,,0,0,4.090200000000266,5.424500000000165,50.554599999999894,10
263,1.5325170068027212,1,4096,0,1.0,-41.81233033209287,0.015624011866748333,66,0,-1,,0,0,5.0437999999992655,6.302500000000322,56.06059999999857,9
264,1.5383219954648526,1,4096,0,1.0,-41.55604438485558,0.015873419120907784,66,0,-1,,0,0,6.266500000000619,8.230499999999807,45.93659999999922,8
265,1.5441269841269842,1,4096,0,1.0,-44.35137020387177,0.017252014949917793,70,0,-1,,0,0,8.308699999998836,10.075300000000453,54.2284999999989,10
266,1.5499319727891157,1,4096,0,1.0,-44.26871771004815,0.018048031255602837,70,0,-1,,0,0,4.874799999999624,6.699300000001074,64.41590000000019,12
267,1.555736961451247,1,4096,0,1.0,-51.783845486720764,0.017765836790204048,66,0,-1,,0,0,2.7954999999995067,3.5068999999996464,56.33970000000055,11
268,1.5615419501133787,1,4096,0,1.0,-46.32260445529532,0.01841556653380394,66,0,-1,,0,0,5.521199999998672,6.310299999999103,59.86290000000061,13
269,1.5673469387755101,1,4096,0,1.0,-49.460870906028674,0.011857663281261921,66,0,-1,,0,0,3.9573999999991116,5.467400000000566,66.26960000000004,12
270,1.5731519274376418,1,4096,0,1.0,-52.08046522358436,0.0072173792868852615,64,0,-1,,0,0,4.179699999999897,5.368999999999957,56.66639999999923,11
271,1.5789569160997732,1,4096,0,1.0,-53.58571327290436,0.008751601912081242,64,0,-1,,0,0,11.228199999999688,12.562799999999541,62.09619999999916,13
272,1.5847619047619048,1,4096,0,1.0,-54.71986424907635,0.006055071018636227,64,0,-1,,0,0,3.051299999999202,3.961799999999016,74.73059999999876,12
273,1.5905668934240362,1,4096,0,1.0,-56.86011779232916,0.004206174053251743,64,0,-1,,0,0,5.4656999999984635,6.441000000000585,52.7912999999991,11
274,1.5963718820861679,1,4096,0,0.6374532381138147,-60.02242412943575,0.00444989837706089,64,0,-1,,0,0,3.403500000001003,4.380499999999898,59.30610000000058,10
275,1.6021768707482993,1,4096,0,1.0,-59.79597670032858,0.003331177169457078,64,0,-1,,0,0,3.823000000000576,5.36450000000066,63.755399999999796,12
276,1.607981859410431,1,4096,0,0.1380811876382836,-61.49173658752581,0.003298177383840084,64,0,-1,,0,0,6.417399999998352,8.381899999999831,55.968699999999316,11
277,1.6137868480725623,1,512,1,0.5439192336041487,-61.89339327471799,0.03185104578733444,59,0,-1,,0,0,6.583499999999631,8.380800000001187,64.44450000000046,13
278,1.619591836734694,1,512,0,0.19472686692482227,-61.02369452039397,0.031755682080984116,59,0,-1,,0,0,6.702500000001166,10.986600000000735,72.94300000000042,15
279,1.6253968253968254,1,512,0,0.0,-65.10885997553913,0.027965376153588295,59,0,-1,,0,0,2.8287000000002394,3.811100000000067,73.25509999999902,14
280,1.6312018140589568,1,1024,0,0.0,-65.7718581982979,0.020392274484038353,59,0,-1,,0,0,3.396800000000866,4.015600000000674,77.03520000000097,13
281,1.6370068027210884,1,1024,0,0.0,-66.62429392605111,0.020427322015166283,59,0,-1,,0,0,3.241999999998413,5.3384999999988025,81.1585000000008,12
282,1.6428117913832199,1,2048,0,0.0,-68.93804572471797,0.01756417192518711,59,0,-1,,0,0,2.5241999999998654,3.120400000000245,64.30130000000034,11
283,1.6486167800453515,1,2048,0,0.16407735552233704,-68.97956692710017,0.01885075494647026,59,0,-1,,0,0,2.7898000000003975,3.3132000000009043,67.3761000000006,10
284,1.654421768707483,1,2048,0,0.0,-70.83759684002077,0.018435342237353325,59,0,-1,,0,0,3.5875000000000767,4.360499999998879,70.75629999999933,12
285,1.6602267573696146,1,2048,0,0.0,-75.04324622226122,0.0188943799585104,59,0,-1,,0,0,3.3255000000007584,5.446600000000856,57.58389999999913,11
286,1.666031746031746,1,4096,0,0.0,-75.97137854296207,0.0023105861619114876,59,0,-1,,0,0,3.1079999999992225,3.7674999999985914,62.81099999999995,10
287,1.6718367346938776,1,4096,0,0.0,-75.87987022010819,0.002417297102510929,59,0,-1,,0,0,3.3020999999990863,3.956099999999907,66.3260000000001,12
288,1.677641723356009,1,4096,0,0.0,-76.55502423026392,0.002410267712548375,59,0,-1,,0,0,3.5617999999999483,4.295499999999564,54.767399999999355,11
289,1.6834467120181407,1,4096,0,0.0,-85.27835775164687,0.0025182722602039576,59,0,-1,,0,0,2.9863999999992785,4.499900000000778,59.11579999999894,13
290,1.689251700680272,1,4096,0,0.0,-85.7209985286204,0.0025090386625379324,59,0,-1,,0,0,2.7676999999997065,3.340599999999583,63.66490000000091,12
291,1.6950566893424037,1,4096,0,0.0,-82.49572360993048,0.002504807896912098,59,0,-1,,0,0,2.71319999999875,3.419000000000949,53.78520000000009,11
292,1.7008616780045351,1,4096,0,0.0,-84.68200566162155,0.002564865630120039,59,0,-1,,0,0,3.7273000000013212,4.328700000000296,57.17339999999993,10
293,1.7066666666666668,1,4096,0,0.0,-84.29147523197763,0.0025777320843189955,59,0,-1,,0,0,3.145600000001636,4.239099999999496,61.57400000000024,9
294,1.7124716553287982,1,4096,0,0.0,-84.74279456296408,0.002626455621793866,59,0,-1,,0,0,3.4416000000003777,4.491099999999193,40.5388999999996,8
295,1.7182766439909296,1,4096,0,0.0,-86.28051083764278,0.0026183200534433126,59,0,-1,,0,0,3.6954999999991855,5.7925999999994815,45.17990000000083,10
296,1.7240816326530612,1,4096,0,0.0,-85.64498663649188,0.002606006106361747,59,0,-1,,0,0,3.01550000000006,5.015100000001382,51.76709999999929,9
297,1.7298866213151927,1,4096,0,0.0,-85.9263270231483,0.0026140708941966295,59,0,-1,,0,0,2.8024000000002047,3.5648999999988717,43.5686000000004,8
298,1.7356916099773243,1,4096,0,0.0,-88.72967741026139,0.002648297231644392,59,0,-1,,0,0,2.6123000000009,3.2343000000008004,47.15039999999959,10
299,1.7414965986394557,1,4096,0,0.0,-86.89964231156195,0.002633359283208847,59,0,-1,,0,0,3.5916999999994204,4.4842999999996636,50.45460000000013,9
300,1.7473015873015874,1,4096,0,0.0,-88.97217686583781,0.0026388983242213726,59,0,-1,,0,0,3.133399999999398,5.567900000000847,44.32130000000001,8
301,1.7531065759637188,1,4096,0,0.0,-93.34397146134489,0.0026337401941418648,59,0,-1,,0,0,2.6796999999998405,3.8114000000000203,50.10709999999996,7
302,1.7589115646258504,1,4096,0,0.0,-92.2356868214676,0.0026337350718677044,59,0,-1,,0,0,2.974000000000032,3.634800000000382,53.96679999999954,6
303,1.7647165532879818,1,4096,0,0.0,-93.88857243768805,0.002621997380629182,59,0,-1,,0,0,5.3611999999994,6.163500000001321,36.53189999999995,8
304,1.7705215419501135,1,4096,0,0.0,-94.9330270966879,0.002631861949339509,59,0,-1,,0,0,3.896400000000355,5.27489999999986,42.724999999999014,10
305,1.7763265306122449,1,4096,0,0.0,-93.81189069276645,0.0026314991991966963,59,0,-1,,0,0,3.244800000000936,4.103800000001101,48.05080000000039,9
306,1.7821315192743765,1,4096,0,0.0,-94.33638106943889,0.002627383451908827,59,0,-1,,0,0,5.666899999999586,7.023399999999569,34.53159999999933,8
307,1.787936507936508,1,4096,0,0.0,-95.80152468536258,0.0026401826180517673,59,0,-1,,0,0,3.50040000000007,4.2863999999998015,41.58620000000113,7
308,1.7937414965986394,1,4096,0,0.0,-95.86203353190663,0.002640585647895932,59,0,-1,,0,0,2.656800000000459,3.358000000000416,45.928599999999875,6
309,1.799546485260771,1,4096,0,0.0,-96.243937670594,0.0026309846434742212,59,0,-1,,0,0,2.8664000000002687,3.448300000000515,27.966299999999222,5
310,1.8053514739229024,1,4096,0,0.0,-96.17790898892383,0.0026290183886885643,59,0,-1,,0,0,5.566599999999866,6.399699999999342,31.399499999999136,7
311,1.811156462585034,1,4096,0,0.0,-95.80152468536258,0.0026275923009961843,59,0,-1,,0,0,5.408799999999658,6.698000000000093,37.877399999999284,6
312,1.8169614512471655,1,4096,0,0.0,-95.29183509470138,0.00263489643111825,59,0,-1,,0,0,2.7162000000000575,3.5292000000008983,36.42059999999958,5
313,1.822766439909297,1,4096,0,0.0,-95.68297888648334,0.0026344514917582273,59,0,-1,,0,0,5.505799999999894,6.547600000001097,39.966200000000285,7
314,1.8285714285714285,1,4096,0,0.0,-95.86203353190663,0.002638567006215453,59,0,-1,,0,0,3.046299999999391,3.8898999999990025,46.556800000001175,6
315,1.8343764172335602,1,4096,0,0.0,-95.40004253398527,0.0026353737339377403,59,0,-1,,0,0,2.6263000000010805,3.2060999999998785,24.39709999999984,5
316,1.8401814058956916,1,4096,0,0.0,-96.73658462938218,0.002634707372635603,59,0,-1,,0,0,3.4434000000000964,4.21149999999848,27.608999999999995,4
317,1.8459863945578232,1,4096,0,0.0,-96.51857380658345,0.0026343301869928837,59,0,-1,,0,0,3.659599999998875,7.058300000000628,31.88820000000092,3
318,1.8517913832199546,1,4096,0,0.0,-97.37788810649823,0.0026331702247262,59,0,-1,,0,0,2.9789000000004506,4.355700000001406,23.98779999999867,5
319,1.8575963718820863,1,4096,0,0.0,-96.81175663155918,0.002634291537106037,59,0,-1,,0,0,2.5673000000008273,3.3503000000010275,28.35080000000012,7
320,1.8634013605442177,1,4096,0,0.0,-97.12617372141175,0.0026345569640398026,59,0,-1,,0,0,4.931900000000766,6.360299999998986,31.741299999998418,6
321,1.8692063492063493,1,4096,0,0.0,-95.56758314090658,0.002635145792737603,59,0,-1,,0,0,2.996899999999414,3.7909999999996558,13.322999999999752,5
322,1.8750113378684807,1,4096,0,0.0,-96.11286916969236,0.0026343162171542645,59,0,-1,,0,0,2.916000000000807,3.601499999998481,17.12109999999889,4
323,1.8808163265306121,1,4096,0,0.0,-95.86203353190663,0.0026351208798587322,59,0,-1,,0,0,3.6985999999998853,4.470500000000044,20.74499999999979,6
324,1.8866213151927438,1,4096,0,0.0,-93.44756490089864,0.0026339993346482515,59,0,-1,,0,0,3.728300000000573,4.765600000000703,21.147300000000868,5
325,1.8924263038548752,1,4096,0,0.0,-81.9677860250506,0.002635158132761717,59,0,-1,,0,0,3.2480999999986437,3.9778999999988685,25.94910000000006,4
326,1.8982312925170068,1,4096,0,0.0,-82.48171206332445,0.002635034266859293,59,0,-1,,0,0,3.017100000000994,3.7044999999995554,29.984200000001238,3
327,1.9040362811791383,1,4096,0,0.0,-78.54551403990382,0.0026302654296159744,59,0,-1,,0,0,5.156500000000008,6.590499999999722,14.249399999998857,2
328,1.90984126984127,1,4096,0,0.0,-79.04571215567694,0.0026450082659721375,59,0,-1,,0,0,3.261399999999526,4.171100000000649,20.879900000000617,4
329,1.9156462585034013,1,4096,0,0.0,-78.41853376924203,0.0026426760014146566,59,0,-1,,0,0,2.948099999999343,3.843899999999678,25.096500000000077,3
330,1.921451247165533,1,4096,0,0.0,-82.2237376004609,0.0026299450546503067,59,0,-1,,0,0,2.923799999999588,3.645900000000424,5.1658999999997235,2
331,1.9272562358276644,1,4096,0,0.09764896572853102,-74.21635922383606,0.0026359581388533115,59,0,-1,,0,0,4.688099999999196,5.509299999999939,8.842200000000133,1
332,1.933061224489796,1,4096,0,0.0,-76.04956062927309,0.0026459507644176483,59,0,-1,,0,0,2.9935999999999297,3.7029000000003975,14.406199999999814,3
333,1.9388662131519274,1,4096,0,0.9339040814838531,-69.04627960939958,0.002643394749611616,59,0,-1,,0,0,3.3397999999991157,4.074799999999712,1.3415000000005506,2
334,1.944671201814059,1,512,1,1.0,-58.06146055308409,0.025603026151657104,59,0,-1,,0,0,2.7861999999991838,3.576400000000035,5.461399999999728,1
335,1.9504761904761905,1,512,0,1.0,-61.5493188982364,0.033711131662130356,59,0,-1,,0,0,4.429299999999969,5.847700000000344,9.11110000000015,0
336,1.956281179138322,1,512,0,1.0,-54.39841668227903,0.056822337210178375,59,0,-1,,0,0,3.0909000000001186,4.145700000000474,0.2211000000009733,2
337,1.9620861678004535,1,1024,0,1.0,-53.7163256887445,0.04728451743721962,59,0,-1,,0,0,5.134500000000486,6.3948000000007,4.409799999999464,1
338,1.967891156462585,1,1024,0,1.0,-54.200911774401945,0.06485237181186676,59,0,-1,,0,0,4.640400000001321,8.889599999999831,10.916100000001094,3
339,1.9736961451247166,1,2048,0,1.0,-53.219460316266634,0.03452375903725624,59,0,-1,,0,0,7.085100000001177,9.410999999998282,6.874800000000292,2
340,1.979501133786848,1,2048,0,1.0,-53.40319909888105,0.03831925615668297,59,0,-1,,0,0,4.982000000000042,6.495899999999111,16.361899999999707,1
341,1.9853061224489796,1,2048,0,1.0,-53.30228503403702,0.04360191896557808,64,0,-1,,0,0,6.571100000000385,8.509499999998837,22.944400000000087,3
342,1.991111111111111,1,2048,0,1.0,-54.34395434721259,0.035967763513326645,64,0,-1,,0,0,5.330899999998806,8.72580000000056,5.962199999999029,2
343,1.9969160997732427,1,4096,0,1.0,-54.55046459333738,0.00276259146630764,64,0,-1,,0,0,4.275800000000274,6.070799999999821,14.75939999999909,4
344,2.0027210884353743,1,4096,0,1.0,-56.17484005435688,0.00230996310710907,64,0,-1,,0,0,5.649599999999921,8.116299999999299,20.91759999999887,6
345,2.0085260770975055,1,4096,0,1.0,-54.36502020880661,0.0022228483576327562,64,0,-1,,0,0,3.359299999999621,4.271499999999762,13.910600000000883,5
346,2.014331065759637,1,4096,0,1.0,-58.18189824876637,0.002221980132162571,64,0,-1,,0,0,3.980399999999662,5.6152999999987685,18.225099999998662,4
347,2.020136054421769,1,4096,0,1.0,-58.53922519976994,0.0020982057321816683,64,0,-1,,0,0,4.261999999998878,5.953100000001044,24.047200000000046,3
348,2.0259410430839004,1,4096,0,1.0,-58.934353851764826,0.002106526866555214,64,0,-1,,0,0,3.615399999999269,4.633700000001184,21.298900000001453,5
349,2.0317460317460316,1,4096,0,1.0,-58.24751764269439,0.0020035088527947664,64,0,-1,,0,0,3.5613999999988266,4.327800000000437,25.899100000000175,4
350,2.0375510204081633,1,4096,0,1.0,-58.050372932080414,0.0020634131506085396,64,0,-1,,0,0,4.216200000000114,5.2133000000011975,30.277399999999233,3
351,2.043356009070295,1,4096,0,1.0,-55.948768928863934,0.0021959056612104177,64,0,-1,,0,0,2.840900000000701,3.46780000000102,13.055000000001371,5
352,2.049160997732426,1,4096,0,1.0,-57.58835807151964,0.0022592537570744753,64,0,-1,,0,0,2.8567000000006004,3.4484999999992993,16.520699999999167,4
353,2.0549659863945577,1,4096,0,1.0,-56.52140627328229,0.002198473084717989,64,0,-1,,0,0,3.3928000000003067,4.033899999999591,20.007500000000178,3
354,2.0607709750566894,1,4096,0,1.0,-53.76035404588788,0.0022272879723459482,64,0,-1,,0,0,3.8202999999992215,5.077599999999904,8.77750000000077,2
355,2.066575963718821,1,4096,0,1.0,-53.879389544201636,0.0025713916402310133,53,0,-1,,0,0,3.116699999999639,3.858799999999718,13.872499999999732,1
356,2.072380952380952,1,4096,0,1.0,-54.46393611662791,0.0029308467637747526,59,0,-1,,0,0,3.2269999999989807,4.0367999999997295,17.76789999999906,0
357,2.078185941043084,1,4096,0,1.0,-51.69589002835992,0.0030998545698821545,59,0,-1,,0,0,5.997499999999434,6.945899999999838,0.14009999999942124,2
358,2.0839909297052155,1,4096,0,1.0,-50.54676512635365,0.0033588807564228773,59,0,-1,,0,0,2.9658999999995217,3.8757000000000374,7.123199999998775,4
359,2.089795918367347,1,4096,0,1.0,-55.06899883924318,0.00292712589725852,59,0,-1,,0,0,2.9655000000001763,4.0589000000004205,11.079300000000458,3
360,2.0956009070294783,1,4096,0,1.0,-57.620804067286414,0.003180291038006544,59,0,-1,,0,0,3.6709000000012537,4.723999999999506,6.243500000000068,2
361,2.10140589569161,1,4096,0,1.0,-58.65319077761686,0.003148282878100872,59,0,-1,,0,0,3.061100000000039,4.512999999999323,11.051200000000705,1
362,2.1072108843537416,1,4096,0,1.0,-59.64395925439034,0.0031403659377247095,59,0,-1,,0,0,3.0218000000008516,3.7800000000007827,15.6281000000007,0
363,2.1130158730158732,1,4096,0,1.0,-58.12356903122576,0.0031681496184319258,59,0,-1,,0,0,3.4268999999991223,4.392000000001062,0.23150000000171644,2
364,2.1188208616780044,1,4096,0,1.0,-59.13733126670781,0.0031135056633502245,59,0,-1,,0,0,3.3485999999989247,4.22080000000058,4.695999999999145,1
365,2.124625850340136,1,4096,0,1.0,-59.89557657651219,0.0030645239166915417,59,0,-1,,0,0,3.36499999999873,4.041100000000242,8.98410000000105,0
366,2.1304308390022677,1,4096,0,1.0,-59.67708358307454,0.003146969247609377,59,0,-1,,0,0,2.6324000000013115,3.332199999999119,0.13100000000143552,2
367,2.136235827664399,1,4096,0,1.0,-57.68622841672074,0.0031301977578550577,59,0,-1,,0,0,4.465800000000186,5.168899999999255,3.4770000000001744,1
368,2.1420408163265305,1,4096,0,1.0,-55.06368216830034,0.0035748002119362354,59,0,-1,,0,0,3.1064000000000647,4.0037000000001655,8.72929999999883,0
369,2.147845804988662,1,4096,0,1.0,-54.39286097720238,0.0040947613306343555,59,0,-1,,0,0,4.735200000000717,5.830699999998856,0.1858999999999611,5
370,2.153650793650794,1,4096,0,1.0,-53.262118217047025,0.004119572229683399,53,0,-1,,0,0,4.827799999999272,5.986099999999439,6.104399999999899,4
371,2.159455782312925,1,4096,0,1.0,-53.68866118414515,0.003593530971556902,53,0,-1,,0,0,5.709700000000595,7.011300000000276,12.216000000000449,3
372,2.1652607709750566,1,4096,0,1.0,-58.597606923314714,0.0027301826048642397,64,0,-1,,0,0,4.405900000000074,5.27320000000131,13.842500000000868,2
373,2.1710657596371883,1,4096,0,1.0,-60.727892199734875,0.0019923467189073563,64,0,-1,,0,0,3.8802999999987264,5.4587000000001495,19.09969999999994,4
374,2.17687074829932,1,4096,0,1.0,-61.40921696685695,0.002090694149956107,64,0,-1,,0,0,4.614399999999463,6.174599999999586,24.64939999999949,3
375,2.182675736961451,1,512,1,1.0,-64.27094866549689,0.023777499794960022,59,0,-1,,0,0,4.730600000000251,5.814699999998396,11.62869999999927,2
376,2.1884807256235828,1,512,0,0.6802773092392547,-66.784514664649,0.022839587181806564,59,0,-1,,0,0,6.355300000000952,7.949199999998768,17.524299999999826,4
377,2.1942857142857144,1,512,0,0.0,-68.65209626524158,0.02132619172334671,59,0,-1,,0,0,4.387300000001204,5.663699999999494,25.59270000000069,3
378,2.2000907029478456,1,1024,0,0.0,-70.19526457633818,0.02076656185090542,59,0,-1,,0,0,4.919799999999697,6.761300000000858,6.789699999998788,5
379,2.2058956916099772,1,1024,0,0.0,-71.75805040070902,0.020687485113739967,59,0,-1,,0,0,4.4133999999989015,6.9387000000009635,13.621499999999287,4
380,2.211700680272109,1,2048,0,0.0,-70.67531291879158,0.01976468786597252,59,0,-1,,0,0,2.958700000000647,3.9843999999984447,20.635400000001525,3
381,2.2175056689342405,1,2048,0,0.0,-70.48729820090627,0.020284093916416168,59,0,-1,,0,0,2.417100000000616,2.9388999999984122,17.568999999999946,2
382,2.2233106575963717,1,2048,0,0.9542066403473184,-66.06443993378494,0.02053825929760933,59,0,-1,,0,0,3.891599999999329,4.80289999999961,20.449600000000956,4
383,2.2291156462585033,1,2048,0,1.0,-57.767009731704626,0.021974805742502213,59,0,-1,,0,0,2.3861000000007238,3.565400000001162,25.454300000001595,3
384,2.234920634920635,1,4096,0,1.0,-54.09523031839393,0.002740937750786543,59,0,-1,,0,0,2.394199999999458,2.9181000000004786,6.667099999999593,2
385,2.2407256235827666,1,4096,0,1.0,-47.84188295360616,0.005870061926543713,59,0,-1,,0,0,2.99049999999923,3.5786999999984914,9.607199999999594,1
386,2.246530612244898,1,4096,0,1.0,-46.940114416707964,0.0056226919405162334,59,0,-1,,0,0,2.676099999998627,3.2249000000010852,13.225800000000731,3
387,2.2523356009070294,1,4096,0,1.0,-47.195864621809605,0.005752477794885635,59,0,-1,,0,0,3.5911999999989064,4.766800000000515,1.8732000000003524,2
388,2.258140589569161,1,4096,0,1.0,-49.657519576725385,0.00514227245002985,59,0,-1,,0,0,2.6634000000012037,3.37230000000055,6.67600000000057,1
389,2.2639455782312927,1,4096,0,1.0,-44.24695146080723,0.006126423832029104,59,0,-1,,0,0,2.9913999999990892,3.5840000000000316,10.110400000000297,0
390,2.269750566893424,1,4096,0,1.0,-46.67512948147976,0.0059254770167171955,59,0,-1,,0,0,4.111499999998713,5.1597000000001,0.17689999999959127,2
391,2.2755555555555556,1,4096,0,1.0,-49.201852081396005,0.004778348375111818,59,0,-1,,0,0,5.102900000000687,6.862399999999269,5.420700000000167,4
392,2.281360544217687,1,4096,0,1.0,-51.31263095481472,0.004312930628657341,64,0,-1,,0,0,3.3791999999994715,5.4701999999995365,12.48640000000023,3
393,2.2871655328798184,1,4096,0,1.0,-50.46315904587069,0.004231414292007685,66,0,-1,,0,0,2.980600000000777,3.5821000000009207,11.407200000000728,2
394,2.29297052154195,1,4096,0,1.0,-53.52346184947723,0.003764033317565918,66,0,-1,,0,0,2.67470000000003,3.1417999999998614,14.959700000000353,4
395,2.2987755102040817,1,4096,0,1.0,-54.55902794930751,0.003545938991010189,66,0,-1,,0,0,4.412499999999042,5.127500000000396,18.09359999999849,3
396,2.3045804988662133,1,4096,0,1.0,-52.543648817556985,0.003072383115068078,66,0,-1,,0,0,2.9164999999995445,3.7127999999988504,6.78309999999982,2
397,2.3103854875283445,1,4096,0,1.0,-51.3972727778299,0.003292978974059224,66,0,-1,,0,0,2.912600000000154,3.53440000000127,10.503500000000443,1
398,2.316190476190476,1,4096,0,1.0,-52.682276716724814,0.0034144639503210783,66,0,-1,,0,0,3.685400000000172,4.394500000000079,14.087500000000475,0
399,2.3219954648526078,1,4096,0,1.0,-52.92052054097265,0.003945708274841309,66,0,-1,,0,0,4.691499999999849,6.517300000000503,0.21989999999938448,2
400,2.3278004535147394,1,4096,0,1.0,-55.14486764486988,0.0033920230343937874,66,0,-1,,0,0,2.429300000001078,3.163300000000646,6.7213999999999885,1
401,2.3336054421768706,1,4096,0,1.0,-55.50937714273391,0.003280630335211754,64,0,-1,,0,0,2.217899999999773,2.7415999999984564,10.10559999999927,0
402,2.3394104308390022,1,4096,0,1.0,-55.24856311802077,0.002693723188713193,66,0,-1,,0,0,2.26619999999933,3.2586000000005555,0.11080000000163182,2
403,2.345215419501134,1,4096,0,1.0,-49.39716807655937,0.003922253381460905,64,0,-1,,0,0,2.4039999999985184,3.113900000000669,2.766799999999847,1
404,2.3510204081632655,1,4096,0,1.0,-47.84349429420752,0.004075514618307352,65,0,-1,,0,0,2.3855000000008175,2.852100000000135,5.902400000000085,0
405,2.3568253968253967,1,4096,0,1.0,-52.17871097400788,0.00416391808539629,64,0,-1,,0,0,3.293100000000493,4.46999999999953,0.38789999999977454,2
406,2.3626303854875284,1,4096,0,1.0,-49.04957655674173,0.004313683602958918,64,0,-1,,0,0,2.4250000000005656,3.048699999999016,4.72480000000175,1
407,2.36843537414966,1,4096,0,1.0,-50.593349801522585,0.004080189857631922,64,0,-1,,0,0,2.4994999999989886,2.9268000000008954,7.746900000000778,0
408,2.374240362811791,1,4096,0,1.0,-50.84672910061548,0.003260222030803561,64,0,-1,,0,0,6.7383999999997,8.656900000000078,0.27899999999903,2
409,2.380045351473923,1,4096,0,1.0,-50.050678958525566,0.0034166229888796806,64,0,-1,,0,0,2.9514000000006035,4.190700000000547,8.944800000000086,1
410,2.3858503401360545,1,4096,0,1.0,-52.604821758053646,0.0029871969018131495,64,0,-1,,0,0,4.143799999999587,4.904599999999704,13.138699999998948,0
411,2.391655328798186,1,4096,0,1.0,-50.987226366003924,0.0031438085716217756,64,0,-1,,0,0,2.720399999999401,4.283200000001486,0.2271000000000356,2
412,2.3974603174603173,1,4096,0,1.0,-53.181363377740915,0.002599591389298439,64,0,-1,,0,0,4.936999999999969,5.772699999999631,4.521600000000348,1
413,2.403265306122449,1,4096,0,1.0,-51.30371815196821,0.0026445467956364155,64,0,-1,,0,0,3.961799999999016,5.280700000000138,10.422300000000106,0
414,2.4090702947845806,1,4096,0,1.0,-57.63146896191361,0.001975651830434799,64,0,-1,,0,0,2.9493000000009317,3.812899999999786,0.13130000000138864,2
415,2.414875283446712,1,4096,0,1.0,-54.91342421557856,0.0019931583665311337,64,0,-1,,0,0,3.9306999999997316,4.855199999999726,4.003200000001428,1
416,2.4206802721088434,1,4096,0,1.0,-58.55924874878391,0.0018813986098393798,64,0,-1,,0,0,3.374700000000175,4.61999999999918,8.94609999999929,3
417,2.426485260770975,1,4096,0,1.0,-59.288988371760645,0.001843364560045302,64,0,-1,,0,0,2.4639999999997997,3.0514999999997627,3.2578000000000884,2
418,2.4322902494331067,1,4096,0,0.5879160486452845,-62.714407406616004,0.0015955104026943445,64,0,-1,,0,0,2.9010999999989906,3.4412000000010323,6.280200000000846,1
419,2.4380952380952383,1,512,1,1.0,-64.81550385361845,0.026674531400203705,59,0,-1,,0,0,2.6153999999998234,3.470500000000598,9.792300000000864,0
420,2.4439002267573695,1,512,0,1.0,-63.943482144468675,0.02250983566045761,59,0,-1,,0,0,2.1255000000000024,2.7533000000001806,0.204000000000093,2
421,2.449705215419501,1,512,0,1.0,-60.584596732276594,0.02385381981730461,59,0,-1,,0,0,4.9248999999989,5.5850000000017275,2.9722999999997057,1
422,2.455510204081633,1,1024,0,1.0,-57.203133567133676,0.021870259195566177,59,0,-1,,0,0,4.0183999999996445,4.965200000000891,8.66100000000003,0
423,2.461315192743764,1,1024,0,1.0,-54.00522345461272,0.02145770750939846,59,0,-1,,0,0,3.802599999998435,5.2026999999998935,0.2598999999996465,2
424,2.4671201814058956,1,2048,0,1.0,-52.30965352259386,0.01901337504386902,59,0,-1,,0,0,5.778299999999348,7.367600000000252,5.519200000000168,1
425,2.4729251700680273,1,2048,0,1.0,-47.62309533514284,0.021963419392704964,59,0,-1,,0,0,3.6813999999996128,4.400999999999655,12.929999999998998,0
426,2.478730158730159,1,2048,0,1.0,-49.624795717422586,0.02283376082777977,59,0,-1,,0,0,2.915299999999732,3.6983999999993245,0.20210000000098205,2
427,2.48453514739229,1,2048,0,1.0,-50.02019571503493,0.0231331679970026,59,0,-1,,0,0,2.871000000000734,5.957799999999125,4.002899999999698,4
428,2.4903401360544217,1,4096,0,1.0,-49.912236488991695,0.0022323562297970057,59,0,-1,,0,0,2.714199999999778,3.6386999999997727,10.057299999999714,3
429,2.4961451247165534,1,4096,0,1.0,-50.5922378336803,0.0023901809472590685,59,0,-1,,0,0,2.600099999998662,3.1999000000002553,4.910100000000028,2
430,2.501950113378685,1,4096,0,1.0,-51.47465293371887,0.002375479321926832,59,0,-1,,0,0,4.2389000000007115,5.457299999999776,8.140700000000223,1
431,2.507755102040816,1,4096,0,1.0,-52.09091601206999,0.002575345104560256,59,0,-1,,0,0,5.973300000000847,7.756799999999231,13.861499999999083,0
432,2.513560090702948,1,4096,0,1.0,-50.83123108864179,0.002581179141998291,59,0,-1,,0,0,4.39470000000064,6.380800000000519,0.17759999999888976,2
433,2.5193650793650795,1,4096,0,1.0,-49.70700001840043,0.0026223165914416313,59,0,-1,,0,0,2.6388000000014955,3.301900000000302,6.583000000000894,1
434,2.5251700680272107,1,4096,0,1.0,-53.61173316175207,0.002573107136413455,59,0,-1,,0,0,2.8287000000002394,3.483799999999704,9.918300000000713,0
435,2.5309750566893423,1,4096,0,1.0,-50.988011785304,0.0024788081645965576,59,0,-1,,0,0,3.1260999999993544,4.128499999998425,0.13970000000007587,2
436,2.536780045351474,1,4096,0,1.0,-52.98651189789766,0.0024548897054046392,59,0,-1,,0,0,4.678399999999527,5.8070999999984,4.333900000000668,1
437,2.5425850340136056,1,4096,0,1.0,-50.27879955782835,0.002478190464898944,59,0,-1,,0,0,2.7143000000009465,3.4071999999998326,10.220199999999124,0
438,2.5483900226757368,1,4096,0,1.0,-58.032669310129805,0.002363423816859722,59,0,-1,,0,0,2.815299999999965,4.734700000000203,0.10419999999911056,5
439,2.5541950113378684,1,4096,0,1.0,-58.859047606335494,0.0023571925703436136,59,0,-1,,0,0,2.5700000000004053,3.2434999999999548,4.374500000000836,4
440,2.56,1,4096,0,1.0,-60.84988593518146,0.002093460876494646,59,0,-1,,0,0,2.821400000000196,3.7372000000015504,7.635699999999801,3
441,2.5658049886621317,1,4096,0,1.0,-60.40407918348449,0.002430806402117014,59,0,-1,,0,0,4.974499999999438,5.927899999999653,7.501200000000097,2
442,2.571609977324263,1,4096,0,1.0,-54.1338381748005,0.0026660391595214605,59,0,-1,,0,0,2.9476999999999975,3.76170000000009,13.488999999999862,1
443,2.5774149659863945,1,4096,0,1.0,-46.98150376328746,0.003647338366135955,59,0,-1,,0,0,3.438799999999631,4.202700000000448,17.321099999998424,3
444,2.583219954648526,1,4096,0,1.0,-46.97781599609666,0.005022503901273012,59,0,-1,,0,0,4.490899999998632,5.591199999999574,1.1287000000006486,2
445,2.589024943310658,1,4096,0,1.0,-46.789042838108216,0.0054755075834691525,53,0,-1,,0,0,3.2287999999986994,4.564199999999019,6.8696999999993125,1
446,2.594829931972789,1,4096,0,1.0,-45.85228100700756,0.005544387735426426,66,0,-1,,0,0,3.050700000001072,4.03869999999884,11.529099999998849,0
447,2.6006349206349206,1,4096,0,1.0,-45.2730561280815,0.005103870294988155,66,0,-1,,0,0,3.779099999999147,5.935600000000818,0.42990000000031614,2
448,2.6064399092970523,1,4096,0,1.0,-45.7840807068012,0.0053180791437625885,66,0,-1,,0,0,2.768899999999519,3.5202999999999207,6.315500000001251,1
449,2.6122448979591835,1,4096,0,1.0,-43.445518410260874,0.006356780417263508,66,0,-1,,0,0,3.428399999998888,4.393200000000874,9.835300000000657,0
450,2.618049886621315,1,4096,0,1.0,-42.31571538539308,0.00691424822434783,66,0,-1,,0,0,3.313199999999128,4.561900000000563,0.6743000000000166,2
451,2.6238548752834467,1,4096,0,1.0,-46.1081285730835,0.006156045477837324,66,0,-1,,0,0,2.686799999999323,3.4776000000000806,5.026599999998993,1
452,2.6296598639455784,1,4096,0,1.0,-48.25064732566163,0.006048806011676788,66,0,-1,,0,0,3.517999999999688,4.424900000000065,8.370399999998668,0
453,2.6354648526077096,1,4096,0,1.0,-47.577436118001785,0.005520982667803764,66,0,-1,,0,0,3.3717000000006436,4.4360000000001065,0.5247999999991038,2
454,2.641269841269841,1,4096,0,1.0,-50.86684419866717,0.004548159893602133,66,0,-1,,0,0,3.2994999999989005,4.245099999998558,4.815200000001241,1
455,2.647074829931973,1,4096,0,1.0,-55.21524965047377,0.003146813716739416,66,0,-1,,0,0,3.1984000000004897,4.313899999999649,9.006199999999964,3
456,2.6528798185941045,1,4096,0,1.0,-56.426339990768135,0.0032590366899967194,66,0,-1,,0,0,4.662700000000797,6.763499999999922,1.5216999999996261,2
457,2.6586848072562357,1,4096,0,1.0,-56.87148829632059,0.003966853488236666,66,0,-1,,0,0,6.920200000001486,8.504000000000289,8.353099999999003,1
458,2.6644897959183673,1,4096,0,1.0,-58.42203929827855,0.0035202186554670334,66,0,-1,,0,0,3.7202000000000623,6.538599999998951,17.012399999998706,0
459,2.670294784580499,1,4096,0,1.0,-58.15910941768736,0.0027634715661406517,66,0,-1,,0,0,3.0644999999989153,5.065800000000564,0.2251999999991483,2
460,2.6760997732426306,1,4096,0,1.0,-60.70804083551786,0.0023160448763519526,66,0,-1,,0,0,4.609499999999045,5.388700000001023,5.272199999998506,1
461,2.681904761904762,1,4096,0,1.0,-61.66805514670159,0.002672049216926098,66,0,-1,,0,0,2.3863999999989005,2.97079999999994,10.705200000000303,3
462,2.6877097505668934,1,4096,0,0.7281228211278944,-61.97844254875043,0.0022478823084384203,66,0,-1,,0,0,2.5224000000001467,3.1367000000006584,0.46460000000081436,2
463,2.693514739229025,1,4096,0,0.7855772024190387,-63.8321792521489,0.0018453240627422929,66,0,-1,,0,0,2.242199999999528,2.7854999999998853,3.6313999999997293,1
464,2.6993197278911563,1,4096,0,0.2537423764593379,-64.77015540707266,0.001966784941032529,66,0,-1,,0,0,2.539200000001074,3.1041999999992242,6.472799999999168,3
465,2.705124716553288,1,512,1,0.9586680616472554,-65.00093697668204,0.02882017195224762,59,0,-1,,0,0,3.75269999999972,4.4442999999994015,2.5415999999989225,2
466,2.7109297052154195,1,512,0,0.0,-67.77409712495236,0.023189956322312355,59,0,-1,,0,0,2.901300000001328,4.14999999999921,7.022400000000317,1
467,2.716734693877551,1,512,0,0.5552350134726171,-69.5943103452687,0.02365979179739952,59,0,-1,,0,0,2.527200000001173,3.1935000000000713,11.26040000000117,0
468,2.7225396825396824,1,1024,0,0.0,-74.72469060824736,0.01976822502911091,59,0,-1,,0,0,3.2252000000010383,5.114900000000588,0.3047000000009348,2
469,2.728344671201814,1,1024,0,0.1737905313143208,-70.31897264205935,0.02206362411379814,59,0,-1,,0,0,2.2988000000001563,2.9140000000005273,5.369499999998695,1
470,2.7341496598639456,1,2048,0,0.0,-71.93645060770045,0.019333207979798317,59,0,-1,,0,0,1.9515999999999423,2.3911000000005345,7.566199999999412,0
471,2.7399546485260773,1,2048,0,0.0,-70.96632773703033,0.019979961216449738,59,0,-1,,0,0,3.0415000000001413,4.558700000000471,0.18070000000136588,2
472,2.7457596371882085,1,2048,0,0.0,-73.7508357151751,0.020090632140636444,59,0,-1,,0,0,2.906799999999876,3.594500000000167,4.785399999999385,1
473,2.75156462585034,1,2048,0,0.0,-74.07397198758865,0.02022433467209339,59,0,-1,,0,0,3.7085999999995067,4.65600000000066,8.456799999999376,0
474,2.7573696145124718,1,4096,0,0.0,-75.52972137816536,0.0021763553377240896,59,0,-1,,0,0,3.357199999999949,4.460599999999815,0.272599999998846,2
475,2.7631746031746034,1,4096,0,0.0,-74.98460277546548,0.0024242026265710592,59,0,-1,,0,0,3.2779000000005,4.134200000001087,4.728099999999458,1
476,2.7689795918367346,1,4096,0,0.0,-74.70363959160069,0.002554700942710042,59,0,-1,,0,0,6.073300000000614,8.344599999999147,9.782500000000027,3
477,2.7747845804988662,1,4096,0,0.0,-78.74914812280235,0.0025072554126381874,59,0,-1,,0,0,5.002600000000967,6.59540000000014,5.110900000000029,2
478,2.780589569160998,1,4096,0,0.0,-74.04540457744174,0.0025529288686811924,59,0,-1,,0,0,7.541200000000359,14.040300000001338,11.785200000000273,1
479,2.786394557823129,1,4096,0,0.0,-76.90387988775723,0.0026355646550655365,59,0,-1,,0,0,5.9933999999994825,8.333699999999666,25.962100000000987,3
480,2.7921995464852607,1,4096,0,0.0,-80.72478804587385,0.002613228280097246,59,0,-1,,0,0,3.475599999999801,4.4765000000008826,8.269199999999088,2
481,2.7980045351473923,1,4096,0,0.0,-81.40881892780916,0.002649425994604826,59,0,-1,,0,0,3.2519000000004183,3.929400000000527,12.78429999999986,4
482,2.803809523809524,1,4096,0,0.0,-83.02015315531143,0.0026253890246152878,59,0,-1,,0,0,3.4250999999994036,4.262699999999953,16.762899999999803,3
483,2.809614512471655,1,4096,0,0.0,-84.40324956252974,0.0025837712455540895,59,0,-1,,0,0,3.9271999999996865,4.792899999999989,7.155299999999087,5
484,2.815419501133787,1,4096,0,0.0,-84.66809746884273,0.0026070610620081425,59,0,-1,,0,0,3.6623999999996215,4.516500000001145,11.965200000000564,4
485,2.8212244897959184,1,4096,0,0.0,-87.245796772326,0.0026038663927465677,59,0,-1,,0,0,3.7459000000001907,4.8592000000002855,16.553099999999432,3
486,2.82702947845805,1,4096,0,0.0,-90.12181695401515,0.0026096547953784466,59,0,-1,,0,0,4.388300000000456,5.426099999999323,12.022999999999229,2
487,2.8328344671201813,1,4096,0,0.0,-93.01548769113678,0.0026098464149981737,59,0,-1,,0,0,2.9577000000013953,3.724999999999312,17.42860000000057,4
488,2.838639455782313,1,4096,0,0.0,-92.82969788189533,0.0026005522813647985,59,0,-1,,0,0,3.142500000000936,3.857699999999298,21.151800000000165,3
489,2.8444444444444446,1,4096,0,0.0,-94.74056355997843,0.0025980675127357244,59,0,-1,,0,0,3.8335000000007113,5.544600000000344,5.038499999999502,2
490,2.8502494331065757,1,4096,0,0.0,-94.83572925497432,0.0026294400449842215,59,0,-1,,0,0,3.401399999999555,5.480799999999064,10.78140000000083,1
491,2.8560544217687074,1,4096,0,0.0,-93.48265254158848,0.00264907069504261,59,0,-1,,0,0,3.711300000000861,4.563000000000983,16.322999999999865,3
492,2.861859410430839,1,4096,0,0.0,-95.9233973547883,0.0026485291309654713,59,0,-1,,0,0,3.6871999999998906,4.720700000000022,2.0140999999984643,2
493,2.8676643990929707,1,4096,0,0.0,-96.31098574877738,0.0026324125938117504,59,0,-1,,0,0,6.134199999999979,9.652000000000882,6.82100000000041,1
494,2.873469387755102,1,4096,0,0.0,-96.81175663155918,0.002622573170810938,59,0,-1,,0,0,6.4571000000004375,8.255399999999469,16.6006000000003,3
495,2.8792743764172335,1,4096,0,0.0,-96.44826950478262,0.0026206718757748604,59,0,-1,,0,0,6.057000000000201,7.555399999999324,3.131000000001549,5
496,2.885079365079365,1,4096,0,0.0,-96.8882527379592,0.002628146903589368,59,0,-1,,0,0,6.840200000000962,8.887100000000814,10.760400000000558,4
497,2.8908843537414968,1,4096,0,0.0,-96.243937670594,0.002632367657497525,59,0,-1,,0,0,5.753500000000855,7.624099999999245,19.76150000000132,3
498,2.896689342403628,1,4096,0,0.0,-96.73658462938218,0.0026440462097525597,59,0,-1,,0,0,3.093700000000865,3.9397999999994937,18.507700000000682,2
499,2.9024943310657596,1,4096,0,0.0,-97.64509419330474,0.0026370412670075893,59,0,-1,,0,0,5.863599999999636,7.094300000000331,22.447500000000176,4
500,2.9082993197278912,1,4096,0,0.0,-96.04878903049143,0.002634248696267605,59,0,-1,,0,0,6.937100000000029,9.192500000001047,29.694900000000857,6
501,2.914104308390023,1,4096,0,0.0,-96.96612043264099,0.0026332829147577286,59,0,-1,,0,0,7.013199999999387,8.805599999998748,15.151499999999984,5
502,2.919909297052154,1,4096,0,0.0,-96.31098574877738,0.002633503405377269,59,0,-1,,0,0,3.2063999999998316,4.2845000000006905,24.02780000000071,4
503,2.9257142857142857,1,4096,0,0.0,-96.11286916969236,0.0026362615171819925,59,0,-1,,0,0,3.1058000000001584,3.868600000000555,28.39140000000029,3
504,2.9315192743764173,1,4096,0,0.0,-96.04878903049143,0.0026331066619604826,59,0,-1,,0,0,4.812800000001616,5.749400000000904,18.44990000000024,2
505,2.9373242630385485,1,4096,0,0.0,-96.59003495889704,0.002635706216096878,59,0,-1,,0,0,3.1898000000012416,4.360099999999534,24.32489999999987,4
506,2.94312925170068,1,4096,0,0.0,-96.44826950478262,0.0026365097146481276,59,0,-1,,0,0,2.9713999999998464,3.8037000000006316,28.751399999999094,3
507,2.948934240362812,1,4096,0,0.0,-95.86203353190663,0.0026341788470745087,59,0,-1,,0,0,3.463299999999947,4.2656000000000915,5.482999999999905,5
508,2.9547392290249435,1,4096,0,0.0,-96.44826950478262,0.002633649855852127,59,0,-1,,0,0,5.041900000000155,6.617200000000878,9.839599999999393,4
509,2.9605442176870747,1,4096,0,0.0,-96.17790898892383,0.002634291537106037,59,0,-1,,0,0,3.978500000000551,5.232799999999926,16.562700000001485,3
510,2.9663492063492063,1,4096,0,0.0,-96.37908519400071,0.002634599572047591,59,0,-1,,0,0,3.02560000000085,4.389200000000315,15.701299999999918,5
511,2.972154195011338,1,4096,0,0.0,-95.13441703221056,0.0026339003816246986,59,0,-1,,0,0,4.80489999999989,7.713600000000653,20.157100000000483,4
512,2.9779591836734696,1,4096,0,0.0,-88.52243371303831,0.0026357676833868027,59,0,-1,,0,0,4.541800000000151,5.981099999999628,27.97119999999964,3
513,2.9837641723356008,1,4096,0,0.3067903816635876,-75.87314528817045,0.0026373073924332857,59,0,-1,,0,0,5.853600000000014,8.256800000001618,18.308300000001054,5
514,2.9895691609977324,1,4096,0,0.9395330295708316,-73.28877656692053,0.0026423102244734764,59,0,-1,,0,0,3.454800000000091,4.388500000001017,26.66439999999959,4
515,2.995374149659864,1,512,1,1.0,-61.3043187238316,0.023762864992022514,59,0,-1,,0,0,6.303400000000181,9.026099999999815,31.433399999999168,3
516,3.0011791383219957,1,512,0,1.0,-58.47805520578454,0.019594790413975716,59,0,-1,,0,0,4.9544999999984185,7.784900000000761,14.566999999999553,5
517,3.006984126984127,1,512,0,1.0,-57.28519661297419,0.031130416318774223,59,0,-1,,0,0,2.8895000000002113,3.5908000000013374,22.37019999999923,4
518,3.0127891156462585,1,1024,0,1.0,-53.58020438818549,0.02277253195643425,59,0,-1,,0,0,4.2250999999993155,5.292800000001208,25.977400000000372,6
519,3.01859410430839,1,1024,0,1.0,-48.38322478029295,0.042417652904987335,59,0,-1,,0,0,5.387000000000697,7.341099999999656,15.277900000000955,5
520,3.0243990929705213,1,2048,0,1.0,-50.240632251655214,0.03569719195365906,59,0,-1,,0,0,3.6391000000008944,4.556000000000893,22.635299999999248,4
521,3.030204081632653,1,2048,0,1.0,-49.12077300752309,0.0363776758313179,59,0,-1,,0,0,4.298299999998534,5.366000000000426,27.242499999999836,6
522,3.0360090702947846,1,2048,0,1.0,-53.206461891657035,0.03204357996582985,59,0,-1,,0,0,3.2633999999998053,4.743500000000012,18.69130000000041,5
523,3.0418140589569163,1,2048,0,1.0,-51.83573490634388,0.03382990136742592,59,0,-1,,0,0,3.069199999998773,4.173700000000835,23.443800000000792,4
524,3.0476190476190474,1,4096,0,1.0,-54.52224281578292,0.003126405645161867,59,0,-1,,0,0,3.8391999999998205,4.964000000001079,27.648899999999088,3
525,3.053424036281179,1,4096,0,1.0,-55.48988154194088,0.00316039496101439,59,0,-1,,0,0,6.202299999999994,8.594499999999172,18.698699999999846,5
526,3.0592290249433107,1,4096,0,1.0,-53.03060952377233,0.003274872899055481,59,0,-1,,0,0,2.7727000000012936,3.717999999999222,27.370400000000572,4
527,3.0650340136054424,1,4096,0,1.0,-54.81612387704103,0.0030708995182067156,59,0,-1,,0,0,4.619900000001564,5.399999999999849,31.11469999999983,3
528,3.0708390022675736,1,4096,0,1.0,-57.762628014694755,0.0032928744331002235,59,0,-1,,0,0,2.846200000000465,3.917100000000673,11.665200000001263,5
529,3.076643990929705,1,4096,0,1.0,-55.861000877129825,0.00342006329447031,59,0,-1,,0,0,3.1708999999988663,3.9315000000001987,15.631700000000137,4
530,3.082448979591837,1,4096,0,1.0,-50.04781379512125,0.004050588700920343,59,0,-1,,0,0,3.3586000000003224,4.146999999999679,19.659600000000665,3
531,3.0882539682539685,1,4096,0,1.0,-51.57043572043628,0.0036383194383233786,59,0,-1,,0,0,4.095899999999375,5.912500000000875,8.69100000000067,5
532,3.0940589569160997,1,4096,0,1.0,-49.99879433779289,0.004987366963177919,59,0,-1,,0,0,2.8962999999997407,3.6612000000015854,14.640899999999846,4
533,3.0998639455782313,1,4096,0,1.0,-47.68600906784186,0.0046773627400398254,59,0,-1,,0,0,3.548199999999113,4.49610000000078,18.422499999999786,3
534,3.105668934240363,1,4096,0,1.0,-47.43198166308645,0.005952147301286459,59,0,-1,,0,0,3.473100000000784,4.72760000000072,13.9440000000004,2
535,3.111473922902494,1,4096,0,1.0,-48.78561915807257,0.003742087632417679,59,0,-1,,0,0,4.262999999999906,5.938399999999788,18.762100000000004,4
536,3.1172789115646258,1,4096,0,1.0,-52.49212562442953,0.004194911103695631,59,0,-1,,0,0,3.6736000000008318,5.756599999999779,24.44700000000033,3
537,3.1230839002267574,1,4096,0,1.0,-50.34151360407062,0.0033318931236863136,59,0,-1,,0,0,3.714400000001561,4.810299999999046,9.015299999999726,2
538,3.128888888888889,1,4096,0,1.0,-52.5966753559554,0.0034937048330903053,59,0,-1,,0,0,7.206000000000046,9.798300000001703,13.938099999998954,4
539,3.1346938775510202,1,4096,0,1.0,-47.69963841917984,0.0031842130701988935,59,0,-1,,0,0,6.147999999999598,8.504099999999681,23.903999999999925,3
540,3.140498866213152,1,4096,0,1.0,-50.356620221383544,0.003207380650565028,59,0,-1,,0,0,2.8860999999995585,3.8616000000004647,13.234300000000587,2
541,3.1463038548752835,1,4096,0,1.0,-46.76459525712705,0.004507968667894602,64,0,-1,,0,0,2.5525000000001796,3.395800000001614,17.101699999999553,1
542,3.152108843537415,1,4096,0,1.0,-49.430448237047095,0.0033923208247870207,64,0,-1,,0,0,2.472500000001432,2.999500000001376,20.51230000000004,3
543,3.1579138321995464,1,4096,0,1.0,-49.73528849495824,0.003554925322532654,64,0,-1,,0,0,3.126400000001084,3.743500000000566,0.835799999999054,2
544,3.163718820861678,1,4096,0,1.0,-44.05492062694105,0.005301518365740776,64,0,-1,,0,0,6.375700000001316,7.3176999999997605,4.609999999999559,4
545,3.1695238095238096,1,4096,0,1.0,-50.3529718781315,0.004497192334383726,69,0,-1,,0,0,2.598499999999504,3.3341000000000065,11.976300000000606,3
546,3.175328798185941,1,4096,0,1.0,-50.09699055270708,0.004072061274200678,69,0,-1,,0,0,2.542500000000558,3.1250000000007105,8.556599999998582,2
547,3.1811337868480725,1,4096,0,1.0,-48.39878393538267,0.004800175782293081,69,0,-1,,0,0,5.789999999999296,6.576700000000102,11.68239999999976,1
548,3.186938775510204,1,4096,0,1.0,-47.765421296011404,0.004488269332796335,69,0,-1,,0,0,3.3440000000002357,4.986199999999386,18.38799999999985,0
549,3.1927437641723357,1,4096,0,1.0,-50.05538749113966,0.004896043799817562,69,0,-1,,0,0,2.8214999999995882,3.9408000000005217,0.09030000000009863,2
550,3.198548752834467,1,4096,0,1.0,-48.19715348255805,0.006618564482778311,69,0,-1,,0,0,6.738900000000214,8.00409999999907,3.607000000000582,1
551,3.2043537414965986,1,4096,0,1.0,-45.3777616030036,0.009578867815434933,69,0,-1,,0,0,2.602500000000063,4.336699999999638,11.777600000000277,3
552,3.21015873015873,1,4096,0,1.0,-41.476019120628436,0.011968755163252354,64,0,-1,,0,0,2.797100000000441,3.4480000000005617,0.8196999999992016,2
553,3.215963718820862,1,4096,0,1.0,-41.18066970967614,0.012520247139036655,64,0,-1,,0,0,4.615900000001005,5.376699999999346,4.348699999999539,4
554,3.221768707482993,1,4096,0,1.0,-41.25725248999441,0.01366310566663742,64,0,-1,,0,0,2.721199999999868,3.7836999999996124,9.793799999998853,3
555,3.2275736961451247,1,4096,0,1.0,-42.36738569021138,0.015304300002753735,69,0,-1,,0,0,2.215200000000195,2.806700000000717,5.1608000000005205,2
556,3.2333786848072563,1,4096,0,1.0,-43.69906054766365,0.014206303283572197,64,0,-1,,0,0,2.2114000000001965,2.7079000000007625,7.923200000000463,1
557,3.239183673469388,1,4096,0,1.0,-43.318039969573626,0.013735012151300907,64,0,-1,,0,0,2.2111999999996357,2.5948000000006743,10.628699999999824,0
558,3.244988662131519,1,4096,0,1.0,-42.46493857098601,0.013798126950860023,64,0,-1,,0,0,2.261100000000127,2.9562999999992456,0.1268999999997078,2
559,3.250793650793651,1,4096,0,1.0,-42.08990366677455,0.012572214938700199,64,0,-1,,0,0,2.1284999999995335,2.5477999999985457,3.085399999999794,1
560,3.2565986394557824,1,4096,0,1.0,-42.39249283527758,0.009804455563426018,64,0,-1,,0,0,2.0404000000002753,2.4394000000000915,5.651300000000248,0
561,3.2624036281179136,1,4096,0,1.0,-46.08046006156495,0.009762833826243877,64,0,-1,,0,0,1.9860000000004874,2.705699999999922,0.08039999999986946,2
562,3.2682086167800453,1,4096,0,1.0,-49.64638855510842,0.008757680654525757,64,0,-1,,0,0,2.0445000000002267,2.442499999999015,2.5762000000000285,1
563,3.274013605442177,1,4096,0,1.0,-51.209445042282624,0.006750095635652542,64,0,-1,,0,0,2.9401999999993933,3.490199999999888,5.032700000001,0
564,3.2798185941043085,1,4096,0,1.0,-55.18662079889878,0.004724578000605106,64,0,-1,,0,0,1.9796999999996956,2.6814999999995592,0.19469999999977006,2
565,3.2856235827664397,1,4096,0,1.0,-53.99026539580462,0.004369425121694803,64,0,-1,,0,0,3.091799999999978,3.6047999999997415,2.8818000000008226,1
566,3.2914285714285714,1,4096,0,1.0,-57.817891880026494,0.0037844025064259768,64,0,-1,,0,0,4.521399999999787,5.781999999999954,6.587200000000237,3
567,3.297233560090703,1,4096,0,1.0,-60.80260710970522,0.003093727631494403,65,0,-1,,0,0,2.135200000001447,2.5943000000001604,0.358199999999087,2
568,3.3030385487528346,1,4096,0,1.0,-62.27322005104364,0.002518253168091178,65,0,-1,,0,0,2.0156000000000063,2.468899999998442,2.9637000000004576,1
569,3.308843537414966,1,4096,0,1.0,-59.33696434224991,0.0020168570335954428,65,0,-1,,0,0,2.0463999999993376,2.4284000000012185,5.464099999999306,0
570,3.3146485260770975,1,4096,0,1.0,-60.45180035155599,0.002046526176854968,65,0,-1,,0,0,4.303699999999466,5.412800000000217,0.2587999999992263,2
571,3.320453514739229,1,4096,0,1.0,-61.09440444813528,0.002018325263634324,65,0,-1,,0,0,4.0975999999997015,4.961500000000285,5.654299999999779,1
572,3.3262585034013608,1,4096,0,1.0,-56.035283474823544,0.001894547138363123,65,0,-1,,0,0,3.0364000000009383,3.9730000000002264,10.668500000001302,0
573,3.332063492063492,1,4096,0,1.0,-57.38339861691469,0.0018014402594417334,65,0,-1,,0,0,8.031199999999572,9.892600000000584,0.07000000000090267,2
574,3.3378684807256236,1,4096,0,1.0,-56.15839570701568,0.0018493253737688065,65,0,-1,,0,0,5.210099999999329,8.282900000001092,9.913700000000247,1
575,3.3436734693877552,1,4096,0,1.0,-57.87284172330048,0.0019369436195120215,53,0,-1,,0,0,4.64500000000001,5.971300000000568,18.246800000000007,0
576,3.3494784580498864,1,4096,0,1.0,-55.497769015881346,0.0020582694560289383,53,0,-1,,0,0,3.387800000000496,6.01520000000022,0.46599999999941133,2
577,3.355283446712018,1,4096,0,1.0,-59.658933997026,0.0022315492387861013,53,0,-1,,0,0,3.5603000000001828,5.326799999998855,6.384399999999957,4
578,3.3610884353741497,1,4096,0,1.0,-59.8876095866154,0.002216867171227932,53,0,-1,,0,0,4.2528000000015,5.162999999999585,11.823600000001377,3
579,3.3668934240362813,1,4096,0,1.0,-61.623695964893784,0.0023565555457025766,59,0,-1,,0,0,2.465600000000734,3.1285000000007557,10.14239999999944,2
580,3.3726984126984125,1,4096,0,1.0,-63.533525295837066,0.0025352947413921356,59,0,-1,,0,0,2.124399999999582,2.5554000000003185,13.245500000000021,4
581,3.378503401360544,1,4096,0,1.0,-64.34886083878857,0.002615585457533598,59,0,-1,,0,0,2.19959999999908,2.765499999998866,15.813299999999586,3
582,3.384308390022676,1,4096,0,1.0,-63.315728225576144,0.0025962269864976406,59,0,-1,,0,0,4.7574000000008,5.502699999999194,4.589100000000457,2
583,3.3901133786848074,1,4096,0,1.0,-58.1870053106593,0.002730277366936207,59,0,-1,,0,0,2.321900000000099,2.993999999999275,10.139099999999956,1
584,3.3959183673469386,1,4096,0,1.0,-52.46476146746447,0.003306527389213443,59,0,-1,,0,0,2.5809999999992783,3.54789999999916,13.181200000000004,0
585,3.4017233560090703,1,4096,0,1.0,-51.88391485307011,0.004194898996502161,59,0,-1,,0,0,4.327700000001045,5.1664000000002375,0.1954000000008449,2
586,3.407528344671202,1,4096,0,1.0,-52.94702856819039,0.004949902184307575,59,0,-1,,0,0,4.615600000001052,5.868199999998325,5.397399999999664,1
587,3.4133333333333336,1,4096,0,1.0,-53.87776480265253,0.004147897940129042,55,0,-1,,0,0,4.072900000000601,5.110600000000076,11.329099999999315,0
588,3.4191383219954647,1,4096,0,1.0,-59.1392358069827,0.0032429976854473352,55,0,-1,,0,0,4.170699999999528,5.547599999999875,0.389099999999587,2
589,3.4249433106575964,1,4096,0,1.0,-59.55368198519476,0.0028086891397833824,66,0,-1,,0,0,2.198799999998613,2.7986999999995987,5.898099999999573,1
590,3.430748299319728,1,4096,0,1.0,-63.97904018412265,0.0020019379444420338,66,0,-1,,0,0,2.4761000000008693,3.2759000000002203,8.72649999999986,0
591,3.436553287981859,1,4096,0,1.0,-65.80144074320525,0.0016570643056184053,66,0,-1,,0,0,6.273500000000709,10.533299999998746,0.5177000000013976,2
592,3.442358276643991,1,4096,0,1.0,-63.2429117191561,0.0017752840649336576,66,0,-1,,0,0,7.259700000000535,8.753400000001577,9.955200000000275,4
593,3.4481632653061225,1,4096,0,1.0,-63.27130806008124,0.0016473247669637203,66,0,-1,,0,0,3.861699999999857,7.224800000001252,18.79270000000055,3
594,3.453968253968254,1,4096,0,1.0,-53.178619718957265,0.002079207682982087,66,0,-1,,0,0,3.828699999999685,4.817900000000819,12.500499999999803,2
595,3.4597732426303853,1,4096,0,1.0,-54.01504896134381,0.0020887255668640137,66,0,-1,,0,0,3.348000000000795,5.032099999999318,17.48899999999942,1
596,3.465578231292517,1,4096,0,1.0,-51.13364560490986,0.002770812716335058,67,0,-1,,0,0,2.5378000000007006,3.1756999999998925,22.551599999999894,3
597,3.4713832199546486,1,4096,0,1.0,-46.846700000895964,0.002937869867309928,67,0,-1,,0,0,3.041999999998879,3.7379999999984648,1.5190999999994403,2
598,3.4771882086167802,1,4096,0,1.0,-47.599092989872005,0.0030808320734649897,67,0,-1,,0,0,6.152199999998942,6.917700000000693,5.293800000000459,1
599,3.4829931972789114,1,4096,0,1.0,-47.96885560950792,0.004150197375565767,69,0,-1,,0,0,4.122799999999316,5.636700000000161,12.33930000000072,3
600,3.488798185941043,1,4096,0,1.0,-46.201101669040355,0.004651991184800863,69,0,-1,,0,0,2.3839999999992756,3.0469999999986896,1.3440000000013441,2
601,3.4946031746031747,1,4096,0,1.0,-52.351419404460955,0.003289006417617202,69,0,-1,,0,0,3.3490000000000464,4.146699999999726,4.6925000000008765,4
602,3.500408163265306,1,4096,0,1.0,-52.052277776880665,0.0037008654326200485,69,0,-1,,0,0,8.289999999998798,9.902400000001421,8.948499999998916,3
603,3.5062131519274375,1,4096,0,1.0,-51.27471512156123,0.004699342418462038,69,0,-1,,0,0,3.5453000000007506,5.055399999999821,13.013600000000736,2
604,3.512018140589569,1,4096,0,1.0,-51.6248568008453,0.006079394835978746,69,0,-1,,0,0,4.260900000000234,5.4312000000003025,18.148500000000567,1
605,3.517823129251701,1,4096,0,1.0,-54.6341341541184,0.005963157396763563,69,0,-1,,0,0,4.212000000000771,5.189599999999572,23.743099999999018,3
606,3.523628117913832,1,4096,0,1.0,-60.4654966669967,0.004785839002579451,69,0,-1,,0,0,2.014499999999586,2.578200000000308,1.3374000000005992,2
607,3.5294331065759637,1,4096,0,1.0,-62.6106902055252,0.0038780944887548685,69,0,-1,,0,0,2.242700000000042,2.7144000000003388,3.8676999999989192,1
608,3.5352380952380953,1,4096,0,1.0,-64.34078319933201,0.0038156178779900074,69,0,-1,,0,0,3.701200000000071,4.407900000000353,6.597300000001027,0
609,3.541043083900227,1,512,1,1.0,-67.54525367155408,0.023580804467201233,59,0,-1,,0,0,2.4087000000001524,3.524900000000386,0.16740000000048383,2
610,3.546848072562358,1,512,0,1.0,-66.58007456663641,0.031530484557151794,59,0,-1,,0,0,2.630400000001032,3.172900000000922,3.1695999999996616,1
611,3.5526530612244898,1,512,0,1.0,-66.3087972917151,0.02441091276705265,59,0,-1,,0,0,3.1431999999984583,3.8855000000008744,6.190600000000046,0
612,3.5584580498866214,1,1024,0,1.0,-67.71338886880888,0.023921413347125053,59,0,-1,,0,0,2.046200000000553,2.7119999999989375,0.19700000000000273,2
613,3.564263038548753,1,1024,0,1.0,-66.65351380524807,0.024473529309034348,59,0,-1,,0,0,2.698599999998663,3.1497999999992032,2.8637000000006907,1
614,3.5700680272108842,1,2048,0,0.7123001892631903,-70.2406168664288,0.01744556613266468,59,0,-1,,0,0,3.013600000000949,3.687399999998675,6.032600000001054,0
615,3.575873015873016,1,2048,0,0.2201632261544423,-68.17317010175644,0.018168140202760696,59,0,-1,,0,0,4.23590000000118,6.272700000000242,0.13039999999975294,2
616,3.5816780045351475,1,2048,0,0.8935706436565932,-67.79202017167277,0.018787572160363197,59,0,-1,,0,0,2.444399999999902,3.094499999999556,5.471099999999396,1
617,3.5874829931972787,1,2048,0,1.0,-67.05811941164703,0.01898498833179474,59,0,-1,,0,0,2.012800000001036,2.498700000000298,8.57339999999951,0
618,3.5932879818594103,1,4096,0,1.0,-64.86830493227922,0.00209637638181448,59,0,-1,,0,0,2.8746000000001715,4.095899999999375,0.26309999999973854,2
619,3.599092970521542,1,4096,0,1.0,-66.6799146443662,0.002204351359978318,59,0,-1,,0,0,3.418299999999874,4.447000000000756,4.362300000000374,1
620,3.6048979591836736,1,4096,0,1.0,-59.86355095378525,0.0024832510389387608,59,0,-1,,0,0,4.344600000001364,6.415199999999288,8.927400000001029,0
621,3.610702947845805,1,4096,0,1.0,-57.491341110685624,0.002482079667970538,59,0,-1,,0,0,2.4461000000002286,3.173999999999566,0.21979999999999222,2
622,3.6165079365079364,1,4096,0,1.0,-54.60776106192316,0.002764964709058404,59,0,-1,,0,0,2.5393999999998584,3.008100000000624,3.3887000000003553,1
623,3.622312925170068,1,4096,0,1.0,-56.058382447127066,0.0027083612512797117,59,0,-1,,0,0,5.164300000000566,6.134799999999885,6.445199999999929,0
624,3.6281179138321997,1,4096,0,1.0,-53.408886138716916,0.0033134394325315952,59,0,-1,,0,0,4.349400000000614,5.303100000000782,0.13500000000021828,2
625,3.633922902494331,1,4096,0,1.0,-55.35827180186982,0.002754000248387456,59,0,-1,,0,0,2.5732999999998896,3.178500000000639,5.463400000000007,4
626,3.6397278911564626,1,4096,0,1.0,-57.66965959426663,0.002650155685842037,59,0,-1,,0,0,1.7730999999994168,2.210400000000945,8.676700000000537,3
627,3.645532879818594,1,4096,0,1.0,-57.675890940204,0.0023137519601732492,59,0,-1,,0,0,1.9801000000008173,2.4519000000005065,3.5012999999999295,2
628,3.651337868480726,1,4096,0,1.0,-58.49796576071555,0.0023138797841966152,59,0,-1,,0,0,1.8036000000005714,2.112300000000289,5.930299999999278,1
629,3.657142857142857,1,4096,0,1.0,-57.82136335350144,0.002422584453597665,59,0,-1,,0,0,1.8299999999999983,2.173100000000261,8.047099999998863,0
630,3.6629478458049887,1,4096,0,1.0,-58.49562977311269,0.002344748005270958,59,0,-1,,0,0,4.912400000000261,6.318300000000221,0.10690000000046496,2
631,3.6687528344671203,1,4096,0,1.0,-59.03899815598167,0.002318763406947255,53,0,-1,,0,0,7.796199999999587,9.522199999999259,6.514300000000972,1
632,3.6745578231292515,1,4096,0,1.0,-58.23581903553751,0.0024285377003252506,59,0,-1,,0,0,3.778799999999194,5.2805000000013536,15.67159999999923,0
633,3.680362811791383,1,4096,0,1.0,-59.50862366204077,0.00241411873139441,59,0,-1,,0,0,3.616100000000344,7.306100000000981,0.30200000000135674,2
634,3.6861678004535148,1,4096,0,1.0,-56.6574818182901,0.00251785758882761,59,0,-1,,0,0,2.85339999999934,3.637400000000568,6.0357999999993694,1
635,3.6919727891156464,1,4096,0,1.0,-59.960626953349774,0.002563332673162222,53,0,-1,,0,0,2.780199999998345,3.6114999999998787,9.666700000000361,3
636,3.6977777777777776,1,4096,0,1.0,-61.39141917440415,0.0024734491016715765,53,0,-1,,0,0,5.1906000000006,6.6915000000005165,1.8859000000013282,2
637,3.7035827664399092,1,4096,0,1.0,-65.02227795796716,0.002466486534103751,59,0,-1,,0,0,2.455499999999944,3.5045000000000215,8.698200000001322,1
638,3.709387755102041,1,4096,0,1.0,-59.44706554128508,0.002742499578744173,59,0,-1,,0,0,1.9002999999990777,2.4170000000012237,12.255099999999075,0
639,3.7151927437641725,1,4096,0,1.0,-59.275809467596794,0.0024525602348148823,59,0,-1,,0,0,2.142400000000322,2.644599999999997,0.2440999999997473,2
640,3.7209977324263037,1,4096,0,1.0,-60.55293468769908,0.002791206818073988,59,0,-1,,0,0,4.3850000000009715,4.987399999999198,2.889999999998949,1
641,3.7268027210884354,1,4096,0,1.0,-61.61060428335674,0.0027754928451031446,59,0,-1,,0,0,2.1393999999990143,2.68480000000082,7.938600000001017,0
642,3.732607709750567,1,4096,0,1.0,-61.591211390894564,0.0027862167917191982,59,0,-1,,0,0,1.9425999999995724,2.5201999999993063,0.12290000000092505,2
643,3.7384126984126986,1,4096,0,1.0,-59.38963382186638,0.00277005136013031,59,0,-1,,0,0,2.043500000000975,2.4410000000010257,2.6521999999999935,1
644,3.74421768707483,1,4096,0,1.0,-58.4467294743144,0.002778286812826991,59,0,-1,,0,0,3.9663999999994815,4.796400000000034,5.146700000000948,0
645,3.7500226757369615,1,4096,0,1.0,-56.22485472438348,0.002677155891433358,59,0,-1,,0,0,5.709599999999426,7.45200000000068,0.2988000000012647,2
646,3.755827664399093,1,4096,0,1.0,-58.17486637075055,0.002693834714591503,59,0,-1,,0,0,4.104999999999137,5.3685000000012195,7.786799999999872,4
647,3.7616326530612243,1,4096,0,1.0,-61.15829403473799,0.0026525738649070263,59,0,-1,,0,0,5.330599999998853,6.544200000000444,13.70939999999976,3
648,3.767437641723356,1,4096,0,1.0,-61.12846433010788,0.0027028147596865892,59,0,-1,,0,0,5.283199999999155,6.885099999999866,10.824599999999407,2
649,3.7732426303854876,1,4096,0,1.0,-61.54498717211243,0.0026191072538495064,59,0,-1,,0,0,4.823399999999367,6.124200000000357,17.78110000000055,4
650,3.779047619047619,1,4096,0,1.0,-63.067799912695726,0.002656795782968402,59,0,-1,,0,0,4.728800000000533,6.701399999998969,24.112600000000484,3
651,3.7848526077097504,1,4096,0,1.0,-63.89808310269828,0.0025379974395036697,59,0,-1,,0,0,2.3697000000009183,3.3679000000006454,11.270900000001305,2
652,3.790657596371882,1,4096,0,1.0,-61.05393846962171,0.0026697348803281784,59,0,-1,,0,0,2.287799999999507,2.8882999999986225,14.641199999999799,1
653,3.7964625850340137,1,4096,0,1.0,-64.62995014221114,0.0026075546629726887,59,0,-1,,0,0,5.61659999999975,6.647600000000864,17.556100000000185,3
654,3.8022675736961453,1,4096,0,1.0,-60.46036426873714,0.002735240152105689,59,0,-1,,0,0,3.2671000000004113,4.301299999999841,4.149500000000472,2
655,3.8080725623582765,1,4096,0,1.0,-65.14275293044997,0.0025856541469693184,59,0,-1,,0,0,2.4972999999999246,3.1108999999993614,8.429300000001305,1
656,3.813877551020408,1,4096,0,1.0,-63.50598801102603,0.0026805484667420387,59,0,-1,,0,0,3.0780000000003582,3.768100000000274,11.570600000000653,0
657,3.81968253968254,1,4096,0,1.0,-70.12315167385745,0.002636858494952321,59,0,-1,,0,0,2.7582999999999913,4.238800000001319,0.18580000000056884,2
658,3.825487528344671,1,512,1,1.0,-67.55325127135877,0.021575570106506348,59,0,-1,,0,0,3.6029000000006306,4.862700000000331,3.9712000000005077,1
659,3.8312925170068026,1,512,0,1.0,-74.83486960794693,0.01938621699810028,59,0,-1,,0,0,5.359999999999587,6.2904000000010285,8.770200000000727,3
660,3.8370975056689343,1,512,0,0.0,-74.21802809892043,0.020541906356811523,59,0,-1,,0,0,3.767899999999713,5.696399999999713,2.317600000001363,2
661,3.842902494331066,1,1024,0,0.0,-77.01527825403743,0.02024107240140438,59,0,-1,,0,0,3.8420999999999594,5.076900000000606,8.069300000000723,1
662,3.848707482993197,1,1024,0,0.0,-80.62147964284893,0.02010791189968586,59,0,-1,,0,0,4.901000000000266,5.9938999999999965,13.211899999999943,3
663,3.8545124716553287,1,2048,0,0.0,-78.66584793692076,0.02048053964972496,59,0,-1,,0,0,4.165000000000418,5.4821999999994375,4.800700000000546,2
664,3.8603174603174604,1,2048,0,0.0,-81.82115623522975,0.020207373425364494,59,0,-1,,0,0,3.1879000000003543,4.3821999999984484,10.391000000000261,1
665,3.866122448979592,1,2048,0,0.0,-82.66748593053785,0.020219359546899796,59,0,-1,,0,0,3.76700000000163,6.184199999999862,14.869899999998992,0
666,3.871927437641723,1,2048,0,0.0,-84.15774235873354,0.020059805363416672,59,0,-1,,0,0,2.561899999999895,3.732000000001179,0.1134999999994335,2
667,3.877732426303855,1,4096,0,0.0,-84.22827489277189,0.002631373703479767,59,0,-1,,0,0,2.501699999999829,3.2397999999993488,3.3341000000000065,1
668,3.8835374149659865,1,4096,0,0.0,-86.36178153832923,0.002631504088640213,59,0,-1,,0,0,5.169200000000984,6.32509999999975,6.589299999999909,0
669,3.889342403628118,1,4096,0,0.0,-89.2290218675065,0.002676120027899742,59,0,-1,,0,0,2.3959999999991766,3.389900000000168,0.1307999999990983,2
670,3.8951473922902493,1,4096,0,0.0,-88.04385674335859,0.002654147334396839,59,0,-1,,0,0,3.2855999999998886,4.017400000000393,3.2934999999998382,1
671,3.900952380952381,1,4096,0,0.0,-87.54047894925972,0.002628794638440013,59,0,-1,,0,0,5.082599999999715,6.173499999999166,7.3528000000013805,3
672,3.9067573696145126,1,4096,0,0.0,-86.68821908677035,0.0026586854364722967,59,0,-1,,0,0,2.993999999999275,4.860799999999443,6.09870000000079,2
673,3.912562358276644,1,4096,0,0.0,-85.44118131273049,0.002625822089612484,59,0,-1,,0,0,2.7447000000009325,3.4264000000003847,11.003099999999932,1
674,3.9183673469387754,1,4096,0,0.0,-84.16598109459356,0.00262910476885736,59,0,-1,,0,0,4.257599999998973,5.608800000000969,14.503600000001171,0
675,3.924172335600907,1,4096,0,0.0,-83.71966696494306,0.0026308658998459578,59,0,-1,,0,0,5.036600000000391,6.617200000000878,0.33959999999844115,2
676,3.9299773242630387,1,4096,0,0.0,-81.43952248386037,0.002634261269122362,59,0,-1,,0,0,3.1029000000000195,4.3282999999991745,6.978300000000104,1
677,3.93578231292517,1,4096,0,0.0,-80.93124474409349,0.002634352771565318,59,0,-1,,0,0,7.03850000000017,8.288699999999594,11.365699999998924,3
678,3.9415873015873015,1,4096,0,0.9920714252809205,-72.75106128282977,0.0026415500324219465,59,0,-1,,0,0,3.145400000001075,4.364100000000093,0.6116000000009336,2
679,3.947392290249433,1,4096,0,0.3153232131295892,-71.18967058423866,0.002633051248267293,59,0,-1,,0,0,2.4212000000005673,2.9977000000016574,4.99759999999938,1
680,3.953197278911565,1,4096,0,0.7460654063842492,-70.46174390278944,0.002686750842258334,59,0,-1,,0,0,4.1919999999997515,4.895299999999381,8.062499999999417,0
681,3.959002267573696,1,4096,0,0.00891268960541414,-72.36671274989688,0.0026765409857034683,59,0,-1,,0,0,2.5893000000003497,3.3544999999985947,0.17439999999879774,2
682,3.9648072562358276,1,4096,0,0.615013034562728,-70.80362457979491,0.0026314514689147472,59,0,-1,,0,0,3.268300000000224,3.9804000000014383,3.5584999999986877,1
683,3.9706122448979593,1,4096,0,0.0,-76.21027818400854,0.0026206655893474817,59,0,-1,,0,0,3.9772000000013463,7.937300000000036,7.878699999999128,3
684,3.976417233560091,1,4096,0,0.0,-76.68562113573047,0.002627747133374214,59,0,-1,,0,0,2.4122000000001975,3.155299999999528,5.173700000000281,2
685,3.982222222222222,1,4096,0,0.0,-79.93960034773622,0.002615218749269843,59,0,-1,,0,0,2.142799999999667,3.027799999999914,8.302300000000429,1
686,3.9880272108843537,1,4096,0,0.0,-80.51523153217954,0.0025997571647167206,59,0,-1,,0,0,4.561000000000703,5.320799999999792,11.343399999999448,0
687,3.9938321995464854,1,4096,0,0.0,-81.42195102410216,0.002604129258543253,59,0,-1,,0,0,5.604200000000503,6.825300000000922,0.26240000000044006,2
688,3.9996371882086166,1,4096,0,0.0,-82.02281536721829,0.002600498031824827,59,0,-1,,0,0,6.1765999999998655,7.887699999999498,7.169499999999829,1
689,4.005442176870749,1,4096,0,0.0,-86.51484660548441,0.0026103612035512924,59,0,-1,,0,0,5.283800000000838,6.582599999999772,15.152800000000965,3
690,4.01124716553288,1,4096,0,0.0,-88.67111073147264,0.0025883265770971775,59,0,-1,,0,0,8.133700000000132,10.289099999999607,4.374000000000322,2
691,4.017052154195011,1,4096,0,0.0,-87.08943301086302,0.002600688487291336,59,0,-1,,0,0,4.718299999998621,7.160499999999459,14.849299999999843,1
692,4.022857142857143,1,4096,0,0.0,-88.0137512836953,0.0026097444351762533,59,0,-1,,0,0,3.9111999999992264,4.727000000000814,22.071699999999694,3
693,4.028662131519274,1,4096,0,0.0,-90.3899076459244,0.0025991860311478376,59,0,-1,,0,0,2.1225999999998635,2.7105000000009483,1.6898999999988007,2
694,4.0344671201814055,1,4096,0,0.0,-90.75011374872831,0.0025811451487243176,59,0,-1,,0,0,2.119200000000987,2.8849999999991383,4.365699999999251,4
695,4.040272108843538,1,4096,0,0.0,-90.13809641008079,0.002625170396640897,59,0,-1,,0,0,2.7551999999992915,3.170499999999521,7.248799999999278,3
696,4.046077097505669,1,4096,0,0.0,-91.88049687541547,0.0026254637632519007,59,0,-1,,0,0,2.562499999999801,3.1316999999990713,5.983900000000375,2
697,4.051882086167801,1,4096,0,0.0,-91.14291975826978,0.0026244588661938906,59,0,-1,,0,0,3.7703999999987303,4.457400000001499,9.13889999999995,1
698,4.057687074829932,1,4096,0,0.0,-89.06035515273621,0.0026368156541138887,59,0,-1,,0,0,2.215200000000195,2.8001999999993643,13.631399999999516,0
699,4.063492063492063,1,4096,0,0.0,-90.20383141701166,0.0026273122057318687,59,0,-1,,0,0,2.3556000000013455,3.1205999999990297,0.07120000000071514,2
700,4.069297052154195,1,4096,0,0.0,-88.86137355748593,0.002644282765686512,59,0,-1,,0,0,2.27150000000087,2.7367999999992065,3.082799999999608,1
701,4.0751020408163265,1,4096,0,0.0,-90.30433799944942,0.002641621744260192,59,0,-1,,0,0,3.0654999999999433,3.801100000000446,6.089300000001074,0
702,4.080907029478458,1,4096,0,0.0,-92.15709113668966,0.002617924241349101,59,0,-1,,0,0,2.63900000000028,3.564400000000134,0.11699999999947863,2
703,4.08671201814059,1,4096,0,0.0,-92.20932990223332,0.0026337201707065105,59,0,-1,,0,0,3.576600000000596,4.259799999999814,3.6988999999998384,1
704,4.092517006802721,1,4096,0,0.0,-91.37513359580487,0.0026394957676529884,59,0,-1,,0,0,2.363299999998958,3.4925000000001205,7.75800000000082,0
705,4.098321995464852,1,4096,0,0.0,-94.46697322290147,0.002635098295286298,59,0,-1,,0,0,3.867000000001397,4.77289999999897,0.128500000000642,2
706,4.104126984126984,1,4096,0,0.0,-94.83572925497432,0.0026283322367817163,59,0,-1,,0,0,2.988699999999511,4.721399999999321,5.003699999999611,1
707,4.1099319727891155,1,4096,0,0.0,-95.98564066195814,0.0026335122529417276,59,0,-1,,0,0,2.6850000000013807,3.561600000001164,9.833799999999115,0
708,4.115736961451248,1,4096,0,0.0,-94.98250585300241,0.0026350656989961863,59,0,-1,,0,0,5.152999999999963,6.317899999999099,0.17760000000066611,2
709,4.121541950113379,1,4096,0,0.0,-96.04878903049143,0.00263655255548656,59,0,-1,,0,0,3.937699999999822,5.306100000000313,6.622600000000034,1
710,4.12734693877551,1,4096,0,0.0,-94.83572925497432,0.002631124807521701,59,0,-1,,0,0,5.4320000000007695,6.936100000000778,12.07989999999981,3
711,4.133151927437642,1,4096,0,0.0,-95.98564066195814,0.0026318130549043417,59,0,-1,,0,0,7.521299999998732,10.309200000000018,2.147000000000787,2
712,4.138956916099773,1,4096,0,0.0,-95.62489775455435,0.0026408692356199026,59,0,-1,,0,0,3.4802000000002664,5.713500000000593,12.672499999998976,1
713,4.144761904761904,1,4096,0,0.0,-95.98564066195814,0.002635970711708069,59,0,-1,,0,0,6.7029999999999035,7.868599999998338,18.49149999999966,0
714,4.1505668934240365,1,4096,0,0.0,-95.1862583060634,0.0026275659911334515,59,0,-1,,0,0,2.425600000000472,3.248900000000887,0.2148000000001815,2
715,4.156371882086168,1,4096,0,0.0,-95.34560181526919,0.002635098295286298,59,0,-1,,0,0,2.1756999999986704,2.7527000000002744,3.4285999999994488,1
716,4.162176870748299,1,4096,0,0.0,-95.9233973547883,0.0026394277811050415,59,0,-1,,0,0,5.863699999999028,6.5629999999998745,6.198399999998827,3
717,4.167981859410431,1,4096,0,0.0,-95.80152468536258,0.00263001536950469,59,0,-1,,0,0,3.783500000000828,4.667899999999392,2.115599999999773,2
718,4.173786848072562,1,4096,0,0.0,-96.66269167130112,0.0026300852186977863,59,0,-1,,0,0,2.8481999999989682,3.9911999999997505,6.8272999999994255,4
719,4.179591836734694,1,4096,0,0.0,-95.23872588742294,0.0026357322931289673,59,0,-1,,0,0,2.4999000000001104,3.1479000000000923,10.835200000000711,3
720,4.1853968253968254,1,4096,0,0.0,-95.86203353190663,0.002634113421663642,59,0,-1,,0,0,3.935800000000711,4.788600000001253,4.139000000000337,2
721,4.191201814058957,1,4096,0,0.0,-95.23872588742294,0.0026341588236391544,59,0,-1,,0,0,2.2444000000003683,2.867300000000128,8.97400000000026,1
722,4.197006802721089,1,4096,0,0.0,-95.34560181526919,0.002634959062561393,59,0,-1,,0,0,2.4501000000007878,2.8583000000015346,11.88209999999934,0
723,4.20281179138322,1,4096,0,0.0,-96.66269167130112,0.0026349201798439026,59,0,-1,,0,0,5.4099000000000785,6.641800000000586,0.22249999999957026,2
724,4.208616780045351,1,4096,0,0.0,-96.11286916969236,0.0026316253934055567,59,0,-1,,0,0,2.9780999999999835,3.8786000000001764,6.869399999999359,1
725,4.214421768707483,1,4096,0,0.0,-96.37908519400071,0.0026349001564085484,59,0,-1,,0,0,2.028899999999112,2.4805000000007738,10.766900000000135,0
726,4.220226757369614,1,4096,0,0.0,-96.11286916969236,0.002634782576933503,59,0,-1,,0,0,3.2879999999995135,4.80600000000031,0.2956000000011727,2
727,4.2260317460317465,1,4096,0,0.0,-95.51101507673651,0.0026338205207139254,59,0,-1,,0,0,2.693600000000629,3.4375000000004263,5.129399999999507,1
728,4.231836734693878,1,4096,0,0.0,-95.74184731756222,0.0026348389219492674,59,0,-1,,0,0,2.091200000000626,2.593400000000301,8.6081999999994,0
729,4.237641723356009,1,4096,0,0.0,-96.04878903049143,0.0026327031664550304,59,0,-1,,0,0,3.5869999999995628,5.779399999999768,0.12680000000031555,2
730,4.243446712018141,1,4096,0,0.0,-96.17790898892383,0.0026338642928749323,59,0,-1,,0,0,2.003800000000666,2.685400000000726,5.258500000000055,1
731,4.249251700680272,1,4096,0,0.0,-95.08318728956347,0.0026350144762545824,59,0,-1,,0,0,2.381400000000866,2.8342999999999563,7.922600000000557,0
732,4.255056689342403,1,4096,0,0.0,-95.68297888648334,0.0026349930558353662,59,0,-1,,0,0,5.15270000000001,6.123199999999329,0.12829999999830477,2
733,4.260861678004535,1,4096,0,0.0,-95.9233973547883,0.0026334207504987717,59,0,-1,,0,0,2.634999999999721,4.099800000000542,6.476199999999821,1
734,4.266666666666667,1,4096,0,0.0,-95.98564066195814,0.0026343991048634052,59,0,-1,,0,0,1.837899999999948,2.3834000000011457,10.630900000000665,0
735,4.272471655328798,1,4096,0,0.0,-96.59003495889704,0.0026351532433182,59,0,-1,,0,0,3.727299999999545,5.124999999999602,0.12000000000078614,2
736,4.27827664399093,1,4096,0,0.0,-96.59003495889704,0.0026345220394432545,59,0,-1,,0,0,2.6100000000006673,3.548300000000282,5.292799999999431,1
737,4.284081632653061,1,4096,0,0.0,-95.74184731756222,0.002635594690218568,59,0,-1,,0,0,4.09460000000017,4.880599999999902,8.786100000000019,0
738,4.289886621315193,1,4096,0,0.0,-96.44826950478262,0.002634466625750065,59,0,-1,,0,0,2.4087999999995446,3.128199999999026,0.12360000000022353,2
739,4.295691609977324,1,4096,0,0.0,-97.46514278371254,0.002635412849485874,59,0,-1,,0,0,2.937400000000423,3.5672999999984967,3.275000000000361,1
740,4.3014965986394555,1,4096,0,0.0,-96.51857380658345,0.002634727396070957,59,0,-1,,0,0,2.553199999999478,3.142500000000936,6.8771000000005245,3
741,4.307301587301588,1,4096,0,0.0,-96.44826950478262,0.0026353965513408184,59,0,-1,,0,0,4.048899999999023,4.90409999999919,1.865900000000309,2
742,4.313106575963719,1,4096,0,0.0,-96.04878903049143,0.0026354268193244934,59,0,-1,,0,0,2.172099999999233,2.7266000000008006,6.805899999999809,1
743,4.31891156462585,1,4096,0,0.0,-95.74184731756222,0.002635017968714237,59,0,-1,,0,0,2.2050999999994048,2.6332999999993945,9.579600000000354,0
744,4.324716553287982,1,4096,0,0.0,-95.08318728956347,0.0026333117857575417,59,0,-1,,0,0,2.7599999999985414,3.8239000000004353,0.2662000000004383,2
745,4.330521541950113,1,4096,0,0.0,-95.13441703221056,0.002633956726640463,59,0,-1,,0,0,3.549999999998832,4.203600000000307,4.0805000000005975,1
746,4.3363265306122445,1,4096,0,0.0,-94.51139140853155,0.0026341599877923727,59,0,-1,,0,0,2.31420000000071,3.0212000000009454,8.325400000000371,0
747,4.342131519274377,1,4096,0,0.0,-95.40004253398527,0.002634424017742276,59,0,-1,,0,0,3.1434000000007956,3.9946000000004034,0.1440000000005881,2
748,4.347936507936508,1,4096,0,0.0,-95.56758314090658,0.0026343767531216145,59,0,-1,,0,0,3.314800000000062,3.8917000000004975,4.161800000000326,1
749,4.35374149659864,1,4096,0,0.0,-95.56758314090658,0.0026336375158280134,59,0,-1,,0,0,4.881599999999153,6.269099999999028,8.144100000000876,0
750,4.359546485260771,1,4096,0,0.0,-95.62489775455435,0.002633196534588933,59,0,-1,,0,0,2.7992000000001127,3.5842999999999847,0.1668000000005776,2
751,4.365351473922902,1,4096,0,0.0,-96.243937670594,0.0026347299572080374,59,0,-1,,0,0,2.3189000000005677,2.9978000000010496,3.7700000000011613,1
752,4.371156462585034,1,4096,0,0.0,-96.66269167130112,0.002633885480463505,59,0,-1,,0,0,4.184900000000269,4.793700000000456,6.796400000000702,3
753,4.3769614512471655,1,4096,0,0.0,-95.23872588742294,0.002634831238538027,59,0,-1,,0,0,3.0943000000007714,4.057900000001169,2.9634999999998968,2
754,4.382766439909297,1,4096,0,0.0,-95.98564066195814,0.002634203527122736,59,0,-1,,0,0,3.7207999999999686,4.563599999999113,7.071699999999126,1
755,4.388571428571429,1,4096,0,0.0,-97.29235200308943,0.0026335972361266613,59,0,-1,,0,0,2.5738000000004035,3.1033000000011413,11.67850000000037,0
756,4.39437641723356,1,4096,0,0.0,-96.37908519400071,0.0026332116685807705,59,0,-1,,0,0,3.0768000000005458,4.130200000000528,0.15949999999875786,2
757,4.400181405895691,1,4096,0,0.0,-95.98564066195814,0.002635339042171836,59,0,-1,,0,0,4.844199999999077,6.070299999999307,4.304499999999933,1
758,4.405986394557823,1,4096,0,0.0,-95.9233973547883,0.0026350081898272038,59,0,-1,,0,0,3.0692000000005493,5.174900000000093,10.5675999999999,0
759,4.4117913832199545,1,4096,0,0.0,-93.17662465891792,0.002634479198604822,59,0,-1,,0,0,2.255200000000457,2.873199999999798,0.23620000000157404,2
760,4.4175963718820865,1,4096,0,0.0,-81.30090205394437,0.0026389234699308872,59,0,-1,,0,0,2.2031000000009016,2.6636999999993805,3.1151999999998736,1
761,4.423401360544218,1,4096,0,1.0,-71.15943962237847,0.0026368608232587576,59,0,-1,,0,0,2.489999999999881,3.12700000000099,5.8240000000004954,0
762,4.429206349206349,1,512,1,1.0,-64.67185815707387,0.02331073023378849,59,0,-1,,0,0,4.727700000000112,5.515700000000123,0.20600000000037255,2
763,4.435011337868481,1,512,0,1.0,-41.593612007428,0.524693489074707,59,0,-1,,0,0,2.53559999999986,3.3212999999996384,5.770699999999351,4
764,4.440816326530612,1,512,0,1.0,-39.19474485998755,0.9883764982223511,66,0,-1,,0,0,2.4078999999996853,2.9412999999998135,9.149199999999524,3
765,4.446621315192743,1,1024,0,1.0,-38.10976702222105,0.5986189842224121,66,1,66,,0,0,2.3009999999992203,2.845699999999951,3.8592000000008397,2
766,4.4524263038548755,1,1024,0,1.0,-37.223498179672454,0.7128645181655884,66,1,66,,0,0,2.0388000000011175,2.401700000000062,6.696899999999673,1
767,4.458231292517007,1,2048,0,1.0,-35.90345128758439,0.11786293238401413,66,1,66,,0,0,3.880199999999334,5.0762000000013074,9.115800000000007,0
768,4.464036281179139,1,2048,0,1.0,-36.30668584658915,0.13016237318515778,66,0,-1,,0,0,1.9770000000001176,2.6372000000005613,0.12959999999928584,2
769,4.46984126984127,1,2048,0,1.0,-37.378219542751395,0.14588753879070282,66,0,-1,,0,0,1.7145999999996775,2.097700000000202,2.7706999999992377,1
770,4.475646258503401,1,2048,0,1.0,-35.21820102313903,0.2258613258600235,66,0,-1,,0,0,2.4245000000000516,2.898500000000581,4.8869000000006935,0
771,4.481451247165533,1,4096,0,1.0,-40.211973949216066,0.007836144417524338,66,0,-1,,0,0,2.2398999999992952,3.307799999999972,0.26229999999927145,2
772,4.487256235827664,1,4096,0,1.0,-37.167547715944224,0.008108223788440228,66,0,-1,,0,0,2.1675999999999362,2.655800000001207,3.605699999999601,1
773,4.493061224489796,1,4096,0,1.0,-39.81892028121806,0.008943823166191578,66,0,-1,,0,0,4.231299999998939,4.869199999999907,6.298600000000931,0
774,4.498866213151928,1,4096,0,1.0,-44.54328893094513,0.008705856278538704,66,0,-1,,0,0,3.708900000001236,4.597099999999799,0.17380000000066786,2
775,4.504671201814059,1,4096,0,1.0,-44.21705364955939,0.009769796393811703,66,0,-1,,0,0,5.202099999999987,7.0437999999999334,4.95320000000099,1
776,4.51047619047619,1,4096,0,1.0,-48.99437940545668,0.008445250801742077,66,0,-1,,0,0,3.2807000000012465,4.4480000000000075,12.12259999999965,0
777,4.516281179138322,1,4096,0,1.0,-48.64046104389989,0.009986181743443012,66,0,-1,,0,0,3.645799999999255,4.51410000000152,0.29460000000014475,2
778,4.522086167800453,1,4096,0,1.0,-48.9200951075383,0.011238863691687584,66,0,-1,,0,0,2.2794000000008197,2.8620999999997565,4.825300000000254,1
779,4.527891156462585,1,4096,0,1.0,-51.73334578727019,0.010257288813591003,66,0,-1,,0,0,3.2007000000007224,3.800399999999371,7.748199999999983,0
780,4.533696145124717,1,4096,0,1.0,-51.660553545541845,0.007935650646686554,66,0,-1,,0,0,1.9489000000003642,2.7676000000003143,0.12989999999923896,2
781,4.539501133786848,1,4096,0,1.0,-53.65608702534199,0.005165755748748779,64,0,-1,,0,0,4.211099999999135,4.9042999999997505,2.906700000000484,1
782,4.54530612244898,1,4096,0,1.0,-52.93956711556984,0.007027542684227228,64,0,-1,,0,0,2.1996000000008564,2.755299999998684,7.8526999999990466,0
783,4.551111111111111,1,4096,0,1.0,-52.571364806290504,0.005140102002769709,64,0,-1,,0,0,2.534999999999954,3.4045000000002545,0.3476999999989516,2
784,4.556916099773242,1,4096,0,1.0,-52.51567996183102,0.004749597050249577,64,0,-1,,0,0,2.2137999999998215,2.6989000000003927,3.7301000000002915,1
785,4.562721088435374,1,4096,0,1.0,-50.541802525329814,0.004605425521731377,64,0,-1,,0,0,1.8647000000004965,2.2209000000010803,6.453899999998569,0
786,4.568526077097506,1,4096,0,1.0,-53.848373797635645,0.003789512673392892,64,0,-1,,0,0,3.200100000000816,4.389999999999006,0.19900000000028228,2
787,4.574331065759637,1,4096,0,1.0,-53.76536315464846,0.0029485016129910946,64,0,-1,,0,0,3.525499999998516,4.073899999999853,4.578200000000976,1
788,4.580136054421769,1,4096,0,1.0,-53.01518874644732,0.0028937594033777714,64,0,-1,,0,0,2.369400000000965,2.955299999999994,8.683700000000627,3
789,4.5859410430839,1,4096,0,1.0,-52.926405512235405,0.002678205259144306,64,0,-1,,0,0,1.9588000000005934,2.4017999999994544,0.8794000000005298,2
790,4.591746031746032,1,4096,0,1.0,-54.05854322044107,0.0028605915140360594,64,0,-1,,0,0,3.4165999999995478,4.066500000000417,3.2919000000006804,1
791,4.597551020408163,1,4096,0,1.0,-55.80785973360378,0.0031249478925019503,64,0,-1,,0,0,3.036899999999676,4.290499999999753,7.517599999999902,0
792,4.6033560090702945,1,4096,0,1.0,-59.53324357451479,0.0028630229644477367,64,0,-1,,0,0,3.502299999999181,4.531099999999455,0.1537000000002564,2
793,4.609160997732427,1,4096,0,1.0,-54.81032810645903,0.0026909324806183577,64,0,-1,,0,0,3.056100000000228,4.46299999999944,4.785800000000506,1
794,4.614965986394558,1,4096,0,1.0,-53.690079956624146,0.0028168733697384596,72,0,-1,,0,0,2.2415999999996217,2.759899999999149,9.288200000000302,0
795,4.620770975056689,1,4096,0,1.0,-48.382291738444295,0.003769972827285528,72,0,-1,,0,0,3.1789999999993768,4.182499999998868,0.2259999999996154,2
796,4.626575963718821,1,4096,0,1.0,-43.063900387080096,0.00529858935624361,72,0,-1,,0,0,2.3293999999989268,3.007300000000157,4.455999999999349,1
797,4.632380952380952,1,4096,0,1.0,-40.06438635261209,0.005951041355729103,72,0,-1,,0,0,1.9585000000006403,2.425999999999817,7.490699999999961,0
798,4.6381859410430835,1,4096,0,1.0,-41.07400641534732,0.006585289724171162,72,0,-1,,0,0,2.2593999999998005,3.6868999999999374,0.19129999999911718,2
799,4.6439909297052155,1,4096,0,1.0,-40.75021149375483,0.006352180149406195,72,0,-1,,0,0,2.338400000001073,2.8892999999996505,3.8906000000000773,1
800,4.649795918367347,1,4096,0,1.0,-39.39644512937088,0.007650430779904127,72,0,-1,,0,0,2.553199999999478,3.4119999999990824,6.821799999999101,3
801,4.655600907029479,1,4096,0,1.0,-42.81968602278133,0.007218045182526112,69,0,-1,,0,0,2.4154000000002895,3.588399999999936,3.406200000000581,2
802,4.66140589569161,1,4096,0,1.0,-44.80108929345371,0.0073163448832929134,69,0,-1,,0,0,2.1548999999989604,2.600599999999176,7.026299999999708,1
803,4.667210884353741,1,4096,0,1.0,-47.319591425513764,0.006792575120925903,69,0,-1,,0,0,1.8554999999995658,2.28919999999988,9.663200000000316,0
804,4.673015873015873,1,4096,0,1.0,-49.466116987603115,0.00726405018940568,69,0,-1,,0,0,3.1447999999993925,4.167900000000557,0.25560000000091065,2
805,4.6788208616780045,1,4096,0,1.0,-48.99087887564866,0.00651087611913681,69,0,-1,,0,0,2.2347000000007,2.8766999999998433,4.404700000000261,1
806,4.684625850340136,1,4096,0,1.0,-55.56510421915894,0.0048998580314219,69,0,-1,,0,0,2.8047000000004374,3.3204999999991713,7.27979999999917,0
807,4.690430839002268,1,4096,0,1.0,-53.07074188363006,0.004627815913408995,69,0,-1,,0,0,1.9521999999998485,2.5980000000007664,0.21549999999948,2
808,4.696235827664399,1,4096,0,1.0,-52.42250656256954,0.0038754092529416084,69,0,-1,,0,0,2.1138000000000545,2.539200000001074,2.8319000000003314,1
809,4.702040816326531,1,4096,0,1.0,-55.41619255420499,0.004324437119066715,69,0,-1,,0,0,2.479500000001522,3.03740000000019,5.408799999999658,0
810,4.707845804988662,1,4096,0,1.0,-56.846131734741896,0.004260012414306402,69,0,-1,,0,0,4.592300000000549,6.357200000000063,0.2250000000003638,5
811,4.713650793650793,1,4096,0,1.0,-56.966800148896525,0.003803352126851678,69,0,-1,,0,0,2.565999999999846,3.6818000000007345,6.59819999999911,4
812,4.7194557823129255,1,4096,0,1.0,-58.21914773523011,0.003979950211942196,69,0,-1,,0,0,2.8852000000014755,3.5124999999993634,10.309300000001187,3
813,4.725260770975057,1,4096,0,1.0,-57.15144073554939,0.003194583812728524,69,0,-1,,0,0,3.1978999999999758,3.7503000000000952,8.309300000000519,2
814,4.731065759637188,1,4096,0,1.0,-60.31685576188928,0.00258354633115232,69,0,-1,,0,0,2.927099999999072,3.5074999999995526,12.026799999999227,1
815,4.73687074829932,1,4096,0,1.0,-63.648491253556216,0.0024945654440671206,64,0,-1,,0,0,2.76540000000125,3.915599999999131,15.609599999999446,0
816,4.742675736961451,1,4096,0,1.0,-62.70906795332644,0.002569309901446104,69,0,-1,,0,0,1.9524999999998016,2.566499999998584,0.1429000000001679,2
817,4.748480725623582,1,512,1,1.0,-67.27288125936585,0.024083247408270836,59,0,-1,,0,0,2.0418000000006487,2.409699999999404,2.7297999999991163,1
818,4.7542857142857144,1,512,0,1.0,-67.39143721510526,0.0209768358618021,59,0,-1,,0,0,2.1591000000000804,2.652599999999339,5.3592999999985125,0
819,4.760090702947846,1,512,0,1.0,-65.4728875694863,0.021497931331396103,59,0,-1,,0,0,3.4948999999997454,4.291800000000734,0.2665999999997837,2
820,4.765895691609978,1,1024,0,1.0,-65.73193714537818,0.020477326586842537,59,0,-1,,0,0,3.3628999999990583,4.15309999999991,5.063899999999677,1
821,4.771700680272109,1,1024,0,1.0,-66.7541785735275,0.021552320569753647,59,0,-1,,0,0,3.1049999999996913,4.159800000000047,9.296899999998942,3
822,4.77750566893424,1,2048,0,1.0,-65.88320438192802,0.020479392260313034,59,0,-1,,0,0,2.1094999999995423,2.882400000000729,1.7703000000004465,2
823,4.783310657596372,1,2048,0,1.0,-65.52546048539955,0.020664334297180176,59,0,-1,,0,0,1.9151999999991176,2.517600000000897,4.651100000000241,1
824,4.789115646258503,1,2048,0,1.0,-69.59603754719576,0.02019496262073517,59,0,-1,,0,0,1.8063000000001495,2.157600000000315,7.185299999999728,0
825,4.794920634920635,1,2048,0,1.0,-63.77343393641351,0.02071874402463436,59,0,-1,,0,0,2.7828000000003073,3.655600000000092,0.11990000000139389,2
826,4.800725623582767,1,4096,0,1.0,-65.63909086009502,0.002670001471415162,59,0,-1,,0,0,3.0719000000001273,3.798200000000307,3.8482000000001904,1
827,4.806530612244898,1,4096,0,1.0,-70.8816972673611,0.002550604520365596,59,0,-1,,0,0,4.604900000000356,8.197200000001459,7.8302000000007865,0
828,4.812335600907029,1,4096,0,0.39644026484577305,-73.17406869819192,0.0026635807007551193,59,0,-1,,0,0,6.004100000000179,7.423799999999758,0.12349999999905492,2
829,4.818140589569161,1,4096,0,1.0,-68.92100547934731,0.002658700803294778,59,0,-1,,0,0,3.665699999999106,5.568099999999632,7.840900000001483,1
830,4.823945578231292,1,4096,0,1.0,-69.11055582056947,0.002643897896632552,59,0,-1,,0,0,2.252900000000224,2.893199999999041,13.454599999999317,0
831,4.829750566893424,1,4096,0,1.0,-66.33311002149392,0.0026948251761496067,59,0,-1,,0,0,2.906799999999876,3.7856000000004997,0.10950000000065074,2
832,4.835555555555556,1,4096,0,1.0,-71.09756706309197,0.002682426944375038,59,0,-1,,0,0,2.3850000000003035,4.068799999998873,3.9666000000000423,1
833,4.841360544217687,1,512,1,1.0,-62.72306476972821,0.02733345329761505,59,0,-1,,0,0,1.866200000000262,2.9434000000012617,8.091300000000246,3
834,4.847165532879819,1,512,0,1.0,-59.085940245753,0.043472811579704285,59,0,-1,,0,0,2.2836999999995555,2.637699999999299,2.391899999999225,2
835,4.85297052154195,1,512,0,1.0,-58.1951932928233,0.10419565439224243,53,0,-1,,0,0,1.895799999999781,2.258700000000502,5.049800000000104,1
836,4.858775510204081,1,1024,0,1.0,-58.95476152277279,0.0490071102976799,53,0,-1,,0,0,1.9219000000010311,2.365999999998536,7.348500000000868,0
837,4.864580498866213,1,1024,0,1.0,-58.99753471238621,0.04410509765148163,64,0,-1,,0,0,2.3641999999988172,3.1839999999991875,0.1601999999998327,2
838,4.8703854875283445,1,2048,0,1.0,-61.95203664528095,0.017425544559955597,53,0,-1,,0,0,2.2343000000013546,2.7537999999989182,3.3460999999999075,1
839,4.876190476190477,1,2048,0,1.0,-60.118448271086834,0.013519181869924068,53,0,-1,,0,0,1.984300000000161,2.5140000000014595,6.122100000000685,0
840,4.881995464852608,1,2048,0,1.0,-59.77636393958437,0.014699171297252178,53,0,-1,,0,0,2.1105000000005703,2.7927999999999287,0.19599999999897477,2
841,4.887800453514739,1,2048,0,1.0,-65.62222173013657,0.01281892042607069,64,0,-1,,0,0,3.2567999999990604,3.8821999999996137,3.0012999999993184,1
842,4.893605442176871,1,4096,0,1.0,-71.22849134760085,0.0016611898317933083,53,0,-1,,0,0,3.1833999999992812,4.533999999999594,7.009599999999949,0
843,4.899410430839002,1,4096,0,1.0,-67.50326168602174,0.0015081772580742836,53,0,-1,,0,0,4.786599999999197,5.502700000000971,0.1897999999993516,2
844,4.9052154195011335,1,4096,0,0.6417833406875847,-73.06359212702039,0.0014723165659233928,53,0,-1,,0,0,4.574899999999715,6.1651000000004785,5.802899999999056,1
845,4.911020408163266,1,4096,0,0.0,-78.48378797221974,0.0014597970293834805,53,0,-1,,0,0,4.466999999999999,5.519800000000075,12.053500000000383,3
846,4.916825396825397,1,4096,0,0.0,-78.57727847712552,0.0014344528317451477,53,0,-1,,0,0,5.013099999999326,6.0728000000001,1.278199999999785,2
847,4.922630385487528,1,4096,0,1.0,-74.84980579438546,0.0014449773589149117,53,0,-1,,0,0,2.1161999999996794,2.6402000000000925,7.3619000000011425,1
848,4.92843537414966,1,4096,0,0.29150690361376824,-75.19054361133789,0.0014334784355014563,53,0,-1,,0,0,1.920300000000097,2.4580000000007374,10.02789999999898,0
849,4.934240362811791,1,4096,0,0.0,-73.95177628312301,0.0014964068541303277,53,0,-1,,0,0,1.7712999999996981,2.3672000000001248,0.10369999999859658,2
850,4.940045351473923,1,4096,0,0.8006465592743514,-75.41277800427723,0.0016279820119962096,53,0,-1,,0,0,2.343299999999715,2.7372999999997205,2.4823999999998847,1
851,4.9458503401360545,1,4096,0,0.4551665357956075,-78.24213644932124,0.0018770350143313408,53,0,-1,,0,0,5.477900000000702,6.449800000000394,5.280700000000138,0
852,4.951655328798186,1,4096,0,0.611801454453743,-76.6053463137324,0.0020315698347985744,53,0,-1,,0,0,2.547099999999247,3.7187000000002968,0.2033999999984104,2
853,4.957460317460318,1,4096,0,0.0,-81.3935481679694,0.002084803069010377,53,0,-1,,0,0,1.9404999999999006,2.4134999999994022,3.9370000000005234,1
854,4.963265306122449,1,4096,0,0.0,-78.62766820938926,0.002219325164332986,53,0,-1,,0,0,1.7693999999988108,2.104699999998516,6.365600000000526,0
855,4.96907029478458,1,4096,0,0.8155456169902763,-81.38484606723138,0.0024375326465815306,59,0,-1,,0,0,2.3889999999990863,3.5832999999989568,0.4363000000005002,2
856,4.974875283446712,1,4096,0,0.0,-83.24437172536413,0.002572832629084587,59,0,-1,,0,0,3.7631999999998555,4.420400000000768,3.9785999999999433,1
857,4.9806802721088435,1,4096,0,0.0,-86.13535311723606,0.002610486466437578,59,0,-1,,0,0,3.8957999999986725,5.392200000001068,8.469599999999744,3
858,4.986485260770975,1,4096,0,0.0,-88.18717596493245,0.0026223664171993732,59,0,-1,,0,0,5.6581000000015536,8.557699999999002,4.389299999999707,2
859,4.992290249433107,1,4096,0,0.0,-91.10200133222746,0.0025856641586869955,59,0,-1,,0,0,3.791899999999515,4.7376000000003415,12.976899999999958,1
860,4.998095238095238,1,4096,0,0.0,-91.7841301922698,0.0025923948269337416,59,0,-1,,0,0,3.6149000000005316,4.547500000001037,17.809500000000256,0
861,5.00390022675737,1,4096,0,0.0,-91.856203998286,0.0025729183107614517,59,0,-1,,0,0,3.5281999999998703,6.113900000000783,0.3936000000006601,2
862,5.009705215419501,1,4096,0,0.0,-91.37513359580487,0.002621564781293273,59,0,-1,,0,0,3.127300000000943,4.059599999999719,6.4440999999995086,1
863,5.015510204081632,1,4096,0,0.0,-90.20383141701166,0.0026286758948117495,59,0,-1,,0,0,6.584999999999397,7.484200000000385,10.562200000000743,3
864,5.0213151927437645,1,4096,0,0.0,-90.17083954373298,0.002645013388246298,59,0,-1,,0,0,3.199599999998526,4.0268999999995,3.89290000000031,2
865,5.027120181405896,1,4096,0,0.0,-93.88857243768805,0.0026141307316720486,59,0,-1,,0,0,2.8517000000007897,3.6282000000014136,7.677799999999735,1
866,5.032925170068027,1,4096,0,0.0,-95.80152468536258,0.0026299275923520327,59,0,-1,,0,0,4.767799999999767,5.612400000000406,11.260700000001123,0
867,5.038730158730159,1,4096,0,0.0,-96.17790898892383,0.002614476252347231,59,0,-1,,0,0,3.6540000000009343,4.771500000000373,0.15440000000133125,2
868,5.04453514739229,1,4096,0,0.0,-95.86203353190663,0.002619757317006588,59,0,-1,,0,0,3.4127000000001573,4.245299999999119,4.9701999999989255,4
869,5.050340136054421,1,4096,0,0.0,-93.44756490089864,0.0026407185941934586,59,0,-1,,0,0,4.387699999998773,5.336100000000954,9.282300000000632,3
870,5.056145124716553,1,4096,0,0.0,-92.02917884433614,0.0026318293530493975,59,0,-1,,0,0,2.6840000000003528,3.499899999999556,5.939699999998993,2
871,5.061950113378685,1,4096,0,0.0,-90.33836380778494,0.0026239955332130194,59,0,-1,,0,0,2.078700000000211,2.509400000000994,9.432300000000282,1
872,5.067755102040817,1,4096,0,0.0,-88.59042199661319,0.0026297401636838913,59,0,-1,,0,0,2.5706000000003115,3.1311000000009415,11.965399999999349,0
873,5.073560090702948,1,4096,0,0.0,-91.9790504807957,0.0026318642776459455,59,0,-1,,0,0,2.7303000000014066,4.0981000000002155,0.17129999999987433,2
874,5.079365079365079,1,4096,0,0.0,-85.73873028966455,0.002631153678521514,59,0,-1,,0,0,2.1154000000009887,2.7425999999994843,3.6965999999996058,1
875,5.085170068027211,1,4096,0,0.0,-85.45780451759612,0.0026315865106880665,59,0,-1,,0,0,3.9783999999993824,4.863700000001359,6.367900000000759,0
876,5.090975056689342,1,4096,0,0.0,-90.51261030342991,0.0026292523834854364,59,0,-1,,0,0,2.1401999999994814,2.7823999999991855,0.10880000000135226,2
877,5.0967800453514736,1,4096,0,0.0,-91.6204686051954,0.0026354927103966475,59,0,-1,,0,0,2.312099999999262,2.777399999999375,2.892899999999088,1
878,5.102585034013606,1,4096,0,0.0,-92.73970090946308,0.002636948600411415,59,0,-1,,0,0,1.9226000000003296,2.508399999999966,5.718599999999796,0
879,5.108390022675737,1,4096,0,0.0,-94.37947693367157,0.0026319532189518213,59,0,-1,,0,0,3.3288000000002427,4.6053999999990936,0.23410000000012587,2
880,5.114195011337869,1,4096,0,0.0,-94.42300473611438,0.002633207943290472,59,0,-1,,0,0,2.976099999999704,5.65250000000006,4.9650999999997225,4
881,5.12,1,4096,0,0.0,-93.9274270879319,0.002635311335325241,59,0,-1,,0,0,2.0978999999989867,2.8012000000003923,10.638900000000007,3
882,5.125804988662131,1,4096,0,0.0,-95.29183509470138,0.00263456953689456,59,0,-1,,0,0,2.0986000000000615,2.5849999999998374,7.847899999999797,2
883,5.131609977324263,1,4096,0,0.0,-95.62489775455435,0.002634151140227914,59,0,-1,,0,0,2.1103000000000094,2.501699999999829,10.352900000000886,1
884,5.137414965986395,1,4096,0,0.0,-96.44826950478262,0.002633831463754177,59,0,-1,,0,0,4.867100000000235,5.438700000000907,12.82609999999984,0
885,5.143219954648526,1,4096,0,0.0,-95.56758314090658,0.0026366189122200012,59,0,-1,,0,0,2.5300999999995355,3.2434999999999548,0.18679999999982044,2
886,5.149024943310658,1,4096,0,0.0,-95.98564066195814,0.002631952054798603,59,0,-1,,0,0,3.0516000000009313,3.728399999999965,3.4543999999989694,1
887,5.154829931972789,1,4096,0,0.0,-95.51101507673651,0.002635339042171836,59,0,-1,,0,0,2.6450999999987346,3.372099999999989,7.244399999999374,0
888,5.16063492063492,1,4096,0,0.0,-95.62489775455435,0.0026351031847298145,59,0,-1,,0,0,4.590399999999661,5.905799999998962,0.14649999999960528,2
889,5.166439909297052,1,4096,0,0.0,-95.56758314090658,0.0026341923512518406,59,0,-1,,0,0,4.687299999998729,6.293899999999297,6.159600000000154,1
890,5.1722448979591835,1,4096,0,0.0,-95.29183509470138,0.002637003781273961,59,0,-1,,0,0,2.193099999999504,2.879099999999468,12.516399999999095,0
891,5.178049886621316,1,4096,0,0.0,-92.31573113447467,0.002633434720337391,59,0,-1,,0,0,1.9719000000009146,2.663000000000082,0.12970000000045445,2
892,5.183854875283447,1,4096,0,0.0,-85.83454215015465,0.00263428152538836,59,0,-1,,0,0,1.845600000001113,2.234400000000747,2.8042999999993157,1
893,5.189659863945578,1,4096,0,0.0,-78.80758323035249,0.00263746059499681,59,0,-1,,0,0,5.00070000000008,10.8706999999999,5.167099999999536,0
894,5.19546485260771,1,512,1,1.0,-67.3582029443362,0.02073178067803383,59,0,-1,,0,0,3.322999999999965,5.095999999999989,0.18019999999907554,2
895,5.201269841269841,1,512,0,1.0,-58.31447596668593,0.03170114755630493,59,0,-1,,0,0,4.863199999999068,6.5086000000000865,5.363199999999679,1
896,5.2070748299319725,1,512,0,1.0,-54.6854460108693,0.04720182716846466,59,0,-1,,0,0,2.53559999999986,3.214800000000295,11.950899999998654,3
897,5.2128798185941045,1,1024,0,1.0,-53.7719706312678,0.06378217041492462,59,0,-1,,0,0,2.8050000000003905,3.3887999999997476,1.5824999999995981,2
898,5.218684807256236,1,1024,0,1.0,-48.26781130467396,0.14643795788288116,59,0,-1,,0,0,4.654399999999725,5.50050000000013,5.00659999999975,1
899,5.224489795918367,1,2048,0,1.0,-49.70880366032152,0.06544075906276703,59,0,-1,,0,0,2.2877000000001146,3.1034999999999258,10.583699999999752,0
900,5.230294784580499,1,2048,0,1.0,-45.03686568622744,0.11341124027967453,59,0,-1,,0,0,3.640400000000099,4.350600000000426,0.22659999999952163,2
901,5.23609977324263,1,2048,0,1.0,-46.363623295503366,0.08329491317272186,59,0,-1,,0,0,2.50469999999936,3.274499999999847,4.848600000000758,1
902,5.241904761904762,1,2048,0,1.0,-48.53206683995997,0.06737927347421646,64,0,-1,,0,0,2.3113999999999635,2.76489999999896,8.1718999999989,0
903,5.2477097505668935,1,4096,0,1.0,-46.98580551578929,0.004693154711276293,59,0,-1,,0,0,4.4149000000004435,5.181699999999623,0.12910000000054822,2
904,5.253514739229025,1,4096,0,1.0,-50.83620259599631,0.004158950410783291,64,0,-1,,0,0,4.398200000000685,5.264900000000239,5.390900000000087,3
905,5.259319727891157,1,4096,0,1.0,-50.60844746158285,0.00397585378959775,64,0,-1,,0,0,3.2189000000002466,5.418499999999327,10.772900000000973,3
906,5.265124716553288,1,4096,0,1.0,-49.92765438727674,0.0038661137223243713,64,0,-1,,0,0,4.43009999999866,5.563199999999213,6.127599999999234,2
907,5.270929705215419,1,4096,0,1.0,-51.10612989153079,0.004415081813931465,64,0,-1,,0,0,2.799500000000066,3.7426000000007065,11.672700000000091,1
908,5.276734693877551,1,4096,0,1.0,-52.89956984636483,0.0035247160121798515,64,0,-1,,0,0,2.7834999999996057,3.3565000000006506,14.660099999998621,0
909,5.282539682539682,1,4096,0,1.0,-53.56054053253479,0.0034893134143203497,64,0,-1,,0,0,2.165699999999049,2.992400000000117,0.1593999999993656,2
910,5.288344671201814,1,4096,0,1.0,-58.142791260042095,0.0027860975824296474,64,0,-1,,0,0,4.387599999999381,5.242500000001371,3.1970999999995087,1
911,5.294149659863946,1,4096,0,1.0,-60.75403272284605,0.002574808429926634,64,0,-1,,0,0,2.388099999999227,3.0178999999996847,8.502800000000477,0
912,5.299954648526077,1,4096,0,1.0,-59.864668790377785,0.0022051294799894094,64,0,-1,,0,0,2.8047999999998297,3.53130000000057,0.18170000000061748,2
913,5.305759637188209,1,4096,0,1.0,-59.45787373323422,0.002123077167198062,64,0,-1,,0,0,3.182199999999469,4.096000000000544,3.7700000000011613,1
914,5.31156462585034,1,4096,0,1.0,-56.75916850927629,0.002147822640836239,64,0,-1,,0,0,2.761600000001252,3.251899999998642,7.919299999999296,0
915,5.317369614512471,1,4096,0,1.0,-56.17316401334237,0.0020785389933735132,64,0,-1,,0,0,2.5746000000008706,3.186700000000542,0.19939999999962765,2
916,5.3231746031746034,1,4096,0,1.0,-57.01118151864414,0.0020476493518799543,64,0,-1,,0,0,4.074899999999104,4.763800000000984,3.411399999999176,1
917,5.328979591836735,1,4096,0,1.0,-55.86376742848807,0.001986919203773141,59,0,-1,,0,0,3.9506999999989745,4.76499999999902,8.286299999999969,0
918,5.334784580498866,1,4096,0,1.0,-57.44027575677882,0.0015893466770648956,59,0,-1,,0,0,2.5589000000003637,3.4697999999995233,0.10240000000116822,2
919,5.340589569160998,1,4096,0,1.0,-56.6495052053851,0.0015160556649789214,59,0,-1,,0,0,5.834200000000678,8.027800000000695,3.7625999999999493,1
920,5.346394557823129,1,4096,0,1.0,-56.451768319323,0.0019100205972790718,59,0,-1,,0,0,3.3413000000006576,4.445999999999728,11.606900000000309,0
921,5.352199546485261,1,4096,0,1.0,-55.535404547910154,0.0020088914316147566,59,0,-1,,0,0,3.468699999999103,5.122000000000071,0.2631999999991308,2
922,5.358004535147392,1,4096,0,1.0,-56.87762737380362,0.002076235832646489,59,0,-1,,0,0,2.575300000000169,3.3650999999998987,5.384700000000464,1
923,5.363809523809524,1,4096,0,1.0,-60.74605208532988,0.002265590475872159,59,0,-1,,0,0,3.1098000000007175,3.811600000000581,8.76460000000101,0
924,5.369614512471656,1,4096,0,1.0,-62.3950455823471,0.002535982523113489,59,0,-1,,0,0,4.636499999998378,6.532799999998673,0.27199999999893976,2
925,5.375419501133787,1,4096,0,1.0,-59.07009613973813,0.0025831691455096006,59,0,-1,,0,0,3.671000000000646,4.76499999999902,6.872600000001228,4
926,5.381224489795918,1,4096,0,1.0,-60.02240824813409,0.0026003988459706306,59,0,-1,,0,0,2.9690000000002215,3.888499999998629,11.687300000000178,3
927,5.38702947845805,1,4096,0,1.0,-63.56863444361978,0.0026926924474537373,59,0,-1,,0,0,3.644899999999396,6.174899999999539,4.746499999999543,2
928,5.392834467120181,1,4096,0,1.0,-64.7481289753917,0.0026276647113263607,59,0,-1,,0,0,3.9448999999986967,4.9536000000003355,10.958399999999813,1
929,5.3986394557823125,1,4096,0,1.0,-62.98059369501451,0.002779772039502859,59,0,-1,,0,0,3.9280000000001536,4.737000000000435,15.955700000001016,0
930,5.404444444444445,1,4096,0,1.0,-55.35129969600378,0.002880686894059181,59,0,-1,,0,0,2.4946000000003465,3.54089999999907,0.2673000000008585,2
931,5.410249433106576,1,4096,0,1.0,-47.94181951575679,0.004789338447153568,59,0,-1,,0,0,2.5844999999993234,3.1754999999993316,3.7509999999993937,1
932,5.416054421768708,1,4096,0,1.0,-42.02284142186885,0.006848273333162069,59,0,-1,,0,0,3.39899999999993,4.1007999999997935,6.956200000001189,0
933,5.421859410430839,1,4096,0,1.0,-35.961112654459725,0.008994498290121555,59,0,-1,,0,0,3.8520000000001886,6.121699999999564,0.3089000000002784,2
934,5.42766439909297,1,4096,0,1.0,-35.59603979192381,0.0099366819486022,59,0,-1,,0,0,2.5020999999991744,3.4047000000008154,6.384900000000471,1
935,5.433469387755102,1,4096,0,1.0,-37.028473188893024,0.009732499718666077,59,0,-1,,0,0,2.5817999999997454,3.2074000000008596,9.809900000000482,0
936,5.4392743764172335,1,4096,0,1.0,-35.54865437168441,0.011084332130849361,59,0,-1,,0,0,2.094700000000671,2.949100000000371,0.08599999999958641,2
937,5.445079365079365,1,4096,0,1.0,-36.06439796619115,0.01158702652901411,64,0,-1,,0,0,2.2226999999990227,2.7697999999993783,2.80590000000025,1
938,5.450884353741497,1,4096,0,1.0,-36.27575584482529,0.013479765504598618,64,0,-1,,0,0,2.307300000000012,2.902499999999364,5.60280000000013,0
939,5.456689342403628,1,4096,0,1.0,-36.8209662967529,0.015309992246329784,64,0,-1,,0,0,5.586100000000371,6.706299999999388,0.1265999999997547,2
940,5.462494331065759,1,4096,0,1.0,-37.358996443147504,0.018538320437073708,65,0,-1,,0,0,2.678400000000636,3.8479999999996295,6.958600000000814,1
941,5.468299319727891,1,4096,0,1.0,-38.8207506573485,0.02080908790230751,65,0,-1,,0,0,2.222500000000238,2.8527999999994336,10.86279999999995,0
942,5.4741043083900225,1,4096,0,1.0,-41.5365271039743,0.023482877761125565,64,0,-1,,0,0,3.1153000000010422,3.9452999999998184,0.2652999999988026,2
943,5.479909297052155,1,4096,0,1.0,-42.10498184800733,0.028536085039377213,64,0,-1,,0,0,2.421400000001128,3.36919999999985,4.243300000000616,1
944,5.485714285714286,1,4096,0,1.0,-46.478771472568695,0.030449246987700462,65,0,-1,,0,0,4.099800000000542,5.334799999999973,7.676299999999969,0
945,5.491519274376417,1,4096,0,1.0,-49.05887605310112,0.032596297562122345,65,0,-1,,0,0,3.318499999998892,4.1666999999989685,0.2678999999989884,2
946,5.497324263038549,1,4096,0,1.0,-51.19109873564355,0.039631038904190063,65,0,-1,,0,0,3.4071000000004403,4.611799999999278,4.532199999999875,1
947,5.50312925170068,1,4096,0,1.0,-54.17930155870436,0.03295813128352165,64,0,-1,,0,0,3.6682999999992916,4.34410000000085,9.195100000001233,0
948,5.508934240362811,1,4096,0,1.0,-52.45740750728121,0.027647333219647408,65,0,-1,,0,0,3.1253999999982796,3.968900000000275,0.1715000000004352,2
949,5.5147392290249435,1,4096,0,1.0,-50.534777548251675,0.018930478021502495,64,0,-1,,0,0,4.278199999999899,5.3344000000006275,4.1983999999999355,4
950,5.520544217687075,1,4096,0,1.0,-50.16621189585006,0.017099278047680855,64,0,-1,,0,0,3.6552000000007467,4.429699999999315,9.58220000000054,3
951,5.526349206349207,1,4096,0,1.0,-46.866657357504835,0.014693427830934525,64,0,-1,,0,0,2.3305999999987392,2.902499999999364,7.443800000000778,2
952,5.532154195011338,1,4096,0,1.0,-43.713615746872335,0.018342163413763046,64,0,-1,,0,0,4.8288000000002995,5.405299999999613,10.311800000000204,1
953,5.537959183673469,1,4096,0,1.0,-44.47476570896923,0.02029903419315815,64,0,-1,,0,0,7.805700000000471,9.898599999999647,15.857500000000968,3
954,5.543764172335601,1,4096,0,1.0,-39.979382650509415,0.017492255195975304,64,0,-1,,0,0,2.6877000000009588,3.8970999999996536,4.034700000000058,2
955,5.5495691609977325,1,4096,0,1.0,-41.80857476469054,0.013527908362448215,70,0,-1,,0,0,3.5676999999996184,5.428400000001332,7.947899999999564,1
956,5.555374149659864,1,4096,0,1.0,-41.647193109092775,0.01235383190214634,64,0,-1,,0,0,2.914400000001649,3.710800000000347,13.444899999999649,0
957,5.561179138321996,1,4096,0,1.0,-42.09103196832273,0.006867584772408009,64,0,-1,,0,0,2.226199999999068,2.8727999999986764,0.1087999999995759,2
958,5.566984126984127,1,4096,0,1.0,-45.1575465368051,0.005560601130127907,67,0,-1,,0,0,2.5533000000006467,3.042999999999907,2.9810000000001224,1
959,5.572789115646258,1,4096,0,1.0,-45.387627493337845,0.006184866186231375,64,0,-1,,0,0,3.4936000000005407,4.009600000001612,6.052199999999175,0
960,5.57859410430839,1,4096,0,1.0,-50.77877836270281,0.004575551021844149,64,0,-1,,0,0,3.770799999999852,4.6957000000009685,0.09820000000004825,2
961,5.584399092970521,1,4096,0,1.0,-50.22330755368675,0.004081055521965027,64,0,-1,,0,0,7.203799999999205,8.173600000001002,4.8637999999989745,1
962,5.5902040816326535,1,4096,0,1.0,-51.640757014924915,0.0035727033391594887,64,0,-1,,0,0,3.239200000001219,4.10619999999895,12.864099999999823,0
963,5.596009070294785,1,4096,0,1.0,-49.48403657001727,0.003458893857896328,66,0,-1,,0,0,4.492100000000221,5.7323000000000235,0.19859999999916056,2
964,5.601814058956916,1,4096,0,1.0,-47.36609674538789,0.0027158893644809723,64,0,-1,,0,0,4.570700000000372,6.6035000000006505,6.112500000000409,1
965,5.607619047619048,1,4096,0,1.0,-47.03694780074556,0.0027243075892329216,64,0,-1,,0,0,5.5325000000010505,7.6952999999999605,12.798000000000087,3
966,5.613424036281179,1,4096,0,1.0,-46.18970224635938,0.0028961049392819405,66,0,-1,,0,0,3.9138000000011886,6.893299999999769,7.730099999999851,2
967,5.61922902494331,1,4096,0,1.0,-50.940690841908555,0.0024615244474262,66,0,-1,,0,0,3.4946999999991846,4.460399999999254,14.669800000000066,1
968,5.625034013605442,1,4096,0,1.0,-45.68178770742265,0.002413974842056632,66,0,-1,,0,0,4.4397000000007125,5.470299999998929,19.178800000000606,0
969,5.630839002267574,1,4096,0,1.0,-47.428189888931776,0.0027308694552630186,66,0,-1,,0,0,2.7146000000008996,4.395099999999985,0.2211000000009733,2
970,5.636643990929705,1,4096,0,1.0,-46.21562152580974,0.0023819527123123407,66,0,-1,,0,0,2.2047000000000594,2.6969999999995053,4.585600000000412,1
971,5.642448979591837,1,4096,0,1.0,-48.99210261270933,0.001724865403957665,64,0,-1,,0,0,3.072599999999426,3.6988999999998384,7.319300000000695,0
972,5.648253968253968,1,4096,0,1.0,-48.90324529060598,0.00239285989664495,64,0,-1,,0,0,6.003800000000226,7.1048999999998586,0.1265999999997547,2
973,5.6540589569161,1,4096,0,1.0,-50.054088296281584,0.0023320408072322607,64,0,-1,,0,0,2.982700000000449,4.004600000000025,7.2960999999995835,4
974,5.659863945578231,1,4096,0,1.0,-51.17249017191426,0.0030053630471229553,59,0,-1,,0,0,3.000899999999973,3.671899999998729,11.372800000000183,3
975,5.6656689342403626,1,4096,0,1.0,-51.01821512911223,0.002415547613054514,59,0,-1,,0,0,4.526399999999597,5.368900000000565,4.100400000000448,2
976,5.671473922902495,1,4096,0,1.0,-53.89326897531735,0.0026940014213323593,59,0,-1,,0,0,4.790500000000364,7.0667000000010916,9.54650000000079,1
977,5.677278911564626,1,4096,0,1.0,-58.37846751950943,0.002844560891389847,59,0,-1,,0,0,3.721299999998706,4.775300000000371,16.711199999999593,0
978,5.683083900226757,1,4096,0,1.0,-59.40200664663016,0.0026506574358791113,59,0,-1,,0,0,4.234999999999545,5.342999999999876,0.19179999999963115,2
979,5.688888888888889,1,4096,0,1.0,-55.16603144437103,0.0032352402340620756,59,0,-1,,0,0,2.705399999999969,4.018300000000252,5.658899999998468,1
980,5.69469387755102,1,4096,0,1.0,-48.11635182800654,0.0036982411984354258,59,0,-1,,0,0,2.6882999999990886,3.259299999999854,9.719900000000337,0
981,5.7004988662131515,1,4096,0,1.0,-48.6455623284262,0.005765814799815416,59,0,-1,,0,0,3.2255999999986074,4.0189000000001585,0.1220999999986816,2
982,5.706303854875284,1,4096,0,1.0,-46.740254692636604,0.0070945401675999165,59,0,-1,,0,0,2.6527999999998997,3.6967000000007744,4.225500000000437,1
983,5.712108843537415,1,4096,0,1.0,-43.46878695584856,0.007652497850358486,72,0,-1,,0,0,2.4777999999994194,3.086400000000822,7.971699999998805,0
984,5.717913832199547,1,4096,0,1.0,-46.2518120306337,0.00895497016608715,72,0,-1,,0,0,3.4983999999997906,4.882499999999013,0.2531000000001171,2
985,5.723718820861678,1,4096,0,1.0,-43.486641154404346,0.009803269989788532,72,0,-1,,0,0,4.894000000000176,5.679899999998739,5.114300000000682,4
986,5.729523809523809,1,4096,0,1.0,-40.877964067445575,0.01057286374270916,72,0,-1,,0,0,5.260000000001597,6.50410000000079,10.853900000000749,3
987,5.735328798185941,1,4096,0,1.0,-43.735225825437176,0.01014593057334423,69,0,-1,,0,0,3.639299999999679,5.193000000000225,7.211400000000978,2
988,5.7411337868480725,1,4096,0,1.0,-43.23281687412741,0.011183925904333591,69,0,-1,,0,0,3.718799999999689,4.914600000001101,12.449999999999406,1
989,5.746938775510204,1,4096,0,1.0,-43.646589956922,0.011615250259637833,69,0,-1,,0,0,4.0519999999997225,5.080100000000698,17.43330000000043,0
990,5.752743764172336,1,4096,0,1.0,-48.74215486971728,0.009317697957158089,69,0,-1,,0,0,4.432400000000669,6.581800000001081,0.2727000000000146,2
991,5.758548752834467,1,4096,0,1.0,-49.00031319337907,0.007959374226629734,69,0,-1,,0,0,3.8778999999991015,4.953199999999214,7.281499999999497,1
992,5.764353741496599,1,4096,0,1.0,-51.64894379385866,0.006820116192102432,69,0,-1,,0,0,3.0967000000003964,4.255800000001031,12.387099999999762,3
993,5.77015873015873,1,4096,0,1.0,-55.85505936111889,0.005763019435107708,69,0,-1,,0,0,3.0298999999995857,4.380199999999945,2.981899999999982,2
994,5.7759637188208615,1,4096,0,1.0,-55.275219186027336,0.0050267609767615795,69,0,-1,,0,0,2.65500000000074,3.3233999999993102,7.3590999999986195,4
995,5.7817687074829935,1,4096,0,1.0,-58.57407122546117,0.004543386399745941,69,0,-1,,0,0,6.593800000000982,7.6350000000005025,10.709300000000255,3
996,5.787573696145125,1,4096,0,1.0,-60.711464076978416,0.004082905128598213,69,0,-1,,0,0,5.817999999999657,7.90379999999935,10.412399999999877,2
997,5.793378684807256,1,4096,0,1.0,-57.83675537730248,0.004025398287922144,69,0,-1,,0,0,7.061600000000112,9.140099999999762,18.43159999999955,4
998,5.799183673469388,1,4096,0,1.0,-57.681251129358834,0.0034749361220747232,64,0,-1,,0,0,3.8333999999995427,5.21509999999914,27.71169999999934,3
999,5.804988662131519,1,4096,0,1.0,-57.82081806241039,0.0030534055549651384,64,0,-1,,0,0,2.833499999999489,3.665200000000368,7.759400000001193,2
1000,5.81079365079365,1,4096,0,1.0,-51.243953675213575,0.0032683545723557472,64,0,-1,,0,0,4.597399999999752,5.52919999999979,11.384599999999523,4
1001,5.8165986394557825,1,4096,0,1.0,-50.92173554771928,0.0028490195982158184,64,0,-1,,0,0,3.006799999999643,3.7557000000010277,17.15330000000037,3
1002,5.822403628117914,1,4096,0,1.0,-51.65273089714986,0.0029372749850153923,64,0,-1,,0,0,2.8930000000002565,3.6509000000002345,4.559900000000283,2
1003,5.828208616780046,1,4096,0,1.0,-48.38220791602643,0.0028898257296532393,64,0,-1,,0,0,2.3503000000015817,2.9637000000004576,8.183799999999408,1
1004,5.834013605442177,1,4096,0,1.0,-49.527855559008664,0.002933761803433299,64,0,-1,,0,0,4.689299999999008,5.344300000000857,11.197199999999796,0
1005,5.839818594104308,1,4096,0,1.0,-50.501533067275034,0.003249433357268572,59,0,-1,,0,0,4.126899999999267,5.548999999998472,0.20070000000060872,2
1006,5.84562358276644,1,4096,0,1.0,-51.503007825048755,0.004226685035973787,59,0,-1,,0,0,4.083200000000176,5.5389000000012345,5.808500000000549,4
1007,5.851428571428571,1,4096,0,1.0,-48.7554814047127,0.004307380877435207,59,0,-1,,0,0,4.086899999999005,7.788200000000245,11.62479999999988,3
1008,5.857233560090703,1,4096,0,1.0,-56.98066057826562,0.0033967169001698494,59,0,-1,,0,0,2.843599999998503,3.690799999999328,11.659199999998648,2
1009,5.863038548752835,1,4096,0,1.0,-58.03718145812706,0.0035636124666780233,59,0,-1,,0,0,3.7359999999999616,4.536200000000434,15.393800000000013,1
1010,5.868843537414966,1,4096,0,1.0,-60.402120190482584,0.003111944766715169,59,0,-1,,0,0,4.248900000000333,5.573200000000611,20.06609999999931,0
1011,5.874648526077097,1,4096,0,1.0,-60.7323596008461,0.0028712160419672728,59,0,-1,,0,0,3.0269000000000545,3.823599999998706,0.2429999999993271,2
1012,5.880453514739229,1,4096,0,1.0,-60.529490429257635,0.002917830366641283,59,0,-1,,0,0,3.2026000000016097,3.984900000000735,4.117899999998897,1
1013,5.88625850340136,1,4096,0,1.0,-60.57908702565703,0.002820050809532404,59,0,-1,,0,0,5.053200000000757,6.006099999998682,8.19710000000029,0
1014,5.8920634920634924,1,4096,0,1.0,-55.927060539220875,0.002977859927341342,59,0,-1,,0,0,2.4902999999998343,3.2242000000000104,0.12779999999956715,2
1015,5.897868480725624,1,4096,0,1.0,-54.84717239557297,0.0030030834022909403,59,0,-1,,0,0,2.6168000000001967,3.2124000000006703,3.3719000000012045,1
1016,5.903673469387755,1,4096,0,1.0,-48.636683737229646,0.003975512459874153,59,0,-1,,0,0,3.477999999999426,4.370900000001399,6.605099999999808,0
1017,5.909478458049887,1,4096,0,1.0,-50.87031389971169,0.004689650144428015,59,0,-1,,0,0,3.3439000000008434,4.590000000000316,0.14569999999913819,2
1018,5.915283446712018,1,4096,0,1.0,-46.71038587674224,0.005527392495423555,59,0,-1,,0,0,4.261299999999579,5.216100000000168,4.322800000000626,4
1019,5.921088435374149,1,4096,0,1.0,-47.45655484234615,0.004778250586241484,59,0,-1,,0,0,3.503099999999648,4.283700000000223,9.558499999998915,3
1020,5.926893424036281,1,4096,0,1.0,-47.600266640129846,0.0052343932911753654,64,0,-1,,0,0,3.8996999999998394,4.8007999999999384,7.541000000001574,2
1021,5.932698412698413,1,4096,0,1.0,-45.22978395646653,0.004982809070497751,64,0,-1,,0,0,6.332200000001009,7.123399999999336,12.356699999999776,1
1022,5.938503401360544,1,4096,0,1.0,-47.32752782278312,0.00489466916769743,64,0,-1,,0,0,5.710299999998725,7.786700000000479,19.62930000000007,3
1023,5.944308390022676,1,4096,0,1.0,-42.095293419466714,0.005336053669452667,64,0,-1,,0,0,6.28719999999916,7.468700000000439,6.377199999999306,2
1024,5.950113378684807,1,4096,0,1.0,-46.00402714072462,0.004332573618739843,66,0,-1,,0,0,4.152900000001125,5.264400000001501,13.868099999999828,1
1025,5.955918367346939,1,4096,0,1.0,-45.26271375177102,0.0049875397235155106,66,0,-1,,0,0,3.3492999999999995,4.181900000000738,19.17930000000112,3
1026,5.96172335600907,1,4096,0,1.0,-50.326338419518635,0.003993220627307892,66,0,-1,,0,0,5.475999999999814,6.457700000000344,2.9722000000003135,2
1027,5.9675283446712015,1,4096,0,1.0,-52.72259888317436,0.0032718360889703035,67,0,-1,,0,0,4.0975999999997015,5.039999999999267,9.474300000000824,1
1028,5.973333333333334,1,4096,0,1.0,-53.12507418814144,0.003223654581233859,66,0,-1,,0,0,3.633799999999354,4.6322000000014185,14.58990000000071,3
1029,5.979138321995465,1,4096,0,1.0,-48.7716700605705,0.004061917774379253,67,0,-1,,0,0,5.545899999999548,6.5249000000005,1.7009000000012264,2
1030,5.984943310657596,1,4096,0,1.0,-51.406093750350706,0.003750443458557129,67,0,-1,,0,0,4.910799999999327,5.84330000000044,8.249000000001061,1
1031,5.990748299319728,1,4096,0,1.0,-42.30934199245148,0.005381210707128048,67,0,-1,,0,0,3.703000000001566,4.597699999999705,14.155900000000443,3
1032,5.996553287981859,1,4096,0,1.0,-44.11742670741762,0.0056991977617144585,66,0,-1,,0,0,5.047100000000526,6.118300000000687,2.7066999999991737,2
1033,6.002358276643991,1,4096,0,1.0,-39.142633301444164,0.006929021328687668,66,0,-1,,0,0,4.241900000000243,5.77949999999916,8.870200000000494,2
1034,6.0081632653061225,1,4096,0,1.0,-41.05091267217013,0.00677142757922411,66,0,-1,,0,0,2.8576000000004598,4.146799999999118,14.703600000000705,3
1035,6.013968253968254,1,4096,0,1.0,-38.60994417100395,0.006059463135898113,66,0,-1,,0,0,2.9457999999991102,3.7097000000017033,4.578899999998498,2
1036,6.019773242630386,1,4096,0,1.0,-43.06118451881882,0.0073748440481722355,66,0,-1,,0,0,5.49460000000046,6.627099999999331,7.679800000000014,1
1037,6.025578231292517,1,4096,0,1.0,-39.8108411514555,0.008286886848509312,69,0,-1,,0,0,2.719200000001365,3.4042000000003014,14.124600000000598,0
1038,6.031383219954648,1,4096,0,1.0,-43.738886626775226,0.008617962710559368,69,0,-1,,0,0,6.505300000000602,7.6312999999998965,0.14249999999904617,2
1039,6.03718820861678,1,4096,0,1.0,-40.61952844340965,0.009642701596021652,69,0,-1,,0,0,5.371500000000751,6.520899999999941,7.848300000000918,1
1040,6.0429931972789115,1,4096,0,1.0,-45.09183673516883,0.006896437145769596,69,0,-1,,0,0,7.481600000000199,9.586199999999323,14.504699999999815,3
1041,6.048798185941043,1,4096,0,1.0,-43.46219058662551,0.009753300808370113,69,0,-1,,0,0,4.268000000001493,5.516499999998814,6.172700000000475,5
1042,6.054603174603175,1,4096,0,1.0,-50.364230221684764,0.007121704984456301,69,0,-1,,0,0,4.041199999999634,4.9933000000006444,11.72030000000035,4
1043,6.060408163265306,1,4096,0,1.0,-45.93261122423889,0.009239369072020054,71,0,-1,,0,0,5.031800000001141,6.771299999998703,16.812599999999733,3
1044,6.066213151927438,1,4096,0,1.0,-49.55378388310014,0.0077132657170295715,71,0,-1,,0,0,3.5627999999992,4.512300000000025,13.938900000001198,2
1045,6.072018140589569,1,4096,0,1.0,-51.62060514073854,0.008001549169421196,71,0,-1,,0,0,3.271800000000269,4.173500000000274,18.468999999999625,1
1046,6.0778231292517,1,4096,0,1.0,-51.10173968237874,0.0072464789263904095,71,0,-1,,0,0,5.415300000001011,7.358800000000443,22.97139999999942,3
1047,6.0836281179138325,1,4096,0,1.0,-50.78552806470783,0.006991175003349781,71,0,-1,,0,0,3.3860000000007773,4.931700000000205,7.149000000000072,2
1048,6.089433106575964,1,4096,0,1.0,-55.035175747485496,0.005263838451355696,64,0,-1,,0,0,2.9556999999993394,3.649199999999908,12.11870000000026,4
1049,6.095238095238095,1,4096,0,1.0,-57.57128160228004,0.0036974227987229824,64,0,-1,,0,0,4.233300000000995,4.999199999998538,15.822099999999395,3
1050,6.101043083900227,1,4096,0,1.0,-58.69483579820245,0.0038035186007618904,64,0,-1,,0,0,2.559599999999662,3.1980000000011444,6.09190000000126,2
1051,6.106848072562358,1,4096,0,1.0,-60.04236916569437,0.0025564217939972878,64,0,-1,,0,0,2.7001999999995974,3.111500000001044,9.301800000001137,1
1052,6.112653061224489,1,4096,0,1.0,-61.70240765905616,0.003309638937935233,64,0,-1,,0,0,2.580599999999933,3.0608000000000857,12.44349999999983,0
1053,6.1184580498866215,1,4096,0,1.0,-60.36976029707874,0.003047260222956538,64,0,-1,,0,0,3.8292999999995914,5.435200000000862,0.4001000000002364,2
1054,6.124263038548753,1,4096,0,1.0,-65.30728412029889,0.003147738054394722,64,0,-1,,0,0,3.6173000000001565,4.557100000001313,5.783199999999766,2
1055,6.130068027210885,1,4096,0,1.0,-65.87225800215903,0.002735569141805172,64,0,-1,,0,0,6.691599999999909,8.710300000000615,10.38600000000045,3
1056,6.135873015873016,1,4096,0,1.0,-64.49057392544199,0.0023625807370990515,64,0,-1,,0,0,2.844599999999531,3.5882000000011516,9.199300000000576,2
1057,6.141678004535147,1,4096,0,1.0,-57.236384962467106,0.002772853011265397,59,0,-1,,0,0,3.177100000000266,3.9684999999991533,12.257799999998653,1
1058,6.147482993197279,1,4096,0,1.0,-54.25942980273233,0.0030351877212524414,59,0,-1,,0,0,3.090700000001334,3.6298999999999637,16.241199999999623,0
1059,6.15328798185941,1,4096,0,1.0,-47.24392307881028,0.0036924269516021013,59,0,-1,,0,0,2.8333000000007047,3.716900000000578,0.1695999999995479,2
1060,6.159092970521542,1,4096,0,1.0,-45.903303191427824,0.004191549960523844,59,0,-1,,0,0,2.561999999999287,3.0295000000002403,3.917999999998756,1
1061,6.164897959183674,1,4096,0,1.0,-47.586780162621636,0.005989952944219112,59,0,-1,,0,0,3.1703000000007364,3.8154999999999717,6.9963000000008435,0
1062,6.170702947845805,1,4096,0,1.0,-46.262531200394584,0.004604990594089031,59,0,-1,,0,0,3.312900000000951,5.872500000000613,0.13059999999853744,2
1063,6.176507936507937,1,4096,0,1.0,-50.019748114315746,0.004703891463577747,64,0,-1,,0,0,2.745600000000792,3.6247999999989844,4.996699999999521,1
1064,6.182312925170068,1,4096,0,1.0,-45.87287382149671,0.005395797546952963,64,0,-1,,0,0,2.68759999999979,3.167299999999429,8.62109999999916,0
1065,6.188117913832199,1,4096,0,1.0,-45.40983047798566,0.004939374979585409,64,0,-1,,0,0,4.218500000000347,5.316399999999888,0.30499999999911154,5
1066,6.193922902494331,1,4096,0,1.0,-46.72107721740395,0.005788163747638464,64,0,-1,,0,0,4.391499999998771,6.543499999999369,5.680800000000374,4
1067,6.199727891156463,1,4096,0,1.0,-42.71765890050055,0.006930011790245771,64,0,-1,,0,0,2.8871000000005864,3.8064000000002096,12.312699999998955,3
1068,6.205532879818594,1,4096,0,1.0,-43.974470664688624,0.007470038253813982,64,0,-1,,0,0,2.4423000000002304,3.0540999999999485,10.98920000000092,2
1069,6.211337868480726,1,4096,0,1.0,-43.90055794659727,0.00757298618555069,64,0,-1,,0,0,3.032900000000893,3.788600000000031,14.064199999999971,1
1070,6.217142857142857,1,4096,0,1.0,-42.545029281186146,0.008686551824212074,64,0,-1,,0,0,3.1346999999986025,5.037600000001419,18.01470000000016,3
1071,6.222947845804988,1,4096,0,1.0,-44.59781504805463,0.008130989968776703,64,0,-1,,0,0,2.6220999999999606,3.3551000000002773,4.939099999999641,2
1072,6.22875283446712,1,4096,0,1.0,-48.878946779905206,0.008725045248866081,64,0,-1,,0,0,2.689100000001332,3.128600000000148,8.290300000000528,1
1073,6.2345578231292516,1,4096,0,1.0,-45.78412140390411,0.008965002372860909,64,0,-1,,0,0,2.234400000000747,2.6338999999993007,11.441000000001367,0
1074,6.240362811791384,1,4096,0,1.0,-46.27564676896688,0.009652355685830116,64,0,-1,,0,0,2.665399999999707,3.4957000000002125,0.1391999999995619,2
1075,6.246167800453515,1,4096,0,1.0,-47.253163256129405,0.00849805399775505,64,0,-1,,0,0,2.3724000000004963,2.9388000000007963,3.6567999999999046,1
1076,6.251972789115646,1,4096,0,1.0,-51.07686365435779,0.005522561725229025,64,0,-1,,0,0,1.9834000000003016,2.50780000000006,6.620800000000315,0
1077,6.257777777777778,1,4096,0,1.0,-54.095096451016786,0.00529441935941577,64,0,-1,,0,0,2.246700000000601,2.930299999999164,0.18539999999944712,2
1078,6.263582766439909,1,4096,0,1.0,-55.32262923639011,0.004537717904895544,64,0,-1,,0,0,2.5050000000010897,3.0050999999993167,3.1281000000014103,1
1079,6.2693877551020405,1,4096,0,1.0,-57.2665910796978,0.0037583319935947657,64,0,-1,,0,0,3.0225999999995423,3.617199999998988,6.1720000000011765,0
1080,6.275192743764173,1,4096,0,1.0,-57.318266715509026,0.003981672693043947,64,0,-1,,0,0,4.218799999998524,5.409399999999565,0.27920000000136724,2
1081,6.280997732426304,1,4096,0,1.0,-60.56706223196031,0.0030627294909209013,64,0,-1,,0,0,3.9651000000002767,4.889999999999617,5.6563000000000585,1
1082,6.286802721088435,1,4096,0,1.0,-61.619037131840805,0.0034722096752375364,64,0,-1,,0,0,3.1148999999999205,5.379099999998971,10.634800000000055,3
1083,6.292607709750567,1,4096,0,1.0,-66.33453643713308,0.002914890879765153,66,0,-1,,0,0,2.4884000000007234,3.0629999999991497,0.31579999999920005,2
1084,6.298412698412698,1,512,1,1.0,-66.54791654076408,0.025372672826051712,59,0,-1,,0,0,2.28219999999979,2.82190000000071,3.375300000000081,1
1085,6.30421768707483,1,512,0,0.4790835294592638,-69.63058151220969,0.02402709238231182,59,0,-1,,0,0,2.2025999999986112,2.677900000000122,6.231299999999607,0
1086,6.3100226757369615,1,512,0,0.18379904025756985,-70.11616808163502,0.022002991288900375,59,0,-1,,0,0,5.368299999998882,6.921600000000083,0.27859999999968466,2
1087,6.315827664399093,1,1024,0,0.07080943561854726,-73.8963981133965,0.020723780617117882,59,0,-1,,0,0,3.0581999999999,4.767299999999253,7.296400000001313,4
1088,6.321632653061225,1,1024,0,0.3641850424880215,-73.05049631024755,0.02065316028892994,59,0,-1,,0,0,2.705100000000016,3.539099999999351,12.120200000000025,3
1089,6.327437641723356,1,2048,0,0.021583830401424003,-79.77450033215803,0.01869180053472519,59,0,-1,,0,0,2.0753000000013344,2.6468999999984533,8.054400000000683,2
1090,6.333242630385487,1,2048,0,0.0,-76.03431836649365,0.018738368526101112,59,0,-1,,0,0,3.1064000000000647,3.6833999999998923,10.64709999999991,1
1091,6.339047619047619,1,2048,0,0.0,-77.78058697480147,0.01929772086441517,59,0,-1,,0,0,3.3095000000002983,4.811099999999513,14.388300000000243,0
1092,6.3448526077097505,1,2048,0,0.0,-79.72379708221281,0.01976897194981575,59,0,-1,,0,0,3.019600000000011,3.848900000001265,0.1409999999992806,2
1093,6.350657596371882,1,4096,0,0.0,-82.85241204959843,0.0022448748350143433,59,0,-1,,0,0,4.147100000000847,5.204199999999659,4.05500000000103,1
1094,6.356462585034014,1,4096,0,0.0,-83.42829605002402,0.0024552089162170887,59,0,-1,,0,0,4.63099999999983,5.729699999999838,9.346900000000602,0
1095,6.362267573696145,1,4096,0,0.0,-85.91397638221855,0.0025815649423748255,59,0,-1,,0,0,2.226699999999582,2.8938000000007236,0.1802000000008519,2
1096,6.368072562358277,1,4096,0,0.0,-87.576499649607,0.002504622330889106,59,0,-1,,0,0,2.660600000000457,3.2202999999988435,3.09500000000007,1
1097,6.373877551020408,1,4096,0,0.0,-89.55873738399828,0.002567097544670105,59,0,-1,,0,0,5.774600000000518,7.210999999999856,6.405700000000181,0
1098,6.379682539682539,1,4096,0,0.0,-91.83204625128727,0.002627104753628373,59,0,-1,,0,0,3.0991999999994135,3.9133000000006746,0.18460000000075638,2
1099,6.3854875283446715,1,4096,0,0.0,-92.65153110590077,0.0025799854192882776,59,0,-1,,0,0,6.6518999999996,7.6128999999998115,4.167000000000698,1
1100,6.391292517006803,1,4096,0,0.0,-92.82969788189533,0.0025967592373490334,59,0,-1,,0,0,3.531600000000523,5.213900000001104,11.932599999999738,0
1101,6.397097505668934,1,4096,0,0.0,-92.13120551107893,0.002599697792902589,59,0,-1,,0,0,7.438200000001061,9.809699999999921,0.263799999999037,2
1102,6.402902494331066,1,4096,0,0.0,-93.41275847080522,0.002603326691314578,59,0,-1,,0,0,4.313399999999135,5.508499999999472,10.115600000000669,4
1103,6.408707482993197,1,4096,0,0.0,-92.50844623845147,0.002637577010318637,59,0,-1,,0,0,3.6944000000005417,5.44380000000011,15.69180000000081,3
1104,6.414512471655329,1,4096,0,0.0,-93.55368989157404,0.002623756183311343,59,0,-1,,0,0,3.3405000000001905,4.936899999998801,5.9971000000000885,2
1105,6.42031746031746,1,4096,0,0.0,-93.07922684601269,0.002615548437461257,59,0,-1,,0,0,2.454100000001347,2.978499999999329,10.928899999999686,1
1106,6.426122448979592,1,4096,0,0.0,-94.83572925497432,0.00263980939052999,59,0,-1,,0,0,3.623699999998564,4.454199999999631,13.9566999999996,0
1107,6.431927437641724,1,4096,0,0.0,-94.5562685869605,0.002633483149111271,59,0,-1,,0,0,7.337500000000219,10.031299999999632,0.3137000000013046,2
1108,6.437732426303855,1,4096,0,0.0,-94.78788574539414,0.002632112242281437,59,0,-1,,0,0,3.8898000000013866,5.652900000001182,10.389400000001103,1
1109,6.443537414965986,1,4096,0,0.0,-94.83572925497432,0.0026332365814596415,59,0,-1,,0,0,5.431600000001424,8.120100000001074,16.16490000000148,3
1110,6.449342403628118,1,4096,0,0.0,-95.9233973547883,0.0026379646733403206,59,0,-1,,0,0,4.18089999999971,5.819900000000544,6.3963000000004655,5
1111,6.455147392290249,1,4096,0,0.0,-95.74184731756222,0.002636366756632924,59,0,-1,,0,0,4.45230000000052,5.502299999999849,12.217700000000775,4
1112,6.460952380952381,1,4096,0,0.0,-96.04878903049143,0.0026331262197345495,59,0,-1,,0,0,2.924699999999447,4.291399999999612,17.800499999999886,3
1113,6.466757369614513,1,4096,0,0.0,-95.86203353190663,0.002631529001519084,59,0,-1,,0,0,3.9202000000013726,4.860899999998836,14.292799999999772,2
1114,6.472562358276644,1,4096,0,0.0,-96.31098574877738,0.0026339981704950333,59,0,-1,,0,0,2.893999999999508,3.5994000000005855,19.180800000000886,4
1115,6.478367346938776,1,4096,0,0.0,-95.74184731756222,0.002635388867929578,59,0,-1,,0,0,5.005000000000592,5.844699999999037,22.83080000000126,3
1116,6.484172335600907,1,4096,0,0.0,-95.68297888648334,0.0026366026140749454,59,0,-1,,0,0,2.942199999999673,4.060499999999578,8.697699999999031,2
1117,6.489977324263038,1,4096,0,0.0,-95.40004253398527,0.0026344265788793564,59,0,-1,,0,0,3.0266000000001014,3.7546000000006075,12.790600000000651,1
1118,6.49578231292517,1,4096,0,0.0,-95.1862583060634,0.002632260089740157,59,0,-1,,0,0,2.327799999999769,2.946400000000793,16.61039999999936,3
1119,6.501587301587302,1,4096,0,0.0,-95.98564066195814,0.0026327206287533045,59,0,-1,,0,0,4.417000000000115,5.472000000001032,0.4717000000002969,2
1120,6.507392290249433,1,4096,0,0.0,-94.51139140853155,0.00263407570309937,59,0,-1,,0,0,3.0241999999987,3.7922000000012446,6.026800000000776,1
1121,6.513197278911565,1,4096,0,0.0,-83.62399337740811,0.002635372569784522,59,0,-1,,0,0,2.788100000000071,3.4358000000001,9.894400000000303,0
1122,6.519002267573696,1,4096,0,0.49498172048549716,-79.50268468650654,0.0026371292769908905,59,0,-1,,0,0,2.713000000001742,3.9099000000000217,0.26729999999908216,2
1123,6.524807256235827,1,4096,0,0.21407197871382966,-72.29617451741407,0.0026432392187416553,59,0,-1,,0,0,2.5674999999996118,3.213900000000436,4.156200000000609,1
1124,6.530612244897959,1,4096,0,1.0,-71.62464960144139,0.002655958291143179,59,0,-1,,0,0,2.493199999999973,2.979500000000357,7.387599999999495,3
1125,6.5364172335600905,1,512,1,1.0,-61.919001523320894,0.021729471161961555,59,0,-1,,0,0,2.0436000000003673,2.4870999999997423,1.8025999999995435,2
1126,6.542222222222223,1,512,0,1.0,-65.47338898851719,0.02044012024998665,59,0,-1,,0,0,4.650400000000943,5.233800000000954,4.2733999999988725,1
1127,6.548027210884354,1,512,0,1.0,-58.37480366749902,0.029450038447976112,59,0,-1,,0,0,2.8106999999994997,3.5959999999999326,9.654600000001068,0
1128,6.553832199546485,1,1024,0,1.0,-55.76266806966062,0.024806346744298935,59,0,-1,,0,0,2.7957000000000676,3.783000000000314,0.3638999999999726,2
1129,6.559637188208617,1,1024,0,1.0,-56.72861406047381,0.028134988620877266,59,0,-1,,0,0,2.430799999999067,3.0409999999996273,4.144900000000007,1
1130,6.565442176870748,1,2048,0,1.0,-52.64700796355878,0.02921738661825657,59,0,-1,,0,0,2.0983999999995007,2.5726999999999833,7.2283999999989135,0
1131,6.5712471655328795,1,2048,0,1.0,-54.8796835413815,0.027179377153515816,59,0,-1,,0,0,3.3999000000015656,5.4045000000009225,0.3264999999998963,2
1132,6.5770521541950115,1,2048,0,1.0,-48.12370080314749,0.06876841187477112,59,0,-1,,0,0,2.7609999999995694,3.7615000000013055,5.70109999999957,1
1133,6.582857142857143,1,2048,0,1.0,-48.39522519750712,0.07550197094678879,53,0,-1,,0,0,1.9398000000006022,2.443500000000043,9.493799999999553,0
1134,6.588662131519274,1,4096,0,1.0,-47.25537727657856,0.0068256123922765255,59,0,-1,,0,0,7.43320000000125,9.808599999999501,0.1886000000013155,5
1135,6.594467120181406,1,4096,0,1.0,-43.90881216919575,0.007020983844995499,64,0,-1,,0,0,6.7702000000000595,9.379599999999044,10.233100000000661,4
1136,6.600272108843537,1,4096,0,1.0,-45.6569470265618,0.006597041618078947,64,0,-1,,0,0,5.034799999998896,6.3382000000000716,19.71640000000008,6
1137,6.606077097505669,1,4096,0,1.0,-45.21887241939034,0.006784145720303059,64,0,-1,,0,0,4.147099999999071,5.043800000001042,20.684900000000894,5
1138,6.6118820861678005,1,4096,0,1.0,-44.23880143622006,0.007672421168535948,64,0,-1,,0,0,5.015499999998951,6.4640000000011355,25.770200000000187,4
1139,6.617687074829932,1,4096,0,1.0,-47.40760066688687,0.00769259687513113,64,0,-1,,0,0,6.6339000000006365,8.325400000000371,32.3323000000002,3
1140,6.623492063492064,1,4096,0,1.0,-45.510508460896844,0.009254362434148788,64,0,-1,,0,0,3.650500000000889,4.467599999999905,21.34610000000059,5
1141,6.629297052154195,1,4096,0,1.0,-47.73981311913218,0.009587571024894714,64,0,-1,,0,0,3.0796999999989083,4.073999999999245,25.819499999998996,4
1142,6.635102040816326,1,4096,0,1.0,-52.640189250976206,0.007858721539378166,64,0,-1,,0,0,4.1170000000008145,5.136099999999644,29.96929999999942,3
1143,6.640907029478458,1,4096,0,1.0,-54.96473010728137,0.006533839274197817,64,0,-1,,0,0,2.790499999999696,3.508599999999973,12.557700000000338,2
1144,6.646712018140589,1,4096,0,1.0,-53.983206888109635,0.004927890375256538,64,0,-1,,0,0,3.5935999999985313,4.3148999999989,16.06650000000087,4
1145,6.6525170068027215,1,4096,0,1.0,-52.92990930691421,0.004432477056980133,64,0,-1,,0,0,3.9594999999987834,4.794900000000268,20.41920000000097,3
1146,6.658321995464853,1,4096,0,1.0,-50.65732306287637,0.004657038953155279,64,0,-1,,0,0,3.5108000000008133,5.203199999998631,8.730299999999858,2
1147,6.664126984126984,1,4096,0,1.0,-49.5479951940657,0.004498187452554703,64,0,-1,,0,0,3.106999999999971,4.557500000000658,13.8979999999993,4
1148,6.669931972789116,1,4096,0,1.0,-47.04241938554698,0.005384258925914764,64,0,-1,,0,0,3.025199999999728,3.7152000000002516,18.522399999998385,3
1149,6.675736961451247,1,4096,0,1.0,-44.40882708624527,0.005849756300449371,64,0,-1,,0,0,4.117599999998944,4.966700000000657,7.4977000000000515,2
1150,6.681541950113378,1,4096,0,1.0,-44.91298564124108,0.005752741824835539,64,0,-1,,0,0,2.676000000001011,3.2876999999995604,12.469399999998743,4
1151,6.6873469387755105,1,4096,0,1.0,-44.343093336460875,0.00654229149222374,64,0,-1,,0,0,2.9429000000007477,3.6933999999995137,15.807500000001085,3
1152,6.693151927437642,1,4096,0,1.0,-42.6649536565678,0.00579675892367959,64,0,-1,,0,0,2.348399999998918,3.0505999999999034,4.808500000001104,2
1153,6.698956916099773,1,4096,0,1.0,-43.633546875905,0.006254083942621946,64,0,-1,,0,0,4.211699999999041,4.899399999999332,7.856499999999045,1
1154,6.704761904761905,1,4096,0,1.0,-40.333094753400076,0.008070499636232853,64,0,-1,,0,0,3.2815999999993295,4.357399999999956,12.903500000000179,0
1155,6.710566893424036,1,4096,0,1.0,-45.17790613710431,0.006213178392499685,64,0,-1,,0,0,3.377699999999706,4.438299999998563,0.30010000000046944,2
1156,6.716371882086168,1,4096,0,1.0,-45.54929533435612,0.005279701668769121,64,0,-1,,0,0,3.985699999999426,5.0304999999983835,4.843600000000947,1
1157,6.722176870748299,1,4096,0,1.0,-45.78370786727166,0.004758910741657019,64,0,-1,,0,0,3.8173999999990826,5.0354999999999706,10.024599999999495,3
1158,6.727981859410431,1,4096,0,1.0,-46.4200923477802,0.004720992408692837,64,0,-1,,0,0,3.780900000000642,4.889400000001487,0.39510000000042567,2
1159,6.733786848072563,1,4096,0,1.0,-46.68474148290989,0.004344495479017496,64,0,-1,,0,0,3.4722000000009245,6.707799999999153,5.407599999999846,1
1160,6.739591836734694,1,4096,0,1.0,-48.99918877591325,0.004430230241268873,64,0,-1,,0,0,3.2135000000010905,4.423700000000252,12.169600000000003,3
1161,6.745396825396825,1,4096,0,1.0,-51.607767548563544,0.003565130289644003,64,0,-1,,0,0,2.660300000000504,3.275500000000875,4.230700000000809,2
1162,6.751201814058957,1,4096,0,1.0,-49.49082944460465,0.0038007802795618773,64,0,-1,,0,0,4.176199999999852,4.937500000000483,7.550900000000027,1
1163,6.757006802721088,1,4096,0,1.0,-50.07256471232978,0.0032174044754356146,64,0,-1,,0,0,2.97449999999877,3.8932999999996554,12.611299999999659,0
1164,6.7628117913832195,1,4096,0,1.0,-53.35557669555547,0.003581166733056307,64,0,-1,,0,0,7.213099999999528,8.700400000000386,0.3050000000008879,2
1165,6.768616780045352,1,4096,0,1.0,-52.77855322939922,0.003072035266086459,64,0,-1,,0,0,4.089099999999846,5.399800000001065,9.699200000000019,1
1166,6.774421768707483,1,4096,0,1.0,-54.4970457963244,0.0025367687921971083,64,0,-1,,0,0,3.405400000000114,4.284800000000644,15.14799999999994,3
1167,6.780226757369615,1,4096,0,1.0,-54.675308420630266,0.003016943810507655,64,0,-1,,0,0,6.52010000000125,7.327199999998868,1.2582999999999345,2
1168,6.786031746031746,1,4096,0,1.0,-58.48634296746874,0.003389061661437154,64,0,-1,,0,0,3.0020999999997855,3.716100000000111,8.639399999999853,1
1169,6.791836734693877,1,4096,0,1.0,-58.75067900490889,0.0025858916342258453,64,0,-1,,0,0,3.1613000000003666,4.051000000000471,12.416200000000543,0
1170,6.797641723356009,1,4096,0,1.0,-61.374366083125054,0.002456065732985735,59,0,-1,,0,0,4.865900000000423,5.886399999999625,0.2630000000003463,2
1171,6.8034467120181406,1,4096,0,1.0,-60.327388644378175,0.0028623822145164013,59,0,-1,,0,0,4.415800000000303,5.614299999999517,6.254399999999549,1
1172,6.809251700680272,1,4096,0,1.0,-59.8346485725275,0.0035504233092069626,59,0,-1,,0,0,3.2833000000014323,4.233300000000995,11.89089999999915,3
1173,6.815056689342404,1,4096,0,1.0,-60.64423971122416,0.0029920805245637894,59,0,-1,,0,0,3.895800000000449,4.824600000000956,3.2613000000001335,2
1174,6.820861678004535,1,4096,0,1.0,-56.57044856751722,0.003348640399053693,59,0,-1,,0,0,4.287200000000269,5.854599999999266,8.19030000000076,1
1175,6.826666666666667,1,4096,0,1.0,-56.707250240084896,0.002747291699051857,59,0,-1,,0,0,3.0341999999983216,3.818799999999456,14.131599999998912,0
1176,6.832471655328798,1,4096,0,1.0,-53.27270246449348,0.0033576965797692537,59,0,-1,,0,0,3.4130999999995026,4.584300000001207,0.45450000000002433,2
1177,6.8382766439909295,1,4096,0,1.0,-46.47552174984038,0.005975889973342419,59,0,-1,,0,0,4.64020000000076,5.710499999999286,4.975999999999203,1
1178,6.844081632653062,1,4096,0,1.0,-45.74510568891136,0.007455899845808744,59,0,-1,,0,0,6.856400000000207,8.098100000001551,10.739199999999727,3
1179,6.849886621315193,1,4096,0,1.0,-41.70457086652972,0.007487080525606871,59,0,-1,,0,0,3.9540999999996274,5.3914999999999935,6.031500000000634,5
1180,6.855691609977324,1,4096,0,1.0,-41.5549114541981,0.008705358020961285,59,0,-1,,0,0,3.137199999999396,4.1202000000009065,11.444200000001459,4
1181,6.861496598639456,1,4096,0,1.0,-37.95928295882692,0.010581926442682743,59,0,-1,,0,0,5.084099999999481,6.089000000001121,15.698300000000387,3
1182,6.867301587301587,1,4096,0,1.0,-36.34069786011541,0.01180062536150217,59,0,-1,,0,0,2.977699999998862,3.944699999999912,11.9877000000006,2
1183,6.873106575963718,1,4096,0,1.0,-36.04773372309444,0.015584106557071209,64,0,-1,,0,0,3.57400000000041,4.448299999999961,15.953500000000176,1
1184,6.8789115646258505,1,4096,0,1.0,-37.08681114217703,0.018301313742995262,64,0,-1,,0,0,6.613599999999664,7.672499999999971,20.458999999998895,3
1185,6.884716553287982,1,4096,0,1.0,-38.19420139340086,0.02139466442167759,64,0,-1,,0,0,4.4789000000005075,5.796499999998872,5.550599999999406,2
1186,6.890521541950114,1,4096,0,1.0,-41.42234264260138,0.022893283516168594,64,0,-1,,0,0,3.4277999999989817,4.369600000000418,11.38060000000074,1
1187,6.896326530612245,1,4096,0,1.0,-46.40540129172294,0.022760488092899323,64,0,-1,,0,0,4.783599999999666,5.880200000000002,15.818399999998789,3
1188,6.902131519274376,1,4096,0,1.0,-44.06986628265358,0.028013668954372406,70,0,-1,,0,0,3.680400000000361,4.75709999999907,4.610400000000681,2
1189,6.907936507936508,1,4096,0,1.0,-44.716778243718274,0.028397267684340477,70,0,-1,,0,0,4.145999999998651,5.364900000000006,9.402199999998473,1
1190,6.9137414965986395,1,4096,0,1.0,-50.82024773263218,0.025606529787182808,70,0,-1,,0,0,4.659000000000191,7.991399999999871,14.895199999999775,0
1191,6.919546485260771,1,4096,0,1.0,-54.751881045105065,0.021411176770925522,70,0,-1,,0,0,4.63599999999964,6.148700000000673,0.32679999999984943,5
1192,6.925351473922903,1,4096,0,1.0,-55.85302796178799,0.018105722963809967,70,0,-1,,0,0,5.410200000000032,6.7392999999995595,6.435400000000868,4
1193,6.931156462585034,1,4096,0,1.0,-55.22511006567705,0.013918932527303696,64,0,-1,,0,0,3.754200000001262,4.660399999998788,13.211300000000037,3
1194,6.936961451247165,1,4096,0,1.0,-53.55821336921651,0.013523252680897713,64,0,-1,,0,0,3.3568000000006037,4.2098999999993225,12.218300000000681,2
1195,6.942766439909297,1,4096,0,1.0,-53.832921862258985,0.013119096867740154,64,0,-1,,0,0,8.24770000000008,9.187699999998244,16.432000000000002,1
1196,6.948571428571428,1,4096,0,1.0,-53.65159786838536,0.01006921473890543,64,0,-1,,0,0,6.163900000000666,8.549399999999707,25.72910000000128,3
1197,6.9543764172335605,1,4096,0,1.0,-54.22683457184612,0.011006545275449753,64,0,-1,,0,0,4.99959999999966,6.138500000000491,6.939700000000215,5
1198,6.960181405895692,1,4096,0,1.0,-53.379671811076214,0.004843487869948149,64,0,-1,,0,0,3.255800000001585,4.102200000000167,13.075699999999912,4
1199,6.965986394557823,1,4096,0,1.0,-54.35128479939577,0.0049837930127978325,64,0,-1,,0,0,3.3849999999997493,4.210800000000958,17.21190000000128,3
1200,6.971791383219955,1,4096,0,1.0,-55.90835984245515,0.0044971792958676815,64,0,-1,,0,0,3.58780000000003,4.4277000000008115,9.282400000000024,2
1201,6.977596371882086,1,4096,0,1.0,-54.66782254983042,0.0032415662426501513,59,0,-1,,0,0,4.167799999999389,5.497800000000552,14.034899999998629,1
1202,6.983401360544217,1,4096,0,1.0,-55.70930923443824,0.003933708183467388,59,0,-1,,0,0,3.269100000000691,4.08760000000008,19.605600000000223,0
1203,6.989206349206349,1,4096,0,1.0,-58.760893717783425,0.0032574618235230446,59,0,-1,,0,0,4.27270000000135,5.627400000001614,0.2620999999987106,2
1204,6.995011337868481,1,4096,0,1.0,-60.363914992780735,0.0027494190726429224,59,0,-1,,0,0,4.71639999999951,7.840500000000361,6.050399999999456,4
1205,7.000816326530612,1,4096,0,1.0,-58.400417393650585,0.00269122002646327,59,0,-1,,0,0,3.542500000000004,4.503399999999047,13.933099999999143,3
1206,7.006621315192744,1,4096,0,1.0,-56.376433244928634,0.0027722478844225407,59,0,-1,,0,0,5.5098999999998455,7.001300000000654,11.053099999999816,5
1207,7.012426303854875,1,4096,0,1.0,-57.267635264763314,0.0027518505230545998,59,0,-1,,0,0,3.4922000000001674,5.3024999999991,18.15839999999902,4
1208,7.018231292517007,1,4096,0,1.0,-55.09300473402589,0.002819970017299056,59,0,-1,,0,0,3.235000000000099,3.9949000000003565,23.51610000000015,3
1209,7.024036281179138,1,4096,0,1.0,-59.47331083452677,0.0028392167296260595,59,0,-1,,0,0,5.533899999999647,6.338799999999978,11.08930000000008,2
1210,7.02984126984127,1,4096,0,1.0,-60.29681357838168,0.0027672904543578625,59,0,-1,,0,0,3.5752000000002226,4.497399999999985,17.24690000000173,1
1211,7.035646258503402,1,4096,0,1.0,-62.07758756923596,0.0025637629441916943,59,0,-1,,0,0,3.3452999999994404,4.886800000001301,21.75529999999881,3
1212,7.041451247165533,1,4096,0,1.0,-61.43613913004164,0.0023083656560629606,59,0,-1,,0,0,5.22519999999993,6.208300000000833,4.360099999999534,2
1213,7.047256235827664,1,4096,0,1.0,-59.84405810835614,0.002524396637454629,59,0,-1,,0,0,3.471599999999242,4.315800000000536,10.5795999999998,1
1214,7.053061224489796,1,4096,0,1.0,-59.93225549206138,0.00255232653580606,59,0,-1,,0,0,2.9193999999996834,3.595600000000587,14.77150000000016,3
1215,7.058866213151927,1,4096,0,1.0,-54.13920724906714,0.0025841128081083298,59,0,-1,,0,0,4.166599999999576,4.992700000000738,2.078700000000211,2
1216,7.064671201814059,1,4096,0,1.0,-48.21914403819524,0.0026217414997518063,59,0,-1,,0,0,5.746399999999596,7.280599999999637,7.17839999999903,1
1217,7.070476190476191,1,4096,0,1.0,-47.35919732416023,0.0027089137583971024,59,0,-1,,0,0,4.290799999999706,5.564299999999633,14.566099999999693,3
1218,7.076281179138322,1,4096,0,1.0,-47.553556381915804,0.0028266231529414654,59,0,-1,,0,0,4.5533999999989305,5.6941000000012565,2.4271000000002374,2
1219,7.082086167800454,1,4096,0,1.0,-45.249348557317376,0.0028251237235963345,59,0,-1,,0,0,4.254200000000097,6.650599999998619,8.233500000001115,1
1220,7.087891156462585,1,4096,0,1.0,-45.58402235425362,0.0028978914488106966,59,0,-1,,0,0,3.9487000000004713,5.864400000000103,14.961899999999417,3
1221,7.093696145124716,1,4096,0,1.0,-45.22523239647335,0.002778535010293126,59,0,-1,,0,0,5.443199999998427,6.864699999999502,5.468999999999724,2
1222,7.099501133786848,1,4096,0,1.0,-46.197419870406044,0.0026532416231930256,59,0,-1,,0,0,6.857600000000019,8.238800000000879,12.119300000000166,1
1223,7.1053061224489795,1,4096,0,1.0,-43.93250480428071,0.0030590936075896025,59,0,-1,,0,0,6.505499999999387,9.467700000000079,20.402400000000043,3
1224,7.111111111111111,1,4096,0,1.0,-47.21452087679494,0.003080117516219616,53,0,-1,,0,0,4.54890000000141,5.661400000001038,7.12279999999943,2
1225,7.116916099773243,1,4096,0,1.0,-45.430003960647966,0.003021970856934786,53,0,-1,,0,0,5.095300000000691,7.7358000000007365,12.923300000000637,4
1226,7.122721088435374,1,4096,0,1.0,-48.558366078729556,0.0029508573934435844,59,0,-1,,0,0,10.373500000000035,12.385300000000043,20.84040000000087,6
1227,7.128526077097506,1,4096,0,1.0,-50.25319351657524,0.0028309046756476164,59,0,-1,,0,0,7.019200000000225,9.415499999999355,18.579300000000742,5
1228,7.134331065759637,1,4096,0,1.0,-49.19644016782317,0.0029144694563001394,59,0,-1,,0,0,4.274799999999246,5.654200000000387,27.96930000000053,7
1229,7.1401360544217685,1,4096,0,1.0,-48.733159417825,0.0035077291540801525,59,0,-1,,0,0,7.250399999998436,9.232499999999533,33.68509999999958,6
1230,7.1459410430839005,1,4096,0,1.0,-44.427711590353226,0.00513181509450078,59,0,-1,,0,0,3.39479999999881,4.404599999999093,31.81319999999843,5
1231,7.151746031746032,1,4096,0,1.0,-47.39864865675219,0.005137661937624216,59,0,-1,,0,0,6.76709999999936,8.532699999998172,36.175499999998806,7
1232,7.157551020408163,1,4096,0,1.0,-49.97179762635444,0.0038983910344541073,64,0,-1,,0,0,4.713300000002363,5.694900000001724,44.754899999999154,6
1233,7.163356009070295,1,4096,0,1.0,-55.566100181102016,0.0027289739809930325,64,0,-1,,0,0,3.2887000000023647,4.061199999998877,29.207500000000053,5
1234,7.169160997732426,1,4096,0,1.0,-57.825105705835995,0.0024880527053028345,64,0,-1,,0,0,6.917300000001347,7.717599999999436,33.286199999999155,7
1235,7.174965986394557,1,4096,0,1.0,-57.256574615891516,0.002165168523788452,64,0,-1,,0,0,4.49440000000223,5.757799999997815,41.0983999999992,9
1236,7.1807709750566895,1,4096,0,1.0,-58.00753148902338,0.0019689896143972874,64,0,-1,,0,0,4.129700000000014,5.646999999999736,31.960899999999626,8
1237,7.186575963718821,1,4096,0,1.0,-58.76656309906025,0.00210772012360394,64,0,-1,,0,0,6.657199999999364,9.331499999998272,37.70470000000081,7
1238,7.192380952380953,1,4096,0,1.0,-57.6313224395119,0.001982020912691951,64,0,-1,,0,0,3.2911000000019897,4.202400000000495,47.071500000001265,6
1239,7.198185941043084,1,4096,0,1.0,-62.54251810373104,0.0020962099079042673,64,0,-1,,0,0,5.111499999998159,5.923100000000403,26.976799999999912,5
1240,7.203990929705215,1,4096,0,1.0,-60.40657688056024,0.002135339891538024,64,0,-1,,0,0,4.978999999998734,8.558999999998207,33.00009999999887,7
1241,7.209795918367347,1,4096,0,1.0,-60.94173581884489,0.001504950923845172,64,0,-1,,0,0,3.534900000001784,4.386300000000176,41.63669999999797,6
1242,7.215600907029478,1,512,1,1.0,-67.96188121216753,0.02176668308675289,59,0,-1,,0,0,7.400699999998039,9.73459999999804,40.34950000000137,8
1243,7.22140589569161,1,512,0,1.0,-65.60030904845117,0.02069101668894291,59,0,-1,,0,0,3.1791999999981613,4.000800000000027,50.10030000000043,7
1244,7.227210884353742,1,512,0,0.30820838055461325,-68.00089105312564,0.021161425858736038,59,0,-1,,0,0,4.6242999999996925,5.804200000000037,54.14780000000263,6
1245,7.233015873015873,1,1024,0,1.0,-66.16832628119379,0.021263794973492622,59,0,-1,,0,0,4.860999999998228,7.084400000000102,32.33110000000039,8
1246,7.238820861678004,1,1024,0,1.0,-63.37092999271138,0.021749161183834076,59,0,-1,,0,0,3.351899999998409,4.556000000000893,39.459099999998415,10
1247,7.244625850340136,1,2048,0,1.0,-55.95862025636346,0.025104008615016937,59,0,-1,,0,0,5.214399999999841,6.41419999999826,43.38509999999829,9
1248,7.250430839002267,1,2048,0,1.0,-42.1972769173512,0.05668115243315697,59,0,-1,,0,0,3.1695000000020457,4.00950000000222,36.598699999998985,8
1249,7.2562358276643995,1,2048,0,1.0,-40.119324184511164,0.1689949482679367,59,0,-1,,0,0,3.1476999999995314,3.928699999999452,40.54900000000217,7
1250,7.262040816326531,1,2048,0,1.0,-34.52123888956815,0.18426614999771118,59,1,59,,0,0,3.196899999998948,4.009700000001004,44.51720000000137,9
1251,7.267845804988662,1,4096,0,1.0,-36.43963818252441,0.009045453742146492,59,1,59,,0,0,5.480500000000887,6.838000000001898,24.651500000000937,8
1252,7.273650793650794,1,4096,0,1.0,-31.33413688912036,0.011123319156467915,59,0,-1,,0,0,3.7407000000015955,4.884400000001676,31.53700000000015,7
1253,7.279455782312925,1,4096,0,1.0,-33.114683307225754,0.011443380266427994,64,0,-1,,0,0,3.505499999999273,4.5922000000011565,36.51230000000183,6
1254,7.285260770975056,1,4096,0,1.0,-32.003224168905774,0.012768933549523354,64,0,-1,,0,0,5.1597000000001,8.031400000000133,36.3781000000003,8
1255,7.291065759637188,1,4096,0,1.0,-35.78125124667388,0.013715486042201519,64,0,-1,,0,0,2.7535000000007415,3.5567000000007454,44.47970000000012,7
1256,7.29687074829932,1,4096,0,1.0,-31.94666625192052,0.01470089890062809,64,0,-1,,0,0,3.599300000001193,4.993999999999943,48.080699999999865,9
1257,7.302675736961452,1,4096,0,1.0,-40.78341263624509,0.01659625954926014,64,0,-1,,0,0,5.134399999999317,6.277299999997155,34.842700000002225,8
1258,7.308480725623583,1,4096,0,1.0,-37.072463226109,0.01914265938103199,64,0,-1,,0,0,3.7998000000030174,4.555500000002155,41.15630000000081,7
1259,7.314285714285714,1,4096,0,1.0,-44.94733947463541,0.018206501379609108,64,0,-1,,0,0,4.405599999998344,5.409000000000219,45.77489999999784,6
1260,7.320090702947846,1,4096,0,1.0,-39.91841901786015,0.020068300887942314,64,0,-1,,0,0,7.007300000001493,9.341599999999062,27.44649999999993,8
1261,7.325895691609977,1,4096,0,1.0,-42.004588643348995,0.022708658128976822,64,0,-1,,0,0,3.906499999999369,5.308700000000499,36.88259999999843,7
1262,7.3317006802721085,1,4096,0,1.0,-42.24770865046358,0.028122318908572197,64,0,-1,,0,0,4.204700000002504,5.600900000001019,42.31279999999771,9
1263,7.337505668934241,1,4096,0,1.0,-43.32908391826156,0.0378388948738575,64,0,-1,,0,0,2.9477999999976134,4.149299999998135,41.83570000000003,8
1264,7.343310657596372,1,4096,0,1.0,-46.66332293157712,0.026241477578878403,64,0,-1,,0,0,2.916400000000152,3.5891000000027873,46.01229999999745,7
1265,7.349115646258503,1,4096,0,1.0,-45.452067034984054,0.02067110314965248,65,0,-1,,0,0,4.276000000000835,5.1319000000020765,49.62830000000196,6
1266,7.354920634920635,1,4096,0,1.0,-48.63991924722788,0.015165222808718681,65,0,-1,,0,0,5.536499999998057,7.734000000002794,28.667500000000956,5
1267,7.360725623582766,1,4096,0,1.0,-47.51902290184189,0.01682671345770359,64,0,-1,,0,0,3.206599999998616,4.024499999999875,36.3478999999991,4
1268,7.366530612244898,1,4096,0,1.0,-48.779333179304274,0.012618541717529297,64,0,-1,,0,0,3.9069000000004905,4.824299999999226,40.41739999999905,6
1269,7.3723356009070296,1,4096,0,1.0,-51.075351570639896,0.012640067376196384,64,0,-1,,0,0,4.974799999999391,6.780600000002579,31.681199999997744,8
1270,7.378140589569161,1,4096,0,1.0,-50.11152649454039,0.006210252642631531,64,0,-1,,0,0,2.9862999999998863,3.7924999999994213,38.48030000000335,7
1271,7.383945578231293,1,4096,0,1.0,-52.59754878829126,0.007354349829256535,64,0,-1,,0,0,3.450400000001963,4.556299999997293,42.320399999997704,6
1272,7.389750566893424,1,4096,0,1.0,-53.547114660509216,0.0065580010414123535,64,0,-1,,0,0,9.010899999999822,11.326600000000298,19.51389999999975,8
1273,7.395555555555555,1,4096,0,1.0,-46.37626963278862,0.008715362288057804,64,0,-1,,0,0,4.210699999998013,5.52719999999951,30.901200000002405,7
1274,7.401360544217687,1,4096,0,1.0,-47.60196904205525,0.007812239229679108,64,0,-1,,0,0,4.684799999999711,6.2157999999996605,36.523400000000095,6
1275,7.4071655328798185,1,4096,0,1.0,-39.9373650808499,0.011253958567976952,64,0,-1,,0,0,4.183000000001158,5.790099999998688,35.58350000000132,8
1276,7.41297052154195,1,4096,0,1.0,-39.5736563161132,0.0087265120819211,64,0,-1,,0,0,4.0801000000030285,5.046100000001275,41.38380000000197,7
1277,7.418775510204082,1,4096,0,1.0,-37.82419482213798,0.01178700476884842,64,0,-1,,0,0,4.044799999999071,7.204899999997849,46.5479000000002,6
1278,7.424580498866213,1,4096,0,1.0,-36.44066121198152,0.011877401731908321,64,0,-1,,0,0,2.9547999999977037,4.276900000000694,37.73220000000066,8
1279,7.430385487528345,1,4096,0,1.0,-38.59903059183506,0.010600454173982143,64,0,-1,,0,0,3.8783000000002232,4.8104000000002145,41.96549999999988,7
1280,7.436190476190476,1,4096,0,1.0,-34.541839507643495,0.012298868969082832,64,0,-1,,0,0,4.51320000000166,6.288200000000188,46.85289999999753,6
1281,7.441995464852607,1,4096,0,1.0,-35.502515633090695,0.009849419817328453,64,0,-1,,0,0,3.449700000000888,5.295399999997841,29.883700000002733,8
1282,7.4478004535147395,1,4096,0,1.0,-39.10125721614986,0.013449843041598797,64,0,-1,,0,0,3.876699999999289,4.913500000000681,35.21250000000009,7
1283,7.453605442176871,1,4096,0,1.0,-34.53863938440895,0.011560361832380295,64,0,-1,,0,0,5.064599999997199,7.2651999999990835,40.29479999999808,9
1284,7.459410430839002,1,4096,0,1.0,-37.89615454423808,0.012751861475408077,66,0,-1,,0,0,3.1756999999998925,3.952000000001732,33.29469999999901,8
1285,7.465215419501134,1,4096,0,1.0,-38.29578930131195,0.01561560295522213,66,0,-1,,0,0,4.087499999997135,4.859100000000893,37.280299999999045,7
1286,7.471020408163265,1,4096,0,1.0,-39.560607778754836,0.016400501132011414,64,0,-1,,0,0,4.909699999998907,6.716600000000739,42.25579999999951,6
1287,7.476825396825397,1,4096,0,1.0,-41.18134262403181,0.019003301858901978,64,0,-1,,0,0,3.628100000000245,5.311299999998909,31.47819999999868,5
1288,7.4826303854875285,1,4096,0,1.0,-41.47545852242176,0.022158540785312653,64,0,-1,,0,0,4.182199999998915,5.278799999999251,36.830500000000654,7
1289,7.48843537414966,1,4096,0,1.0,-40.31646220365612,0.02457115612924099,64,0,-1,,0,0,4.950100000002067,7.983400000000529,42.32950000000102,6
1290,7.494240362811792,1,4096,0,1.0,-42.982129008897154,0.02635013870894909,70,0,-1,,0,0,3.311300000000017,4.270700000002847,37.059600000002746,5
1291,7.500045351473923,1,4096,0,1.0,-45.27910332732638,0.022949986159801483,70,0,-1,,0,0,6.131200000002224,7.774799999999971,41.37760000000057,7
1292,7.505850340136054,1,4096,0,1.0,-45.89321430098859,0.015010242350399494,70,0,-1,,0,0,3.9572000000021035,6.3022999999979845,49.247300000001104,9
1293,7.511655328798186,1,4096,0,1.0,-45.41335638766506,0.02051693946123123,70,0,-1,,0,0,3.2905999999996993,4.141799999999307,27.89149999999907,8
1294,7.517460317460317,1,4096,0,1.0,-50.03136414957712,0.012320615351200104,70,0,-1,,0,0,4.766599999999954,5.708099999999661,32.021099999997915,7
1295,7.523265306122449,1,4096,0,1.0,-52.43406941072077,0.010026105679571629,70,0,-1,,0,0,4.7229000000008625,6.0114000000019985,37.66809999999765,6
1296,7.529070294784581,1,4096,0,1.0,-52.866709979920515,0.00770564517006278,70,0,-1,,0,0,3.7202000000000623,5.176999999999765,28.817199999998877,8
1297,7.534875283446712,1,4096,0,1.0,-53.67374044895881,0.005461260676383972,70,0,-1,,0,0,5.247399999998237,6.72519999999821,34.052400000000205,7
1298,7.540680272108844,1,4096,0,1.0,-55.02772251969459,0.005529920104891062,70,0,-1,,0,0,2.886399999997735,3.6793000000017173,40.84900000000147,6
1299,7.546485260770975,1,4096,0,1.0,-56.046172306283715,0.004459799267351627,64,0,-1,,0,0,2.752699999998498,3.4162999999978183,37.79980000000194,8
1300,7.552290249433106,1,4096,0,1.0,-56.18280353396987,0.004597811494022608,64,0,-1,,0,0,4.862599999999162,6.099400000000088,41.28730000000047,7
1301,7.558095238095238,1,4096,0,1.0,-60.69205805531658,0.0035102905239909887,64,0,-1,,0,0,4.853500000002953,7.3043999999988785,48.08500000000038,6
1302,7.56390022675737,1,4096,0,1.0,-60.94943578943898,0.0033227656967937946,64,0,-1,,0,0,5.249299999999124,6.71960000000027,33.45900000000057,5
1303,7.569705215419501,1,4096,0,1.0,-60.47155084602196,0.002379919635131955,64,0,-1,,0,0,5.258500000000055,8.395300000000105,40.27250000000038,10
1304,7.575510204081633,1,4096,0,1.0,-63.88859576373314,0.001977012027055025,64,0,-1,,0,0,3.245799999998411,4.131099999998611,48.70719999999906,9
1305,7.581315192743764,1,4096,0,1.0,-62.52612146754812,0.0022390829399228096,64,0,-1,,0,0,6.381300000001033,9.414600000003048,36.67659999999984,8
1306,7.587120181405895,1,4096,0,1.0,-59.13436599282174,0.0018975060665979981,64,0,-1,,0,0,3.339699999997947,4.356599999997712,46.151999999999305,7
1307,7.592925170068027,1,4096,0,1.0,-63.672568162487266,0.00228679645806551,64,0,-1,,0,0,3.618599999999361,4.46409999999986,50.57750000000283,6
1308,7.598730158730159,1,4096,0,0.41253941421472934,-68.39101024735542,0.0023401945363730192,59,0,-1,,0,0,5.258200000000102,6.486299999998835,30.687900000000212,8
1309,7.604535147392291,1,512,1,1.0,-67.74598690888952,0.023084554821252823,59,0,-1,,0,0,4.194500000000545,5.579499999999626,37.214999999999776,7
1310,7.610340136054422,1,512,0,0.6872358889990374,-68.11658507734595,0.021221142262220383,59,0,-1,,0,0,6.818799999997793,7.927999999999713,41.587999999997294,9
1311,7.616145124716553,1,512,0,1.0,-67.18721894437286,0.029778648167848587,59,0,-1,,0,0,3.6394999999984634,6.131500000002177,43.87479999999755,8
1312,7.621950113378685,1,1024,0,0.2864461188876566,-68.75786032458102,0.02205311693251133,59,0,-1,,0,0,3.2260000000015054,4.126099999997024,50.026100000000184,7
1313,7.627755102040816,1,1024,0,0.056353042742083775,-69.56005255108334,0.02333775907754898,59,0,-1,,0,0,4.631899999999689,5.8523999999984255,54.26429999999982,6
1314,7.6335600907029475,1,2048,0,0.0,-77.24284304133366,0.018774259835481644,59,0,-1,,0,0,4.446299999997905,5.650100000000435,35.49999999999898,8
1315,7.63936507936508,1,2048,0,0.0,-77.79387607251252,0.01861448772251606,59,0,-1,,0,0,3.237399999999724,4.024399999998707,41.08389999999673,7
1316,7.645170068027211,1,2048,0,0.1958926918190104,-77.66185794507378,0.018063774332404137,59,0,-1,,0,0,5.97840000000005,7.35650000000021,45.15840000000182,9
1317,7.650975056689342,1,2048,0,0.19026097520395152,-74.64845810441794,0.018121453002095222,59,0,-1,,0,0,3.105300000001421,4.655499999998369,40.80950000000172,8
1318,7.656780045351474,1,4096,0,0.3400684075194969,-73.07993735075962,0.0024457380641251802,59,0,-1,,0,0,2.962700000001206,3.682899999997602,45.519800000001,7
1319,7.662585034013605,1,4096,0,0.0,-74.59578947294655,0.00242976495064795,59,0,-1,,0,0,6.712900000000133,7.798999999998557,49.26550000000063,9
1320,7.668390022675737,1,4096,0,0.23906753926468716,-74.8672157539902,0.0025103790685534477,59,0,-1,,0,0,4.162799999999578,6.481600000000753,28.763000000001426,8
1321,7.6741950113378685,1,4096,0,0.0,-76.65406409736104,0.002487709280103445,59,0,-1,,0,0,7.202400000000608,8.507999999999072,35.323200000000554,7
1322,7.68,1,4096,0,0.0,-77.05439138393028,0.0025096868630498648,59,0,-1,,0,0,3.155299999999528,3.975000000000506,43.885599999999414,9
1323,7.685804988662132,1,4096,0,0.0,-79.56512772565,0.0025254020001739264,59,0,-1,,0,0,2.4918000000013762,3.274100000002278,41.6029999999985,8
1324,7.691609977324263,1,4096,0,0.0,-80.15030348691809,0.002480095950886607,59,0,-1,,0,0,2.264300000000219,2.731000000000705,44.8822999999976,7
1325,7.697414965986394,1,4096,0,0.0,-84.43822854684069,0.002475125016644597,59,0,-1,,0,0,4.924700000000115,5.623800000002177,47.63369999999867,6
1326,7.703219954648526,1,4096,0,0.0,-86.36178153832923,0.0025277549866586924,59,0,-1,,0,0,3.4783000000011555,6.866699999999781,38.35550000000154,8
1327,7.7090249433106575,1,4096,0,0.0,-87.96403468520403,0.00255326135084033,59,0,-1,,0,0,2.8028000000013265,3.3807000000010134,45.22190000000137,7
1328,7.7148299319727895,1,4096,0,0.0,-90.63888076634471,0.002609333721920848,59,0,-1,,0,0,3.592999999998625,4.451100000000707,48.617800000002376,6
1329,7.720634920634921,1,4096,0,0.0,-92.15709113668966,0.002604956505820155,59,0,-1,,0,0,5.677699999999675,6.822800000001905,28.682499999998612,8
1330,7.726439909297052,1,4096,0,0.0,-90.76893274520665,0.00262052146717906,59,0,-1,,0,0,3.47539999999924,4.4250000000012335,35.5608000000025,7
1331,7.732244897959184,1,4096,0,0.0,-88.95972485719466,0.0026038147043436766,59,0,-1,,0,0,6.344099999999742,7.616899999998594,40.61790000000087,9
1332,7.738049886621315,1,4096,0,0.0,-89.07309948401503,0.0026191123761236668,59,0,-1,,0,0,3.2887999999999806,5.279900000001447,30.97789999999989,8
1333,7.743854875283446,1,4096,0,0.0,-90.88359206309163,0.002608455019071698,59,0,-1,,0,0,2.538900000001121,3.1639000000005524,36.260200000000964,7
1334,7.7496598639455785,1,4096,0,0.0,-92.15709113668966,0.002640364458784461,59,0,-1,,0,0,3.1840999999985797,3.9981999999980644,39.43989999999786,6
1335,7.75546485260771,1,4096,0,0.0,-92.48038638800487,0.00262648263014853,59,0,-1,,0,0,2.6362000000013097,4.416800000001331,31.409299999999973,5
1336,7.761269841269841,1,4096,0,0.0,-93.11145069077546,0.002616201527416706,59,0,-1,,0,0,2.6656000000002678,3.3256999999977666,35.84199999999882,4
1337,7.767074829931973,1,4096,0,0.0,-92.89074894588643,0.002637376543134451,59,0,-1,,0,0,3.519300000000669,4.073499999996955,39.18649999999957,6
1338,7.772879818594104,1,4096,0,0.0,-94.33638106943889,0.002627043751999736,59,0,-1,,0,0,3.6445000000000505,4.778399999999294,26.790900000001727,5
1339,7.778684807256236,1,4096,0,0.0,-94.78788574539414,0.002628407208248973,59,0,-1,,0,0,3.6148000000011393,4.99059999999929,31.532399999999683,4
1340,7.784489795918367,1,4096,0,0.0,-95.98564066195814,0.0026353762950748205,59,0,-1,,0,0,3.0095000000009975,3.7610999999984074,36.57970000000077,6
1341,7.790294784580499,1,4096,0,0.0,-95.86203353190663,0.002629923867061734,59,0,-1,,0,0,2.9885000000007267,3.6668000000013024,17.134399999999772,5
1342,7.796099773242631,1,4096,0,0.0,-96.66269167130112,0.0026374580338597298,59,0,-1,,0,0,4.538000000000153,5.222299999999791,20.809400000000977,7
1343,7.801904761904762,1,4096,0,0.0,-96.81175663155918,0.002633680123835802,59,0,-1,,0,0,2.9300000000027637,3.6792000000005487,26.068999999999676,6
1344,7.807709750566893,1,4096,0,0.0,-96.73658462938218,0.002633483149111271,59,0,-1,,0,0,2.822999999999354,3.732500000001693,14.741999999998256,5
1345,7.813514739229025,1,4096,0,0.0,-95.80152468536258,0.002637207042425871,59,0,-1,,0,0,2.6580000000002713,3.3855000000002633,18.48150000000004,4
1346,7.819319727891156,1,4096,0,0.0,-95.9233973547883,0.002633407013490796,59,0,-1,,0,0,4.628300000000252,5.277299999999485,21.89170000000118,3
1347,7.825124716553288,1,4096,0,0.0,-91.26804032738347,0.0026363267097622156,59,0,-1,,0,0,2.4543000000001314,3.135000000000332,17.76530000000065,5
1348,7.83092970521542,1,4096,0,0.0,-83.42829605002402,0.002634952776134014,59,0,-1,,0,0,2.114699999999914,2.565499999999332,20.867000000002633,4
1349,7.836734693877551,1,4096,0,1.0,-69.87180408820129,0.0026486171409487724,59,0,-1,,0,0,2.48759999999848,3.0037999999983356,23.438500000001028,3
1350,7.842539682539683,1,512,1,1.0,-66.3566718578958,0.022498629987239838,59,0,-1,,0,0,2.2178999999979965,2.7886999999999773,6.420099999999707,2
1351,7.848344671201814,1,512,0,1.0,-57.378160260818916,0.023586004972457886,59,0,-1,,0,0,3.4063000000017496,4.082800000002607,9.244999999999948,1
1352,7.854149659863945,1,512,0,1.0,-59.39816729965572,0.031399816274642944,59,0,-1,,0,0,2.7545999999993853,3.3829999999994698,13.389799999998786,0
1353,7.859954648526077,1,1024,0,1.0,-52.19276361828023,0.03509465605020523,59,0,-1,,0,0,2.493199999999973,3.1969000000025005,0.1681999999973982,2
1354,7.865759637188209,1,1024,0,1.0,-52.90337884105525,0.047028593719005585,59,0,-1,,0,0,2.9254999999999143,3.5556999999997174,3.3882999999974572,1
1355,7.87156462585034,1,2048,0,1.0,-51.209025511278995,0.04088384658098221,59,0,-1,,0,0,4.181299999999055,5.204000000002651,7.001599999998831,0
1356,7.877369614512472,1,2048,0,1.0,-48.64431679859324,0.032026153057813644,59,0,-1,,0,0,2.4708000000011054,3.312600000000998,0.1771999999995444,2
1357,7.883174603174603,1,2048,0,1.0,-50.970567722243615,0.0531851090490818,59,0,-1,,0,0,2.362100000002698,3.014499999999032,3.4847000000013395,1
1358,7.888979591836734,1,2048,0,1.0,-46.65797249909488,0.08012422919273376,64,0,-1,,0,0,5.713100000001248,6.459199999998333,6.534099999999654,0
1359,7.894784580498866,1,4096,0,1.0,-48.11914811738386,0.005206114612519741,64,0,-1,,0,0,2.8481000000013523,3.9517999999993947,0.1068999999986886,2
1360,7.9005895691609975,1,4096,0,1.0,-48.477637308809776,0.004678144119679928,64,0,-1,,0,0,2.8457999999993433,3.4479999999987854,3.634899999997998,1
1361,7.90639455782313,1,4096,0,1.0,-45.45418771475089,0.005011556204408407,64,0,-1,,0,0,2.7839999999983434,3.4934999999975958,7.114999999998872,0
1362,7.912199546485261,1,4096,0,1.0,-48.968611326853484,0.004454236943274736,64,0,-1,,0,0,2.761700000000644,3.624799999997208,0.1123000000013974,2
1363,7.918004535147392,1,4096,0,1.0,-47.714767650143564,0.004451410379260778,64,0,-1,,0,0,4.46799999999925,5.335699999999832,3.7870000000026494,1
1364,7.923809523809524,1,4096,0,1.0,-49.22939827143895,0.004184671211987734,64,0,-1,,0,0,3.006299999999129,3.738899999998324,9.055599999999941,0
1365,7.929614512471655,1,4096,0,1.0,-53.116326016459524,0.0030892002396285534,64,0,-1,,0,0,3.2564000000014914,4.331199999999313,0.21010000000032392,2
1366,7.9354195011337865,1,4096,0,1.0,-53.44583716565965,0.002570542972534895,64,0,-1,,0,0,4.518599999997264,5.890300000000792,4.609699999999606,1
1367,7.9412244897959186,1,4096,0,1.0,-54.35023499039772,0.0020236484706401825,64,0,-1,,0,0,2.9295000000004734,3.962200000000138,10.55849999999836,3
1368,7.94702947845805,1,4096,0,1.0,-54.917049982588466,0.001896651927381754,64,0,-1,,0,0,2.3850000000003035,3.062399999997467,3.4765999999990527,2
1369,7.952834467120182,1,4096,0,1.0,-51.121748517454705,0.001958731561899185,64,0,-1,,0,0,3.349100000001215,4.18820000000153,6.531800000001198,1
1370,7.958639455782313,1,4096,0,1.0,-52.23378774505424,0.0018770386232063174,64,0,-1,,0,0,3.4594999999981724,6.1374999999976865,10.827400000000154,0
1371,7.964444444444444,1,4096,0,1.0,-50.395846049498246,0.0021878599654883146,64,0,-1,,0,0,3.3233999999993102,4.154599999999675,0.17980000000150653,2
1372,7.970249433106576,1,4096,0,1.0,-50.83863011546075,0.0026175533421337605,64,0,-1,,0,0,5.883300000000702,6.794100000000469,4.389100000000923,1
1373,7.9760544217687075,1,4096,0,1.0,-50.141291906884405,0.0026952316984534264,64,0,-1,,0,0,3.3941999999989036,4.618099999998293,11.333799999999172,0
1374,7.981859410430839,1,4096,0,1.0,-48.26604521685056,0.002744687721133232,64,0,-1,,0,0,2.3702000000014323,3.236600000001033,0.0724000000005276,2
1375,7.987664399092971,1,4096,0,1.0,-50.79365182107856,0.002155076479539275,64,0,-1,,0,0,4.900800000001482,5.562199999999962,3.0812000000004502,1
1376,7.993469387755102,1,4096,0,1.0,-50.86399216623056,0.0025071976706385612,64,0,-1,,0,0,3.7448000000033232,4.692399999999708,8.756099999999378,0
1377,7.999274376417233,1,4096,0,1.0,-50.81156937561305,0.002639445476233959,64,0,-1,,0,0,4.686800000001767,6.003299999999712,0.14919999999918332,2
1378,8.005079365079364,1,4096,0,1.0,-51.66949475880059,0.0023052128963172436,64,0,-1,,0,0,4.015199999997776,5.032599999999832,6.263000000000574,4
1379,8.010884353741497,1,4096,0,1.0,-50.958385431693145,0.0025936325546354055,64,0,-1,,0,0,2.2002999999983786,2.7589999999975134,11.341299999998,3
1380,8.016689342403629,1,4096,0,1.0,-53.6644106472278,0.002823630580678582,64,0,-1,,0,0,2.9136999999970215,3.5900000000026466,3.283299999999656,2
1381,8.02249433106576,1,4096,0,1.0,-51.823066114022225,0.003331652143970132,64,0,-1,,0,0,6.641999999999371,8.686499999999597,7.161299999999926,1
1382,8.028299319727891,1,4096,0,1.0,-52.89755883702492,0.0026409493293613195,64,0,-1,,0,0,2.653499999997422,3.582500000000266,15.961300000000733,0
1383,8.034104308390022,1,4096,0,1.0,-51.25076746924797,0.0022112231235951185,64,0,-1,,0,0,2.9831999999991865,4.83910000000165,0.20389999999892439,2
1384,8.039909297052155,1,4096,0,1.0,-52.08452558021251,0.0022873766720294952,64,0,-1,,0,0,2.693900000000582,3.3411000000000968,4.057700000000608,1
1385,8.045714285714286,1,4096,0,1.0,-56.1305966878177,0.002196371788159013,64,0,-1,,0,0,2.4732000000007304,2.9836000000003082,7.394500000000193,0
1386,8.051519274376417,1,4096,0,1.0,-56.07438134810606,0.0018638685578480363,64,0,-1,,0,0,5.495299999999759,6.578700000002158,0.09360000000313562,2
1387,8.057324263038549,1,4096,0,1.0,-56.85801739337223,0.002292297314852476,64,0,-1,,0,0,3.0394999999998618,3.944800000002857,6.759899999998709,1
1388,8.06312925170068,1,4096,0,1.0,-54.16735272582527,0.002604010282084346,59,0,-1,,0,0,2.5195999999994,3.102500000000674,10.572400000000926,0
1389,8.068934240362811,1,4096,0,1.0,-53.76470521517515,0.0025640386156737804,59,0,-1,,0,0,2.5580000000005043,3.37170000000242,0.22019999999756124,2
1390,8.074739229024944,1,4096,0,1.0,-48.06916732928015,0.0035440034698694944,59,0,-1,,0,0,2.252099999999757,2.8209000000032347,3.5735999999992885,4
1391,8.080544217687075,1,4096,0,1.0,-48.603036589609594,0.003996158950030804,59,0,-1,,0,0,2.034200000000652,2.536800000001449,6.394399999997802,3
1392,8.086349206349206,1,4096,0,1.0,-47.93316051267852,0.00502804946154356,59,0,-1,,0,0,5.034299999998382,6.445899999999227,4.42470000000128,2
1393,8.092154195011338,1,4096,0,1.0,-44.60743490817713,0.006515967193990946,59,0,-1,,0,0,2.336899999999531,3.035300000000518,10.907599999999462,1
1394,8.097959183673469,1,4096,0,1.0,-45.59170435648211,0.005562827922403812,64,0,-1,,0,0,3.0064000000002977,3.573100000000551,13.969500000001744,0
1395,8.103764172335602,1,4096,0,1.0,-47.78999962225512,0.006062005180865526,64,0,-1,,0,0,4.992100000002608,6.082199999998039,0.0610999999999251,2
1396,8.109569160997733,1,4096,0,1.0,-45.23178667941199,0.005023032892495394,64,0,-1,,0,0,4.124699999998427,5.482100000001822,5.963600000001179,1
1397,8.115374149659864,1,4096,0,1.0,-47.305821857479486,0.005160588305443525,64,0,-1,,0,0,3.8516000000008432,4.954299999997858,11.532099999996603,0
1398,8.121179138321995,1,4096,0,1.0,-48.88604370275835,0.004941676743328571,66,0,-1,,0,0,6.142000000000536,8.958800000002043,0.2765000000017892,2
1399,8.126984126984127,1,4096,0,1.0,-48.9697191304193,0.003815248142927885,66,0,-1,,0,0,4.647999999999541,5.572499999999536,9.230399999999861,1
1400,8.132789115646258,1,4096,0,1.0,-49.12650613200527,0.0031368229538202286,65,0,-1,,0,0,3.1166000000020233,4.197200000000123,15.046999999999144,3
1401,8.13859410430839,1,4096,0,1.0,-52.25224814161543,0.002514162566512823,65,0,-1,,0,0,2.6666000000012957,3.389699999999607,0.5343999999993798,2
1402,8.144399092970522,1,4096,0,1.0,-48.6627772317983,0.00258032139390707,65,0,-1,,0,0,4.002499999998577,4.981400000001912,3.9463000000026227,1
1403,8.150204081632653,1,4096,0,1.0,-48.88626253576074,0.0024763436522334814,65,0,-1,,0,0,4.060700000000139,7.354899999999276,9.11699999999982,3
1404,8.156009070294784,1,4096,0,1.0,-51.509882866111134,0.002239116933196783,64,0,-1,,0,0,3.350199999999859,4.369199999999296,3.099599999998759,2
1405,8.161814058956915,1,4096,0,1.0,-50.58949535183717,0.0025572404265403748,64,0,-1,,0,0,3.0496999999982677,3.881099999997417,7.482199999998329,1
1406,8.167619047619048,1,4096,0,1.0,-48.571020219926986,0.002475657034665346,64,0,-1,,0,0,4.749300000000289,5.654299999999779,11.43210000000039,3
1407,8.17342403628118,1,4096,0,1.0,-50.95156251000048,0.00212763505987823,64,0,-1,,0,0,3.072899999999379,3.851699999998459,1.9157999999990238,2
1408,8.17922902494331,1,4096,0,1.0,-51.996313255693074,0.002879432402551174,65,0,-1,,0,0,3.318000000000154,3.9848999999989587,5.7493000000015115,1
1409,8.185034013605442,1,4096,0,1.0,-52.38275861399927,0.0029396528843790293,64,0,-1,,0,0,2.4992000000025882,3.2330999999992116,9.777299999999656,0
1410,8.190839002267573,1,4096,0,1.0,-51.756372055113964,0.003249407047405839,64,0,-1,,0,0,2.7708000000004063,4.001399999999933,0.14729999999829602,2
1411,8.196643990929704,1,4096,0,1.0,-52.280122761735484,0.0036138405557721853,64,0,-1,,0,0,3.76229999999822,4.8472000000003845,3.673700000000224,1
1412,8.202448979591837,1,4096,0,1.0,-46.76261551357247,0.006302590481936932,64,0,-1,,0,0,2.587800000000584,4.022500000001372,8.622000000002572,0
1413,8.208253968253969,1,4096,0,1.0,-48.851108622639934,0.006731256376951933,64,0,-1,,0,0,2.3654999999997983,3.011400000001885,0.1409999999992806,2
1414,8.2140589569161,1,4096,0,1.0,-49.15334303851676,0.008145415224134922,69,0,-1,,0,0,2.3914999999981035,2.862700000001439,3.1551999999983593,1
1415,8.219863945578231,1,4096,0,1.0,-45.70094768723109,0.008121373131871223,69,0,-1,,0,0,3.0818000000003565,3.6164999999996894,6.059699999998003,3
1416,8.225668934240362,1,4096,0,1.0,-44.52766927200117,0.010451515205204487,69,0,-1,,0,0,2.3069000000006668,3.4247000000000583,0.36319999999889774,2
1417,8.231473922902495,1,4096,0,1.0,-43.262158558477005,0.010714147239923477,69,0,-1,,0,0,2.9060000000029618,3.398100000001847,3.779099999999147,1
1418,8.237278911564626,1,4096,0,1.0,-43.293931954153784,0.010034884326159954,69,0,-1,,0,0,2.9794999999985805,3.7847999999982562,7.256599999998059,0
1419,8.243083900226758,1,4096,0,1.0,-49.52255139897296,0.009201227687299252,69,0,-1,,0,0,4.6763999999974715,5.993800000002381,0.3281000000008305,2
1420,8.248888888888889,1,4096,0,1.0,-49.825035492985506,0.007022765930742025,69,0,-1,,0,0,5.341800000000063,6.618199999998353,6.33720000000082,1
1421,8.25469387755102,1,4096,0,1.0,-50.286321546937145,0.0059371283277869225,69,0,-1,,0,0,4.568500000001308,6.414400000000597,13.079000000001173,0
1422,8.260498866213151,1,4096,0,1.0,-52.34174812124485,0.00534471869468689,69,0,-1,,0,0,3.146400000002103,3.8228000000017914,0.2782000000003393,2
1423,8.266303854875284,1,4096,0,1.0,-52.494080808148354,0.0048354314640164375,69,0,-1,,0,0,3.2344000000001927,3.9343999999985613,4.136599999998936,1
1424,8.272108843537415,1,4096,0,1.0,-46.38904508550054,0.0058149187825620174,69,0,-1,,0,0,3.096899999999181,4.38039999999873,8.15889999999797,0
1425,8.277913832199546,1,4096,0,1.0,-42.07690398293869,0.007590720895677805,69,0,-1,,0,0,4.241700000001458,5.830899999999417,0.17509999999987258,2
1426,8.283718820861678,1,4096,0,1.0,-41.494751491623575,0.009908284991979599,69,0,-1,,0,0,4.0386000000012245,5.699299999999852,6.1157999999998935,1
1427,8.289523809523809,1,4096,0,1.0,-43.49499325917441,0.012682706117630005,69,0,-1,,0,0,3.281900000001059,4.570700000002148,11.903300000000172,3
1428,8.295328798185942,1,4096,0,1.0,-39.59122232418568,0.010469970293343067,66,0,-1,,0,0,2.3059999999972547,2.840400000000187,3.959099999999438,2
1429,8.301133786848073,1,4096,0,1.0,-40.53416509579883,0.01174216065555811,66,0,-1,,0,0,3.546700000001124,4.084000000002419,6.7578000000025895,1
1430,8.306938775510204,1,4096,0,1.0,-44.12275714737298,0.01280486211180687,66,0,-1,,0,0,2.750699999999995,4.469300000000231,10.905900000000912,0
1431,8.312743764172335,1,4096,0,1.0,-44.63381336140949,0.013496091589331627,66,0,-1,,0,0,2.2701999999981126,3.0508000000004643,0.11680000000069413,2
1432,8.318548752834467,1,4096,0,1.0,-46.86650684979142,0.010760978795588017,65,0,-1,,0,0,4.566700000001589,5.407900000001575,3.1945000000028756,1
1433,8.324353741496598,1,4096,0,1.0,-49.09994320137926,0.013214654289186,65,0,-1,,0,0,2.856000000001302,3.608199999998618,8.695199999998238,0
1434,8.33015873015873,1,4096,0,1.0,-50.96589002183738,0.011602163314819336,65,0,-1,,0,0,2.1442000000000405,3.211600000000203,0.08819999999687411,2
1435,8.335963718820862,1,4096,0,1.0,-51.07910744734696,0.009994170628488064,65,0,-1,,0,0,5.711099999999192,7.4627999999989925,2.9709000000011088,1
1436,8.341768707482993,1,4096,0,1.0,-52.60441306753585,0.008811267092823982,65,0,-1,,0,0,2.206199999999825,3.4076000000027307,10.405599999998572,3
1437,8.347573696145124,1,4096,0,1.0,-54.354991277323144,0.008178002201020718,65,0,-1,,0,0,2.4791999999997927,3.0636000000008323,3.10930000000198,2
1438,8.353378684807256,1,4096,0,1.0,-56.88136276170718,0.007532001473009586,65,0,-1,,0,0,2.487800000000817,3.022900000001272,6.164399999999404,1
1439,8.359183673469389,1,4096,0,1.0,-57.87650275498035,0.006656354293227196,65,0,-1,,0,0,4.472599999999716,5.477299999999019,9.209600000001927,0
1440,8.36498866213152,1,4096,0,1.0,-55.72938610284646,0.0057438877411186695,65,0,-1,,0,0,2.158900000001296,2.8497999999999024,0.1714000000028193,2
1441,8.370793650793651,1,4096,0,1.0,-47.17106173976454,0.005263206548988819,65,0,-1,,0,0,2.8389999999980375,3.4644999999997594,3.044800000001402,1
1442,8.376598639455782,1,4096,0,1.0,-45.77438592064602,0.005522435996681452,65,0,-1,,0,0,4.075400000001395,4.9610000000015475,6.604800000001632,0
1443,8.382403628117913,1,4096,0,1.0,-43.14897952787824,0.00710976542904973,65,0,-1,,0,0,2.6385000000033187,3.385699999999048,0.25649999999899364,2
1444,8.388208616780044,1,4096,0,1.0,-43.9926516101277,0.007223272230476141,65,0,-1,,0,0,4.002399999997408,4.717599999999322,3.656400000000559,1
1445,8.394013605442177,1,4096,0,1.0,-44.493397741878,0.0074555398896336555,65,0,-1,,0,0,2.221600000002155,2.8788999999989073,8.498000000003003,0
1446,8.399818594104309,1,4096,0,1.0,-40.82567927830162,0.00767982704564929,64,0,-1,,0,0,4.574099999999248,5.381700000000933,0.12320000000087816,2
1447,8.40562358276644,1,4096,0,1.0,-41.927797565115334,0.0062270378693938255,64,0,-1,,0,0,2.4489000000009753,3.111300000000483,5.540799999998569,1
1448,8.411428571428571,1,4096,0,1.0,-49.09057979429133,0.004969063680619001,64,0,-1,,0,0,3.533299999997297,4.195400000000404,8.71209999999678,3
1449,8.417233560090702,1,4096,0,1.0,-41.921458339163024,0.006470600143074989,64,0,-1,,0,0,2.56650000000036,3.239000000000658,2.0658000000004506,2
1450,8.423038548752835,1,4096,0,1.0,-48.38696440245799,0.005665692035108805,64,0,-1,,0,0,4.138000000001085,4.849699999997625,5.353499999998235,1
1451,8.428843537414966,1,4096,0,1.0,-47.525881745180094,0.005222831387072802,64,0,-1,,0,0,2.221399999999818,2.8450999999982685,10.345499999999674,0
1452,8.434648526077098,1,4096,0,1.0,-46.96054281131153,0.004785898607224226,64,0,-1,,0,0,5.016900000001101,8.541199999999805,0.12860000000003424,2
1453,8.440453514739229,1,4096,0,1.0,-50.46988770006867,0.004681122489273548,64,0,-1,,0,0,4.209300000002969,5.726200000001569,6.429699999998206,1
1454,8.44625850340136,1,4096,0,1.0,-49.47119735466195,0.004228434059768915,64,0,-1,,0,0,4.047299999999865,6.511700000000786,12.121400000001614,3
1455,8.452063492063493,1,4096,0,1.0,-50.87516222758039,0.004503319505602121,64,0,-1,,0,0,3.0388000000023396,3.813199999999739,6.203799999997983,2
1456,8.457868480725624,1,4096,0,1.0,-49.223986300931635,0.005164129193872213,64,0,-1,,0,0,2.671600000002883,3.421700000000527,10.081700000000637,1
1457,8.463673469387755,1,4096,0,1.0,-51.593578834095354,0.004433457739651203,64,0,-1,,0,0,2.4805999999983896,3.151299999998969,13.55299999999815,0
1458,8.469478458049887,1,4096,0,1.0,-53.10460732283106,0.0030698515474796295,64,0,-1,,0,0,3.059200000002704,3.8248000000002946,0.1144999999986851,2
1459,8.475283446712018,1,4096,0,1.0,-50.46742019599313,0.004249305464327335,64,0,-1,,0,0,2.7761999999995624,3.302800000000161,4.007000000001426,4
1460,8.481088435374149,1,4096,0,1.0,-49.48475494965278,0.003947845660150051,64,0,-1,,0,0,4.633699999999408,5.529500000001519,7.354100000000585,3
1461,8.486893424036282,1,4096,0,1.0,-50.4032009493572,0.004500250797718763,64,0,-1,,0,0,2.6774000000031606,4.032799999997394,7.644900000002508,2
1462,8.492698412698413,1,4096,0,1.0,-46.47783962269032,0.0037419137079268694,64,0,-1,,0,0,2.7377000000008422,3.4455999999991604,11.705700000000263,1
1463,8.498503401360544,1,4096,0,1.0,-48.439239809124686,0.0037575303576886654,64,0,-1,,0,0,2.7700999999993314,3.4944999999986237,15.217899999999673,3
1464,8.504308390022675,1,4096,0,1.0,-48.80291008446004,0.0043891845270991325,64,0,-1,,0,0,7.851399999999842,9.067099999999328,1.068300000000022,2
1465,8.510113378684807,1,4096,0,1.0,-46.577530655880004,0.004780754446983337,64,0,-1,,0,0,5.519100000000776,7.316299999999387,10.274100000000175,1
1466,8.51591836734694,1,4096,0,1.0,-46.529726712092014,0.005950866732746363,64,0,-1,,0,0,8.78579999999829,10.294999999999277,17.726100000000855,3
1467,8.52172335600907,1,4096,0,1.0,-49.57936453510903,0.0064446390606462955,64,0,-1,,0,0,5.2136999999987665,7.068400000001418,4.565699999997008,2
1468,8.527528344671202,1,4096,0,1.0,-46.35421724566456,0.0062747434712946415,64,0,-1,,0,0,8.109000000001032,10.8364000000023,11.721699999998947,4
1469,8.533333333333333,1,4096,0,1.0,-46.37716621858688,0.006322965957224369,66,0,-1,,0,0,3.4357000000007076,5.0194999999995105,22.66699999999844,3
1470,8.539138321995464,1,4096,0,1.0,-47.148025726219444,0.006180761847645044,66,0,-1,,0,0,6.593300000002245,8.384800000001746,8.219300000000374,5
1471,8.544943310657596,1,4096,0,1.0,-47.77582760852905,0.006099244579672813,66,0,-1,,0,0,3.4706999999976063,4.525499999999738,16.630599999999163,4
1472,8.550748299319729,1,4096,0,1.0,-49.63095912817889,0.005699951201677322,66,0,-1,,0,0,8.351600000001014,9.298000000001139,21.22359999999901,6
1473,8.55655328798186,1,4096,0,1.0,-51.16086818591597,0.0051577226258814335,66,0,-1,,0,0,5.088199999999432,6.532700000001057,15.039599999997932,5
1474,8.562358276643991,1,4096,0,1.0,-51.84606917638085,0.004943159408867359,66,0,-1,,0,0,2.589499999999134,3.376100000000548,21.602800000000144,4
1475,8.568163265306122,1,4096,0,1.0,-54.20810028251922,0.0042856005020439625,66,0,-1,,0,0,3.492999999998858,4.222600000002075,25.05650000000159,3
1476,8.573968253968253,1,4096,0,1.0,-56.78460865925696,0.003786360379308462,66,0,-1,,0,0,2.5700999999997975,3.7552000000005137,15.950799999998821,2
1477,8.579773242630386,1,4096,0,1.0,-60.16177123651816,0.0026808609254658222,66,0,-1,,0,0,2.0898000000002526,2.69829999999871,19.68959999999953,1
1478,8.585578231292518,1,4096,0,1.0,-63.74246740434028,0.002579157007858157,66,0,-1,,0,0,2.8720999999976016,3.4625000000012562,22.412299999999163,3
1479,8.591383219954649,1,4096,0,1.0,-65.26937580863526,0.0023761854972690344,66,0,-1,,0,0,2.3775000000014757,3.133900000001688,2.737400000000889,2
1480,8.59718820861678,1,512,1,1.0,-67.86504110770937,0.025888940319418907,59,0,-1,,0,0,4.711800000002597,5.535900000001703,5.936399999999509,1
1481,8.602993197278911,1,512,0,0.581023748440309,-72.83643627979116,0.020720090717077255,59,0,-1,,0,0,3.069199999998773,3.852600000001871,11.553500000001549,3
1482,8.608798185941042,1,512,0,0.0,-79.21643747155663,0.01996487006545067,59,0,-1,,0,0,3.0733000000005006,3.7376000000008958,0.7409000000002663,2
1483,8.614603174603175,1,1024,0,0.0,-81.59638320019795,0.020207660272717476,59,0,-1,,0,0,3.139099999998507,4.045399999998978,4.535300000000575,1
1484,8.620408163265306,1,1024,0,0.0,-80.75852310275357,0.02007589489221573,59,0,-1,,0,0,3.9565999999986445,5.036199999999269,8.718399999999349,3
1485,8.626213151927438,1,2048,0,0.0,-78.64151294274532,0.019211962819099426,59,0,-1,,0,0,3.3871000000011975,4.14859999999706,3.3074999999982424,2
1486,8.632018140589569,1,2048,0,0.5859582626874745,-78.94293875190941,0.019458485767245293,59,0,-1,,0,0,3.9251999999976306,4.963300000000004,7.447400000000215,1
1487,8.6378231292517,1,2048,0,0.0,-80.27810618259545,0.01999301090836525,59,0,-1,,0,0,5.630299999999977,6.77350000000132,12.466400000000988,0
1488,8.643628117913833,1,2048,0,0.0,-84.53141171092496,0.019912904128432274,59,0,-1,,0,0,2.9162000000013677,3.921900000001699,0.3163999999991063,2
1489,8.649433106575964,1,4096,0,0.0,-84.55389601145326,0.0019993798341602087,59,0,-1,,0,0,3.228599999999915,4.017199999999832,4.135500000000292,1
1490,8.655238095238095,1,4096,0,0.0,-85.14718455800256,0.002270604483783245,59,0,-1,,0,0,4.706999999999795,5.653600000002257,8.219800000002664,0
1491,8.661043083900227,1,4096,0,0.0,-84.53589926821188,0.002452865708619356,59,0,-1,,0,0,3.317499999997864,4.422399999999271,0.09570000000280743,2
1492,8.666848072562358,1,4096,0,0.0,-86.17446286889648,0.002467326819896698,59,0,-1,,0,0,3.725100000000481,4.668500000001075,4.249999999998977,1
1493,8.672653061224489,1,4096,0,0.0,-84.06007767049903,0.0025677497033029795,59,0,-1,,0,0,2.752099999998592,4.152900000001125,9.067000000001713,0
1494,8.678458049886622,1,4096,0,0.23076776650680386,-77.94182088984266,0.002626615110784769,59,0,-1,,0,0,2.7484999999991544,3.4749000000005026,0.11159999999676984,2
1495,8.684263038548753,1,512,1,1.0,-67.54525367155408,0.02088267169892788,59,0,-1,,0,0,5.942699999998524,6.876500000000618,3.627700000002676,1
1496,8.690068027210884,1,512,0,1.0,-54.84182643272582,0.03898896276950836,59,0,-1,,0,0,2.4884000000007234,3.818600000002448,10.679700000000736,3
1497,8.695873015873016,1,512,0,1.0,-49.05074457157597,0.7993001341819763,59,0,-1,,0,0,2.5188999999983253,3.105200000000252,2.0762999999988097,2
1498,8.701678004535147,1,1024,0,1.0,-42.79443327065597,0.6916182041168213,72,0,-1,,0,0,2.1617999999996584,2.5674000000002195,5.1906999999999925,1
1499,8.70748299319728,1,1024,0,1.0,-44.84336710816453,0.7301144599914551,69,0,-1,,0,0,2.916499999997768,3.4348000000008483,7.797500000002344,0
1500,8.713287981859411,1,2048,0,1.0,-47.06533783449344,0.13082431256771088,69,0,-1,,0,0,5.119100000001708,6.057999999999453,0.211400000001305,2
1501,8.719092970521542,1,2048,0,1.0,-51.56562972242253,0.07006864249706268,69,0,-1,,0,0,3.145499999998691,4.018999999999551,6.45629999999997,1
1502,8.724897959183673,1,2048,0,1.0,-54.50609293521328,0.03877902776002884,69,0,-1,,0,0,2.717499999999262,3.3919000000004473,10.522299999998097,0
1503,8.730702947845804,1,2048,0,1.0,-61.44298393335809,0.016019010916352272,69,0,-1,,0,0,2.249100000000226,2.9518000000017253,0.21300000000223918,2
1504,8.736507936507936,1,4096,0,1.0,-64.12977391438628,0.0019014611607417464,64,0,-1,,0,0,4.504600000000636,5.108799999998581,3.1803999999979737,1
1505,8.742312925170069,1,4096,0,1.0,-61.841490496839626,0.001753623248077929,64,0,-1,,0,0,5.264199999999164,6.919600000003356,8.420999999998457,0
1506,8.7481179138322,1,4096,0,1.0,-58.35394500007172,0.0018229158595204353,64,0,-1,,0,0,2.74830000000037,3.5394999999986965,0.22630000000134487,2
1507,8.753922902494331,1,4096,0,1.0,-56.732588224906095,0.0018925158074125648,64,0,-1,,0,0,2.5055999999992196,3.0648999999982607,3.7373000000009426,4
1508,8.759727891156462,1,4096,0,1.0,-52.520944827906916,0.002210708800703287,64,0,-1,,0,0,2.5916999999999746,3.0537999999999954,6.838500000000636,3
1509,8.765532879818593,1,4096,0,1.0,-40.55008603057199,0.004168838262557983,69,0,-1,,0,0,4.229399999999828,4.7344000000002495,5.413199999999563,2
1510,8.771337868480726,1,4096,0,1.0,-38.436099593687985,0.004657723940908909,64,0,-1,,0,0,2.108899999999636,3.021199999999169,10.195000000003063,1
1511,8.777142857142858,1,4096,0,1.0,-38.57322870453979,0.006968251429498196,64,0,-1,,0,0,2.556199999997233,3.2151999999996406,13.26840000000118,0
1512,8.782947845804989,1,4096,0,1.0,-34.76505489000595,0.009255336597561836,64,0,-1,,0,0,2.468600000000265,3.093499999998528,0.22419999999812035,2
1513,8.78875283446712,1,4096,0,1.0,-37.379013112801516,0.008470187894999981,64,0,-1,,0,0,5.282199999999904,6.7480999999993685,3.328899999999635,1
1514,8.794557823129251,1,4096,0,1.0,-36.08905262307267,0.008524446748197079,66,0,-1,,0,0,3.932100000000105,5.200999999999567,10.26290000000074,0
1515,8.800362811791382,1,4096,0,1.0,-36.95943908524514,0.011651089414954185,66,0,-1,,0,0,4.063399999999717,6.3464999999993665,0.2292999999973233,2
1516,8.806167800453515,1,4096,0,1.0,-41.66325656413892,0.011935221962630749,64,0,-1,,0,0,2.6434000000001845,3.276500000001903,6.549499999998432,1
1517,8.811972789115647,1,4096,0,1.0,-38.28674932731285,0.01481712982058525,70,0,-1,,0,0,2.659700000002374,3.200599999999554,9.858499999999992,0
1518,8.817777777777778,1,4096,0,1.0,-41.867383831282446,0.015090151689946651,70,0,-1,,0,0,6.169599999999775,7.597499999999258,0.7148000000007926,2
1519,8.823582766439909,1,4096,0,1.0,-44.170594813761106,0.014677115716040134,70,0,-1,,0,0,5.477700000000141,7.790200000002301,8.308799999998229,4
1520,8.82938775510204,1,4096,0,1.0,-47.862861703836145,0.013191275298595428,70,0,-1,,0,0,4.478900000002284,6.138700000001052,16.21940000000066,3
1521,8.835192743764173,1,4096,0,1.0,-46.12400598937759,0.014839671552181244,70,0,-1,,0,0,4.805499999999796,5.921300000000684,7.3462000000006356,2
1522,8.840997732426304,1,4096,0,1.0,-49.96072007233919,0.014443615451455116,70,0,-1,,0,0,5.499500000002655,6.584499999998883,13.315600000002092,4
1523,8.846802721088435,1,4096,0,1.0,-50.14204768175218,0.0169427040964365,70,0,-1,,0,0,3.2243999999970185,4.258000000000095,20.03249999999923,3
1524,8.852607709750567,1,4096,0,1.0,-51.63638613429345,0.01673072576522827,70,0,-1,,0,0,2.3826000000006786,3.154999999999575,9.25850000000139,2
1525,8.858412698412698,1,4096,0,1.0,-50.82171553970956,0.016724107787013054,70,0,-1,,0,0,2.7781000000004497,3.3445000000007497,12.376799999998411,1
1526,8.864217687074829,1,4096,0,1.0,-56.815561020512504,0.010884596966207027,70,0,-1,,0,0,4.110200000003061,4.878900000001352,15.756900000003071,0
1527,8.870022675736962,1,4096,0,1.0,-53.80025606720653,0.011850446462631226,70,0,-1,,0,0,2.7764000000018996,3.561999999998733,0.12910000000232458,2
1528,8.875827664399093,1,4096,0,1.0,-51.045832981621516,0.006524337455630302,70,0,-1,,0,0,2.4961000000018885,3.0545000000010702,3.713199999999972,4
1529,8.881632653061224,1,4096,0,1.0,-51.6481516694997,0.006204819306731224,70,0,-1,,0,0,2.847900000002568,3.405199999999553,6.793400000002947,3
1530,8.887437641723356,1,4096,0,1.0,-48.91510787492965,0.008825221098959446,70,0,-1,,0,0,3.5631000000009294,4.854599999998044,5.233700000001562,2
1531,8.893242630385487,1,4096,0,1.0,-42.68450718149058,0.010044628754258156,70,0,-1,,0,0,2.226799999998974,2.766499999999894,10.107099999999036,1
1532,8.89904761904762,1,4096,0,1.0,-46.463680750214124,0.011169064790010452,70,0,-1,,0,0,2.195799999999082,2.6096000000030983,12.897599999998732,0
1533,8.904852607709751,1,4096,0,1.0,-44.8797445188345,0.0131890419870615,70,0,-1,,0,0,3.6269999999980485,4.366099999998596,0.11479999999863821,2
1534,8.910657596371882,1,4096,0,1.0,-47.631744138758386,0.009592422284185886,70,0,-1,,0,0,2.475300000000402,3.1800000000004047,4.511900000000679,1
1535,8.916462585034013,1,4096,0,1.0,-44.39640505880437,0.009873626753687859,70,0,-1,,0,0,2.6772000000008234,3.2154999999995937,7.73099999999971,0
1536,8.922267573696145,1,4096,0,1.0,-45.229105526827766,0.010838204063475132,67,0,-1,,0,0,4.315800000000536,5.533799999998479,0.21860000000017976,2
1537,8.928072562358278,1,4096,0,1.0,-43.48462110399566,0.009072771295905113,67,0,-1,,0,0,3.583899999998863,4.658899999999022,5.777999999999395,1
1538,8.933877551020409,1,4096,0,1.0,-44.83890579326566,0.009384877048432827,67,0,-1,,0,0,3.429800000002814,4.302899999998999,10.461499999998125,0
1539,8.93968253968254,1,4096,0,1.0,-51.555552144449194,0.007377136964350939,67,0,-1,,0,0,2.1377999999998565,2.8092000000015105,0.13459999999909655,2
1540,8.945487528344671,1,4096,0,1.0,-48.18803210140409,0.0072484686970710754,67,0,-1,,0,0,2.4525000000004127,2.951900000002894,2.994199999999836,1
1541,8.951292517006802,1,4096,0,1.0,-52.89284447005414,0.005598514340817928,67,0,-1,,0,0,2.3228000000017346,2.81540000000291,5.990000000000606,0
1542,8.957097505668933,1,4096,0,1.0,-48.84548531138172,0.006562386639416218,67,0,-1,,0,0,2.9898999999993237,5.642099999999317,0.17640000000085365,2
1543,8.962902494331066,1,4096,0,1.0,-51.73299727076995,0.006282651796936989,67,0,-1,,0,0,2.1324999999983163,2.6116999999992174,5.795199999997891,1
1544,8.968707482993198,1,4096,0,1.0,-47.39486678233526,0.007086963392794132,67,0,-1,,0,0,1.912399999998371,2.344300000000743,6.85049999999876,0
1545,8.974512471655329,1,4096,0,1.0,-49.45528410580743,0.006850154604762793,67,0,-1,,0,0,3.677199999998493,6.2347000000002595,0.24570000000068148,2
1546,8.98031746031746,1,4096,0,1.0,-49.4839523926818,0.007985115982592106,67,0,-1,,0,0,3.506500000000301,4.577300000001117,6.491900000000328,1
1547,8.986122448979591,1,4096,0,1.0,-43.90998557295403,0.0088734682649374,67,0,-1,,0,0,2.0726999999993723,2.6762999999974113,10.022799999998,0
1548,8.991927437641724,1,4096,0,1.0,-47.952676478994405,0.00961921364068985,67,0,-1,,0,0,2.4397000000000446,3.1946000000004915,0.2820999999997298,2
1549,8.997732426303855,1,4096,0,1.0,-38.98307279912118,0.012360868975520134,67,0,-1,,0,0,2.279800000000165,3.0090999999998758,3.572000000001907,1
1550,9.003537414965987,1,4096,0,1.0,-43.577290705165254,0.013854576274752617,67,0,-1,,0,0,5.436199999998337,6.689500000000237,6.67100000000076,0
1551,9.009342403628118,1,4096,0,1.0,-37.81907485429342,0.015486197546124458,64,0,-1,,0,0,2.072399999999419,2.6583000000002244,0.17950000000155342,2
1552,9.015147392290249,1,4096,0,1.0,-42.600513008200586,0.013183978386223316,64,0,-1,,0,0,2.341300000001212,2.908600000001371,2.8660000000009234,1
1553,9.02095238095238,1,4096,0,1.0,-36.61922516018817,0.010402629151940346,64,0,-1,,0,0,5.188900000000274,5.793199999999388,5.803400000001346,3
1554,9.026757369614513,1,4096,0,1.0,-42.73748435684119,0.012576921842992306,64,0,-1,,0,0,4.2399000000017395,5.820100000001105,3.457900000000791,2
1555,9.032562358276644,1,4096,0,1.0,-40.21564118540048,0.012861579656600952,66,0,-1,,0,0,3.3324000000014564,4.264599999999064,9.305600000001135,1
1556,9.038367346938776,1,4096,0,1.0,-42.10629857319467,0.010225150734186172,66,0,-1,,0,0,5.571699999997293,6.841099999999045,13.653900000001329,0
1557,9.044172335600907,1,4096,0,1.0,-42.16941073949798,0.012302112765610218,66,0,-1,,0,0,2.378099999997829,3.2090000000017938,0.19920000000084315,2
1558,9.049977324263038,1,4096,0,1.0,-48.84209182258711,0.011013871990144253,66,0,-1,,0,0,4.270099999999388,5.060199999999071,3.4130999999995026,1
1559,9.05578231292517,1,4096,0,1.0,-45.913814515935556,0.01079640630632639,66,0,-1,,0,0,2.996599999999461,4.720400000000069,8.838100000001958,0
1560,9.061587301587302,1,4096,0,1.0,-53.93241201320622,0.008366342633962631,66,0,-1,,0,0,2.977200000000124,3.875000000000739,0.11340000000004125,2
1561,9.067392290249433,1,4096,0,1.0,-50.94282805731601,0.00648769736289978,66,0,-1,,0,0,3.8437000000008936,4.906599999998207,4.043800000001596,1
1562,9.073197278911564,1,4096,0,1.0,-56.59617458193531,0.00465807318687439,66,0,-1,,0,0,3.1540999999997155,4.628299999996699,9.05999999999807,0
1563,9.079002267573696,1,4096,0,1.0,-55.1374714632112,0.003700689412653446,66,0,-1,,0,0,2.7204999999987933,3.684599999999705,0.2744000000021174,2
1564,9.084807256235827,1,4096,0,1.0,-61.18284970559777,0.0036229935940355062,66,0,-1,,0,0,4.1359000000014134,5.03529999999941,4.002400000000961,1
1565,9.09061224489796,1,4096,0,1.0,-59.0496990897265,0.002292538294568658,66,0,-1,,0,0,2.050700000001626,2.6350000000014973,9.086899999999787,3
1566,9.096417233560091,1,4096,0,1.0,-60.74706528281539,0.002279536332935095,66,0,-1,,0,0,2.274799999998578,2.736199999997524,1.9665999999993744,2
1567,9.102222222222222,1,4096,0,1.0,-59.10878572516726,0.0018540105083957314,66,0,-1,,0,0,1.9065999999980932,2.6039000000004364,4.724599999999413,1
1568,9.108027210884353,1,4096,0,1.0,-63.78014425817063,0.0014578495174646378,66,0,-1,,0,0,1.846100000001627,2.3492999999987774,7.381599999998656,0
1569,9.113832199546485,1,4096,0,1.0,-59.406193888708536,0.0019219768000766635,66,0,-1,,0,0,4.848299999999028,6.261800000000761,0.18409999999846605,2
1570,9.119637188208618,1,4096,0,1.0,-64.18222469449007,0.0012769642053171992,66,0,-1,,0,0,3.1817000000025075,4.559900000000283,6.565500000000668,1
1571,9.125442176870749,1,4096,0,1.0,-62.83068625662456,0.0016638821689411998,66,0,-1,,0,0,5.12910000000133,6.03320000000096,11.198000000000263,3
1572,9.13124716553288,1,4096,0,1.0,-65.21412378215659,0.001828931737691164,64,0,-1,,0,0,3.517799999997351,4.60819999999984,0.7686000000006743,2
1573,9.137052154195011,1,4096,0,1.0,-63.31755928571438,0.001860353397205472,59,0,-1,,0,0,2.7058999999987066,5.171100000001871,5.438500000000346,1
1574,9.142857142857142,1,4096,0,1.0,-63.29280370498474,0.0018300132360309362,59,0,-1,,0,0,2.819500000001085,3.456200000002241,10.65009999999944,0
1575,9.148662131519274,1,4096,0,1.0,-61.274108146704336,0.002109414665028453,59,0,-1,,0,0,3.2205999999987966,5.328300000002173,1.7633000000003562,5
1576,9.154467120181407,1,4096,0,1.0,-60.590258232530196,0.002204475225880742,59,0,-1,,0,0,3.194100000001754,4.007999999998901,5.666999999998978,4
1577,9.160272108843538,1,4096,0,1.0,-60.87636747329539,0.0025879894383251667,59,0,-1,,0,0,3.454899999997707,4.422900000001562,9.71489999999875,3
1578,9.166077097505669,1,4096,0,1.0,-63.52818185426152,0.002600563457235694,59,0,-1,,0,0,2.649299999998078,3.091500000000025,9.390200000002125,2
1579,9.1718820861678,1,512,1,1.0,-66.93867665127003,0.02305617555975914,59,0,-1,,0,0,2.3593999999995674,2.8713000000024635,12.486299999999062,4
1580,9.177687074829931,1,512,0,1.0,-60.39384323768723,0.023784784600138664,59,0,-1,,0,0,2.196300000001372,2.5985999999988962,15.38449999999969,3
1581,9.183492063492064,1,512,0,1.0,-53.240596945802096,0.09568462520837784,59,0,-1,,0,0,2.4529000000015344,2.8723999999975547,3.670299999999571,2
1582,9.189297052154195,1,1024,0,1.0,-57.458005177261,0.05955290049314499,59,0,-1,,0,0,3.6279999999990764,4.477800000000087,6.666500000001463,1
1583,9.195102040816327,1,1024,0,1.0,-61.410594098879194,0.024718081578612328,59,0,-1,,0,0,2.6623999999983994,3.462900000002378,11.192699999998723,0
1584,9.200907029478458,1,2048,0,1.0,-54.54810463563503,0.022297140210866928,59,0,-1,,0,0,4.073599999998123,5.213799999999935,0.22219999999961715,2
1585,9.206712018140589,1,2048,0,1.0,-55.119855053459005,0.019934726879000664,59,0,-1,,0,0,3.9386999999990735,4.894000000000176,5.5527000000026305,1
1586,9.21251700680272,1,2048,0,1.0,-49.63767777645856,0.033754657953977585,59,0,-1,,0,0,2.545699999998874,3.3161000000028196,10.527000000003284,0
1587,9.218321995464853,1,2048,0,1.0,-53.6717529225833,0.029879020527005196,59,0,-1,,0,0,3.101999999998384,4.805900000000918,0.2610000000018431,2
1588,9.224126984126984,1,4096,0,1.0,-49.36337816721027,0.003356753848493099,59,0,-1,,0,0,2.401100000000156,2.994199999999836,5.0640999999984615,1
1589,9.229931972789116,1,4096,0,1.0,-54.16516724832471,0.0028422384057193995,59,0,-1,,0,0,2.31899999999996,2.8088000000003888,8.082200000000483,0
1590,9.235736961451247,1,4096,0,1.0,-51.32064972987224,0.002814006991684437,59,0,-1,,0,0,5.0424999999982845,6.1549999999996885,0.22549999999910142,2
1591,9.241541950113378,1,4096,0,1.0,-51.64651014577093,0.003493484342470765,59,0,-1,,0,0,2.121700000000004,2.653999999999712,6.460900000000436,1
1592,9.247346938775511,1,4096,0,1.0,-55.112875624812936,0.00298881228081882,59,0,-1,,0,0,2.2042000000013218,2.6352000000002818,9.156199999999615,0
1593,9.253151927437642,1,4096,0,1.0,-51.57517210868648,0.0035820314660668373,59,0,-1,,0,0,3.6131000000025892,4.4290999999994085,0.15929999999997335,2
1594,9.258956916099773,1,4096,0,1.0,-56.30185676469891,0.002693022834137082,59,0,-1,,0,0,4.1619999999973345,6.549500000001984,4.70370000000031,1
1595,9.264761904761905,1,4096,0,1.0,-56.92031692991155,0.002854530233889818,59,0,-1,,0,0,2.039299999999855,2.702299999999269,11.320500000000067,0
1596,9.270566893424036,1,4096,0,1.0,-59.31235040889517,0.0029263633769005537,59,0,-1,,0,0,2.6876999999991824,3.5525999999990177,0.22269999999835477,2
1597,9.276371882086167,1,4096,0,1.0,-56.44415343787084,0.0027964103501290083,59,0,-1,,0,0,2.269600000001759,2.8757999999982076,3.761199999999576,1
1598,9.2821768707483,1,4096,0,1.0,-56.93647919153612,0.0029502417892217636,59,0,-1,,0,0,3.287099999997878,3.9037999999997908,6.6558999999983826,0
1599,9.287981859410431,1,4096,0,1.0,-60.47639674690595,0.0030116362031549215,59,0,-1,,0,0,2.8101999999989857,3.612900000000252,0.127600000002559,2
1600,9.293786848072562,1,4096,0,1.0,-60.468980308880916,0.003170275129377842,59,0,-1,,0,0,2.5866999999983875,3.2132000000011374,3.7742000000022813,1
1601,9.299591836734693,1,4096,0,1.0,-61.04287610988622,0.0030898298136889935,59,0,-1,,0,0,2.4711999999986745,2.9254999999999143,7.127900000000409,3
1602,9.305396825396825,1,4096,0,1.0,-59.25419923319537,0.003087856573984027,59,0,-1,,0,0,3.6961000000026445,4.248500000002764,0.6011999999984141,2
1603,9.311201814058958,1,4096,0,1.0,-63.98979629060201,0.0030416096560657024,59,0,-1,,0,0,2.380000000002269,3.060300000001348,4.869799999998037,1
1604,9.317006802721089,1,4096,0,1.0,-63.836075596892414,0.0030278405174613,59,0,-1,,0,0,2.3863000000012846,2.9183000000010395,7.969599999999133,0
1605,9.32281179138322,1,512,1,1.0,-67.56775636484001,0.022887442260980606,59,0,-1,,0,0,2.3407999999989215,3.6796999999992863,0.3092999999978474,2
1606,9.328616780045351,1,512,0,1.0,-66.08478844396086,0.021330466493964195,59,0,-1,,0,0,2.4455000000003224,3.0383000000000493,3.9589999999982695,1
1607,9.334421768707482,1,512,0,1.0,-69.75481594686701,0.021088864654302597,59,0,-1,,0,0,2.1918000000020754,2.6349000000003286,7.028500000000548,0
1608,9.340226757369615,1,1024,0,0.019869887768365277,-69.139488851069,0.020859576761722565,59,0,-1,,0,0,3.796300000001196,5.3278999999974985,0.11150000000270666,2
1609,9.346031746031747,1,1024,0,0.49444416509323,-73.17538143291318,0.020638490095734596,59,0,-1,,0,0,3.35680000000238,4.553900000001221,4.994899999999802,1
1610,9.351836734693878,1,2048,0,1.0,-68.29115880337503,0.020623967051506042,59,0,-1,,0,0,3.461200000000275,6.021199999999283,9.700999999999738,3
1611,9.357641723356009,1,2048,0,0.278705257238886,-72.15169755177214,0.02042936161160469,59,0,-1,,0,0,2.581100000000447,3.313999999999595,1.1384999999997092,2
1612,9.36344671201814,1,2048,0,1.0,-73.82643760541862,0.020510846748948097,59,0,-1,,0,0,2.3624999999967145,2.996499999998292,4.478200000001209,1
1613,9.369251700680271,1,2048,0,0.6012022032887516,-78.2095834396171,0.020313305780291557,59,0,-1,,0,0,2.343200000002099,2.8457000000017274,7.519700000003127,0
1614,9.375056689342404,1,4096,0,0.0,-80.04048355502346,0.002598931547254324,59,0,-1,,0,0,2.015700000001175,2.736399999999861,0.3171000000001811,2
1615,9.380861678004536,1,4096,0,0.0,-80.38036702214525,0.0027277066837996244,59,0,-1,,0,0,2.436599999999345,2.920199999998374,3.061399999999992,1
1616,9.386666666666667,1,4096,0,0.322829614045754,-80.87676935196447,0.0026437670458108187,59,0,-1,,0,0,2.6738000000001705,3.160600000001068,6.038300000000163,0
1617,9.392471655328798,1,4096,0,0.0,-82.36304309171797,0.002604502020403743,59,0,-1,,0,0,3.4516000000017755,4.732100000001793,0.19179999999963115,2
1618,9.398276643990929,1,4096,0,0.0,-85.50244666841297,0.0025857798755168915,59,0,-1,,0,0,5.706699999997511,6.939400000000262,4.963999999997526,1
1619,9.404081632653062,1,4096,0,0.0,-84.6542336746218,0.002636644057929516,59,0,-1,,0,0,3.681100000001436,4.9421000000009485,12.018499999999932,3
1620,9.409886621315193,1,4096,0,0.0,-86.1810155397772,0.002642849227413535,59,0,-1,,0,0,3.0443999999967275,3.992600000000124,1.650900000001343,2
1621,9.415691609977324,1,4096,0,0.0,-87.29636776746916,0.002644463675096631,59,0,-1,,0,0,4.358599999999768,5.2893000000011625,5.706400000001111,4
1622,9.421496598639456,1,4096,0,0.0,-87.08135724115182,0.002634615870192647,59,0,-1,,0,0,2.6393999999996254,3.5600000000002296,11.055400000000049,3
1623,9.427301587301587,1,4096,0,0.0,-87.09752382556742,0.0026381979696452618,59,0,-1,,0,0,2.937199999998086,4.22749999999894,4.211099999999135,2
1624,9.433106575963718,1,4096,0,0.0,-86.63693323078606,0.00264706090092659,59,0,-1,,0,0,3.139099999998507,3.793200000000496,8.41129999999879,1
1625,9.438911564625851,1,4096,0,0.0,-89.43214265832626,0.002647667657583952,59,0,-1,,0,0,4.461200000001497,5.54209999999955,12.250299999998049,0
1626,9.444716553287982,1,4096,0,0.0,-91.22593167230724,0.002635752549394965,59,0,-1,,0,0,2.3842999999992287,4.138099999998701,0.07300000000043383,2
1627,9.450521541950113,1,4096,0,0.0,-90.18730415194395,0.0026569170877337456,59,0,-1,,0,0,2.7835999999972216,3.2698000000017657,3.090099999997875,1
1628,9.456326530612245,1,4096,0,0.0,-89.67445007406106,0.00262850197032094,59,0,-1,,0,0,2.565600000000501,3.154600000002006,6.420300000002044,0
1629,9.462131519274376,1,4096,0,0.0,-93.11145069077546,0.002632691990584135,59,0,-1,,0,0,2.947599999998829,3.7812000000023716,0.2133999999998082,2
1630,9.467936507936509,1,4096,0,0.0,-93.66247326824933,0.0026324326172471046,59,0,-1,,0,0,3.959800000000513,4.775700000003269,4.124099999998521,1
1631,9.47374149659864,1,4096,0,0.0,-93.81189069276645,0.00263047288171947,59,0,-1,,0,0,4.872899999998737,6.351899999998523,9.245899999999807,0
1632,9.479546485260771,1,4096,0,0.0,-94.6937514599202,0.0026289757806807756,59,0,-1,,0,0,4.46460000000215,5.70030000000088,0.1676000000010447,2
1633,9.485351473922902,1,4096,0,0.0,-94.5562685869605,0.0026329688262194395,59,0,-1,,0,0,2.5896000000003028,4.213899999999882,6.2232000000008725,4
1634,9.491156462585034,1,4096,0,0.0,-95.13441703221056,0.0026319443713873625,59,0,-1,,0,0,2.8429999999985966,3.397400000000772,10.497900000000726,3
1635,9.496961451247165,1,4096,0,0.0,-96.59003495889704,0.0026324251666665077,59,0,-1,,0,0,2.3055999999996857,3.0548999999986393,4.27699999999831,2
1636,9.502766439909298,1,4096,0,0.0,-94.78788574539414,0.0026295811403542757,59,0,-1,,0,0,2.2471999999993386,2.7863999999979683,7.347699999996848,1
1637,9.508571428571429,1,4096,0,0.0,-94.37947693367157,0.0026350931730121374,59,0,-1,,0,0,4.237700000000899,4.988799999999571,10.197500000000304,0
1638,9.51437641723356,1,4096,0,0.0,-94.33638106943889,0.002633181633427739,59,0,-1,,0,0,2.871599999998864,3.666600000002518,0.30399999999985994,2
1639,9.520181405895691,1,4096,0,0.0,-94.6937514599202,0.002637057565152645,59,0,-1,,0,0,4.264599999999064,5.320499999999839,4.024300000001091,1
1640,9.525986394557822,1,4096,0,0.0,-95.03255481865014,0.002633732510730624,59,0,-1,,0,0,2.5106999999984225,3.157600000001537,9.413299999998515,0
1641,9.531791383219955,1,4096,0,0.0,-95.9233973547883,0.0026348286774009466,59,0,-1,,0,0,2.1777000000007263,2.835000000001031,0.2098999999979867,2
1642,9.537596371882087,1,4096,0,0.0,-95.23872588742294,0.0026352787390351295,59,0,-1,,0,0,2.3319999999991126,2.8193999999999164,3.0642000000007386,1
1643,9.543401360544218,1,4096,0,0.0,-94.12709220527631,0.002631604205816984,59,0,-1,,0,0,4.69110000000228,5.827199999998811,5.939999999998946,0
1644,9.549206349206349,1,4096,0,0.0,-95.13441703221056,0.0026323979254812002,59,0,-1,,0,0,3.3351999999986504,4.970400000001263,0.4022999999975241,2
1645,9.55501133786848,1,4096,0,0.0,-95.86203353190663,0.0026365374214947224,59,0,-1,,0,0,3.154200000000884,3.9501000000008446,5.306199999999706,4
1646,9.560816326530611,1,4096,0,0.0,-95.9233973547883,0.0026338843163102865,59,0,-1,,0,0,3.0773000000010597,4.170100000003174,9.289700000000067,3
1647,9.566621315192744,1,4096,0,0.0,-95.68297888648334,0.002635715063661337,59,0,-1,,0,0,5.098900000000128,6.56980000000118,6.078599999998602,2
1648,9.572426303854876,1,4096,0,0.0,-95.98564066195814,0.002635485725477338,59,0,-1,,0,0,3.5719999999983543,4.327199999998754,12.690199999997986,1
1649,9.578231292517007,1,4096,0,0.0,-95.34560181526919,0.0026351632550358772,59,0,-1,,0,0,3.4074999999980093,4.087500000000688,17.052899999999482,3
1650,9.584036281179138,1,4096,0,0.0,-95.62489775455435,0.0026350379921495914,59,0,-1,,0,0,5.271199999999254,6.5771999999988395,1.9933000000023071,2
1651,9.58984126984127,1,4096,0,0.0,-95.74184731756222,0.0026349127292633057,59,0,-1,,0,0,2.8481999999989682,3.492999999998858,8.616499999998695,1
1652,9.595646258503402,1,4096,0,0.0,-95.13441703221056,0.0026338829193264246,59,0,-1,,0,0,2.6589999999977465,3.261399999999526,12.151100000000525,0
1653,9.601451247165533,1,4096,0,0.0,-91.35350263359268,0.002636302961036563,59,0,-1,,0,0,5.40189999999896,6.9632000000012795,0.26000000000081513,2
1654,9.607256235827665,1,4096,0,0.9024452535458471,-81.50829142352202,0.0026350608095526695,59,0,-1,,0,0,3.0895000000015216,3.960400000000419,7.250599999998997,1
1655,9.613061224489796,1,4096,0,1.0,-72.10065588607725,0.002636449411511421,59,0,-1,,0,0,2.599000000000018,3.173199999999099,11.23839999999987,0
1656,9.618866213151927,1,4096,0,1.0,-74.92674066134254,0.002649549627676606,59,0,-1,,0,0,2.325100000000191,3.8666999999996676,0.1943000000004247,2
1657,9.624671201814058,1,4096,0,1.0,-73.75983875899009,0.0026538760866969824,59,0,-1,,0,0,2.6464000000032684,3.0999999999998806,4.052600000001405,1
1658,9.630476190476191,1,4096,0,0.0,-87.17102755434617,0.002635263605043292,59,0,-1,,0,0,2.8314999999992096,3.270700000001625,7.178599999999591,0
1659,9.636281179138322,1,4096,0,0.0,-86.09016580571037,0.002629888942465186,59,0,-1,,0,0,4.925100000001237,5.676199999999909,0.2442000000009159,2
1660,9.642086167800453,1,4096,0,0.0,-88.59042199661319,0.002631179988384247,59,0,-1,,0,0,2.045000000002517,2.5818999999991377,5.948700000001139,1
1661,9.647891156462585,1,4096,0,0.0,-86.26711235989302,0.002634040778502822,59,0,-1,,0,0,2.630399999997479,3.1161000000032857,8.577500000001237,0
1662,9.653696145124716,1,4096,0,0.5220735093043939,-81.50829142352202,0.002632700838148594,59,0,-1,,0,0,3.023800000001131,4.196199999999095,0.10710000000102582,2
1663,9.659501133786849,1,4096,0,1.0,-79.60677975671393,0.002630295231938362,59,0,-1,,0,0,2.804000000001139,4.01769999999857,3.4263999999986083,1
1664,9.66530612244898,1,4096,0,1.0,-79.12894293112186,0.0026387025136500597,59,0,-1,,0,0,2.5134000000015533,3.216399999999453,7.508000000001402,0
1665,9.671111111111111,1,4096,0,0.1384648249053031,-80.27305580551142,0.0026434401515871286,59,0,-1,,0,0,3.8516000000008432,4.801899999996806,0.15499999999946112,2
1666,9.676916099773242,1,4096,0,0.734485461659308,-81.53970892049826,0.002630318980664015,59,0,-1,,0,0,2.9821999999981585,3.7325999999993087,5.010399999999748,1
1667,9.682721088435374,1,4096,0,0.0863100529481629,-83.10006093493212,0.0026294547133147717,59,0,-1,,0,0,4.80320000000134,5.495699999997328,8.801000000001835,0
1668,9.688526077097505,1,4096,0,0.0,-83.5055200405583,0.0026419672649353743,59,0,-1,,0,0,2.926600000002111,3.781100000001203,0.14069999999932747,2
1669,9.694331065759638,1,4096,0,1.0,-73.43647067842927,0.002629291033372283,59,0,-1,,0,0,2.2249000000016395,2.7785999999991873,3.9575999999996725,1
1670,9.700136054421769,1,512,1,1.0,-67.73650075541502,0.0212057214230299,59,0,-1,,0,0,2.2880999999976837,2.885799999997829,6.765200000000249,3
1671,9.7059410430839,1,512,0,1.0,-58.879921493456216,0.0347801111638546,59,0,-1,,0,0,5.994100000002334,7.256699999999228,2.329400000000703,2
1672,9.711746031746031,1,512,0,1.0,-56.01491259657088,0.09679779410362244,53,0,-1,,0,0,2.676300000000964,3.6805000000015298,9.651800000000321,1
1673,9.717551020408163,1,1024,0,1.0,-47.215443605955315,0.4261220395565033,53,0,-1,,0,0,2.7758999999996092,3.4212999999994054,13.379100000001642,0
1674,9.723356009070296,1,1024,0,1.0,-44.06294105055713,0.7055854201316833,66,0,-1,,0,0,2.4951000000008605,3.558800000000417,0.2823999999996829,2
1675,9.729160997732427,1,2048,0,1.0,-40.07172270359113,0.20080327987670898,66,1,66,,0,0,2.5268999999994435,3.120400000000245,3.8255000000013695,1
1676,9.734965986394558,1,2048,0,1.0,-39.05080811981864,0.20516429841518402,66,1,66,,0,0,2.1184999999981358,2.4874999999973113,6.979899999997485,0
1677,9.740770975056689,1,2048,0,1.0,-36.02558578902374,0.2735561728477478,66,1,66,,0,0,4.791200000003215,6.537600000001476,0.3227000000016744,2
1678,9.74657596371882,1,2048,0,1.0,-36.92967679648878,0.29675987362861633,66,1,66,,0,0,4.813399999999746,5.933399999999978,6.855300000001563,1
1679,9.752380952380953,1,4096,0,1.0,-38.33686892552709,0.011747789569199085,66,1,66,,0,0,3.007699999997726,3.838899999998091,12.845399999999785,0
1680,9.758185941043084,1,4096,0,1.0,-39.70104305496249,0.010896348394453526,66,0,-1,,0,0,3.7627000000028943,4.619000000001705,0.24360000000100968,2
1681,9.763990929705216,1,4096,0,1.0,-41.98274234431604,0.010720811784267426,66,0,-1,,0,0,5.903400000001113,8.644300000000271,5.3785999999966805,4
1682,9.769795918367347,1,4096,0,1.0,-42.73702382294378,0.010035903193056583,66,0,-1,,0,0,3.802799999998996,4.798499999999706,14.110700000003362,3
1683,9.775600907029478,1,4096,0,1.0,-42.75612230201857,0.010417051613330841,66,0,-1,,0,0,2.731099999998321,3.4763999999967155,8.352300000002089,2
1684,9.78140589569161,1,4096,0,1.0,-41.786260913351185,0.010202113538980484,64,0,-1,,0,0,4.654299999998557,5.710999999998023,11.811300000001523,1
1685,9.787210884353742,1,4096,0,1.0,-42.00385123315374,0.011521468870341778,66,0,-1,,0,0,4.271400000000369,5.438500000000346,17.687900000002088,0
1686,9.793015873015873,1,4096,0,1.0,-42.23774557085494,0.013685055077075958,66,0,-1,,0,0,5.74720000000184,6.923000000000457,0.16939999999721067,2
1687,9.798820861678005,1,4096,0,1.0,-44.58200203560861,0.014828492887318134,66,0,-1,,0,0,4.408500000000259,6.337199999997267,7.246699999999606,4
1688,9.804625850340136,1,4096,0,1.0,-46.87809506395203,0.01194131188094616,66,0,-1,,0,0,3.7690000000019097,4.732600000000531,13.677799999999962,3
1689,9.810430839002267,1,4096,0,1.0,-45.32266070452785,0.010464602150022984,64,0,-1,,0,0,6.911300000002285,9.066499999999422,5.9459000000003925,2
1690,9.8162358276644,1,4096,0,1.0,-41.115505247979144,0.009893747046589851,64,0,-1,,0,0,3.996199999999561,4.967099999998226,15.070800000000162,1
1691,9.822040816326531,1,4096,0,1.0,-42.55084692328328,0.007931267842650414,64,0,-1,,0,0,5.167799999998834,6.366500000002162,20.119600000001014,3
1692,9.827845804988662,1,4096,0,1.0,-40.721401020242055,0.005562574602663517,64,0,-1,,0,0,3.616200000003289,4.754099999999539,2.1716000000004954,5
1693,9.833650793650794,1,4096,0,1.0,-38.58936544139747,0.007050533313304186,64,0,-1,,0,0,3.2877000000013368,3.946600000002576,6.920299999997326,4
1694,9.839455782312925,1,4096,0,1.0,-38.64062919643156,0.006409341935068369,64,0,-1,,0,0,2.6322999999983665,3.3551000000002773,10.897399999997504,3
1695,9.845260770975056,1,4096,0,1.0,-38.846034532685266,0.004274214617908001,64,0,-1,,0,0,4.854899999997997,5.622999999999934,8.240199999999476,2
1696,9.851065759637189,1,4096,0,1.0,-38.466667227292774,0.004394207149744034,64,0,-1,,0,0,3.500000000002501,4.619399999999274,13.985400000002812,1
1697,9.85687074829932,1,4096,0,1.0,-42.33797399640207,0.003513430943712592,64,0,-1,,0,0,4.457999999999629,6.062799999998703,18.740499999999827,3
1698,9.862675736961451,1,4096,0,1.0,-42.6285245616498,0.0036792727187275887,64,0,-1,,0,0,4.607499999998765,6.108600000001019,5.80980000000153,2
1699,9.868480725623582,1,4096,0,1.0,-40.43165467775055,0.003860663389787078,64,0,-1,,0,0,3.162300000003171,4.23009999999735,11.961500000001735,1
1700,9.874285714285714,1,4096,0,1.0,-43.87274602042137,0.0036205307114869356,64,0,-1,,0,0,3.043500000000421,3.761900000000651,16.259399999999147,3
1701,9.880090702947847,1,4096,0,1.0,-41.1871707519683,0.0029557733796536922,64,0,-1,,0,0,5.996100000000837,7.033299999999798,1.254000000002975,2
1702,9.885895691609978,1,4096,0,1.0,-45.702442794652825,0.0024024827871471643,64,0,-1,,0,0,2.9071999999992215,3.6211000000001548,8.33640000000102,4
1703,9.891700680272109,1,4096,0,1.0,-46.801122516864595,0.0023469161242246628,64,0,-1,,0,0,2.6396999999995785,3.245499999998458,12.014300000000588,3
1704,9.89750566893424,1,4096,0,1.0,-45.17493968186565,0.002623611595481634,64,0,-1,,0,0,2.481199999998296,3.0506999999992956,4.779700000000275,2
1705,9.903310657596371,1,4096,0,1.0,-49.53344574337288,0.0020969512406736612,64,0,-1,,0,0,2.5393999999998584,3.0058999999980074,7.815199999999578,1
1706,9.909115646258503,1,4096,0,1.0,-50.9540061909391,0.001871007145382464,64,0,-1,,0,0,4.442400000002067,5.388499999998686,10.87259999999901,0
1707,9.914920634920636,1,4096,0,1.0,-53.07761390325619,0.0021540923044085503,64,0,-1,,0,0,3.0962999999992746,4.317100000001517,0.14810000000053947,2
1708,9.920725623582767,1,4096,0,1.0,-54.57898886398354,0.0017241380410268903,64,0,-1,,0,0,4.692399999999708,6.021999999997973,4.550800000000521,1
1709,9.926530612244898,1,4096,0,1.0,-53.752283243971334,0.0013785396004095674,72,0,-1,,0,0,3.0335999999984153,4.013199999999273,10.645199999999022,0
1710,9.93233560090703,1,4096,0,1.0,-50.62482363267033,0.002798840869218111,59,0,-1,,0,0,2.264300000000219,2.9733000000007337,0.16640000000123223,2
1711,9.93814058956916,1,4096,0,1.0,-49.1283128592513,0.002235068241134286,72,0,-1,,0,0,5.13949999999852,5.8037000000012995,3.1445999999988317,1
1712,9.943945578231293,1,4096,0,1.0,-48.06146912098339,0.0035491010639816523,59,0,-1,,0,0,2.333199999998925,3.1978999999999758,9.050699999999523,0
1713,9.949750566893425,1,4096,0,1.0,-47.11621897768559,0.0058367205783724785,59,0,-1,,0,0,2.9405000000011228,4.245400000002064,0.32899999999713714,2
1714,9.955555555555556,1,4096,0,1.0,-44.02745663019836,0.006356178317219019,59,0,-1,,0,0,2.3298999999994408,2.8538000000004615,4.471900000002194,4
1715,9.961360544217687,1,4096,0,1.0,-43.766401200024525,0.006747839041054249,64,0,-1,,0,0,2.3232000000028563,2.762799999999288,7.320100000001162,3
1716,9.967165532879818,1,4096,0,1.0,-44.58721409447847,0.007153320126235485,64,0,-1,,0,0,3.253199999999623,4.183000000001158,4.822600000000676,2
1717,9.97297052154195,1,4096,0,1.0,-50.1759887330768,0.005809876136481762,64,0,-1,,0,0,2.751599999999854,5.139899999999642,9.133799999997194,1
1718,9.978775510204082,1,4096,0,1.0,-49.78194466897297,0.00413923617452383,66,0,-1,,0,0,2.341600000001165,2.912699999999546,14.359100000000069,0
1719,9.984580498866213,1,4096,0,1.0,-51.709895181482636,0.00432546203956008,66,0,-1,,0,0,2.3339,3.0267999999971096,0.06890000000225882,2
1720,9.990385487528345,1,4096,0,1.0,-54.096901979755295,0.003887138096615672,66,0,-1,,0,0,3.608999999997309,4.266100000002382,2.9082000000002495,1
1721,9.996190476190476,1,4096,0,1.0,-54.06004790558252,0.003200558479875326,66,0,-1,,0,0,3.739900000002905,5.905300000002001,7.298599999998601,0
1722,10.001995464852607,1,4096,0,1.0,-44.671987972088644,0.0044050742872059345,66,0,-1,,0,0,5.399499999999335,8.071400000002171,0.37700000000029377,2
1723,10.00780045351474,1,4096,0,1.0,-41.19345693242761,0.005748641677200794,69,0,-1,,0,0,3.854099999998084,5.23250000000175,8.44329999999971,1
1724,10.013605442176871,1,4096,0,1.0,-40.1277622208338,0.0053672632202506065,69,0,-1,,0,0,4.792599999998259,5.9101000000012505,13.718099999998401,0
1725,10.019410430839002,1,4096,0,1.0,-42.30287322568746,0.006637740880250931,69,0,-1,,0,0,3.952999999999207,5.944400000000627,0.35940000000067585,2
1726,10.025215419501134,1,4096,0,1.0,-38.862477138001104,0.007255699019879103,67,0,-1,,0,0,2.693900000000582,3.3373999999994908,6.2715000000004295,1
1727,10.031020408163265,1,4096,0,1.0,-45.6480988625451,0.006296503823250532,66,0,-1,,0,0,3.195000000001613,3.85299999999944,9.656799999998356,3
1728,10.036825396825396,1,4096,0,1.0,-44.89278008097767,0.006514430046081543,66,0,-1,,0,0,3.5549000000010267,4.572100000000745,1.1728000000026384,2
1729,10.042630385487529,1,4096,0,1.0,-45.91792754727003,0.006304498296231031,66,0,-1,,0,0,2.0759000000012406,2.704000000001372,5.764700000000289,1
1730,10.04843537414966,1,4096,0,1.0,-49.07202050764528,0.005552838556468487,66,0,-1,,0,0,2.60640000000123,3.0935999999996966,8.490699999999407,0
1731,10.054240362811791,1,4096,0,1.0,-45.24578354556767,0.005762527231127024,66,0,-1,,0,0,3.006200000001513,3.811899999998758,0.14980000000264226,2
1732,10.060045351473923,1,4096,0,1.0,-50.26948133780088,0.004017367493361235,64,0,-1,,0,0,4.206100000001101,5.122099999997687,4.0288999999980035,1
1733,10.065850340136054,1,4096,0,1.0,-50.051909977215274,0.0034216726198792458,64,0,-1,,0,0,2.5937999999996464,3.135699999997854,9.192699999999832,0
1734,10.071655328798187,1,4096,0,1.0,-52.681497398526396,0.0037131791468709707,64,0,-1,,0,0,3.1180000000006203,3.884100000000501,0.11530000000092855,2
1735,10.077460317460318,1,4096,0,1.0,-52.447170031814984,0.0031960841733962297,64,0,-1,,0,0,2.3309000000004687,2.8432999999985498,4.026599999999547,1
1736,10.083265306122449,1,4096,0,1.0,-54.497735583701726,0.003182893618941307,64,0,-1,,0,0,3.205200000000019,3.8833000000018103,6.903699999998736,0
1737,10.08907029478458,1,4096,0,1.0,-54.904280158760685,0.002985384315252304,64,0,-1,,0,0,2.852900000000602,3.712800000002403,0.14260000000021478,2
1738,10.094875283446711,1,4096,0,1.0,-61.21775953957286,0.0027827660087496042,64,0,-1,,0,0,3.3736999999973705,4.3584999999986,3.917200000000065,1
1739,10.100680272108843,1,4096,0,1.0,-58.933154927781494,0.0023779517505317926,64,0,-1,,0,0,3.5869999999995628,4.249600000001408,8.303200000000288,3
1740,10.106485260770976,1,4096,0,1.0,-60.145435635976696,0.0023575681261718273,64,0,-1,,0,0,4.373700000002145,5.746500000000765,3.601400000000865,2
1741,10.112290249433107,1,4096,0,1.0,-59.89175306303931,0.002542325062677264,64,0,-1,,0,0,4.346800000000428,5.288600000000088,9.406599999998377,1
1742,10.118095238095238,1,4096,0,1.0,-57.18458637540269,0.002551105571910739,64,0,-1,,0,0,5.924099999997878,6.9750999999982355,14.764300000003061,3
1743,10.12390022675737,1,4096,0,1.0,-51.74845067780372,0.002628784626722336,64,0,-1,,0,0,3.871399999997749,4.842700000001088,0.5155999999999494,2
1744,10.1297052154195,1,4096,0,1.0,-48.72756527171597,0.003820843296125531,64,0,-1,,0,0,3.368399999999383,4.411999999998528,5.405599999999566,1
1745,10.135510204081633,1,4096,0,1.0,-43.774453845067924,0.006496031768620014,64,0,-1,,0,0,2.0445000000002267,2.542600000001727,9.8497999999978,0
1746,10.141315192743765,1,4096,0,1.0,-41.11715766158212,0.0076858652755618095,64,0,-1,,0,0,3.9063999999982,4.762600000002948,0.11860000000041282,2
1747,10.147120181405896,1,4096,0,1.0,-40.68855513178261,0.006800364702939987,64,0,-1,,0,0,3.4370999999993046,4.49559999999849,4.9752000000005125,1
1748,10.152925170068027,1,4096,0,1.0,-40.20690092376058,0.008741544559597969,64,0,-1,,0,0,5.314699999999561,6.060999999998984,9.526000000001034,0
1749,10.158730158730158,1,4096,0,1.0,-38.69422240008978,0.008641807362437248,64,0,-1,,0,0,2.9649000000020465,3.9332999999999174,0.10629999999878237,2
1750,10.164535147392291,1,4096,0,1.0,-38.350860510735785,0.00910569541156292,64,0,-1,,0,0,2.478499999998718,3.0645000000006917,4.0690000000012105,1
1751,10.170340136054422,1,4096,0,1.0,-44.321158467318824,0.008717760443687439,64,0,-1,,0,0,4.415499999996797,4.982300000001771,6.8848999999993055,3
1752,10.176145124716554,1,4096,0,1.0,-44.15903254398948,0.008626150898635387,64,0,-1,,0,0,3.6971000000001197,4.957199999999773,2.7578000000012537,2
1753,10.181950113378685,1,4096,0,1.0,-47.70542388979859,0.006889910902827978,64,0,-1,,0,0,4.302599999999046,5.569599999997621,7.78049999999908,1
1754,10.187755102040816,1,4096,0,1.0,-50.86707954123821,0.005695933476090431,64,0,-1,,0,0,5.235100000000159,6.022600000001432,13.409100000000507,0
1755,10.193560090702947,1,4096,0,1.0,-50.258489122553065,0.00526333088055253,64,0,-1,,0,0,2.303799999999967,3.000899999999973,0.25869999999983406,2
1756,10.19936507936508,1,4096,0,1.0,-49.54414698854538,0.004939707927405834,64,0,-1,,0,0,2.0364999999991085,2.5914000000000215,3.282899999998534,1
1757,10.205170068027211,1,4096,0,1.0,-52.65987590350656,0.004417148884385824,64,0,-1,,0,0,3.828099999999779,4.646099999998654,5.957999999999686,0
1758,10.210975056689342,1,4096,0,1.0,-50.4593639359214,0.005019115749746561,64,0,-1,,0,0,2.136300000000091,2.8754999999982545,0.08790000000047371,2
1759,10.216780045351474,1,4096,0,1.0,-54.1286637739057,0.004656685050576925,64,0,-1,,0,0,3.2479999999992515,3.8031000000025017,2.986799999998624,1
1760,10.222585034013605,1,4096,0,1.0,-54.45901496355256,0.004367958288639784,64,0,-1,,0,0,4.375400000000695,5.367599999999584,6.6227999999988185,0
1761,10.228390022675738,1,4096,0,1.0,-58.69556116222826,0.0035936671774834394,64,0,-1,,0,0,3.86789999999948,6.935399999999703,0.4463000000001216,4
1762,10.234195011337869,1,4096,0,1.0,-60.25502701956037,0.003205740824341774,64,0,-1,,0,0,4.400300000000357,5.9763000000003785,7.4348999999998,4
1763,10.24,1,4096,0,1.0,-61.59287546122013,0.0029251796659082174,64,0,-1,,0,0,5.963400000002395,7.023100000001392,13.498900000001868,3
1764,10.245804988662131,1,4096,0,1.0,-62.070939258918955,0.002581896260380745,64,0,-1,,0,0,3.771600000000319,4.888499999999851,13.804500000002662,2
1765,10.251609977324263,1,4096,0,1.0,-65.6338844817296,0.002433312125504017,64,0,-1,,0,0,2.124800000000704,3.065499999998167,18.71879999999848,4
1766,10.257414965986394,1,4096,0,1.0,-65.66632334789088,0.002264440292492509,64,0,-1,,0,0,3.155399999997144,3.9376000000004296,20.74869999999862,3
1767,10.263219954648527,1,512,1,1.0,-66.96074980763854,0.021154364570975304,59,0,-1,,0,0,4.160399999999953,4.855200000001503,6.660300000000063,2
1768,10.269024943310658,1,512,0,1.0,-67.08476442735805,0.021202433854341507,59,0,-1,,0,0,2.3224999999982288,2.8052000000009514,11.535800000000762,1
1769,10.27482993197279,1,512,0,1.0,-64.2906355170363,0.019932586699724197,59,0,-1,,0,0,2.1836000000021727,2.6659999999978368,14.37609999999978,0
1770,10.28063492063492,1,1024,0,1.0,-63.7656057756167,0.02086055837571621,59,0,-1,,0,0,2.180500000001473,2.8554999999990116,0.16889999999847305,2
1771,10.286439909297052,1,1024,0,1.0,-60.38154356187963,0.021227221935987473,59,0,-1,,0,0,2.678700000000589,3.1600999999987778,3.0092000000010444,1
1772,10.292244897959185,1,2048,0,1.0,-57.729390102199815,0.01985595002770424,59,0,-1,,0,0,3.800600000001708,4.667099999998925,6.269299999999589,0
1773,10.298049886621316,1,2048,0,1.0,-56.30807793507023,0.020743492990732193,59,0,-1,,0,0,3.3992999999981066,4.273200000000088,0.13449999999792794,2
1774,10.303854875283447,1,2048,0,1.0,-59.66741387874219,0.021127944812178612,59,0,-1,,0,0,3.3212999999996384,4.747099999999449,4.5277000000005785,1
1775,10.309659863945578,1,2048,0,1.0,-59.3405463285804,0.02148585394024849,59,0,-1,,0,0,4.041900000000709,4.625399999998336,9.322799999999631,0
1776,10.31546485260771,1,4096,0,1.0,-56.85953509810595,0.002707473933696747,59,0,-1,,0,0,3.2800000000001717,4.379300000000086,0.13649999999998386,2
1777,10.32126984126984,1,4096,0,1.0,-55.05478320470268,0.0028973815497010946,59,0,-1,,0,0,5.282499999999857,6.625099999997275,4.632200000003195,1
1778,10.327074829931973,1,4096,0,1.0,-54.621765562181544,0.0028396728448569775,59,0,-1,,0,0,3.6778000000019517,4.946000000000339,11.39209999999835,0
1779,10.332879818594105,1,4096,0,1.0,-53.14018101099023,0.003132561221718788,59,0,-1,,0,0,2.6799000000004014,3.450700000001916,0.09999999999976694,2
1780,10.338684807256236,1,4096,0,1.0,-52.46811818606295,0.0032939198426902294,59,0,-1,,0,0,4.255900000000423,6.9939999999988345,3.6610000000010245,1
1781,10.344489795918367,1,4096,0,1.0,-54.235117574715005,0.003065698314458132,59,0,-1,,0,0,2.4292999999993015,3.0898000000014747,10.71359999999899,0
1782,10.350294784580498,1,4096,0,1.0,-56.72690346158578,0.002887304173782468,59,0,-1,,0,0,4.214599999997404,5.466000000001969,0.3793999999999187,2
1783,10.356099773242631,1,4096,0,1.0,-59.13265767139659,0.0028652374166995287,59,0,-1,,0,0,3.838500000000522,5.173299999999159,5.803800000002468,1
1784,10.361904761904762,1,4096,0,1.0,-59.014765163176804,0.002735378220677376,59,0,-1,,0,0,5.02260000000021,6.035099999998295,11.007299999999276,3
1785,10.367709750566894,1,4096,0,1.0,-58.11891505122951,0.0026940270327031612,59,0,-1,,0,0,2.927599999999586,3.7079000000019846,1.0593000000014285,2
1786,10.373514739229025,1,4096,0,1.0,-57.66333569747047,0.0025332097429782152,59,0,-1,,0,0,2.7644000000002222,3.4452999999992073,4.778399999999294,4
1787,10.379319727891156,1,4096,0,1.0,-57.16000126871953,0.002375034848228097,59,0,-1,,0,0,2.5514999999991517,3.139099999998507,8.24919999999807,3
1788,10.385124716553287,1,4096,0,1.0,-59.53684921830746,0.002320968545973301,59,0,-1,,0,0,5.2744999999987385,5.9483000000000175,3.6599999999999966,2
1789,10.39092970521542,1,4096,0,1.0,-59.361091174738576,0.002333433600142598,59,0,-1,,0,0,2.5451000000025203,3.322499999999451,9.708500000002118,1
1790,10.396734693877551,1,4096,0,1.0,-57.336162754636455,0.0023149827029556036,59,0,-1,,0,0,3.30459999999988,3.8799999999987733,13.08429999999916,0
1791,10.402539682539683,1,4096,0,1.0,-52.84348290231926,0.0025180086959153414,59,0,-1,,0,0,5.933299999998809,7.219499999997936,0.17300000000020077,2
1792,10.408344671201814,1,4096,0,1.0,-54.088736423061896,0.0024936883710324764,59,0,-1,,0,0,3.51699999999866,4.86670000000089,7.483700000001647,1
1793,10.414149659863945,1,4096,0,1.0,-53.578903897965155,0.0026696573477238417,59,0,-1,,0,0,3.3154999999993606,4.126599999999314,12.434400000000068,0
1794,10.419954648526078,1,4096,0,1.0,-51.23036017210114,0.0033073003869503736,59,0,-1,,0,0,3.1240999999972985,4.779299999999154,0.23189999999928546,2
1795,10.425759637188209,1,4096,0,1.0,-53.341087370946966,0.003047523321583867,59,0,-1,,0,0,3.3178000000013697,4.058300000000514,4.609500000000821,1
1796,10.43156462585034,1,4096,0,1.0,-51.15544710894668,0.0032558522652834654,59,0,-1,,0,0,4.794099999998025,5.586599999997333,8.141200000000737,3
1797,10.437369614512471,1,4096,0,1.0,-55.755800964606436,0.0032248161733150482,59,0,-1,,0,0,4.320099999997495,6.60440000000051,2.0182999999995843,2
1798,10.443174603174603,1,4096,0,1.0,-52.08110809435822,0.0035862030927091837,59,0,-1,,0,0,4.076100000002469,5.257100000001458,8.656899999998302,1
1799,10.448979591836734,1,4096,0,1.0,-46.16456123193459,0.005252285860478878,59,0,-1,,0,0,3.9683000000003688,4.925399999997637,13.981300000001085,3
1800,10.454784580498867,1,4096,0,1.0,-45.72110559086415,0.005632246844470501,59,0,-1,,0,0,3.2826999999997497,5.457700000000898,2.6873000000016134,2
1801,10.460589569160998,1,4096,0,1.0,-45.634466830719205,0.007002737373113632,59,0,-1,,0,0,3.370100000001486,4.168699999997472,8.329199999998593,1
1802,10.46639455782313,1,4096,0,1.0,-44.09197586327743,0.00725419819355011,64,0,-1,,0,0,3.408300000000253,4.245600000000849,12.540100000002496,0
1803,10.47219954648526,1,4096,0,1.0,-45.98649116511232,0.0072174412198364735,66,0,-1,,0,0,3.546399999997618,5.474899999999394,0.23619999999979768,2
1804,10.478004535147392,1,4096,0,1.0,-49.19025606515953,0.006248660385608673,66,0,-1,,0,0,6.561300000001324,7.706999999999908,5.701500000000692,1
1805,10.483809523809525,1,4096,0,1.0,-54.131227706389,0.004138662479817867,66,0,-1,,0,0,3.2084999999995034,4.9944999999986806,13.53329999999886,3
1806,10.489614512471656,1,4096,0,1.0,-52.7005898741146,0.003217759309336543,66,0,-1,,0,0,3.941199999999867,5.173100000000375,2.3012000000015576,2
1807,10.495419501133787,1,4096,0,1.0,-54.62339618140774,0.002755511784926057,66,0,-1,,0,0,4.559399999997993,5.552699999999078,7.546900000001244,4
1808,10.501224489795918,1,4096,0,1.0,-55.764073772652765,0.002757525071501732,66,0,-1,,0,0,3.8225000000018383,5.215599999999654,13.212499999998073,3
1809,10.50702947845805,1,4096,0,1.0,-58.130097102049746,0.002460817340761423,66,0,-1,,0,0,2.296300000001139,3.029200000000287,10.023000000000337,2
1810,10.51283446712018,1,4096,0,1.0,-58.070478736554456,0.002538334345445037,66,0,-1,,0,0,2.5752000000025532,3.241400000000283,13.051099999998428,1
1811,10.518639455782314,1,4096,0,1.0,-50.90480422045544,0.0027369577437639236,66,0,-1,,0,0,4.045399999998978,4.895499999999942,16.341699999998127,3
1812,10.524444444444445,1,4096,0,1.0,-50.82759746876797,0.0027423538267612457,66,0,-1,,0,0,3.256300000000323,4.054700000001077,1.585399999999737,2
1813,10.530249433106576,1,4096,0,1.0,-44.967915638881266,0.004131787456572056,66,0,-1,,0,0,3.020500000001647,3.7620000000018194,5.658799999999076,1
1814,10.536054421768707,1,4096,0,1.0,-42.35947810220955,0.005416319239884615,66,0,-1,,0,0,2.4565999999985877,3.0713999999996133,9.457099999998775,0
1815,10.541859410430838,1,4096,0,1.0,-42.47953075299779,0.0062883407808840275,66,0,-1,,0,0,2.389299999997263,3.2054999999999723,0.13320000000049959,2
1816,10.547664399092971,1,4096,0,1.0,-42.34645671654584,0.006287780590355396,66,0,-1,,0,0,3.19780000000236,3.838299999998185,3.3767999999980702,1
1817,10.553469387755102,1,4096,0,1.0,-43.18256701864258,0.006002913229167461,64,0,-1,,0,0,4.789500000001112,5.588299999999435,7.2445000000023185,0
1818,10.559274376417234,1,4096,0,1.0,-44.43467780910824,0.005416637286543846,64,0,-1,,0,0,3.504500000001798,4.423799999997868,0.1583000000024981,2
1819,10.565079365079365,1,4096,0,1.0,-43.4059899316286,0.00577172264456749,64,0,-1,,0,0,3.7496999999966363,4.583200000002563,4.628500000002589,1
1820,10.570884353741496,1,4096,0,1.0,-46.258020612983,0.005793528165668249,64,0,-1,,0,0,3.2698999999993816,5.81239999999994,9.30800000000076,3
1821,10.576689342403627,1,4096,0,1.0,-46.31329552053943,0.0060536907985806465,64,0,-1,,0,0,2.2651000000024624,3.008099999998848,4.102600000003065,2
1822,10.58249433106576,1,4096,0,1.0,-49.91264991715455,0.00483447453007102,64,0,-1,,0,0,2.0535999999999888,2.610400000001789,7.0952999999995825,1
1823,10.588299319727891,1,4096,0,1.0,-51.8328883123621,0.0039963494054973125,64,0,-1,,0,0,1.9620000000024618,2.351399999998449,9.700399999999831,0
1824,10.594104308390023,1,4096,0,1.0,-52.01431188263902,0.003708454081788659,64,0,-1,,0,0,3.627800000000292,5.001999999997508,0.2707999999991273,2
1825,10.599909297052154,1,4096,0,1.0,-54.195648583989176,0.0035619603004306555,64,0,-1,,0,0,3.2892000000011024,5.123699999998621,5.286599999998032,1
1826,10.605714285714285,1,4096,0,1.0,-52.252264064484976,0.0037853694520890713,64,0,-1,,0,0,2.564999999997042,3.185399999999561,10.447599999999113,3
1827,10.611519274376418,1,4096,0,1.0,-56.363077919512065,0.002973332768306136,64,0,-1,,0,0,2.1698000000007767,2.6279999999978543,0.7706000000027302,2
1828,10.61732426303855,1,4096,0,1.0,-56.81985867873371,0.0026552309282124043,64,0,-1,,0,0,2.306100000001976,2.7416000000002327,3.40659999999815,1
1829,10.62312925170068,1,4096,0,1.0,-56.19122201447796,0.002702650148421526,64,0,-1,,0,0,2.722299999998512,3.3799999999999386,6.192000000002196,0
1830,10.628934240362812,1,4096,0,1.0,-60.737299650817825,0.002028820337727666,64,0,-1,,0,0,4.940399999998846,5.933600000002315,0.17409999999884462,2
1831,10.634739229024943,1,4096,0,1.0,-58.68394651255901,0.001977981301024556,64,0,-1,,0,0,2.414200000000477,2.988699999999511,6.145199999998852,4
1832,10.640544217687076,1,4096,0,1.0,-57.707238406099464,0.0014913405757397413,64,0,-1,,0,0,2.3965999999973064,2.869500000002745,9.177599999997454,3
1833,10.646349206349207,1,4096,0,1.0,-58.27327049609738,0.0014706511283293366,64,0,-1,,0,0,2.5282000000004246,3.1868000000017105,4.460299999998085,2
1834,10.652154195011338,1,4096,0,1.0,-62.838181483141646,0.00152277119923383,64,0,-1,,0,0,5.624300000000915,6.396899999998595,7.669500000002216,1
1835,10.65795918367347,1,4096,0,1.0,-64.26584044921411,0.0011455409694463015,64,0,-1,,0,0,3.8507999999986,5.0235999999976855,14.179699999999684,0
1836,10.6637641723356,1,512,1,1.0,-68.9521730542273,0.020491858944296837,59,0,-1,,0,0,2.425099999999958,3.164300000001674,0.1294000000022777,2
1837,10.669569160997732,1,512,0,1.0,-65.51565995332965,0.022900274023413658,59,0,-1,,0,0,4.495699999999658,5.2349999999989905,3.3111000000012325,1
1838,10.675374149659865,1,512,0,1.0,-63.23931273908307,0.0252941083163023,59,0,-1,,0,0,4.443400000003095,6.161699999999826,8.66179999999872,0
1839,10.681179138321996,1,1024,0,1.0,-61.03124079382519,0.02216462604701519,59,0,-1,,0,0,2.950999999999482,3.9001000000027375,0.11840000000162831,2
1840,10.686984126984127,1,1024,0,1.0,-52.19627800105005,0.04457298293709755,59,0,-1,,0,0,2.8008999999968864,4.129899999998798,4.115099999999927,1
1841,10.692789115646258,1,2048,0,1.0,-45.354790570450575,0.11458370834589005,59,0,-1,,0,0,2.060000000000173,2.7176999999980467,8.3202,0
1842,10.69859410430839,1,2048,0,1.0,-40.81481953071504,0.1873190551996231,59,0,-1,,0,0,5.2488000000003865,6.253000000000952,0.19719999999878723,2
1843,10.704399092970522,1,2048,0,1.0,-39.478356223259844,0.22363373637199402,59,1,59,,0,0,2.8491000000023803,3.732199999998187,6.501399999997659,1
1844,10.710204081632654,1,2048,0,1.0,-33.09428788525356,0.29327592253685,59,1,59,,0,0,2.5404999999985023,3.1868000000017105,10.306200000002264,0
1845,10.716009070294785,1,4096,0,1.0,-34.757492608305725,0.011636816896498203,59,1,59,,0,0,4.544000000002768,5.571500000002061,0.2937000000002854,2
1846,10.721814058956916,1,4096,0,1.0,-36.04942915871873,0.014203745871782303,64,0,-1,,0,0,1.9017999999988433,2.7226999999996337,6.073400000001783,1
1847,10.727619047619047,1,4096,0,1.0,-33.99790824355817,0.016244355589151382,64,0,-1,,0,0,2.3394000000003246,2.753999999999479,8.838600000000696,0
1848,10.733424036281178,1,4096,0,1.0,-40.31355995152679,0.015921268612146378,64,0,-1,,0,0,2.0850000000010027,2.690799999999882,0.23039999999951988,2
1849,10.739229024943311,1,4096,0,1.0,-34.06800058075542,0.018325867131352425,64,0,-1,,0,0,2.3202999999973883,3.049600000000652,2.9530000000015377,1
1850,10.745034013605443,1,4096,0,1.0,-39.2216829347347,0.016236858442425728,64,0,-1,,0,0,3.5229999999977224,6.239099999998388,6.157000000001744,0
1851,10.750839002267574,1,4096,0,1.0,-36.668612426296356,0.01656750962138176,64,0,-1,,0,0,2.3198999999998193,3.204600000000113,0.2531999999995094,2
1852,10.756643990929705,1,4096,0,1.0,-40.278769481512086,0.018477652221918106,70,0,-1,,0,0,3.015099999998938,3.4823999999993305,3.45010000000201,1
1853,10.762448979591836,1,4096,0,1.0,-43.28580921378416,0.01947963237762451,70,0,-1,,0,0,2.418200000001036,3.024599999999822,7.2776999999994985,0
1854,10.768253968253969,1,4096,0,1.0,-44.22861685571915,0.022540440782904625,70,0,-1,,0,0,2.312200000002207,3.063099999998542,0.23600000000101318,2
1855,10.7740589569161,1,4096,0,1.0,-44.52291623745153,0.02928221970796585,70,0,-1,,0,0,3.812899999999786,4.476500000002659,3.316300000001604,1
1856,10.779863945578231,1,4096,0,1.0,-44.52539332935592,0.033272404223680496,70,0,-1,,0,0,3.821999999999548,4.740499999996928,7.913399999999626,3
1857,10.785668934240363,1,4096,0,1.0,-44.36868204137959,0.028068093582987785,70,0,-1,,0,0,5.685700000000793,6.705099999997799,3.8258999999989385,2
1858,10.791473922902494,1,4096,0,1.0,-41.457541568908674,0.021796371787786484,70,0,-1,,0,0,2.65669999999929,3.724600000001743,10.56249999999892,1
1859,10.797278911564625,1,4096,0,1.0,-44.91074822202088,0.020426465198397636,70,0,-1,,0,0,2.2927999999993176,2.818100000002488,14.318700000000462,0
1860,10.803083900226758,1,4096,0,1.0,-36.21778412001691,0.019873464480042458,70,0,-1,,0,0,4.840899999997816,6.918900000002282,0.15910000000118885,2
1861,10.80888888888889,1,4096,0,1.0,-40.84638570440508,0.018561575561761856,70,0,-1,,0,0,2.404099999999687,3.1116000000004362,7.18310000000244,1
1862,10.81469387755102,1,4096,0,1.0,-35.73471778893855,0.022061752155423164,70,0,-1,,0,0,1.968700000002599,2.4452000000003693,10.326499999997907,0
1863,10.820498866213152,1,4096,0,1.0,-41.68875388495317,0.019620858132839203,70,0,-1,,0,0,4.914299999999372,6.987999999999772,0.34060000000124546,2
1864,10.826303854875283,1,4096,0,1.0,-40.46726474335172,0.014423727989196777,70,0,-1,,0,0,4.9296999999981495,6.25660000000039,7.2766999999984705,1
1865,10.832108843537416,1,4096,0,1.0,-40.52906516636044,0.013516592793166637,70,0,-1,,0,0,5.006699999999142,9.069099999997832,12.847999999998194,3
1866,10.837913832199547,1,4096,0,1.0,-46.36016949342941,0.009466842748224735,64,0,-1,,0,0,3.5049000000029196,4.323599999999317,0.7309999999982608,2
1867,10.843718820861678,1,4096,0,1.0,-46.96194214105371,0.011594478040933609,64,0,-1,,0,0,3.4351999999984173,4.284199999997185,5.080199999998314,4
1868,10.84952380952381,1,4096,0,1.0,-48.734671533972744,0.007053491659462452,64,0,-1,,0,0,6.05290000000025,8.076299999999037,9.870199999998164,3
1869,10.85532879818594,1,4096,0,1.0,-49.30439088430254,0.007901749573647976,64,0,-1,,0,0,2.2154999999983715,3.010400000000857,10.851299999998787,2
1870,10.861133786848072,1,4096,0,1.0,-50.48283954396347,0.005616136826574802,69,0,-1,,0,0,3.038399999997665,3.7528999999985047,13.90130000000056,1
1871,10.866938775510205,1,4096,0,1.0,-54.02237087448719,0.005309530533850193,64,0,-1,,0,0,5.715799999997273,6.995999999997338,17.76010000000028,0
1872,10.872743764172336,1,4096,0,1.0,-53.75306302941537,0.005293884314596653,64,0,-1,,0,0,4.922499999999275,6.351000000002216,0.18439999999841916,2
1873,10.878548752834467,1,4096,0,1.0,-53.326262193414706,0.00407749880105257,64,0,-1,,0,0,4.957799999999679,7.434599999999847,6.62489999999849,1
1874,10.884353741496598,1,4096,0,1.0,-54.786470462897114,0.00445178896188736,64,0,-1,,0,0,4.069999999998686,5.613899999996619,14.170599999999922,3
1875,10.89015873015873,1,4096,0,1.0,-58.20935551533496,0.0034793925005942583,64,0,-1,,0,0,3.70889999999946,4.649100000001738,4.605699999999047,5
1876,10.895963718820862,1,4096,0,1.0,-56.94239050251064,0.003651176579296589,64,0,-1,,0,0,4.178700000000646,5.084700000001163,9.240699999999435,4
1877,10.901768707482994,1,4096,0,1.0,-58.92743678465913,0.002424511592835188,64,0,-1,,0,0,2.1394999999984066,2.7112000000002467,14.35030000000026,3
1878,10.907573696145125,1,4096,0,1.0,-62.10107809521755,0.0026076240465044975,64,0,-1,,0,0,2.1374999999999034,2.633800000001685,8.950200000001018,2
1879,10.913378684807256,1,4096,0,1.0,-61.2043956758137,0.0030860984697937965,64,0,-1,,0,0,2.5941999999972154,3.033600000001968,11.56260000000131,1
1880,10.919183673469387,1,4096,0,1.0,-63.098842133252575,0.0017961577977985144,64,0,-1,,0,0,3.9133000000006746,5.13469999999927,14.622500000001537,0
1881,10.924988662131518,1,4096,0,1.0,-60.98988769949106,0.002661336911842227,64,0,-1,,0,0,2.3951000000010936,3.1524000000011654,0.2899999999996794,2
1882,10.930793650793651,1,4096,0,1.0,-59.44507675725162,0.0028526592068374157,59,0,-1,,0,0,2.3718999999999824,2.9654999999984,3.430200000000383,1
1883,10.936598639455783,1,4096,0,1.0,-60.863395628531066,0.002952065784484148,59,0,-1,,0,0,2.348000000001349,2.7983999999996456,6.412700000002047,0
1884,10.942403628117914,1,512,1,1.0,-67.84354409289313,0.022634675726294518,59,0,-1,,0,0,2.1293000000000006,2.725399999999212,0.2365999999973667,2
1885,10.948208616780045,1,512,0,1.0,-71.50303414912086,0.02175709418952465,59,0,-1,,0,0,2.883300000000588,3.416000000001418,2.9774000000024614,1
1886,10.954013605442176,1,512,0,1.0,-66.51875830391718,0.023102035745978355,59,0,-1,,0,0,6.237099999999884,7.322699999999571,6.4875000000022,0
1887,10.95981859410431,1,1024,0,1.0,-65.37974366930943,0.021604275330901146,59,0,-1,,0,0,5.126799999999321,7.251500000002409,0.21810000000144214,2
1888,10.96562358276644,1,1024,0,1.0,-69.98494007874044,0.021075749769806862,59,0,-1,,0,0,3.1180000000006203,6.292000000001963,7.549499999999654,4
1889,10.971428571428572,1,2048,0,0.9417768213832769,-71.63085519665104,0.01980236917734146,59,0,-1,,0,0,2.608399999999733,3.343300000000937,13.304500000000274,3
1890,10.977233560090703,1,2048,0,0.6708920484961295,-74.54645156950298,0.019361719489097595,59,0,-1,,0,0,2.091399999997634,2.5845000000011,6.977800000001366,2
1891,10.983038548752834,1,2048,0,0.7075246119236521,-75.13452675413374,0.019517263397574425,59,0,-1,,0,0,2.1836999999997886,2.632099999999582,9.529000000000565,1
1892,10.988843537414965,1,2048,0,0.0,-81.27327744928998,0.019470207393169403,59,0,-1,,0,0,4.1953000000027885,4.904399999997366,12.220599999999138,0
1893,10.994648526077098,1,4096,0,0.0,-81.09686044734889,0.002521754475310445,59,0,-1,,0,0,2.7660000000011564,3.729499999998609,0.17500000000225668,2
1894,11.00045351473923,1,4096,0,1.0,-81.79719212310002,0.0025404090993106365,59,0,-1,,0,0,4.357399999999956,5.587499999997192,3.9332000000023015,1
1895,11.00625850340136,1,4096,0,0.41592742622066076,-83.56974089374866,0.002540858695283532,59,0,-1,,0,0,4.445000000000476,5.310700000002555,9.696400000002825,0
1896,11.012063492063492,1,4096,0,0.0,-85.77441249137678,0.0026169356424361467,59,0,-1,,0,0,2.4602999999991937,3.4826000000016677,0.3033999999999537,2
1897,11.017868480725623,1,4096,0,0.08554795617768698,-87.00934322474856,0.002597619080916047,59,0,-1,,0,0,2.669199999999705,3.2749000000009687,3.7856000000004997,1
1898,11.023673469387756,1,4096,0,0.0,-87.82778185638136,0.0025906076189130545,59,0,-1,,0,0,4.820800000000958,5.733800000001565,7.111700000002941,0
1899,11.029478458049887,1,4096,0,0.0,-88.67111073147264,0.002614977303892374,59,0,-1,,0,0,4.8330000000014195,5.812099999999987,0.26790000000076475,2
1900,11.035283446712018,1,4096,0,0.0,-90.17083954373298,0.002624514978379011,59,0,-1,,0,0,3.133300000001782,4.101699999999653,6.166399999997907,4
1901,11.04108843537415,1,4096,0,0.0,-90.73137594765457,0.002641828963533044,59,0,-1,,0,0,2.9199999999995896,3.8316000000016004,10.80350000000152,3
1902,11.04689342403628,1,4096,0,0.0,-90.25379396807267,0.002631076145917177,59,0,-1,,0,0,2.490999999999133,3.0378000000013117,6.56929999999889,2
1903,11.052698412698414,1,4096,0,0.0,-89.47393221838766,0.0026332454290241003,59,0,-1,,0,0,5.89830000000191,6.830799999999471,9.623500000000007,1
1904,11.058503401360545,1,4096,0,0.0,-91.48493460290426,0.002638349775224924,59,0,-1,,0,0,4.550599999998184,6.311000000000178,16.630599999999163,3
1905,11.064308390022676,1,4096,0,0.0,-87.39063895349487,0.002630708273500204,59,0,-1,,0,0,3.1831000000011045,4.053900000002386,2.3525000000006457,2
1906,11.070113378684807,1,4096,0,0.0,-86.15486396857455,0.0026269725058227777,59,0,-1,,0,0,5.201099999997183,6.44929999999988,6.48220000000066,1
1907,11.075918367346938,1,4096,0,0.31732251452763227,-82.90760900341962,0.002632289892062545,59,0,-1,,0,0,2.655300000000693,3.760500000002054,13.037099999998247,0
1908,11.08172335600907,1,4096,0,0.0,-81.10296645072262,0.002633711090311408,59,0,-1,,0,0,2.064300000000685,2.7214000000022054,0.12240000000218743,2
1909,11.087528344671203,1,4096,0,1.0,-82.99803994979527,0.002638476435095072,59,0,-1,,0,0,4.55480000000108,5.319499999998811,2.8596999999983552,1
1910,11.093333333333334,1,4096,0,0.0,-89.88467607002463,0.0026362186763435602,59,0,-1,,0,0,2.3721000000023196,3.1831000000011045,8.287999999996742,0
1911,11.099138321995465,1,4096,0,0.0,-93.01548769113678,0.002634625881910324,59,0,-1,,0,0,7.465199999998617,9.121600000000285,0.139100000001946,2
1912,11.104943310657596,1,4096,0,0.0,-92.71011163859666,0.0026295287534594536,59,0,-1,,0,0,4.5192999999983385,5.978100000000097,9.364400000002604,1
1913,11.110748299319727,1,4096,0,0.0,-93.96663249618472,0.002630610717460513,59,0,-1,,0,0,6.387600000000049,8.836800000000977,15.451799999997462,3
1914,11.11655328798186,1,4096,0,0.0,-93.73653943073259,0.002631179988384247,59,0,-1,,0,0,4.505500000000495,6.002200000001068,5.380999999999858,2
1915,11.122358276643991,1,4096,0,0.0,-92.31573113447467,0.0026305378414690495,59,0,-1,,0,0,5.178599999997147,6.415499999999241,11.450099999997576,4
1916,11.128163265306123,1,4096,0,0.0,-92.20932990223332,0.002632417483255267,59,0,-1,,0,0,5.614800000000031,8.522700000000327,18.157399999999768,3
1917,11.133968253968254,1,4096,0,0.0,-92.2356868214676,0.002631360199302435,59,0,-1,,0,0,6.45770000000212,8.221100000000092,13.405900000002191,2
1918,11.139773242630385,1,4096,0,0.0,-94.78788574539414,0.002630653092637658,59,0,-1,,0,0,4.1149999999987585,7.457900000002127,21.726199999999807,4
1919,11.145578231292516,1,4096,0,0.0,-95.1862583060634,0.0026319583412259817,59,0,-1,,0,0,2.4096000000000117,3.0855999999985784,29.257300000001152,3
1920,11.15138321995465,1,4096,0,0.0,-94.20960145218538,0.0026345383375883102,59,0,-1,,0,0,3.128600000000148,3.7431000000012205,3.7354000000000553,2
1921,11.15718820861678,1,4096,0,0.0,-94.5562685869605,0.002632594434544444,59,0,-1,,0,0,5.014599999999092,6.133699999999465,7.528100000001814,4
1922,11.162993197278912,1,4096,0,0.0,-95.9233973547883,0.0026274295523762703,59,0,-1,,0,0,2.5222000000013622,3.956699999999813,13.791100000002388,3
1923,11.168798185941043,1,4096,0,0.0,-94.6937514599202,0.002636522287502885,59,0,-1,,0,0,2.2748000000021307,2.777900000001665,7.596799999998183,5
1924,11.174603174603174,1,4096,0,0.0,-95.68297888648334,0.0026309622917324305,59,0,-1,,0,0,2.8663000000008765,3.346099999998131,10.342900000001265,4
1925,11.180408163265307,1,4096,0,0.0,-95.62489775455435,0.002635346492752433,59,0,-1,,0,0,5.049300000003143,6.133200000000727,13.752600000000115,3
1926,11.186213151927438,1,4096,0,0.0,-95.86203353190663,0.0026356924790889025,59,0,-1,,0,0,3.390299999999513,4.458299999999582,11.666799999996869,2
1927,11.19201814058957,1,4096,0,0.0,-95.4551743635379,0.0026356433518230915,59,0,-1,,0,0,2.967599999998072,3.678499999999474,16.169400000002554,1
1928,11.1978231292517,1,4096,0,0.0,-94.42300473611438,0.002634200965985656,59,0,-1,,0,0,7.659300000000258,9.554600000001301,19.95379999999969,3
1929,11.203628117913832,1,4096,0,0.0,-94.29370865509881,0.0026347350794821978,59,0,-1,,0,0,4.614700000001193,5.397200000000879,8.272400000002733,2
1930,11.209433106575963,1,4096,0,0.0,-94.25145145011584,0.002634421456605196,59,0,-1,,0,0,3.7148000000009063,4.428799999999455,13.665400000000716,1
1931,11.215238095238096,1,4096,0,0.0,-93.20958212190418,0.0026344466023147106,59,0,-1,,0,0,2.7811999999975967,3.8786000000001764,18.163200000000046,3
1932,11.221043083900227,1,4096,0,0.0,-93.73653943073259,0.0026317215524613857,59,0,-1,,0,0,2.359599999998352,2.955599999999947,3.4829999999992367,2
1933,11.226848072562358,1,4096,0,0.0,-95.56758314090658,0.0026340081822127104,59,0,-1,,0,0,2.541599999997146,2.981699999999421,6.432400000001337,1
1934,11.23265306122449,1,4096,0,0.0,-94.51139140853155,0.0026363995857536793,59,0,-1,,0,0,2.935000000000798,3.450599999997195,9.43889999999925,0
1935,11.23845804988662,1,4096,0,0.0,-95.40004253398527,0.0026358449831604958,59,0,-1,,0,0,3.9264000000009958,5.395599999999945,0.32919999999947436,2
1936,11.244263038548754,1,4096,0,0.0,-96.66269167130112,0.0026347313541918993,59,0,-1,,0,0,2.8207000000008975,3.547000000001077,5.695599999999246,4
1937,11.250068027210885,1,4096,0,0.0,-95.51101507673651,0.0026339830365031958,59,0,-1,,0,0,4.8715999999977555,6.045600000000206,9.297600000000017,3
1938,11.255873015873016,1,4096,0,0.0,-95.62489775455435,0.0026340647600591183,59,0,-1,,0,0,2.2931000000028234,3.49199999999783,7.789299999998889,2
1939,11.261678004535147,1,4096,0,0.0,-96.66269167130112,0.002634315053001046,59,0,-1,,0,0,2.288800000002311,2.8562999999977023,11.328500000001185,1
1940,11.267482993197278,1,4096,0,0.0,-96.04878903049143,0.002632986521348357,59,0,-1,,0,0,2.5122999999993567,3.067500000000223,14.237600000001294,0
1941,11.27328798185941,1,4096,0,0.0,-96.96612043264099,0.0026341108605265617,59,0,-1,,0,0,4.173800000000227,6.273400000001317,0.23740000000316286,2
1942,11.279092970521543,1,4096,0,0.0,-96.17790898892383,0.002633722499012947,59,0,-1,,0,0,5.270700000000517,6.494099999997616,6.567699999997956,1
1943,11.284897959183674,1,4096,0,0.0,-96.31098574877738,0.0026342561468482018,59,0,-1,,0,0,4.947000000001367,7.122899999998822,13.265499999999264,3
1944,11.290702947845805,1,4096,0,0.0,-95.80152468536258,0.002634570701047778,59,0,-1,,0,0,3.1250999999983264,4.049800000000658,4.57450000000037,2
1945,11.296507936507936,1,4096,0,0.0,-96.11286916969236,0.002634312491863966,59,0,-1,,0,0,9.551200000000648,11.283500000001112,8.585300000000018,1
1946,11.302312925170067,1,4096,0,0.0,-96.31098574877738,0.0026366603560745716,59,0,-1,,0,0,3.796900000001102,4.931200000001468,19.910200000001765,0
1947,11.3081179138322,1,4096,0,0.0,-96.17790898892383,0.0026331916451454163,59,0,-1,,0,0,3.702499999999276,6.291099999998551,0.2137999999973772,5
1948,11.313922902494332,1,4096,0,0.0,-96.37908519400071,0.002631744369864464,59,0,-1,,0,0,2.389199999999647,3.025999999998419,6.530000000001479,4
1949,11.319727891156463,1,4096,0,0.0,-96.04878903049143,0.0026329688262194395,59,0,-1,,0,0,2.286600000001471,2.8086000000016043,9.590299999999274,3
1950,11.325532879818594,1,4096,0,0.0,-96.11286916969236,0.002635015407577157,59,0,-1,,0,0,2.1973000000024,2.6079999999986114,6.642100000000539,2
1951,11.331337868480725,1,4096,0,0.0,-96.73658462938218,0.0026350882835686207,59,0,-1,,0,0,3.6209000000013702,4.3021000000003085,9.239899999997192,1
1952,11.337142857142856,1,4096,0,0.0,-97.20846808077347,0.002633326919749379,59,0,-1,,0,0,4.849899999999963,6.269299999999589,13.634899999999561,3
1953,11.34294784580499,1,4096,0,0.0,-96.17790898892383,0.002634954173117876,59,0,-1,,0,0,2.9101999999987527,3.7454999999972927,2.725600000001549,2
1954,11.34875283446712,1,4096,0,0.0,-96.37908519400071,0.0026341460179537535,59,0,-1,,0,0,3.184699999998486,4.260299999998551,6.495600000000934,1
1955,11.354557823129252,1,4096,0,0.0,-97.29235200308943,0.0026341909542679787,59,0,-1,,0,0,4.156699999999347,6.155899999999548,10.879299999999148,0
1956,11.360362811791383,1,4096,0,0.0,-96.66269167130112,0.002634060801938176,59,0,-1,,0,0,2.1881999999990853,2.89550000000105,0.13119999999844367,2
1957,11.366167800453514,1,4096,0,0.0,-96.66269167130112,0.0026341108605265617,59,0,-1,,0,0,2.2447999999997137,2.7095999999993126,3.050500000000511,1
1958,11.371972789115647,1,4096,0,0.0,-95.80152468536258,0.0026347299572080374,59,0,-1,,0,0,6.978699999997673,7.9774999999990825,5.810400000001437,0
1959,11.377777777777778,1,4096,0,0.0,-95.9233973547883,0.0026336752343922853,59,0,-1,,0,0,2.4478000000023314,3.4895999999982052,0.0952000000005171,2
1960,11.38358276643991,1,4096,0,0.0,-95.56758314090658,0.002633924363180995,59,0,-1,,0,0,4.947999999998842,5.7773999999994885,3.0423000000006084,1
1961,11.38938775510204,1,4096,0,0.0,-96.51857380658345,0.002635071985423565,59,0,-1,,0,0,3.8430999999974347,4.960600000000426,8.83400000000023,0
1962,11.395192743764172,1,4096,0,0.0,-96.66269167130112,0.0026344640646129847,59,0,-1,,0,0,2.4765000000002146,3.279899999999003,0.1068000000010727,2
1963,11.400997732426303,1,4096,0,0.0,-95.9233973547883,0.0026341846678406,59,0,-1,,0,0,5.569200000000052,6.410200000001254,3.4218000000016957,1
1964,11.406802721088436,1,4096,0,0.0,-96.44826950478262,0.0026335723232477903,59,0,-1,,0,0,2.9355000000030884,4.361299999999346,10.239299999998508,0
1965,11.412607709750567,1,4096,0,0.0,-96.44826950478262,0.002634970471262932,59,0,-1,,0,0,2.192600000000766,2.9636999999986813,0.07940000000061787,2
1966,11.418412698412698,1,4096,0,0.0,-97.20846808077347,0.0026351057458668947,59,0,-1,,0,0,4.9411999999975365,5.67919999999944,3.0689000000023725,1
1967,11.42421768707483,1,4096,0,0.0,-96.8882527379592,0.002634822390973568,59,0,-1,,0,0,5.369999999999209,8.388799999998753,8.719100000000424,0
1968,11.43002267573696,1,4096,0,0.0,-96.73658462938218,0.002634466625750065,59,0,-1,,0,0,5.456399999999917,7.430500000001672,0.3066000000018221,5
1969,11.435827664399094,1,4096,0,0.0,-96.17790898892383,0.002635449171066284,59,0,-1,,0,0,2.5809999999992783,3.175800000001061,7.705299999997806,4
1970,11.441632653061225,1,4096,0,0.0,-96.51857380658345,0.0026338465977460146,59,0,-1,,0,0,2.4999999999977263,3.1391000000020597,10.905999999998528,3
1971,11.447437641723356,1,4096,0,0.0,-97.64509419330474,0.002634586999192834,59,0,-1,,0,0,3.6016999999972654,4.208200000000772,7.0787000000009925,2
1972,11.453242630385487,1,4096,0,0.0,-96.37908519400071,0.002633915515616536,59,0,-1,,0,0,4.607499999998765,6.350499999999926,11.479999999998824,1
1973,11.459047619047618,1,4096,0,0.0,-96.59003495889704,0.002635145792737603,59,0,-1,,0,0,3.0710000000020443,3.725700000000387,17.853999999999814,3
1974,11.464852607709751,1,4096,0,0.0,-96.243937670594,0.0026343564968556166,59,0,-1,,0,0,3.5498999999994396,4.508300000001242,3.0074999999989416,2
1975,11.470657596371883,1,4096,0,0.0,-95.51101507673651,0.002634665695950389,59,0,-1,,0,0,3.9498000000008915,6.159000000000248,7.618000000000791,1
1976,11.476462585034014,1,4096,0,0.0,-96.243937670594,0.0026339231990277767,59,0,-1,,0,0,3.393799999997782,4.184500000000924,13.8670999999988,0
1977,11.482267573696145,1,4096,0,0.0,-96.31098574877738,0.002633732510730624,59,0,-1,,0,0,4.396199999998629,5.235200000001328,0.11609999999961929,2
1978,11.488072562358276,1,4096,0,0.0,-96.243937670594,0.0026347385719418526,59,0,-1,,0,0,5.200000000002092,7.247200000001897,5.436400000000674,1
1979,11.493877551020407,1,4096,0,0.0,-95.62489775455435,0.002634508302435279,59,0,-1,,0,0,2.453700000000225,3.122199999999964,12.745900000002308,0
1980,11.49968253968254,1,4096,0,0.0,-94.9330270966879,0.0026338754687458277,59,0,-1,,0,0,4.116599999999693,4.9168000000001655,0.11789999999933798,2
1981,11.505487528344672,1,4096,0,0.4292068704661265,-86.38921328659323,0.0026359055191278458,59,0,-1,,0,0,5.5568000000008055,7.078599999999824,5.132400000000814,1
1982,11.511292517006803,1,4096,0,1.0,-72.85926546053172,0.002635410288348794,59,0,-1,,0,0,2.702700000000391,3.3864000000001226,12.262899999999632,0
1983,11.517097505668934,1,512,1,1.0,-60.81469312314523,0.02031192183494568,59,0,-1,,0,0,4.6452000000023475,6.311300000000131,0.12249999999980332,2
1984,11.522902494331065,1,512,0,1.0,-59.108335356079145,0.023213494569063187,59,0,-1,,0,0,4.165100000001587,5.490500000000509,6.545599999999041,1
1985,11.528707482993198,1,512,0,1.0,-55.85421384296658,0.030252302065491676,59,0,-1,,0,0,2.2982999999996423,2.833400000000097,11.577800000001304,3
1986,11.53451247165533,1,1024,0,1.0,-56.40377851452328,0.025263920426368713,59,0,-1,,0,0,2.381100000000913,2.8676000000018576,1.1462000000008743,2
1987,11.54031746031746,1,1024,0,1.0,-53.550448452765096,0.0385235995054245,59,0,-1,,0,0,6.356700000001325,7.9112999999999545,4.052699999999021,1
1988,11.546122448979592,1,2048,0,1.0,-57.134925541149556,0.024159716442227364,59,0,-1,,0,0,2.506799999999032,3.0815000000004034,12.081000000002007,0
1989,11.551927437641723,1,2048,0,1.0,-46.979386401902886,0.030369095504283905,59,0,-1,,0,0,3.94460000000052,4.822499999999508,0.20589999999742759,2
1990,11.557732426303854,1,2048,0,1.0,-47.389766167076715,0.062386516481637955,59,0,-1,,0,0,2.354799999999102,3.080300000000591,5.050400000001787,1
1991,11.563537414965987,1,2048,0,1.0,-41.78879372852357,0.13893166184425354,59,0,-1,,0,0,4.507300000000214,5.269399999999536,8.199199999999962,0
1992,11.569342403628118,1,4096,0,1.0,-46.10536627820903,0.007294732145965099,59,0,-1,,0,0,4.420000000003199,7.21799999999817,0.39209999999911815,2
1993,11.57514739229025,1,4096,0,1.0,-43.324108661574485,0.007018591742962599,64,0,-1,,0,0,2.1958999999966977,2.776399999998347,7.529699999999195,4
1994,11.58095238095238,1,4096,0,1.0,-41.25072984905171,0.00675053708255291,64,0,-1,,0,0,3.554599999997521,4.168099999997565,10.307599999997308,3
1995,11.586757369614512,1,4096,0,1.0,-44.61505371180878,0.006111127324402332,64,0,-1,,0,0,4.391800000000501,6.749599999999134,5.691200000001118,2
1996,11.592562358276645,1,4096,0,1.0,-41.44156527343234,0.006400769576430321,64,0,-1,,0,0,2.9274000000008016,3.724999999999312,12.526099999998763,1
1997,11.598367346938776,1,4096,0,1.0,-43.64578955012409,0.005865177605301142,64,0,-1,,0,0,2.630799999998601,3.404100000000909,16.32099999999781,0
1998,11.604172335600907,1,4096,0,1.0,-41.45351565152413,0.0065554482862353325,64,0,-1,,0,0,4.598700000002509,6.6947000000006085,0.23679999999970391,2
1999,11.609977324263038,1,4096,0,1.0,-40.66002641339307,0.006324790418148041,64,0,-1,,0,0,2.762099999998213,3.472099999999756,6.947900000000118,1
2000,11.61578231292517,1,4096,0,1.0,-46.44099528020057,0.005836900323629379,64,0,-1,,0,0,2.8943000000012375,3.430500000000336,10.464699999999993,0
2001,11.6215873015873,1,4096,0,1.0,-49.53931736568781,0.005053993780165911,64,0,-1,,0,0,4.089700000001528,5.667099999996594,0.24679999999932534,2
2002,11.627392290249434,1,4096,0,1.0,-51.89195310117179,0.004508495330810547,64,0,-1,,0,0,3.4307000000026733,4.418799999999834,5.951800000001839,1
2003,11.633197278911565,1,4096,0,1.0,-52.66630522411316,0.003983592614531517,64,0,-1,,0,0,7.720900000002473,8.920099999997433,10.455799999999016,0
2004,11.639002267573696,1,4096,0,1.0,-54.074937759525945,0.003547640750184655,64,0,-1,,0,0,3.420399999999546,4.590799999999007,0.21510000000191098,2
2005,11.644807256235827,1,4096,0,1.0,-53.31078304810995,0.0030378527007997036,64,0,-1,,0,0,4.413799999998247,5.6129999999967595,4.844600000001975,4
2006,11.650612244897959,1,4096,0,1.0,-56.12366008641409,0.0033013143111020327,64,0,-1,,0,0,5.892299999999295,8.435999999999666,10.548400000001124,3
2007,11.656417233560092,1,4096,0,1.0,-56.26864173550044,0.002631113398820162,64,0,-1,,0,0,3.8187999999976796,5.214999999999748,10.172600000000642,2
2008,11.662222222222223,1,4096,0,1.0,-51.919314838597764,0.0030438778921961784,64,0,-1,,0,0,8.331500000000602,9.77579999999989,15.411299999996686,1
2009,11.668027210884354,1,4096,0,1.0,-50.879213087761464,0.0031405675690621138,64,0,-1,,0,0,3.925799999997537,5.266299999998836,25.495599999999286,3
2010,11.673832199546485,1,4096,0,1.0,-49.15522469954725,0.003378886729478836,64,0,-1,,0,0,7.300700000001825,8.584300000002543,2.7912999999983867,2
2011,11.679637188208616,1,4096,0,1.0,-37.70011385649455,0.005308039952069521,64,0,-1,,0,0,5.881900000002105,8.80599999999987,11.632800000000998,4
2012,11.685442176870747,1,4096,0,1.0,-33.937138615395014,0.006851894780993462,64,0,-1,,0,0,8.263600000002924,9.635200000001731,20.520300000001157,3
2013,11.69124716553288,1,4096,0,1.0,-36.118626703264304,0.007950023747980595,64,0,-1,,0,0,4.022400000000204,4.94589999999917,15.321400000001262,2
2014,11.697052154195012,1,4096,0,1.0,-31.042627422233643,0.008304747752845287,64,0,-1,,0,0,4.518999999998385,5.760999999999683,20.332800000002038,4
2015,11.702857142857143,1,4096,0,1.0,-31.21176718444756,0.008572332561016083,64,0,-1,,0,0,4.357100000000003,5.25779999999898,26.18739999999775,6
2016,11.708662131519274,1,4096,0,1.0,-32.408739398638765,0.009242219850420952,64,0,-1,,0,0,3.4853999999988616,4.503900000003114,9.002100000000013,5
2017,11.714467120181405,1,4096,0,1.0,-36.77397413445989,0.011518568731844425,67,0,-1,,0,0,5.4271000000021274,7.2688999999996895,13.525000000001342,4
2018,11.720272108843538,1,4096,0,1.0,-37.458950248831954,0.011456246487796307,67,0,-1,,0,0,6.003599999999665,7.535300000000689,21.08259999999973,6
2019,11.72607709750567,1,4096,0,1.0,-43.47648273956196,0.013250773772597313,67,0,-1,,0,0,3.128199999999026,4.08119999999812,21.31040000000084,5
2020,11.7318820861678,1,4096,0,1.0,-43.89774011826243,0.013444106094539165,67,0,-1,,0,0,4.959299999999445,5.895399999999995,25.40390000000059,4
2021,11.737687074829932,1,4096,0,1.0,-44.43364887203147,0.013847587630152702,67,0,-1,,0,0,4.824900000002685,6.746199999998481,31.398400000000493,3
2022,11.743492063492063,1,4096,0,1.0,-43.136198824511034,0.016881706193089485,67,0,-1,,0,0,3.2925000000005866,4.140599999999495,20.800200000000046,5
