frame,time_s,calibrated,visible_window,detected_onset,onset_confidence,rms_dbfs,active_probability,raw_pitch,stable_active,stable_pitch,transition_score,transition_veto,retrigger,inference_ms,loop_ms,queue_delay_ms,queue_depth
0,0.005804988662131519,0,4096,0,0.0,-97.29235200308943,,,,,,,,,0.820099999998547,0.35379999999918255,0
1,0.011609977324263039,0,4096,0,0.2280827657955032,-96.04878903049143,,,,,,,,,0.7120000000000459,2.354499999999149,0
2,0.017414965986394557,0,4096,0,0.0,-96.51857380658345,,,,,,,,,0.8222999999993874,3.11579999999978,0
3,0.023219954648526078,0,4096,0,0.0,-97.92982462984386,,,,,,,,,2.3586000000008767,1.1459000000009212,0
4,0.029024943310657598,0,4096,0,0.0,-96.73658462938218,,,,,,,,,0.9008999999977618,3.532199999998653,0
5,0.034829931972789115,0,4096,0,0.0,-96.59003495889704,,,,,,,,,0.8225000000017246,4.50429999999713,0
6,0.040634920634920635,0,4096,0,0.0,-96.51857380658345,,,,,,,,,1.1603999999998393,0.28119999999987044,0
7,0.046439909297052155,0,4096,0,0.0,-96.243937670594,,,,,,,,,0.8151000000005126,1.4532000000002654,0
8,0.052244897959183675,0,4096,0,0.0,-96.17790898892383,,,,,,,,,0.7787000000014643,2.332800000001356,0
9,0.058049886621315196,0,4096,0,0.0,-96.66269167130112,,,,,,,,,1.0802999999981466,1.3953000000022087,0
10,0.06385487528344672,0,4096,0,0.0,-96.51857380658345,,,,,,,,,1.363100000002504,2.497799999996886,0
11,0.06965986394557823,0,4096,0,0.0,-96.04878903049143,,,,,,,,,0.8277999999997121,3.949600000002107,0
12,0.07546485260770976,0,4096,0,0.0,-96.81175663155918,,,,,,,,,1.8482000000012988,0.43959999999998445,0
13,0.08126984126984127,0,4096,0,0.0,-96.73658462938218,,,,,,,,,0.8982999999993524,2.296000000001186,0
14,0.08707482993197278,0,4096,0,0.0,-97.46514278371254,,,,,,,,,0.7842999999994049,3.2418999999990206,0
15,0.09287981859410431,0,4096,0,0.0,-97.04540980062914,,,,,,,,,1.3652999999997917,3.429499999999308,0
16,0.09868480725623582,0,4096,0,0.0,-97.29235200308943,,,,,,,,,0.9195999999995763,4.832300000000345,0
17,0.10448979591836735,0,4096,0,0.0,-96.04878903049143,,,,,,,,,0.8246999999990123,5.828600000000961,0
18,0.11029478458049886,0,4096,0,0.0,-96.51857380658345,,,,,,,,,1.2763000000006741,0.43219999999877246,0
19,0.11609977324263039,0,4096,0,0.0,-97.92982462984386,,,,,,,,,0.8800999999998282,1.7190999999989742,0
20,0.1219047619047619,0,4096,0,0.0,-96.73658462938218,,,,,,,,,0.7772999999993147,2.6353999999990663,0
21,0.12770975056689343,0,4096,0,0.0,-96.59003495889704,,,,,,,,,1.128700000002425,0.3339999999987242,0
22,0.13351473922902493,0,4096,0,0.0,-96.51857380658345,,,,,,,,,0.8531000000004951,1.5059999999991192,0
23,0.13931972789115646,0,4096,0,0.0,-96.243937670594,,,,,,,,,0.7920999999981859,2.417999999998699,0
24,0.14512471655328799,0,4096,0,0.0,-96.17790898892383,,,,,,,,,1.074799999997822,0.2768999999993582,0
25,0.1509297052154195,0,4096,0,0.0,-96.66269167130112,,,,,,,,,2.0647999999994227,1.3569999999987203,0
26,0.156734693877551,0,4096,0,0.0,-96.51857380658345,,,,,,,,,1.4803000000007671,3.5063000000015165,0
27,0.16253968253968254,0,4096,0,0.0,-96.04878903049143,,,,,,,,,1.2889000000022577,0.4367999999992378,0
28,0.16834467120181407,0,4096,0,0.0,-96.81175663155918,,,,,,,,,0.8176000000013062,1.702900000001506,0
29,0.17414965986394557,0,4096,0,0.0,-96.73658462938218,,,,,,,,,0.8043999999998164,2.5475000000021453,0
30,0.1799546485260771,0,4096,0,0.0,-97.46514278371254,,,,,,,,,2.2748999999997466,0.3112999999999033,0
31,0.18575963718820862,0,4096,0,0.0,-97.04540980062914,,,,,,,,,0.9629999999987149,2.652999999998684,0
32,0.19156462585034015,0,4096,0,0.0,-97.29235200308943,,,,,,,,,0.8295999999994308,3.657499999999203,0
33,0.19736961451247165,0,4096,0,0.0,-96.04878903049143,,,,,,,,,2.7967999999987114,2.3815999999996507,0
34,0.20317460317460317,0,4096,0,0.0,-96.51857380658345,,,,,,,,,0.8480000000012922,5.228799999997591,0
35,0.2089795918367347,0,4096,0,0.0,-97.92982462984386,,,,,,,,,0.8065000000030409,6.153300000001138,0
36,0.2147845804988662,0,4096,0,0.0,-96.73658462938218,,,,,,,,,1.7914999999995018,0.6021999999994421,0
37,0.22058956916099773,0,4096,0,0.0,-96.59003495889704,,,,,,,,,0.899799999999118,2.2178000000003806,0
38,0.22639455782312926,0,4096,0,0.0,-96.51857380658345,,,,,,,,,0.8307000000016274,3.1207000000001983,0
39,0.23219954648526078,0,4096,0,0.0,-96.243937670594,,,,,,,,,1.3711000000000695,0.14600000000086766,0
40,0.23800453514739228,0,4096,0,0.0,-96.17790898892383,,,,,,,,,0.879499999999922,1.3000999999981389,0
41,0.2438095238095238,0,4096,0,0.0,-96.66269167130112,,,,,,,,,0.7398000000016225,2.2052999999999656,0
42,0.24961451247165534,0,4096,0,0.0,-96.51857380658345,,,,,,,,,1.9486999999998034,0.13880000000199288,0
43,0.25541950113378686,0,4096,0,0.0,-96.04878903049143,,,,,,,,,0.9508999999994217,1.5910999999988462,0
44,0.2612244897959184,0,4096,0,0.0,-96.81175663155918,,,,,,,,,0.8672000000018443,1.9412000000009755,0
45,0.26702947845804986,0,4096,0,0.0,-96.73658462938218,,,,,,,,,1.55730000000176,1.4171000000011702,0
46,0.2728344671201814,0,4096,0,0.0,-97.46514278371254,,,,,,,,,0.8681999999993195,3.0044999999994104,0
47,0.2786394557823129,0,4096,0,0.0,-97.04540980062914,,,,,,,,,0.8125999999997191,3.94460000000052,0
48,0.28444444444444444,0,4096,0,0.0,-97.29235200308943,,,,,,,,,1.213899999999768,0.2902000000020166,0
49,0.29024943310657597,0,4096,0,0.0,-96.04878903049143,,,,,,,,,0.8894999999995434,1.534700000000555,0
50,0.2960544217687075,0,4096,0,0.0,-96.51857380658345,,,,,,,,,0.8741999999983818,2.4525999999980286,0
51,0.301859410430839,0,4096,0,0.0,-97.92982462984386,,,,,,,,,1.0501999999981138,0.27359999999987394,0
52,0.3076643990929705,0,4096,0,0.0,-96.73658462938218,,,,,,,,,0.7672999999996932,1.3274000000009778,0
53,0.313469387755102,0,4096,0,0.0,-96.59003495889704,,,,,,,,,1.9202999999983206,2.1266999999980385,0
54,0.31927437641723355,0,4096,0,0.0,-96.51857380658345,,,,,,,,,2.974599999998162,0.143200000000121,0
55,0.3250793650793651,0,4096,0,0.0,-96.243937670594,,,,,,,,,1.753600000000688,2.9287999999993986,0
56,0.3308843537414966,0,4096,0,0.0,-96.17790898892383,,,,,,,,,0.8420000000022299,4.376400000001723,0
57,0.33668934240362813,0,4096,0,0.0,-96.66269167130112,,,,,,,,,1.1668000000000234,0.2646999999988964,0
58,0.34249433106575966,0,4096,0,0.0,-96.51857380658345,,,,,,,,,1.0873999999994055,1.4704999999999302,0
59,0.34829931972789113,0,4096,0,0.0,-96.04878903049143,,,,,,,,,0.7875999999988892,2.6096000000030983,0
60,0.35410430839002266,0,4096,0,0.0,-96.81175663155918,,,,,,,,,1.1663999999989016,0.2801999999988425,0
61,0.3599092970521542,0,4096,0,0.0,-96.73658462938218,,,,,,,,,0.9789999999973986,1.4518000000016684,0
62,0.3657142857142857,0,4096,0,0.0,-97.46514278371254,,,,,,,,,1.0260999999971432,2.4803000000019892,0
63,0.37151927437641724,0,4096,0,0.0,-97.04540980062914,,,,,,,,,1.1846000000019785,0.27010000000160517,0
64,0.37732426303854877,0,4096,0,0.0,-97.29235200308943,,,,,,,,,0.8659999999984791,1.4706000000010988,0
65,0.3831292517006803,0,4096,0,0.0,-96.04878903049143,,,,,,,,,0.833500000002374,2.388299999999788,0
66,0.38893424036281177,0,4096,0,0.0,-96.51857380658345,,,,,,,,,1.6736000000001638,0.14570000000091454,0
67,0.3947392290249433,0,4096,0,0.0,-97.92982462984386,,,,,,,,,0.9185000000009325,1.3052999999985104,0
68,0.4005442176870748,0,4096,0,0.0,-96.73658462938218,,,,,,,,,0.9133999999981768,2.2701000000004967,0
69,0.40634920634920635,0,4096,0,0.0,-96.59003495889704,,,,,,,,,1.1595999999975959,0.25250000000198725,0
70,0.4121541950113379,0,4096,0,0.0,-96.51857380658345,,,,,,,,,0.9116999999996267,1.4305999999990604,0
71,0.4179591836734694,0,4096,0,0.0,-96.243937670594,,,,,,,,,0.916300000000092,2.3924999999991314,0
72,0.42376417233560093,0,4096,0,0.0,-96.17790898892383,,,,,,,,,1.5268000000006055,0.13799999999974943,0
73,0.4295691609977324,0,4096,0,0.0,-96.66269167130112,,,,,,,,,0.7016000000028555,1.1315999999972348,0
74,0.43537414965986393,0,4096,0,0.0,-96.51857380658345,,,,,,,,,0.8940000000023929,1.8354000000009307,0
75,0.44117913832199546,0,4096,0,0.0,-96.04878903049143,,,,,,,,,1.346999999999099,0.5187000000006492,0
76,0.446984126984127,0,4096,0,0.0,-96.81175663155918,,,,,,,,,0.9965999999970165,1.769100000000634,0
77,0.4527891156462585,0,4096,0,0.0,-96.73658462938218,,,,,,,,,0.8097999999989725,2.805900000002026,0
78,0.45859410430839004,0,4096,0,0.0,-97.46514278371254,,,,,,,,,1.1736000000013291,0.5196999999981244,0
79,0.46439909297052157,0,4096,0,0.0,-97.04540980062914,,,,,,,,,0.7878000000012264,1.6151999999998168,0
80,0.47020408163265304,0,4096,0,0.0,-97.29235200308943,,,,,,,,,0.8225999999993405,2.4337000000009823,0
81,0.47600907029478456,0,4096,0,0.0,-96.04878903049143,,,,,,,,,2.321099999999632,0.2826000000020201,0
82,0.4818140589569161,0,4096,0,0.0,-96.51857380658345,,,,,,,,,0.8990999999980431,2.6316000000008444,0
83,0.4876190476190476,0,4096,0,0.0,-97.92982462984386,,,,,,,,,0.8276999999985435,3.6002999999986685,0
84,0.49342403628117915,0,4096,0,0.0,-96.73658462938218,,,,,,,,,1.6810000000013758,0.4122000000030823,0
85,0.4992290249433107,0,4096,0,0.0,-96.59003495889704,,,,,,,,,1.684399999998476,2.109800000003048,0
86,0.5050340136054422,0,4096,0,0.0,-95.68297888648334,,,,,,,,,1.0212999999978933,4.013599999996842,0
87,0.5108390022675737,0,4096,0,0.0,-96.04878903049143,,,,,,,,,1.1421000000026993,0.28519999999687684,0
88,0.5166439909297053,0,4096,0,0.0,-96.11286916969236,,,,,,,,,0.8783000000001095,1.4486000000033528,0
89,0.5224489795918368,0,4096,0,0.0,-96.8882527379592,,,,,,,,,0.7717000000013741,2.376700000002785,0
90,0.5282539682539683,0,4096,0,0.0,-96.11286916969236,,,,,,,,,1.4006000000001961,0.2728000000011832,0
91,0.5340589569160997,0,4096,0,0.0,-95.86203353190663,,,,,,,,,0.8392999999990991,1.689400000000063,0
92,0.5398639455782313,0,4096,0,0.0,-95.51101507673651,,,,,,,,,0.9222000000015385,2.5687999999988165,0
93,0.5456689342403628,0,4096,0,0.0,-96.31098574877738,,,,,,,,,1.1961999999989814,0.32099999999957163,0
94,0.5514739229024943,0,4096,0,0.0,-95.51101507673651,,,,,,,,,3.430599999997952,1.501699999998607,0
95,0.5572789115646258,0,4096,0,0.0,-96.37908519400071,,,,,,,,,1.2420000000012976,5.14790000000076,0
96,0.5630839002267574,0,4096,0,0.0,-97.20846808077347,,,,,,,,,1.3539999999991892,0.2900999999972953,0
97,0.5688888888888889,0,4096,0,0.0,-95.98564066195814,,,,,,,,,1.051700000001432,1.6523999999975558,0
98,0.5746938775510204,0,4096,0,0.0,-96.31098574877738,,,,,,,,,0.8441000000019017,2.7644000000002222,0
99,0.5804988662131519,0,4096,0,0.0,-97.55418651162195,,,,,,,,,1.4521999999992374,0.26889999999824,0
100,0.5863038548752835,0,4096,0,0.0,-96.8882527379592,,,,,,,,,1.056899999998251,1.754900000001669,0
101,0.592108843537415,0,4096,0,0.0,-96.8882527379592,,,,,,,,,1.2220000000020548,18.875200000000092,0
102,0.5979138321995465,0,4096,0,0.0,-96.37908519400071,,,,,,,,,1.1379000000033557,0.2843999999981861,0
103,0.603718820861678,0,4096,0,0.0,-96.17790898892383,,,,,,,,,0.8368999999994742,1.4193000000020106,0
104,0.6095238095238096,0,4096,0,0.0,-96.243937670594,,,,,,,,,0.7573999999976877,2.2908000000008144,0
105,0.615328798185941,0,4096,0,0.0,-96.81175663155918,,,,,,,,,1.245600000000735,0.3317999999978838,0
106,0.6211337868480725,0,4096,0,0.0,-96.37908519400071,,,,,,,,,0.844099999998349,1.5240999999974747,0
107,0.626938775510204,0,4096,0,0.0,-96.31098574877738,,,,,,,,,0.9057000000005644,2.445300000001538,0
108,0.6327437641723356,0,4096,0,0.0,-96.8882527379592,,,,,,,,,3.0774999999998442,0.14039999999937436,0
109,0.6385487528344671,0,4096,0,0.0,-97.04540980062914,,,,,,,,,1.0076999999988345,2.7116999999989844,0
110,0.6443537414965986,0,4096,0,0.0,-97.20846808077347,,,,,,,,,0.8164000000014937,3.74259999999893,0
111,0.6501587301587302,0,4096,0,0.0,-96.8882527379592,,,,,,,,,1.2082999999982746,0.3260999999987746,0
112,0.6559637188208617,0,4096,0,0.0,-96.8882527379592,,,,,,,,,1.0030000000007533,1.5470000000021855,0
113,0.6617687074829932,0,4096,0,0.0,-96.243937670594,,,,,,,,,0.7967999999998199,2.596900000000346,0
114,0.6675736961451247,0,4096,0,0.0,-96.31098574877738,,,,,,,,,1.294299999997861,7.806300000002153,0
115,0.6733786848072563,0,4096,0,0.0,-97.92982462984386,,,,,,,,,0.6900000000022999,9.12930000000145,0
116,0.6791836734693878,0,4096,0,0.0,-96.59003495889704,,,,,,,,,0.6431999999989557,9.848599999997987,0
117,0.6849886621315193,0,4096,0,0.0,-96.37908519400071,,,,,,,,,1.7510999999998944,0.15579999999815186,0
118,0.6907936507936508,0,4096,0,0.0,-96.51857380658345,,,,,,,,,0.9027999999986491,1.6691000000008671,0
119,0.6965986394557823,0,4096,0,0.0,-96.11286916969236,,,,,,,,,1.466499999999371,2.165399999999096,0
120,0.7024036281179138,0,4096,0,0.0,-95.9233973547883,,,,,,,,,1.4405999999986818,0.27779999999921756,0
121,0.7082086167800453,0,4096,0,0.0,-96.31098574877738,,,,,,,,,0.93559999999826,1.7452999999996166,0
122,0.7140136054421768,0,4096,0,0.0,-96.66269167130112,,,,,,,,,4.482200000001768,2.740899999999158,0
123,0.7198185941043084,0,4096,0,0.0,-96.31098574877738,,,,,,,,,1.4262000000009323,4.289100000001156,0
124,0.7256235827664399,0,4096,0,0.0,-96.73658462938218,,,,,,,,,0.9359000000017659,5.760300000002161,0
125,0.7314285714285714,0,4096,0,0.0,-96.59003495889704,,,,,,,,,0.7986999999971545,6.835099999999983,0
126,0.737233560090703,0,4096,0,0.0,-89.8387630706097,,,,,,,,,1.1825999999999226,0.286400000000242,0
127,0.7430385487528345,0,4096,0,1.0,-81.41100485484046,,,,,,,,,1.01399999999785,1.5092999999986034,0
128,0.748843537414966,0,4096,0,1.0,-70.75917675525356,,,,,,,,,0.9384000000025594,2.616200000002067,0
129,0.7546485260770975,0,4096,0,1.0,-62.41216514943113,,,,,,,,,2.449399999999713,0.1870999999979972,0
130,0.7604535147392291,0,4096,0,1.0,-67.24179424255388,,,,,,,,,1.8911000000016998,1.8938999999988937,0
131,0.7662585034013606,0,4096,0,1.0,-65.9685971785037,,,,,,,,,0.9583999999982495,3.8467999999980407,0
132,0.7720634920634921,0,4096,0,1.0,-59.56696080247164,,,,,,,,,1.3613000000027853,4.733800000000343,0
133,0.7778684807256235,0,4096,0,1.0,-56.30511468284787,,,,,,,,,0.8662000000008163,6.1397999999996955,0
134,0.7836734693877551,0,4096,0,1.0,-59.267766437376146,,,,,,,,,0.8911000000004776,7.081599999999355,0
135,0.7894784580498866,0,4096,0,1.0,-56.563625415003365,,,,,,,,,1.7492000000025598,0.14189999999913994,0
136,0.7952834467120181,0,4096,0,1.0,-57.08338771586458,,,,,,,,,0.9733000000018421,1.3858000000013249,0
137,0.8010884353741496,0,4096,0,1.0,-54.097733992799355,,,,,,,,,1.15949999999998,2.3721000000023196,0
138,0.8068934240362812,0,4096,0,1.0,-56.64114950937423,,,,,,,,,1.4302000000014914,0.14639999999843667,0
139,0.8126984126984127,0,4096,0,1.0,-59.46497776320197,,,,,,,,,0.8131999999996253,1.0657000000016126,0
140,0.8185034013605442,0,4096,0,1.0,-58.46038521279962,,,,,,,,,1.1744999999976358,1.892199999996791,0
141,0.8243083900226758,0,4096,0,1.0,-60.077048608545454,,,,,,,,,1.1256999999993411,0.2688000000006241,0
142,0.8301133786848073,0,4096,0,1.0,-57.86479443522965,,,,,,,,,0.9761000000025888,1.4096999999999582,0
143,0.8359183673469388,0,4096,0,1.0,-60.66505289892337,,,,,,,,,0.8046000000021536,2.443599999999435,0
144,0.8417233560090703,0,4096,0,1.0,-63.34603988440393,,,,,,,,,1.529699999998968,1.2684999999983404,0
145,0.8475283446712019,0,4096,0,1.0,-58.945530879873154,,,,,,,,,0.8495000000010577,2.828999999998416,0
146,0.8533333333333334,0,4096,0,1.0,-57.93997417452441,,,,,,,,,0.8010000000027162,3.727000000001368,0
147,0.8591383219954648,0,4096,0,1.0,-59.11671987518616,,,,,,,,,1.1790000000004852,3.0469999999986896,0
148,0.8649433106575963,0,4096,0,1.0,-61.406551380743124,,,,,,,,,0.9301000000014881,4.198600000002273,0
149,0.8707482993197279,0,4096,0,1.0,-60.175255859657575,,,,,,,,,0.7968999999974358,5.191499999998683,0
150,0.8765532879818594,0,4096,0,1.0,-56.25353906110348,,,,,,,,,2.4491999999973757,0.8238000000027057,0
151,0.8823582766439909,0,4096,0,1.0,-52.05860313228409,,,,,,,,,1.4126000000018735,3.329900000000663,0
152,0.8881632653061224,0,4096,0,1.0,-48.218544350795284,,,,,,,,,1.4241999999988764,4.845299999999497,0
153,0.893968253968254,0,4096,0,1.0,-47.59570927118018,,,,,,,,,3.6130999999990365,2.6748999999988143,0
154,0.8997732426303855,0,4096,0,1.0,-45.435726990097564,,,,,,,,,1.8977000000006683,6.433499999999981,0
155,0.905578231292517,0,4096,0,1.0,-44.50848793373564,,,,,,,,,0.9517000000016651,8.422899999999345,0
156,0.9113832199546485,0,4096,0,1.0,-46.158412325076235,,,,,,,,,1.275900000003105,0.3086000000003253,0
157,0.9171882086167801,0,4096,0,1.0,-45.39802506595443,,,,,,,,,0.797499999997342,1.5490999999983046,0
158,0.9229931972789116,0,4096,0,1.0,-46.817541115730364,,,,,,,,,0.7334000000014385,2.3739000000020383,0
159,0.9287981859410431,0,4096,0,1.0,-43.92049892999861,,,,,,,,,1.1837000000021192,0.3070000000029438,0
160,0.9346031746031747,0,4096,0,1.0,-42.97880306450109,,,,,,,,,0.9410999999985847,1.4889999999994075,0
161,0.9404081632653061,0,4096,0,1.0,-42.02329656689536,,,,,,,,,0.8189999999999031,2.4727999999996086,0
162,0.9462131519274376,0,4096,0,1.0,-40.61811227410217,,,,,,,,,2.05010000000172,0.2940999999978544,0
163,0.9520181405895691,0,4096,0,1.0,-43.02636682916013,,,,,,,,,1.575900000002406,2.363599999998911,0
164,0.9578231292517007,0,4096,0,1.0,-43.618936484954496,,,,,,,,,1.8915999999968847,4.035600000001693,0
165,0.9636281179138322,0,4096,0,1.0,-43.02278691164411,,,,,,,,,1.7487000000002695,0.14619999999965216,0
166,0.9694331065759637,0,4096,0,1.0,-47.69278774635112,,,,,,,,,0.996399999998232,1.4530000000014809,0
167,0.9752380952380952,0,4096,0,1.0,-44.75634944939009,,,,,,,,,0.7926000000004763,2.4853999999976395,0
168,0.9810430839002268,0,4096,0,1.0,-50.33430671407547,,,,,,,,,1.1983999999998218,0.2882999999975766,0
169,0.9868480725623583,0,4096,0,1.0,-52.78041696099112,,,,,,,,,0.9134000000017295,1.48370000000142,0
170,0.9926530612244898,0,4096,0,1.0,-55.52017149958017,,,,,,,,,0.8456000000016672,2.4333999999974765,0
171,0.9984580498866213,1,4096,0,1.0,-55.1282812226529,0.0070454771630465984,66,0,-1,,0,0,8.115399999997663,12.574400000001873,35.89470000000006,1
172,1.0042630385487528,1,512,1,1.0,-58.63845422341599,0.08056190609931946,59,0,-1,,0,0,4.421100000001843,6.731200000000825,36.29319999999936,1
173,1.0100680272108844,1,512,0,1.0,-61.543025780234274,0.05278392136096954,59,0,-1,,0,0,4.916699999998997,7.665199999998151,36.298200000000946,1
174,1.0158730158730158,1,512,0,1.0,-62.719546557838456,0.05188047140836716,59,0,-1,,0,0,5.001999999997508,7.1746000000025845,28.89080000000277,1
175,1.0216780045351475,1,1024,0,1.0,-66.87304552416975,0.023959210142493248,59,0,-1,,0,0,4.382499999998402,5.750400000000155,28.72599999999892,1
176,1.0274829931972789,1,1024,0,1.0,-61.34265430558124,0.02480725198984146,59,0,-1,,0,0,7.039499999997645,8.408000000002858,45.831799999998424,2
177,1.0332879818594105,1,2048,0,1.0,-60.89473317482958,0.015147315338253975,59,0,-1,,0,0,8.916299999999211,11.063699999997567,20.404200000001538,2
178,1.039092970521542,1,2048,0,1.0,-61.07264758171242,0.018748249858617783,59,0,-1,,0,0,6.608100000001116,9.223599999998555,26.062899999999445,2
179,1.0448979591836736,1,2048,0,1.0,-65.64766605434372,0.018579140305519104,59,0,-1,,0,0,7.362900000000394,9.354999999999336,42.138200000000126,3
180,1.050702947845805,1,2048,0,1.0,-66.48979452861806,0.017305923625826836,59,0,-1,,0,0,9.798799999998664,15.020199999998596,32.18120000000013,3
181,1.0565079365079366,1,4096,0,1.0,-67.3712073880036,0.0014229295775294304,66,0,-1,,0,0,7.2536999999996965,14.929800000000881,49.515299999999485,6
182,1.062312925170068,1,4096,0,1.0,-68.29446468526865,0.00200512632727623,66,0,-1,,0,0,7.762599999999509,9.340400000002802,49.50670000000201,6
183,1.0681179138321995,1,4096,0,1.0,-66.32361253787477,0.001882178708910942,53,0,-1,,0,0,7.389899999999727,9.0564999999998,29.64460000000102,7
184,1.073922902494331,1,4096,0,1.0,-66.6138487924473,0.0019124411046504974,59,0,-1,,0,0,8.040799999999848,13.530299999999329,53.1550999999979,6
185,1.0797278911564625,1,4096,0,1.0,-67.66947044634202,0.0022733728401362896,59,0,-1,,0,0,7.2814000000001045,9.408000000000527,53.182300000003124,6
186,1.0855328798185941,1,4096,0,1.0,-64.7299681192165,0.0023970697075128555,59,0,-1,,0,0,9.685799999999745,10.92519999999908,48.06070000000062,6
187,1.0913378684807256,1,4096,0,1.0,-64.27373749980465,0.0024620138574391603,59,0,-1,,0,0,7.267000000002355,9.67099999999732,61.70540000000102,7
188,1.0971428571428572,1,4096,0,1.0,-64.98612020550608,0.002516580279916525,59,0,-1,,0,0,9.56120000000027,10.892800000000591,68.52489999999989,8
189,1.1029478458049886,1,4096,0,1.0,-63.85315373501032,0.0023960606195032597,59,0,-1,,0,0,4.6165000000009115,7.447199999997878,58.962700000002144,8
190,1.1087528344671203,1,4096,0,1.0,-64.20355003110073,0.0024615314323455095,59,0,-1,,0,0,7.7411000000005,10.0910999999968,72.63640000000038,10
191,1.1145578231292517,1,4096,0,1.0,-64.71862090719107,0.0025193120818585157,59,0,-1,,0,0,7.790699999997486,10.989500000000874,75.23379999999946,10
192,1.1203628117913833,1,4096,0,1.0,-65.19950437094724,0.002543027512729168,59,0,-1,,0,0,8.462500000000261,17.53789999999711,74.55210000000179,10
193,1.1261678004535147,1,4096,0,1.0,-65.34065996771061,0.0026264204643666744,59,0,-1,,0,0,6.68980000000019,9.163599999997274,73.98689999999775,10
194,1.1319727891156464,1,4096,0,1.0,-64.63541349934614,0.0026167130563408136,59,0,-1,,0,0,8.500800000000197,10.482199999998443,77.6709000000011,11
195,1.1377777777777778,1,4096,0,1.0,-65.19987056497973,0.002631785813719034,59,0,-1,,0,0,7.0104999999998086,9.32579999999561,81.76390000000211,13
196,1.1435827664399092,1,4096,0,1.0,-61.571587061498875,0.0026221044827252626,59,0,-1,,0,0,8.04210000000083,9.292600000001983,81.78039999999953,13
197,1.1493877551020408,1,4096,0,1.0,-57.274732266243305,0.0029693637043237686,59,0,-1,,0,0,7.562200000002406,11.271600000000603,106.6535999999978,13
198,1.1551927437641722,1,4096,0,1.0,-53.931548568009106,0.004110528156161308,59,0,-1,,0,0,12.06759999999818,13.68190000000169,89.06209999999959,13
199,1.1609977324263039,1,4096,0,1.0,-48.313087713033894,0.005316511262208223,53,0,-1,,0,0,5.899599999999339,8.94360000000205,88.99650000000037,13
200,1.1668027210884353,1,4096,0,1.0,-47.32055039345467,0.005599202122539282,53,0,-1,,0,0,8.198699999997672,10.154899999999856,106.20510000000039,14
201,1.172607709750567,1,4096,0,1.0,-47.473906733201545,0.0053135487250983715,66,0,-1,,0,0,6.816600000000506,8.467399999997127,92.78210000000087,14
202,1.1784126984126984,1,4096,0,1.0,-47.71301672924599,0.004672297276556492,66,0,-1,,0,0,5.615900000002227,10.70720000000236,114.21879999999973,13
203,1.18421768707483,1,4096,0,1.0,-47.97833696812306,0.004165343940258026,66,0,-1,,0,0,4.3527000000018745,6.008200000003683,114.26150000000135,13
204,1.1900226757369614,1,4096,0,1.0,-48.8494451093632,0.0038624813314527273,66,0,-1,,0,0,5.4906000000016775,6.90219999999897,89.37330000000188,13
205,1.195827664399093,1,4096,0,1.0,-48.540106186627256,0.004092181567102671,66,0,-1,,0,0,4.633800000000576,5.938000000000443,89.28450000000154,13
206,1.2016326530612245,1,4096,0,1.0,-44.03474950233621,0.004732012283056974,66,0,-1,,0,0,7.785099999999545,11.560100000000517,99.11749999999842,15
207,1.207437641723356,1,4096,0,1.0,-46.19604106953675,0.004963742569088936,66,0,-1,,0,0,7.7971000000012225,10.131000000001222,116.61059999999779,15
208,1.2132426303854875,1,4096,0,1.0,-47.488687550445704,0.00498374504968524,66,0,-1,,0,0,7.148499999999558,8.446100000000456,116.6121000000011,15
209,1.2190476190476192,1,4096,0,1.0,-48.381297948181974,0.005705001298338175,66,0,-1,,0,0,7.914799999998223,9.11479999999898,116.65479999999917,15
210,1.2248526077097506,1,4096,0,1.0,-50.01294455215351,0.005398537032306194,66,0,-1,,0,0,8.290000000002351,10.063500000001113,113.92359999999968,17
211,1.230657596371882,1,4096,0,1.0,-49.50153312168551,0.005135802086442709,66,0,-1,,0,0,11.052100000000564,13.00600000000074,122.60260000000045,19
212,1.2364625850340136,1,4096,0,1.0,-50.22589145472126,0.004910669289529324,66,0,-1,,0,0,7.407199999999392,8.496100000002116,147.1624000000027,18
213,1.242267573696145,1,4096,0,1.0,-52.11501886863676,0.006232487037777901,66,0,-1,,0,0,4.3973000000008255,6.126100000003021,122.53109999999978,18
214,1.2480725623582767,1,4096,0,1.0,-49.458958089230265,0.005457739345729351,65,0,-1,,0,0,4.272399999997845,5.4933000000012555,122.53380000000291,18
215,1.253877551020408,1,4096,0,1.0,-53.565959872743164,0.005423127673566341,65,0,-1,,0,0,7.146299999998718,9.148700000000787,122.57329999999911,18
216,1.2596825396825397,1,4096,0,1.0,-51.51112448361133,0.004877335857599974,65,0,-1,,0,0,4.845200000001881,8.058200000000681,111.33170000000092,19
217,1.2654875283446712,1,4096,0,1.0,-49.31504501540026,0.005147659219801426,69,0,-1,,0,0,8.098100000001551,9.821699999999822,121.62959999999856,19
218,1.2712925170068028,1,4096,0,1.0,-51.30344938654361,0.0047300588339567184,67,0,-1,,0,0,7.278499999998189,8.932000000001494,144.9510000000025,19
219,1.2770975056689342,1,4096,0,1.0,-49.93375443439446,0.004521135240793228,67,0,-1,,0,0,8.0726999999996,11.933799999997774,128.6455999999987,19
220,1.2829024943310658,1,4096,0,1.0,-48.61194070236196,0.005895177833735943,67,0,-1,,0,0,7.381199999997534,8.821500000003368,128.52900000000034,19
221,1.2887074829931973,1,4096,0,1.0,-50.90510584847152,0.004957339260727167,67,0,-1,,0,0,8.459200000000777,9.90189999999913,138.27849999999842,21
222,1.294512471655329,1,4096,0,1.0,-51.33449488319129,0.00435304082930088,67,0,-1,,0,0,7.122899999998822,10.98970000000321,145.95110000000133,21
223,1.3003174603174603,1,4096,0,1.0,-48.289417522826156,0.004825401119887829,67,0,-1,,0,0,7.658100000000445,9.093499999998755,145.93530000000143,21
224,1.3061224489795917,1,4096,0,1.0,-49.67867304730749,0.0050935205072164536,67,0,-1,,0,0,8.04430000000167,9.444499999997191,145.93289999999826,21
225,1.3119274376417234,1,4096,0,1.0,-47.506520910673686,0.004938203375786543,67,0,-1,,0,0,7.261799999998431,10.578999999999894,130.22640000000152,22
226,1.3177324263038548,1,4096,0,1.0,-49.71686198021481,0.005400126799941063,67,0,-1,,0,0,4.6965999999990515,8.242699999996717,137.48310000000075,22
227,1.3235374149659864,1,4096,0,1.0,-51.32052124432602,0.005301042925566435,67,0,-1,,0,0,4.61130000000054,6.352700000000766,161.90599999999833,21
228,1.3293424036281178,1,4096,0,1.0,-55.168347229513806,0.0049453359097242355,67,0,-1,,0,0,7.320199999998778,8.993499999998988,147.42230000000234,21
229,1.3351473922902495,1,4096,0,1.0,-54.95803002345752,0.005981206428259611,67,0,-1,,0,0,4.553900000001221,5.910099999997698,147.35250000000022,21
230,1.340952380952381,1,4096,0,1.0,-59.090486923434725,0.0060145556926727295,67,0,-1,,0,0,3.6751000000023737,4.8353000000034285,147.3943999999996,21
231,1.3467573696145125,1,4096,0,1.0,-61.21644220796838,0.0048493933863937855,67,0,-1,,0,0,8.858000000000033,11.576899999997892,148.07229999999905,23
232,1.352562358276644,1,4096,0,1.0,-62.553569020715244,0.0037544434890151024,67,0,-1,,0,0,7.930799999996907,9.915400000000574,165.0076000000027,23
233,1.3583673469387756,1,4096,0,1.0,-64.07431407900211,0.0031161708757281303,67,0,-1,,0,0,5.8344999999988545,7.601499999999817,165.05520000000118,23
234,1.364172335600907,1,4096,0,1.0,-65.88583807431162,0.003011538879945874,66,0,-1,,0,0,4.695900000001529,7.955599999998952,141.1623999999989,23
235,1.3699773242630386,1,4096,0,1.0,-71.99083194475706,0.0027905392926186323,66,0,-1,,0,0,7.645400000001246,9.989999999998389,162.85609999999906,22
236,1.37578231292517,1,512,1,1.0,-67.94049064186449,0.02209567464888096,59,0,-1,,0,0,3.6495000000016375,6.5495999999996,162.76069999999976,22
237,1.3815873015873017,1,512,0,1.0,-66.2251894295768,0.021638890728354454,59,0,-1,,0,0,3.5792000000007818,5.649200000000576,147.44389999999896,22
238,1.3873922902494331,1,512,0,1.0,-67.58249116495021,0.024173466488718987,59,0,-1,,0,0,3.5235999999976286,5.430300000000443,147.42170000000243,22
239,1.3931972789115645,1,1024,0,1.0,-65.62441332271321,0.022978078573942184,59,0,-1,,0,0,7.236100000000079,9.370600000004004,153.37639999999908,23
240,1.3990022675736962,1,1024,0,1.0,-56.903409105313465,0.0280083529651165,59,0,-1,,0,0,7.089400000001689,9.587200000002127,138.26299999999847,23
241,1.4048072562358276,1,2048,0,1.0,-52.506331240708015,0.03959612548351288,59,0,-1,,0,0,7.434199999998725,8.594000000002211,156.21249999999876,23
242,1.4106122448979592,1,2048,0,1.0,-49.591688057598404,0.057876136153936386,53,0,-1,,0,0,4.3112000000000705,5.775499999998601,156.547800000002,23
243,1.4164172335600906,1,2048,0,1.0,-49.38506544584914,0.08769793808460236,59,0,-1,,0,0,4.413200000001893,7.645900000003536,148.70170000000016,23
244,1.4222222222222223,1,2048,0,1.0,-46.41199882155334,0.09780875593423843,64,0,-1,,0,0,8.099800000000101,9.98390000000171,152.80750000000154,23
245,1.4280272108843537,1,4096,0,1.0,-51.70008519824883,0.004541776143014431,64,0,-1,,0,0,5.013499999996895,7.360500000000769,159.66450000000165,24
246,1.4338321995464853,1,4096,0,1.0,-50.49923185114561,0.0037460932508111,64,0,-1,,0,0,4.066900000001539,6.905799999998408,139.7402999999997,24
247,1.4396371882086167,1,4096,0,1.0,-53.49336327084822,0.003411223879083991,64,0,-1,,0,0,5.158699999999072,8.079200000000952,162.9971999999995,22
248,1.4454421768707484,1,4096,0,1.0,-56.581386519663106,0.0031670851167291403,64,0,-1,,0,0,3.6151999999987083,10.347600000002899,162.19010000000011,22
249,1.4512471655328798,1,4096,0,1.0,-57.62700225106356,0.0025586746633052826,64,0,-1,,0,0,3.3141000000007637,4.816099999999324,146.67770000000147,22
250,1.4570521541950114,1,4096,0,1.0,-57.756638639775076,0.002031805692240596,64,0,-1,,0,0,7.874699999998569,9.502999999998707,146.61640000000276,22
251,1.4628571428571429,1,4096,0,1.0,-62.033380837449826,0.001975695136934519,64,0,-1,,0,0,4.013099999998104,5.4791000000022905,150.9147000000013,23
252,1.4686621315192743,1,4096,0,1.0,-58.49816700502995,0.0019387844949960709,64,0,-1,,0,0,4.752099999997483,7.159300000001423,136.44410000000207,23
253,1.474467120181406,1,4096,0,1.0,-58.731500975860065,0.0018959345761686563,64,0,-1,,0,0,7.354400000000538,9.37460000000101,138.69050000000271,23
254,1.4802721088435373,1,4096,0,1.0,-60.696711308090876,0.001836626441217959,64,0,-1,,0,0,3.5820999999991443,4.845499999998282,143.31940000000287,24
255,1.486077097505669,1,4096,0,1.0,-61.79585912133962,0.0017940071411430836,64,0,-1,,0,0,3.576100000000082,5.06560000000178,138.02759999999736,25
256,1.4918820861678004,1,4096,0,1.0,-64.28219946532296,0.0016739608254283667,64,0,-1,,0,0,4.348199999999025,6.021100000001667,159.40820000000144,21
257,1.497687074829932,1,4096,0,1.0,-61.96034104225105,0.0016875528963282704,64,0,-1,,0,0,3.5029000000008637,5.283400000003269,159.5076000000013,21
258,1.5034920634920634,1,4096,0,1.0,-62.18743338332183,0.0016401337925344706,64,0,-1,,0,0,3.0266999999994937,5.958300000003192,144.27389999999818,21
259,1.509297052154195,1,4096,0,1.0,-61.407883969291646,0.0018338618101552129,64,0,-1,,0,0,3.6914999999986264,5.430900000000349,144.2021000000011,21
260,1.5151020408163265,1,4096,0,1.0,-48.16396246775164,0.0023162870202213526,64,0,-1,,0,0,4.358599999999768,6.256399999998052,144.18569999999775,21
261,1.5209070294784581,1,4096,0,1.0,-47.68948246849309,0.004003157373517752,59,0,-1,,0,0,5.776199999999676,10.784299999997415,138.14789999999988,22
262,1.5267120181405895,1,4096,0,1.0,-41.49122790324966,0.006651136092841625,59,0,-1,,0,0,5.225700000000444,8.093200000001133,138.1768000000001,22
263,1.5325170068027212,1,4096,0,1.0,-48.02632955220071,0.0077849626541137695,59,0,-1,,0,0,5.048599999998515,8.3631000000004,140.68900000000184,22
264,1.5383219954648526,1,4096,0,1.0,-43.48470252240947,0.008684655651450157,59,0,-1,,0,0,4.201600000001804,6.582399999999211,139.44649999999825,21
265,1.5441269841269842,1,4096,0,1.0,-43.83987607060034,0.008055450394749641,59,0,-1,,0,0,3.4553000000023815,5.488100000000884,139.4358000000011,21
266,1.5499319727891157,1,4096,0,1.0,-47.40015399362454,0.007499180268496275,64,0,-1,,0,0,3.7795000000002688,6.202500000000555,139.44320000000232,21
267,1.555736961451247,1,4096,0,1.0,-46.70938447190675,0.006924851331859827,64,0,-1,,0,0,4.794699999997931,9.180700000001707,126.51269999999926,22
268,1.5615419501133787,1,4096,0,1.0,-50.54028675867655,0.0056052980944514275,64,0,-1,,0,0,3.646099999997432,8.651100000001577,135.70729999999998,21
269,1.5673469387755101,1,4096,0,1.0,-47.99659793203987,0.005323628894984722,64,0,-1,,0,0,3.3125999999974454,5.119399999998109,135.81999999999894,21
270,1.5731519274376418,1,4096,0,1.0,-49.01746144780951,0.004706792999058962,64,0,-1,,0,0,4.221599999997494,6.211400000001532,125.62810000000013,21
271,1.5789569160997732,1,4096,0,1.0,-53.43409481475795,0.004112679976969957,64,0,-1,,0,0,5.7493000000015115,10.058900000000648,146.79549999999963,19
272,1.5847619047619048,1,4096,0,1.0,-53.314587505690724,0.0036261293571442366,64,0,-1,,0,0,3.364600000001161,5.963300000001226,146.87509999999904,19
273,1.5905668934240362,1,4096,0,1.0,-60.54927549618721,0.002833378268405795,64,0,-1,,0,0,3.4543999999989694,7.561899999995347,122.8490000000022,19
274,1.5963718820861679,1,4096,0,1.0,-62.62958035568117,0.0022541149519383907,64,0,-1,,0,0,6.145599999999973,8.16679999999792,122.76310000000024,19
275,1.6021768707482993,1,4096,0,1.0,-60.310198690363436,0.0023701004683971405,64,0,-1,,0,0,6.241799999997966,9.018099999998697,126.42269999999911,20
276,1.607981859410431,1,4096,0,1.0,-60.48280162665651,0.0020209834910929203,64,0,-1,,0,0,4.354700000000378,7.454500000001474,122.82160000000175,19
277,1.6137868480725623,1,4096,0,1.0,-62.48871815246094,0.0018328827572986484,64,0,-1,,0,0,5.0904000000002725,7.502700000003415,122.80510000000078,19
278,1.619591836734694,1,4096,0,1.0,-61.800042022139564,0.0014966540038585663,64,0,-1,,0,0,3.6245999999984235,5.526100000000866,126.75950000000213,20
279,1.6253968253968254,1,4096,0,1.0,-64.56831169077775,0.0014261298347264528,64,0,-1,,0,0,3.423800000000199,6.061700000000059,123.48940000000042,20
280,1.6312018140589568,1,4096,0,1.0,-64.97915336058423,0.001557462732307613,64,0,-1,,0,0,6.615599999999944,8.674400000000304,129.13959999999847,21
281,1.6370068027210884,1,4096,0,1.0,-62.70626810260639,0.0014595676911994815,64,0,-1,,0,0,4.82059999999862,7.855399999996848,144.65479999999786,19
282,1.6428117913832199,1,4096,0,1.0,-51.567458548564744,0.0018649129197001457,64,0,-1,,0,0,3.188399999999092,6.532800000002226,120.8443999999993,19
283,1.6486167800453515,1,4096,0,1.0,-45.332371868509505,0.003070160746574402,64,0,-1,,0,0,3.556800000001914,5.704000000001486,120.75800000000214,19
284,1.654421768707483,1,4096,0,1.0,-47.56544601332939,0.0033945078030228615,64,0,-1,,0,0,4.922100000001706,7.151699999997874,123.28149999999738,20
285,1.6602267573696146,1,4096,0,1.0,-50.73985697452549,0.004281223751604557,64,0,-1,,0,0,4.129100000000108,7.34470000000087,123.47390000000047,18
286,1.666031746031746,1,4096,0,1.0,-52.90916034717875,0.003467342583462596,59,0,-1,,0,0,4.4213000000006275,7.067500000001559,122.93319999999852,18
287,1.6718367346938776,1,4096,0,1.0,-52.54703016794159,0.003679846180602908,59,0,-1,,0,0,6.207400000000973,8.016200000003693,122.88300000000163,18
288,1.677641723356009,1,4096,0,1.0,-47.91374748987093,0.00523225124925375,59,0,-1,,0,0,3.5881999999993752,6.231300000003159,110.43929999999946,19
289,1.6834467120181407,1,4096,0,1.0,-47.3083230203676,0.0060377768240869045,59,0,-1,,0,0,3.7151000000008594,5.6831000000023835,130.5375999999967,17
290,1.689251700680272,1,4096,0,1.0,-42.12755809344131,0.008068416267633438,59,0,-1,,0,0,9.064499999997366,11.376500000000789,130.60589999999905,17
291,1.6950566893424037,1,4096,0,1.0,-42.72981565411369,0.00737711600959301,64,0,-1,,0,0,5.14569999999992,7.045800000000213,116.72200000000288,17
292,1.7008616780045351,1,4096,0,1.0,-46.791446728825036,0.008240647614002228,64,0,-1,,0,0,8.487000000002354,13.164400000000853,124.61410000000228,19
293,1.7066666666666668,1,4096,0,1.0,-38.27912933596522,0.009893074631690979,64,0,-1,,0,0,3.655899999998269,5.25079999999889,147.542099999999,17
294,1.7124716553287982,1,4096,0,1.0,-39.57045433400223,0.010979277081787586,64,0,-1,,0,0,3.2578000000000884,5.410200000000032,122.66629999999878,17
295,1.7182766439909296,1,4096,0,1.0,-44.36069857937521,0.013124383054673672,64,0,-1,,0,0,5.525800000000913,7.460300000001752,122.64680000000183,17
296,1.7240816326530612,1,4096,0,1.0,-45.12328497012345,0.013747626915574074,64,0,-1,,0,0,4.131699999998517,6.891499999998274,122.6629999999993,17
297,1.7298866213151927,1,4096,0,1.0,-46.92473394248005,0.013601385056972504,69,0,-1,,0,0,3.247400000002898,5.9681000000040285,108.83190000000198,17
298,1.7356916099773243,1,4096,0,1.0,-47.38902649030762,0.013870819471776485,69,0,-1,,0,0,4.038500000000056,5.678199999998412,112.27799999999988,18
299,1.7414965986394557,1,4096,0,1.0,-48.26357326428351,0.009376998990774155,69,0,-1,,0,0,5.525800000000913,8.184899999999828,121.8623999999977,17
300,1.7473015873015874,1,4096,0,1.0,-53.04396704320817,0.01019449532032013,69,0,-1,,0,0,3.5047000000005823,6.07480000000038,112.70629999999926,17
301,1.7531065759637188,1,4096,0,1.0,-54.16819009632043,0.007316036149859428,69,0,-1,,0,0,4.147500000001969,6.635700000000355,116.9633999999995,18
302,1.7589115646258504,1,4096,0,1.0,-57.2254702396921,0.006145849358290434,69,0,-1,,0,0,3.6285000000013667,7.517200000002333,139.60160000000243,15
303,1.7647165532879818,1,4096,0,1.0,-54.807617135969686,0.00613808911293745,69,0,-1,,0,0,5.1130000000014775,8.202100000001877,119.55050000000256,15
304,1.7705215419501135,1,4096,0,1.0,-55.780445556154454,0.006165540777146816,69,0,-1,,0,0,3.3351000000010345,4.492899999998912,118.9189000000006,15
305,1.7763265306122449,1,4096,0,1.0,-60.89118184258511,0.005640330724418163,69,0,-1,,0,0,4.538900000000012,6.292999999999438,118.82190000000037,15
306,1.7821315192743765,1,4096,0,1.0,-61.785288379412876,0.004613901488482952,69,0,-1,,0,0,7.525399999998683,10.47280000000228,102.3139999999998,15
307,1.787936507936508,1,4096,0,1.0,-63.04213165026457,0.0031957332976162434,69,0,-1,,0,0,6.678799999999541,9.446400000001631,122.63710000000216,17
308,1.7937414965986394,1,4096,0,1.0,-66.7863234941087,0.003493162337690592,64,0,-1,,0,0,3.5792000000007818,5.927100000000962,122.71979999999871,17
309,1.799546485260771,1,4096,0,1.0,-64.20467313360922,0.002294399542734027,64,0,-1,,0,0,5.202600000000501,8.907100000001833,99.22030000000248,17
310,1.8053514739229024,1,512,1,1.0,-68.07095016150014,0.02264288440346718,59,0,-1,,0,0,5.38479999999808,7.738599999999707,101.93729999999945,17
311,1.811156462585034,1,512,0,1.0,-71.13249254413506,0.020709233358502388,59,0,-1,,0,0,4.800900000002883,7.2223999999962984,125.79209999999819,14
312,1.8169614512471655,1,512,0,1.0,-70.97620737754637,0.02329588495194912,59,0,-1,,0,0,5.725500000000494,8.89410000000268,117.89590000000061,14
313,1.822766439909297,1,1024,0,1.0,-69.53812079522409,0.02083948627114296,59,0,-1,,0,0,3.6076999999998804,5.115599999999887,117.74150000000105,14
314,1.8285714285714285,1,1024,0,1.0,-68.73052808871205,0.020481254905462265,59,0,-1,,0,0,3.544699999999068,4.345400000001831,117.70100000000028,14
315,1.8343764172335602,1,2048,0,1.0,-68.24050024078336,0.01998007856309414,59,0,-1,,0,0,4.200600000000776,5.8611999999982345,93.4765000000013,14
316,1.8401814058956916,1,2048,0,1.0,-64.60980897110203,0.020224807783961296,59,0,-1,,0,0,5.376199999997056,6.871700000001368,105.89310000000296,14
317,1.8459863945578232,1,2048,0,1.0,-60.144847522495944,0.020693808794021606,59,0,-1,,0,0,3.942500000000848,6.52549999999863,105.96249999999685,14
318,1.8517913832199546,1,2048,0,1.0,-56.286752569954935,0.02270001359283924,59,0,-1,,0,0,3.733499999999168,5.294900000002656,92.65969999999868,14
319,1.8575963718820863,1,4096,0,1.0,-59.449291834295146,0.002593891927972436,59,0,-1,,0,0,7.585599999998749,9.395299999997775,109.06070000000057,15
320,1.8634013605442177,1,4096,0,1.0,-61.681577395190025,0.0025622283574193716,59,0,-1,,0,0,5.473899999998366,8.014699999996822,109.12599999999983,15
321,1.8692063492063493,1,4096,0,1.0,-59.06112643418616,0.002738651353865862,59,0,-1,,0,0,4.661299999998647,8.4407000000013,87.91029999999722,15
322,1.8750113378684807,1,4096,0,1.0,-56.88444591339464,0.002785039134323597,59,0,-1,,0,0,5.767599999998652,8.373800000001097,95.28099999999995,15
323,1.8808163265306121,1,4096,0,1.0,-52.7602013934861,0.0032808382529765368,59,0,-1,,0,0,3.661100000002193,4.540500000000947,95.2118999999989,15
324,1.8866213151927438,1,4096,0,1.0,-50.799005846366434,0.003533999901264906,59,0,-1,,0,0,3.8784999999990077,6.092299999998829,92.5159000000022,15
325,1.8924263038548752,1,4096,0,1.0,-57.89168340302854,0.003180957632139325,59,0,-1,,0,0,5.909799999997745,7.048400000002175,115.86970000000107,12
326,1.8982312925170068,1,4096,0,1.0,-50.77078423993839,0.003931515850126743,59,0,-1,,0,0,3.5254000000009,4.306000000003252,115.89910000000003,12
327,1.9040362811791383,1,4096,0,1.0,-57.07064453629989,0.0032155518420040607,59,0,-1,,0,0,3.3794999999976483,5.248100000002864,98.84440000000083,12
328,1.90984126984127,1,4096,0,1.0,-53.356247339100314,0.003439177293330431,59,0,-1,,0,0,3.0780999999997505,6.248000000002918,98.10359999999818,12
329,1.9156462585034013,1,4096,0,1.0,-54.63154929405347,0.003267185064032674,59,0,-1,,0,0,6.588299999997105,7.873199999998803,98.03640000000158,12
330,1.921451247165533,1,4096,0,1.0,-56.73689395106454,0.003351821331307292,59,0,-1,,0,0,3.6370999999988385,7.1418000000029735,86.12090000000094,12
331,1.9272562358276644,1,4096,0,1.0,-56.23976474722532,0.003292504930868745,59,0,-1,,0,0,3.5471000000022457,4.523700000003572,86.07879999999923,12
332,1.933061224489796,1,4096,0,1.0,-57.98819151871528,0.0031470709946006536,59,0,-1,,0,0,5.579600000000795,6.993099999998975,86.06409999999798,12
333,1.9388662131519274,1,4096,0,1.0,-58.710610516519225,0.0030533617828041315,59,0,-1,,0,0,7.51329999999939,10.015100000000388,83.44059999999942,14
334,1.944671201814059,1,4096,0,1.0,-57.663400274685955,0.0029925615526735783,59,0,-1,,0,0,4.279400000001488,5.754199999998377,86.94179999999818,14
335,1.9504761904761905,1,4096,0,1.0,-58.13185396602195,0.0029961816035211086,59,0,-1,,0,0,6.549899999999553,8.584199999997821,107.83179999999959,12
336,1.956281179138322,1,4096,0,1.0,-59.36665908365698,0.0028133862651884556,59,0,-1,,0,0,3.560600000000136,5.835799999999836,91.93040000000252,12
337,1.9620861678004535,1,4096,0,1.0,-57.53783961901148,0.003112336853519082,59,0,-1,,0,0,3.479500000000968,7.670100000002122,91.93769999999901,12
338,1.967891156462585,1,4096,0,1.0,-57.13094935080187,0.0027507045306265354,59,0,-1,,0,0,5.352700000003097,7.3556000000039035,91.97029999999984,12
339,1.9736961451247166,1,4096,0,1.0,-58.86535764555121,0.0028929701074957848,59,0,-1,,0,0,6.637500000000074,10.169000000004758,91.57599999999988,13
340,1.979501133786848,1,4096,0,1.0,-60.88439775484464,0.0029550958424806595,59,0,-1,,0,0,3.925999999999874,6.414400000000597,91.61019999999809,13
341,1.9853061224489796,1,4096,0,1.0,-63.06146453005959,0.0028616185300052166,59,0,-1,,0,0,6.529300000000404,9.195599999998194,93.84719999999902,14
342,1.991111111111111,1,4096,0,1.0,-64.83215163866016,0.0029051839374005795,59,0,-1,,0,0,4.556199999999677,8.753899999998538,90.67770000000053,11
343,1.9969160997732427,1,4096,0,1.0,-66.83179082487995,0.002676208969205618,59,0,-1,,0,0,3.82940000000076,4.730600000002028,90.06549999999791,11
344,2.0027210884353743,1,4096,0,1.0,-66.61580534241325,0.0027499799616634846,59,0,-1,,0,0,6.505899999996956,7.349600000001288,89.98409999999879,11
345,2.0085260770975055,1,512,1,1.0,-67.47163479104844,0.020301124081015587,59,0,-1,,0,0,3.8927999999991414,6.570600000003424,77.60559999999828,11
346,2.014331065759637,1,512,0,1.0,-69.94185615971861,0.020217658951878548,59,0,-1,,0,0,4.736699999998706,6.829500000002042,82.31010000000083,12
347,2.020136054421769,1,512,0,1.0,-71.89714605936943,0.02040027640759945,59,0,-1,,0,0,6.9497999999974525,8.779000000000536,110.4448999999974,11
348,2.0259410430839004,1,1024,0,1.0,-73.19775884823582,0.019800368696451187,59,0,-1,,0,0,4.361400000000515,6.577000000000055,99.16099999999872,11
349,2.0317460317460316,1,1024,0,1.0,-73.92516903403074,0.020112711936235428,59,0,-1,,0,0,3.7077000000032,7.2665999999976805,99.1749999999989,11
350,2.0375510204081633,1,2048,0,1.0,-73.87745145216415,0.019958507269620895,59,0,-1,,0,0,6.705600000000089,8.687200000000672,99.19149999999988,11
351,2.043356009070295,1,2048,0,1.0,-73.94236686450891,0.020010624080896378,59,0,-1,,0,0,4.017999999998523,7.878699999999128,76.7175999999985,11
352,2.049160997732426,1,2048,0,1.0,-70.75842412008018,0.02008633315563202,59,0,-1,,0,0,4.327100000001138,6.266900000003517,88.49779999999896,12
353,2.0549659863945577,1,2048,0,1.0,-63.481863573262785,0.020065084099769592,59,0,-1,,0,0,4.957099999998604,6.085200000001123,88.5869000000028,12
354,2.0607709750566894,1,4096,0,1.0,-55.49817805485459,0.0027213473804295063,59,0,-1,,0,0,4.683599999999899,7.194300000001874,75.23760000000124,12
355,2.066575963718821,1,4096,0,1.0,-53.025570992300516,0.0029171910136938095,59,0,-1,,0,0,5.02039999999937,6.07989999999603,97.10739999999873,10
356,2.072380952380952,1,4096,0,1.0,-57.43872491399472,0.0027856111992150545,59,0,-1,,0,0,3.5634000000008825,5.153099999997579,97.11610000000093,10
357,2.078185941043084,1,4096,0,1.0,-57.736824200946785,0.002789631485939026,59,0,-1,,0,0,7.301900000001638,10.3845999999983,73.88320000000093,10
358,2.0839909297052155,1,4096,0,1.0,-50.609983573061626,0.0035264831967651844,59,0,-1,,0,0,4.757200000000239,6.913499999999573,73.79110000000111,10
359,2.089795918367347,1,4096,0,1.0,-51.29099777691813,0.003410066245123744,59,0,-1,,0,0,6.125900000000684,9.332299999996962,82.76070000000146,12
360,2.0956009070294783,1,4096,0,1.0,-57.1664389312741,0.0035091745667159557,59,0,-1,,0,0,7.764500000000396,10.403600000003621,93.35000000000093,13
361,2.10140589569161,1,4096,0,1.0,-57.53317267282603,0.00332700670696795,59,0,-1,,0,0,6.187500000002899,8.311200000001406,93.36629999999957,13
362,2.1072108843537416,1,4096,0,1.0,-60.55295263250816,0.003070277627557516,59,0,-1,,0,0,7.491099999999307,9.358399999999989,95.87059999999781,13
363,2.1130158730158732,1,4096,0,1.0,-65.58021915582808,0.0028585069812834263,59,0,-1,,0,0,4.067200000001492,7.195300000002902,89.5216000000012,11
364,2.1188208616780044,1,4096,0,1.0,-64.68001929941903,0.002829416422173381,59,0,-1,,0,0,4.074300000002751,5.105700000001434,89.4857999999985,11
365,2.124625850340136,1,512,1,1.0,-67.39455787702963,0.021486949175596237,59,0,-1,,0,0,5.0762000000013074,6.260999999998518,89.47669999999874,11
366,2.1304308390022677,1,512,0,1.0,-67.8698757049364,0.02111496962606907,59,0,-1,,0,0,3.9052000000019405,6.514400000000364,76.59469999999757,11
367,2.136235827664399,1,512,0,1.0,-69.19386965443073,0.02142977900803089,59,0,-1,,0,0,5.404399999999754,8.133300000000787,84.30620000000033,13
368,2.1420408163265305,1,1024,0,1.0,-70.61919670481973,0.020985646173357964,59,0,-1,,0,0,8.507399999999166,10.107200000000205,109.9420000000002,13
369,2.147845804988662,1,1024,0,1.0,-70.1443334148068,0.020485352724790573,59,0,-1,,0,0,4.423899999999037,5.6750999999977125,84.85069999999695,13
370,2.153650793650794,1,2048,0,1.0,-72.70928984054348,0.020237378776073456,59,0,-1,,0,0,9.004199999999685,10.197299999997966,84.8040999999995,13
371,2.159455782312925,1,2048,0,1.0,-70.19956349481974,0.020123858004808426,59,0,-1,,0,0,10.488900000002133,11.77279999999925,90.42649999999952,13
372,2.1652607709750566,1,2048,0,1.0,-63.49134900927937,0.020511498674750328,59,0,-1,,0,0,11.302099999998205,13.906399999999763,93.90649999999923,14
373,2.1710657596371883,1,2048,0,1.0,-65.63775974735289,0.02082713693380356,59,0,-1,,0,0,8.529299999999296,9.804600000002495,119.93000000000009,13
374,2.17687074829932,1,4096,0,1.0,-59.570165217689606,0.0029609815683215857,59,0,-1,,0,0,4.931800000001374,7.157899999999273,120.15110000000107,13
375,2.182675736961451,1,4096,0,1.0,-50.28430361316002,0.0030382683034986258,59,0,-1,,0,0,3.584899999999891,6.098099999999107,103.88630000000276,13
376,2.1884807256235828,1,4096,0,1.0,-51.596049160421,0.004520950838923454,59,0,-1,,0,0,5.4946999999998525,8.35920000000101,103.86390000000034,13
377,2.1942857142857144,1,4096,0,1.0,-46.72796951241905,0.00551609368994832,53,0,-1,,0,0,6.561599999997725,8.785599999999505,108.07130000000242,13
378,2.2000907029478456,1,4096,0,1.0,-49.57932007808366,0.005536358803510666,59,0,-1,,0,0,4.575300000002613,6.442100000001005,97.88050000000226,16
379,2.2058956916099772,1,4096,0,1.0,-45.36746674676103,0.0053863609209656715,64,0,-1,,0,0,4.9928000000001305,6.143900000001423,97.81779999999785,16
380,2.211700680272109,1,4096,0,1.0,-48.97420058000424,0.0055481805466115475,64,0,-1,,0,0,4.988699999998403,6.248800000001609,99.15309999999877,16
381,2.2175056689342405,1,4096,0,1.0,-45.31793823768139,0.0056771147064864635,66,0,-1,,0,0,5.203500000000361,8.108199999998789,113.09510000000245,14
382,2.2233106575963717,1,4096,0,1.0,-51.41689835357919,0.00490931561216712,66,0,-1,,0,0,4.968200000000422,6.321200000002136,112.56829999999951,14
383,2.2291156462585033,1,4096,0,1.0,-47.65967801951152,0.004146409220993519,66,0,-1,,0,0,3.562299999998686,4.667100000002478,112.49719999999996,14
384,2.234920634920635,1,4096,0,1.0,-51.92288035325171,0.003696902422234416,66,0,-1,,0,0,3.806799999999555,6.439799999998996,88.63549999999876,14
385,2.2407256235827666,1,4096,0,1.0,-47.84379432339156,0.003981292247772217,66,0,-1,,0,0,5.266999999999911,11.162399999996353,91.66649999999876,14
386,2.246530612244898,1,4096,0,1.0,-51.372882209554376,0.0036752948071807623,66,0,-1,,0,0,7.696200000001596,10.947200000000379,105.86940000000311,14
387,2.2523356009070294,1,4096,0,1.0,-53.78958063884908,0.0030733454041182995,66,0,-1,,0,0,5.029900000000254,7.416599999999107,88.01610000000082,14
388,2.258140589569161,1,4096,0,1.0,-56.009500663727124,0.002645565662533045,66,0,-1,,0,0,9.03210000000243,12.104300000004287,103.03589999999829,15
389,2.2639455782312927,1,4096,0,1.0,-59.11505714020204,0.0022646267898380756,66,0,-1,,0,0,5.622200000001243,7.772299999999177,103.03180000000012,15
390,2.269750566893424,1,4096,0,1.0,-60.8454688067137,0.002193855820223689,66,0,-1,,0,0,5.629899999998855,8.34350000000228,97.14380000000133,15
391,2.2755555555555556,1,4096,0,1.0,-57.47093287925778,0.0020860612858086824,66,0,-1,,0,0,4.819000000001239,9.10459999999702,96.10899999999845,15
392,2.281360544217687,1,4096,0,1.0,-57.80469122006869,0.0025187802966684103,66,0,-1,,0,0,3.997900000001664,6.536900000000401,95.99410000000219,15
393,2.2871655328798184,1,4096,0,1.0,-58.08220707442709,0.00216284254565835,66,0,-1,,0,0,8.108000000000004,9.290099999997636,113.06869999999947,15
394,2.29297052154195,1,4096,0,1.0,-59.98225600075611,0.0022746094036847353,64,0,-1,,0,0,6.405699999998404,7.408699999999158,113.19199999999796,15
395,2.2987755102040817,1,4096,0,1.0,-64.06991580329684,0.0023352468851953745,64,0,-1,,0,0,5.7189000000015255,6.8747000000008995,112.67810000000011,15
396,2.3045804988662133,1,4096,0,1.0,-63.09455501012694,0.0024817727971822023,64,0,-1,,0,0,6.908200000001585,9.122100000002575,104.92530000000144,16
397,2.3103854875283445,1,4096,0,1.0,-65.2602950099398,0.0022474650759249926,64,0,-1,,0,0,4.224300000000625,6.278899999998089,116.04409999999987,15
398,2.316190476190476,1,512,1,1.0,-68.20273369152336,0.020524131134152412,59,0,-1,,0,0,6.594899999999626,9.081000000001893,116.09539999999896,15
399,2.3219954648526078,1,512,0,1.0,-66.61261734267507,0.021419933065772057,59,0,-1,,0,0,7.144000000000261,10.254800000002007,101.73289999999824,19
400,2.3278004535147394,1,512,0,1.0,-69.64409791797331,0.020331736654043198,59,0,-1,,0,0,8.910300000000149,12.480799999998737,128.1037000000005,17
401,2.3336054421768706,1,1024,0,1.0,-68.69762707893437,0.02068435028195381,59,0,-1,,0,0,5.277299999999485,9.21080000000174,128.32810000000094,17
402,2.3394104308390022,1,1024,0,1.0,-62.37490743324179,0.020959189161658287,59,0,-1,,0,0,8.382900000000859,11.95189999999613,112.12920000000182,17
403,2.345215419501134,1,2048,0,1.0,-56.71173838128812,0.023399118334054947,59,0,-1,,0,0,5.341299999997773,8.731299999997333,125.60789999999855,18
404,2.3510204081632655,1,2048,0,1.0,-48.94601608416954,0.04934505745768547,59,0,-1,,0,0,4.2227999999973065,5.7064999999987265,125.81439999999944,18
405,2.3568253968253967,1,2048,0,1.0,-45.377589921856625,0.0740102082490921,59,0,-1,,0,0,7.677300000000997,10.794500000002927,112.68270000000058,18
406,2.3626303854875284,1,2048,0,1.0,-46.980132011574185,0.09132694453001022,59,0,-1,,0,0,4.424499999998943,6.219399999995545,133.30399999999898,16
407,2.36843537414966,1,4096,0,1.0,-42.34832351809557,0.006626123562455177,59,0,-1,,0,0,5.246799999998331,7.100100000002385,132.546099999999,16
408,2.374240362811791,1,4096,0,1.0,-40.850288157889594,0.007476199883967638,59,0,-1,,0,0,4.619100000002874,8.928799999999626,117.64870000000016,16
409,2.380045351473923,1,4096,0,1.0,-40.75582676259241,0.005723342765122652,59,0,-1,,0,0,4.733699999999175,6.460600000000483,117.08070000000248,16
410,2.3858503401360545,1,4096,0,1.0,-44.07656061761456,0.0066791316494345665,59,0,-1,,0,0,13.388100000000236,14.717400000002101,130.21480000000096,20
411,2.391655328798186,1,4096,0,1.0,-39.97455988647039,0.006995446979999542,64,0,-1,,0,0,6.697500000001355,8.514500000000425,123.7881999999999,19
412,2.3974603174603173,1,4096,0,1.0,-41.0643499665841,0.007109496276825666,69,0,-1,,0,0,6.275899999998558,8.364699999997782,123.71540000000181,19
413,2.403265306122449,1,4096,0,1.0,-42.50712519103959,0.0077385916374623775,69,0,-1,,0,0,5.186699999999433,8.848400000001533,126.29659999999987,19
414,2.4090702947845806,1,4096,0,1.0,-43.24419548134681,0.007801953703165054,69,0,-1,,0,0,10.015899999999078,16.15329999999915,125.55899999999909,20
415,2.414875283446712,1,4096,0,1.0,-42.592915705546886,0.008270646445453167,69,0,-1,,0,0,8.398800000001927,9.813599999997535,151.54509999999988,21
416,2.4206802721088434,1,4096,0,1.0,-45.21976682804592,0.009015114977955818,69,0,-1,,0,0,9.821999999999775,11.362299999998271,151.60910000000172,21
417,2.426485260770975,1,4096,0,1.0,-47.26636162327929,0.00904837716370821,69,0,-1,,0,0,11.555000000001314,13.97670000000062,149.48429999999746,21
418,2.4322902494331067,1,4096,0,1.0,-48.938430782504184,0.009472496807575226,71,0,-1,,0,0,10.874699999998683,14.031299999999192,172.46060000000085,24
419,2.4380952380952383,1,4096,0,1.0,-49.756515890704506,0.009021966718137264,71,0,-1,,0,0,9.516999999998887,12.492400000002846,172.06730000000192,24
420,2.4439002267573695,1,4096,0,1.0,-54.105717239151815,0.007844531908631325,71,0,-1,,0,0,9.824099999999447,17.911599999997918,174.89869999999996,25
421,2.449705215419501,1,4096,0,1.0,-55.562544222458,0.005391224287450314,71,0,-1,,0,0,7.1168999999997595,8.477999999996655,174.82780000000275,25
422,2.455510204081633,1,4096,0,1.0,-57.547035895840736,0.006053555756807327,69,0,-1,,0,0,8.744799999998776,9.674800000002648,181.2523999999982,25
423,2.461315192743764,1,4096,0,1.0,-59.11727426167605,0.004252361133694649,69,0,-1,,0,0,8.976499999999277,11.568699999997989,174.3319999999997,26
424,2.4671201814058956,1,4096,0,1.0,-59.23649776965108,0.00443708710372448,69,0,-1,,0,0,8.137099999999009,11.683999999998917,188.72929999999855,27
425,2.4729251700680273,1,4096,0,1.0,-60.90579388412412,0.003307679435238242,69,0,-1,,0,0,8.295500000002676,10.280299999998022,188.7484999999991,27
426,2.478730158730159,1,4096,0,1.0,-60.348137619700424,0.0042588855139911175,69,0,-1,,0,0,8.161899999997502,11.681499999998124,183.06429999999807,28
427,2.48453514739229,1,4096,0,1.0,-58.34705030800084,0.0036051629576832056,72,0,-1,,0,0,9.412499999999824,10.892799999997038,182.4943999999995,28
428,2.4903401360544217,1,4096,0,1.0,-60.16914070833322,0.0026322887279093266,72,0,-1,,0,0,7.3347000000012486,9.174200000000354,204.57370000000097,29
429,2.4961451247165534,1,4096,0,1.0,-62.10018113025075,0.003178006038069725,69,0,-1,,0,0,9.29179999999974,12.55159999999833,198.68650000000088,29
430,2.501950113378685,1,4096,0,1.0,-63.683660479825306,0.0027263525407761335,69,0,-1,,0,0,7.345799999999514,10.91339999999974,200.21489999999886,29
431,2.507755102040816,1,4096,0,1.0,-66.91485116633773,0.0021247335243970156,72,0,-1,,0,0,6.358499999997491,14.483399999999591,212.1011000000017,30
432,2.513560090702948,1,4096,0,1.0,-66.96498941052882,0.0018135234713554382,72,0,-1,,0,0,5.495299999999759,7.764500000000396,196.07170000000096,31
433,2.5193650793650795,1,512,1,1.0,-67.38278045688992,0.023363381624221802,59,0,-1,,0,0,7.535400000001857,11.7869000000006,217.89959999999908,32
434,2.5251700680272107,1,512,0,1.0,-69.64686451681911,0.020772304385900497,59,0,-1,,0,0,5.816199999998162,7.9139999999995325,217.91430000000034,32
435,2.5309750566893423,1,512,0,1.0,-72.10014336180944,0.021223101764917374,59,0,-1,,0,0,5.462499999996595,7.423700000000366,201.35340000000213,32
436,2.536780045351474,1,1024,0,1.0,-69.16705058780596,0.020963944494724274,59,0,-1,,0,0,5.620400000001524,6.9379000000004964,204.19760000000053,32
437,2.5425850340136056,1,1024,0,1.0,-70.23227508106748,0.020514173433184624,59,0,-1,,0,0,8.923499999998086,10.55499999999654,216.30970000000005,33
438,2.5483900226757368,1,2048,0,1.0,-71.22199707446005,0.020078886300325394,59,0,-1,,0,0,5.09399999999971,8.377899999999272,193.9668999999995,33
439,2.5541950113378684,1,2048,0,1.0,-67.44155124576216,0.020259397104382515,59,0,-1,,0,0,6.246600000000768,10.174600000002698,202.78929999999917,34
440,2.56,1,2048,0,1.0,-70.41038735307622,0.020390182733535767,59,0,-1,,0,0,5.298700000000878,7.479400000001135,205.25280000000024,34
441,2.5658049886621317,1,2048,0,1.0,-69.59028287676321,0.02022162824869156,59,0,-1,,0,0,7.457600000002174,9.648499999997284,210.1906999999983,35
442,2.571609977324263,1,4096,0,1.0,-68.8680902935749,0.0026913457550108433,59,0,-1,,0,0,8.183400000000063,9.537400000002805,214.36940000000249,36
443,2.5774149659863945,1,4096,0,1.0,-68.69446761817699,0.0026798821054399014,59,0,-1,,0,0,6.779500000000382,8.357600000000076,237.86540000000045,33
444,2.583219954648526,1,4096,0,1.0,-72.52995387050066,0.0026309748645871878,59,0,-1,,0,0,5.2032000000004075,7.61579999999995,220.17080000000178,33
445,2.589024943310658,1,4096,0,1.0,-75.87375621549629,0.0026610635686665773,59,0,-1,,0,0,3.5708999999997104,5.2248000000005845,220.11859999999928,33
446,2.594829931972789,1,4096,0,1.0,-77.03998232997237,0.0026116627268493176,59,0,-1,,0,0,4.1561000000029935,12.358000000002534,220.13049999999978,33
447,2.6006349206349206,1,4096,0,1.0,-80.16340796929482,0.0026364997029304504,59,0,-1,,0,0,8.445899999998119,10.528099999998375,197.1348000000006,34
448,2.6064399092970523,1,4096,0,1.0,-80.16833236250825,0.0026450876612216234,59,0,-1,,0,0,5.242900000002493,12.738600000002265,203.60119999999782,34
449,2.6122448979591835,1,4096,0,1.0,-78.58525602060561,0.0026287147775292397,59,0,-1,,0,0,6.78050000000141,10.345199999999721,211.14120000000014,36
450,2.618049886621315,1,4096,0,1.0,-77.8570782872629,0.0026368508115410805,59,0,-1,,0,0,7.2496000000015215,8.81069999999795,218.4855999999975,36
451,2.6238548752834467,1,4096,0,1.0,-81.94053064251048,0.0026238884311169386,59,0,-1,,0,0,8.496499999999685,9.9415000000036,218.55259999999888,36
452,2.6296598639455784,1,4096,0,0.9212556425927012,-83.2343785582718,0.0026196190156042576,59,0,-1,,0,0,4.4439000000018325,5.695800000001583,218.5995000000034,36
453,2.6354648526077096,1,4096,0,1.0,-81.97524909364448,0.0026181619614362717,59,0,-1,,0,0,5.46990000000136,7.342699999998814,207.52569999999793,36
454,2.641269841269841,1,4096,0,0.6772406685811564,-85.29436813678714,0.0026160236448049545,59,0,-1,,0,0,7.140799999998393,9.115699999998839,219.35270000000173,37
455,2.647074829931973,1,4096,0,0.5822354766511343,-85.3481664212789,0.0026376484893262386,59,0,-1,,0,0,6.483400000000472,7.58809999999599,221.82379999999924,37
456,2.6528798185941045,1,4096,0,0.14075095331635537,-88.03379838428646,0.002630823291838169,59,0,-1,,0,0,4.725399999998103,7.799200000000894,229.27740000000085,35
457,2.6586848072562357,1,4096,0,0.1220074363337782,-90.76893274520665,0.002620685612782836,59,0,-1,,0,0,4.733900000001512,6.682199999996641,229.288099999998,35
458,2.6644897959183673,1,4096,0,0.013156255182886458,-89.08588132351025,0.0026138359680771828,59,0,-1,,0,0,4.635700000001464,6.57290000000188,229.30719999999738,35
459,2.670294784580499,1,4096,0,0.0,-90.90299974677376,0.002647433429956436,59,0,-1,,0,0,4.503299999999655,8.243399999997791,206.40360000000157,35
460,2.6760997732426306,1,4096,0,0.5869757294955757,-89.58737780808205,0.0026256011333316565,59,0,-1,,0,0,6.022300000001479,8.973499999999746,209.60870000000043,35
461,2.681904761904762,1,4096,0,0.0,-91.28924875633835,0.0026297098957002163,59,0,-1,,0,0,7.5006000000001904,10.9111999999989,238.7788999999998,36
462,2.6877097505668934,1,4096,0,0.0,-92.59373024143176,0.0026333469431847334,59,0,-1,,0,0,5.968700000000382,8.365600000001194,222.6838000000022,36
463,2.693514739229025,1,4096,0,0.0,-91.50723190533614,0.0026404070667922497,59,0,-1,,0,0,4.581699999999245,6.671499999999497,222.60530000000145,36
464,2.6993197278911563,1,4096,0,0.0,-93.20958212190418,0.002644564490765333,59,0,-1,,0,0,4.193199999999564,9.147099999999853,222.61499999999756,36
465,2.705124716553288,1,4096,0,0.0,-94.00619505307482,0.00263732741586864,59,0,-1,,0,0,7.3079000000007,9.699199999996466,216.92760000000177,36
466,2.7109297052154195,1,4096,0,0.0,-94.78788574539414,0.0026321373879909515,59,0,-1,,0,0,7.294999999999163,8.991299999998148,226.53359999999978,37
467,2.716734693877551,1,4096,0,0.0,-94.42300473611438,0.002636336488649249,59,0,-1,,0,0,9.06619999999947,10.063399999999945,253.63690000000005,36
468,2.7225396825396824,1,4096,0,0.0,-94.60161434327354,0.002631444251164794,59,0,-1,,0,0,3.9650000000008845,5.5024999999986335,231.7754999999977,36
469,2.728344671201814,1,4096,0,0.0,-94.60161434327354,0.002628814894706011,59,0,-1,,0,0,4.416700000000162,7.506100000000515,231.72570000000192,36
470,2.7341496598639456,1,4096,0,0.0,-93.14391541891082,0.00263726944103837,59,0,-1,,0,0,8.721600000001217,11.766800000003741,231.73760000000243,36
471,2.7399546485260773,1,4096,0,0.0,-93.58964910516109,0.002636984921991825,59,0,-1,,0,0,4.685999999999524,7.100700000002291,220.16530000000145,37
472,2.7457596371882085,1,4096,0,0.0,-92.3427438050915,0.0026352289132773876,59,0,-1,,0,0,8.215799999998552,11.328599999995248,230.2494000000017,39
473,2.75156462585034,1,4096,0,0.0,-94.46697322290147,0.0026344091165810823,59,0,-1,,0,0,7.215499999997377,9.138100000004812,240.29999999999774,39
474,2.7573696145124718,1,4096,0,0.0,-93.51802597386438,0.0026340221520513296,59,0,-1,,0,0,6.210400000000504,7.503499999998553,229.7949999999993,39
475,2.7631746031746034,1,4096,0,0.0,-94.29370865509881,0.0026340107433497906,59,0,-1,,0,0,7.389199999998652,10.86649999999878,250.2974000000009,39
476,2.7689795918367346,1,4096,0,0.0,-94.78788574539414,0.0026347548700869083,59,0,-1,,0,0,7.823000000001912,10.109499999998661,250.3756000000017,39
477,2.7747845804988662,1,4096,0,0.0,-95.74184731756222,0.00263302237726748,59,0,-1,,0,0,7.708099999998552,9.918199999997768,251.35179999999835,40
478,2.780589569160998,1,4096,0,0.0,-95.9233973547883,0.0026347199454903603,59,0,-1,,0,0,6.585499999999911,8.429299999999529,251.33590000000083,40
479,2.786394557823129,1,4096,0,0.0,-96.243937670594,0.002634103177115321,59,0,-1,,0,0,7.842899999999986,10.864599999997893,268.3223999999989,40
480,2.7921995464852607,1,4096,0,0.0,-96.11286916969236,0.002634936710819602,59,0,-1,,0,0,3.5272999999982346,6.152400000001279,242.03830000000082,40
481,2.7980045351473923,1,4096,0,0.0,-95.03255481865014,0.002635725075379014,59,0,-1,,0,0,7.354400000000538,10.594399999998672,242.00390000000027,40
482,2.803809523809524,1,4096,0,0.0,-95.1862583060634,0.0026347811799496412,59,0,-1,,0,0,5.721700000002272,9.332899999996869,254.10249999999834,41
483,2.809614512471655,1,4096,0,0.0,-96.66269167130112,0.0026347925886511803,59,0,-1,,0,0,3.6991999999997915,5.5581999999994025,240.65129999999968,41
484,2.815419501133787,1,4096,0,0.0,-96.11286916969236,0.0026338729076087475,59,0,-1,,0,0,4.853100000001831,6.118000000004287,245.03950000000074,41
485,2.8212244897959184,1,4096,0,0.0,-95.23872588742294,0.0026349076069891453,59,0,-1,,0,0,5.6581000000015536,8.31810000000388,266.48619999999926,38
486,2.82702947845805,1,4096,0,0.0,-93.48265254158848,0.002634739736095071,59,0,-1,,0,0,3.4330000000011296,4.873699999997427,257.51280000000065,38
487,2.8328344671201813,1,4096,0,0.0,-93.04724033629803,0.002634062198922038,59,0,-1,,0,0,3.6114999999981023,4.908200000002694,257.42269999999934,38
488,2.838639455782313,1,4096,0,0.9312247375859839,-87.6128216086672,0.0026347900275141,59,0,-1,,0,0,4.425300000001187,5.607700000002325,257.39070000000197,38
489,2.8444444444444446,1,4096,0,0.0,-90.71271864435191,0.0026349464897066355,59,0,-1,,0,0,3.4361999999994453,5.620600000000309,234.56619999999972,38
490,2.8502494331065757,1,4096,0,0.0,-88.292522130728,0.002633705036714673,59,0,-1,,0,0,3.88640000000251,7.307499999999578,249.37750000000136,38
491,2.8560544217687074,1,4096,0,0.0,-87.55845195475167,0.0026336663868278265,59,0,-1,,0,0,4.421799999999365,6.434000000002271,249.4150000000026,38
492,2.861859410430839,1,4096,0,1.0,-78.30798375600692,0.002635000739246607,59,0,-1,,0,0,5.27320000000131,7.102100000000888,234.02119999999726,38
493,2.8676643990929707,1,4096,0,1.0,-74.54510153961141,0.00263768108561635,59,0,-1,,0,0,4.549799999999493,7.705099999999021,245.12730000000005,39
494,2.873469387755102,1,4096,0,1.0,-73.69350608586251,0.0026348677929490805,59,0,-1,,0,0,4.4503000000020165,8.422800000001729,244.67399999999984,39
495,2.8792743764172335,1,512,1,1.0,-66.14192582472988,0.02128455974161625,59,0,-1,,0,0,5.034900000001841,10.684299999994096,242.68470000000164,39
496,2.885079365079365,1,512,0,1.0,-56.49697135806292,0.02521178312599659,59,0,-1,,0,0,4.02469999999866,7.464199999997589,241.53249999999815,39
497,2.8908843537414968,1,512,0,1.0,-55.00505409978792,0.05358191579580307,59,0,-1,,0,0,5.431000000001518,7.294900000001547,241.54749999999936,39
498,2.896689342403628,1,1024,0,1.0,-51.05652402971796,0.12404235452413559,53,0,-1,,0,0,7.151300000000305,9.341400000000277,236.52140000000088,40
499,2.9024943310657596,1,1024,0,1.0,-53.98513259599136,0.09806577861309052,53,0,-1,,0,0,7.323899999999384,8.928000000000935,251.12999999999985,39
500,2.9082993197278912,1,2048,0,1.0,-49.86673903910693,0.06457238644361496,59,0,-1,,0,0,7.242099999999141,9.039599999997705,251.1808000000002,39
501,2.914104308390023,1,2048,0,1.0,-51.39413314585357,0.05381867289543152,64,0,-1,,0,0,4.906800000000544,7.9633000000001175,248.14899999999795,38
502,2.919909297052154,1,2048,0,1.0,-50.91732283336328,0.04470077529549599,64,0,-1,,0,0,4.131900000000854,6.777899999999448,248.10480000000013,38
503,2.9257142857142857,1,2048,0,1.0,-48.58767908280071,0.05161869153380394,64,0,-1,,0,0,3.874700000000786,5.166899999995422,248.10830000000195,38
504,2.9315192743764173,1,4096,0,1.0,-51.16671559531778,0.0037258127704262733,64,0,-1,,0,0,5.241599999997959,6.8240999999993335,234.0383000000017,38
505,2.9373242630385485,1,4096,0,1.0,-48.38251926459123,0.003747661365196109,64,0,-1,,0,0,7.360699999999554,9.554300000001348,243.43250000000083,40
506,2.94312925170068,1,4096,0,1.0,-52.01770484521862,0.0035430488642305136,64,0,-1,,0,0,7.569000000000159,10.5082000000003,267.8462999999987,38
507,2.948934240362812,1,4096,0,1.0,-53.07873087183842,0.0024923791643232107,64,0,-1,,0,0,4.1013999999997,5.4426999999996895,240.76980000000248,38
508,2.9547392290249435,1,4096,0,1.0,-55.59100505549999,0.0019868200179189444,64,0,-1,,0,0,5.007800000001339,6.344799999997264,240.7554999999988,38
509,2.9605442176870747,1,4096,0,1.0,-57.84081853354841,0.0017487535951659083,64,0,-1,,0,0,3.5741999999991947,5.36939999999575,240.78360000000032,38
510,2.9663492063492063,1,4096,0,1.0,-55.51174296749048,0.0016249764012172818,64,0,-1,,0,0,3.301799999999133,5.31480000000073,233.64249999999842,38
511,2.972154195011338,1,4096,0,1.0,-55.577630113103076,0.0016742270672693849,64,0,-1,,0,0,4.255999999998039,5.883000000000749,237.66069999999928,38
512,2.9779591836734696,1,4096,0,1.0,-54.91506523512132,0.0015891152434051037,64,0,-1,,0,0,4.2784999999980755,7.669500000002216,248.00349999999938,38
513,2.9837641723356008,1,4096,0,1.0,-52.78905689817875,0.0017397657502442598,64,0,-1,,0,0,3.9858999999999867,6.317700000000315,233.60160000000008,38
514,2.9895691609977324,1,4096,0,1.0,-52.45126045961577,0.0015736245550215244,64,0,-1,,0,0,7.4816999999995915,11.379800000003826,240.3138000000027,39
515,2.995374149659864,1,4096,0,1.0,-47.40217755774662,0.00245289271697402,64,0,-1,,0,0,6.5893000000016855,8.779700000001611,247.8092000000025,39
516,3.0011791383219957,1,4096,0,1.0,-43.8296733867041,0.0034036957658827305,64,0,-1,,0,0,4.559799999999115,6.874799999998515,227.7881000000015,40
517,3.006984126984127,1,4096,0,1.0,-45.64102529638728,0.003994789440184832,64,0,-1,,0,0,6.0205999999993765,7.961499999996846,243.0493000000027,38
518,3.0127891156462585,1,4096,0,1.0,-42.934196609190245,0.004702503327280283,64,0,-1,,0,0,3.482800000000452,5.266400000000004,243.10369999999892,38
519,3.01859410430839,1,4096,0,1.0,-43.13497624938933,0.004945580381900072,64,0,-1,,0,0,3.709799999999319,5.2930000000017685,227.87040000000047,38
520,3.0243990929705213,1,4096,0,1.0,-43.488247641697306,0.004671851638704538,64,0,-1,,0,0,6.5082000000025175,8.212199999999115,242.5007000000008,38
521,3.030204081632653,1,4096,0,1.0,-43.62067340652664,0.005344209726899862,64,0,-1,,0,0,3.4870999999974117,4.461400000000282,242.00079999999957,38
522,3.0360090702947846,1,4096,0,1.0,-42.551039661794114,0.005855965428054333,64,0,-1,,0,0,3.348799999997709,6.270400000001786,226.79720000000003,38
523,3.0418140589569163,1,4096,0,1.0,-45.20960915696489,0.006218241527676582,64,0,-1,,0,0,3.4678000000027964,4.802700000002602,228.8226999999985,38
524,3.0476190476190474,1,4096,0,1.0,-49.12606554930641,0.005459940060973167,64,0,-1,,0,0,6.471600000001132,10.30990000000287,251.44220000000317,37
525,3.053424036281179,1,4096,0,1.0,-50.56972478018401,0.004648035857826471,64,0,-1,,0,0,4.3841000000028885,7.112700000000416,238.81370000000146,37
526,3.0592290249433107,1,4096,0,1.0,-51.75399341463179,0.0038985542487353086,64,0,-1,,0,0,5.6821000000013555,10.304300000001376,238.75509999999878,37
527,3.0650340136054424,1,4096,0,1.0,-52.6263061695278,0.004110416863113642,64,0,-1,,0,0,8.081300000000624,10.479899999999986,245.7160000000016,39
528,3.0708390022675736,1,4096,0,1.0,-54.53723567467928,0.003879046533256769,64,0,-1,,0,0,5.243199999998893,8.497300000001928,244.44190000000177,37
529,3.076643990929705,1,4096,0,1.0,-54.916917637867925,0.004102762788534164,64,0,-1,,0,0,4.553699999998884,5.416100000001478,244.43040000000238,37
530,3.082448979591837,1,4096,0,1.0,-57.26791319502661,0.0033205128274858,64,0,-1,,0,0,3.2764000000007343,4.019900000002963,244.41889999999944,37
531,3.0882539682539685,1,4096,0,1.0,-58.34325102020915,0.003587720450013876,64,0,-1,,0,0,3.1804999999991423,6.187600000000515,229.45449999999923,37
532,3.0940589569160997,1,4096,0,1.0,-62.092449289817,0.0027313968166708946,64,0,-1,,0,0,3.4057999999994593,4.454300000002576,229.39549999999898,37
533,3.0998639455782313,1,4096,0,1.0,-62.34316661865805,0.002614466240629554,64,0,-1,,0,0,6.317700000000315,7.354400000000538,233.02950000000067,38
534,3.105668934240363,1,4096,0,1.0,-62.875607805971,0.002871093340218067,64,0,-1,,0,0,6.640900000000727,11.477500000001584,231.9406999999991,38
535,3.111473922902494,1,4096,0,1.0,-62.8319598361529,0.0027588866651058197,64,0,-1,,0,0,6.192899999998502,8.129500000002565,235.55319999999824,38
536,3.1172789115646258,1,4096,0,1.0,-62.968246095325796,0.0024413238279521465,64,0,-1,,0,0,7.026800000001998,8.817999999997994,259.14369999999917,37
537,3.1230839002267574,1,4096,0,1.0,-59.471519832917764,0.0023509389720857143,64,0,-1,,0,0,4.461300000002666,6.567199999999218,237.5007999999994,37
538,3.128888888888889,1,4096,0,1.0,-59.99636181665427,0.0022300081327557564,59,0,-1,,0,0,8.919600000002248,10.088100000000821,237.4705999999982,37
539,3.1346938775510202,1,4096,0,1.0,-59.20036346275438,0.0023016163613647223,59,0,-1,,0,0,6.0837000000013575,9.315599999997204,244.61009999999916,39
540,3.140498866213152,1,4096,0,1.0,-59.665979908169135,0.002120930701494217,59,0,-1,,0,0,5.454300000000245,8.882800000002078,241.64790000000025,39
541,3.1463038548752835,1,4096,0,1.0,-56.42415484825157,0.00275639770552516,59,0,-1,,0,0,3.4611000000026593,5.209099999998301,241.61690000000036,39
542,3.152108843537415,1,4096,0,1.0,-53.73064764113421,0.0030143908224999905,59,0,-1,,0,0,4.059099999999205,5.310600000001386,241.60380000000004,39
543,3.1579138321995464,1,4096,0,1.0,-59.14137455162111,0.0029185947496443987,59,0,-1,,0,0,5.97929999999991,10.486100000001386,241.31029999999853,37
544,3.163718820861678,1,4096,0,1.0,-58.93740827719475,0.002719675889238715,59,0,-1,,0,0,2.9598999999969067,4.883699999997049,239.80339999999956,37
545,3.1695238095238096,1,4096,0,1.0,-60.492754089427336,0.002498098649084568,59,0,-1,,0,0,3.0889999999992312,5.204099999996714,239.79729999999932,37
546,3.175328798185941,1,4096,0,1.0,-58.9802099410627,0.002468239050358534,59,0,-1,,0,0,3.063799999999617,4.851599999998513,231.1173999999987,37
547,3.1811337868480725,1,4096,0,1.0,-57.921069116598986,0.0026441807858645916,59,0,-1,,0,0,2.9514999999982194,4.729200000003431,230.85869999999886,37
548,3.186938775510204,1,4096,0,1.0,-55.4404878630053,0.002777733374387026,59,0,-1,,0,0,5.414699999999328,7.736900000001157,248.21640000000045,36
549,3.1927437641723357,1,4096,0,1.0,-51.54658957397065,0.003462267806753516,59,0,-1,,0,0,3.525700000000853,5.559100000002815,224.3163000000017,36
550,3.198548752834467,1,4096,0,1.0,-47.520292935312234,0.003957805223762989,59,0,-1,,0,0,2.7423999999989235,6.85810000000231,224.27019999999942,36
551,3.2043537414965986,1,4096,0,1.0,-47.58599256773397,0.00430298363789916,59,0,-1,,0,0,3.1361000000025285,5.06899999999888,224.2703000000006,36
552,3.21015873015873,1,4096,0,1.0,-49.10747138797664,0.004313204437494278,59,0,-1,,0,0,5.288400000001303,8.938100000005278,213.59420000000284,36
553,3.215963718820862,1,4096,0,1.0,-47.32652462869474,0.0047367713414132595,59,0,-1,,0,0,3.344499999997197,6.179299999999444,226.5802000000008,34
554,3.221768707482993,1,4096,0,1.0,-49.3468633468507,0.0048659625463187695,72,0,-1,,0,0,2.6073000000010893,6.519199999999614,226.288499999999,34
555,3.2275736961451247,1,4096,0,1.0,-47.67772828057021,0.004626515321433544,69,0,-1,,0,0,2.5292999999990684,7.226599999999195,213.51160000000036,34
556,3.2333786848072563,1,4096,0,1.0,-48.386735553589986,0.004661428276449442,69,0,-1,,0,0,3.1199999999991235,4.842299999999966,213.36859999999902,34
557,3.239183673469388,1,4096,0,1.0,-54.56803790893727,0.003399394452571869,69,0,-1,,0,0,3.8474999999991155,6.281199999996545,229.69779999999673,32
558,3.244988662131519,1,4096,0,1.0,-53.024607103434825,0.0034272493794560432,69,0,-1,,0,0,3.8728999999975144,6.794100000000469,208.3919999999999,32
559,3.250793650793651,1,4096,0,1.0,-58.432158402996336,0.0030110736843198538,69,0,-1,,0,0,2.8836000000005413,4.925899999999928,208.33109999999877,32
560,3.2565986394557824,1,4096,0,1.0,-61.957042171750906,0.0027660958003252745,69,0,-1,,0,0,2.4751999999992336,4.721299999999928,208.31189999999822,32
561,3.2624036281179136,1,4096,0,1.0,-61.45710373651429,0.002539736218750477,69,0,-1,,0,0,3.8005999999981555,6.203800000001536,193.3316999999981,32
562,3.2682086167800453,1,4096,0,1.0,-62.9243743768572,0.002430474618449807,69,0,-1,,0,0,3.481499999999471,5.897099999998545,215.82670000000093,28
563,3.274013605442177,1,4096,0,1.0,-61.79872696200324,0.0024369677994400263,69,0,-1,,0,0,2.425600000002248,5.834500000002407,215.61519999999845,28
564,3.2798185941043085,1,4096,0,1.0,-60.83875569765854,0.0021874436642974615,69,0,-1,,0,0,2.3964999999996905,3.6556999999994844,189.86990000000148,28
565,3.2856235827664397,1,4096,0,1.0,-62.06270031778331,0.002490781946107745,69,0,-1,,0,0,2.158500000000174,3.2381999999984146,189.59929999999758,28
566,3.2914285714285714,1,4096,0,1.0,-61.00139270770757,0.002330537885427475,69,0,-1,,0,0,2.722900000001971,3.7681999999996663,189.5249000000021,28
567,3.297233560090703,1,4096,0,1.0,-61.04052647456725,0.0024011230561882257,64,0,-1,,0,0,5.0762000000013074,7.691300000001178,183.81220000000198,28
568,3.3030385487528346,1,4096,0,1.0,-64.41066834816678,0.0023482239339500666,64,0,-1,,0,0,2.696500000002544,4.415200000000397,183.72749999999982,28
569,3.308843537414966,1,4096,0,1.0,-65.57394225605574,0.0024835322983562946,59,0,-1,,0,0,3.1649000000015803,5.4443999999982395,198.7002000000011,27
570,3.3146485260770975,1,4096,0,1.0,-64.641987814783,0.0024416139349341393,59,0,-1,,0,0,2.476199999996709,5.283999999999622,174.89810000000006,27
571,3.320453514739229,1,4096,0,1.0,-66.93134379284328,0.0025192045141011477,59,0,-1,,0,0,2.5514999999991517,3.777099999997091,173.89739999999776,27
572,3.3262585034013608,1,512,1,1.0,-67.2848712904779,0.02155124954879284,59,0,-1,,0,0,5.2994000000019525,7.832000000000505,173.80899999999855,27
573,3.332063492063492,1,512,0,1.0,-64.52796899099665,0.022630078718066216,59,0,-1,,0,0,3.4104999999975405,4.87200000000243,162.71509999999978,27
574,3.3378684807256236,1,512,0,1.0,-58.04827573019284,0.04995356500148773,59,0,-1,,0,0,3.3938999999989505,7.356800000000163,169.9503,27
575,3.3436734693877552,1,1024,0,1.0,-51.50992536606793,0.06023643538355827,59,0,-1,,0,0,2.573699999999235,4.275899999999666,170.02409999999912,27
576,3.3494784580498864,1,1024,0,1.0,-60.3749933571018,0.08126668632030487,59,0,-1,,0,0,5.383700000002989,8.079100000003336,165.32199999999975,23
577,3.355283446712018,1,2048,0,1.0,-50.43157118206733,0.05143221095204353,59,0,-1,,0,0,2.5140999999990754,4.2250000000017,165.29849999999868,23
578,3.3610884353741497,1,2048,0,1.0,-56.804941433544954,0.03484969213604927,59,0,-1,,0,0,2.222700000000799,4.347899999999072,165.27880000000295,23
579,3.3668934240362813,1,2048,0,1.0,-48.91600023039348,0.04688796401023865,59,0,-1,,0,0,2.6407999999982223,6.000600000003686,159.96210000000133,23
580,3.3726984126984125,1,2048,0,1.0,-54.46981791590954,0.023668140172958374,72,0,-1,,0,0,2.3911000000005345,4.890700000000692,159.89680000000206,23
581,3.378503401360544,1,4096,0,1.0,-54.941347078789136,0.0027307928539812565,59,0,-1,,0,0,4.169900000000837,5.920600000003162,159.8752999999995,23
582,3.384308390022676,1,4096,0,1.0,-57.14350265754345,0.002078139455989003,59,0,-1,,0,0,3.0695000000022787,4.752400000000989,142.48839999999774,23
583,3.3901133786848074,1,4096,0,1.0,-53.238445011107814,0.002323771361261606,59,0,-1,,0,0,4.30419999999998,5.861699999996972,161.59940000000006,22
584,3.3959183673469386,1,4096,0,1.0,-58.33837725838288,0.001858726842328906,72,0,-1,,0,0,3.340600000001359,4.762200000001826,161.6244000000009,22
585,3.4017233560090703,1,4096,0,1.0,-57.71508274720692,0.0018536584684625268,72,0,-1,,0,0,3.93619999999828,7.969399999996796,142.45429999999715,22
586,3.407528344671202,1,4096,0,1.0,-61.27639687098723,0.0014676403952762485,72,0,-1,,0,0,4.588499999996998,6.685800000003184,142.40649999999988,22
587,3.4133333333333336,1,4096,0,1.0,-58.36269257441564,0.001408073236234486,72,0,-1,,0,0,3.245199999998505,4.361100000000562,161.66499999999928,19
588,3.4191383219954647,1,4096,0,1.0,-59.91037813721674,0.0014567552134394646,72,0,-1,,0,0,2.6127999999978613,4.751600000002298,142.88210000000134,19
589,3.4249433106575964,1,4096,0,1.0,-55.75887018253208,0.0015903700841590762,72,0,-1,,0,0,2.848999999997659,5.261099999998464,142.76720000000154,19
590,3.430748299319728,1,4096,0,1.0,-54.01192784922532,0.001665234100073576,72,0,-1,,0,0,5.254300000000711,6.127599999995681,142.73299999999978,19
591,3.436553287981859,1,4096,0,1.0,-54.946999654652295,0.0016802391037344933,72,0,-1,,0,0,2.96379999999985,4.353600000001734,126.58610000000081,19
592,3.442358276643991,1,4096,0,1.0,-55.08551792748765,0.0017249301308766007,59,0,-1,,0,0,2.7164000000006183,3.3235000000040316,126.43589999999705,19
593,3.4481632653061225,1,4096,0,1.0,-53.67827467603,0.0021201211493462324,59,0,-1,,0,0,2.7856000000028303,3.4503999999984103,136.24759999999725,19
594,3.453968253968254,1,4096,0,1.0,-52.34421949078205,0.0023464050609618425,59,0,-1,,0,0,2.6623000000007835,5.556900000001974,121.61270000000002,19
595,3.4597732426303853,1,4096,0,1.0,-47.37862115022323,0.0031477008014917374,59,0,-1,,0,0,4.151199999999022,4.883399999997096,121.53419999999926,19
596,3.465578231292517,1,4096,0,1.0,-50.0646515122537,0.0035260794684290886,59,0,-1,,0,0,2.6799999999980173,3.38010000000466,148.05609999999803,14
597,3.4713832199546486,1,4096,0,1.0,-52.891562136932734,0.0035835548769682646,59,0,-1,,0,0,2.6244000000019696,4.0879000000018095,123.91609999999886,14
598,3.4771882086167802,1,4096,0,1.0,-49.72957506506599,0.0035303879994899035,59,0,-1,,0,0,2.329199999998366,2.9797000000009177,123.87259999999856,14
599,3.4829931972789114,1,4096,0,1.0,-49.71898515613431,0.004445409402251244,59,0,-1,,0,0,3.0436000000015895,3.7261999999991247,123.87749999999897,14
600,3.488798185941043,1,4096,0,1.0,-50.548281363601845,0.004401748068630695,59,0,-1,,0,0,4.516800000001098,5.870500000000334,108.40729999999965,14
601,3.4946031746031747,1,4096,0,1.0,-52.52181727893773,0.004571387078613043,59,0,-1,,0,0,3.17280000000153,5.441599999997493,108.33749999999753,14
602,3.500408163265306,1,4096,0,1.0,-52.8085869806953,0.004130961373448372,59,0,-1,,0,0,2.4724999999996555,4.0501000000006115,108.35570000000061,14
603,3.5062131519274375,1,4096,0,1.0,-47.375798562151274,0.005102785769850016,59,0,-1,,0,0,3.152500000002334,4.512799999996986,99.70960000000062,14
604,3.512018140589569,1,4096,0,1.0,-52.734732124878434,0.00457472400739789,59,0,-1,,0,0,3.3489000000024305,5.040999999998519,102.72260000000344,14
605,3.517823129251701,1,4096,0,1.0,-51.64813088684062,0.005355658009648323,59,0,-1,,0,0,4.3152999999982455,5.294499999997981,112.71520000000024,13
606,3.523628117913832,1,4096,0,1.0,-56.63086018115806,0.004274492617696524,59,0,-1,,0,0,2.9228000000003362,4.242799999996549,91.33729999999929,13
607,3.5294331065759637,1,4096,0,1.0,-55.140871213453536,0.004405800253152847,59,0,-1,,0,0,3.32650000000001,4.582500000001488,90.99900000000005,13
608,3.5352380952380953,1,4096,0,1.0,-56.68949872634758,0.004234574269503355,59,0,-1,,0,0,3.2733999999976504,4.225900000001559,94.47210000000084,14
609,3.541043083900227,1,4096,0,1.0,-50.12956732494645,0.005165869370102882,59,0,-1,,0,0,5.410399999998816,6.945800000003999,98.01810000000089,10
610,3.546848072562358,1,4096,0,1.0,-45.10820745424455,0.006769766565412283,59,0,-1,,0,0,2.6751000000011516,3.286299999999187,98.08320000000137,10
611,3.5526530612244898,1,4096,0,1.0,-42.58255803768229,0.009274828247725964,59,0,-1,,0,0,2.552000000001442,3.278100000002837,98.09350000000094,10
612,3.5584580498866214,1,4096,0,1.0,-39.06271353987631,0.011685287579894066,59,0,-1,,0,0,3.6313999999997293,4.8945999999965295,78.84089999999944,10
613,3.564263038548753,1,4096,0,1.0,-41.34978464629636,0.012888984754681587,64,0,-1,,0,0,4.7445000000010396,5.592800000002285,78.76120000000242,10
614,3.5700680272108842,1,4096,0,1.0,-40.62683196694648,0.012684897519648075,64,0,-1,,0,0,4.191099999999892,6.434900000002131,84.17349999999857,12
615,3.575873015873016,1,4096,0,1.0,-39.248649998703854,0.014357117004692554,64,0,-1,,0,0,3.5188999999995474,5.6223000000024115,88.57100000000173,11
616,3.5816780045351475,1,4096,0,1.0,-39.56383037182566,0.01604621112346649,64,0,-1,,0,0,2.9811999999971306,3.579500000000735,88.57400000000126,11
617,3.5874829931972787,1,4096,0,1.0,-39.73825683970942,0.016465557739138603,64,0,-1,,0,0,3.958700000001869,4.577699999998686,88.58910000000009,11
618,3.5932879818594103,1,4096,0,1.0,-38.61821313531844,0.02133793756365776,70,0,-1,,0,0,2.6569999999992433,5.217299999998204,63.49739999999926,11
619,3.599092970521542,1,4096,0,1.0,-37.809967167536726,0.022181054577231407,70,0,-1,,0,0,3.712199999998944,6.85139999999862,85.48359999999988,8
620,3.6048979591836736,1,4096,0,1.0,-39.67582298844425,0.02367410436272621,70,0,-1,,0,0,2.831700000001547,4.094999999999516,85.05269999999854,8
621,3.610702947845805,1,4096,0,1.0,-43.55324604562337,0.02723204530775547,70,0,-1,,0,0,3.200800000001891,5.51510000000377,71.36950000000297,8
622,3.6165079365079364,1,4096,0,1.0,-43.22578502309037,0.02847035974264145,70,0,-1,,0,0,3.6725999999980274,5.575999999997805,71.30829999999833,8
623,3.622312925170068,1,4096,0,1.0,-47.533985197414864,0.03327473625540733,70,0,-1,,0,0,2.568300000000079,4.591399999998913,71.29840000000343,8
624,3.6281179138321997,1,4096,0,1.0,-50.16595417329288,0.030832991003990173,70,0,-1,,0,0,3.1372999999987883,5.695100000000508,45.90479999999886,8
625,3.633922902494331,1,4096,0,1.0,-56.621037818271276,0.025300122797489166,70,0,-1,,0,0,3.8809999999998013,4.736799999996322,47.90090000000191,8
626,3.6397278911564626,1,4096,0,1.0,-55.55690617616251,0.024107800796628,70,0,-1,,0,0,4.498399999999236,5.590000000001538,63.07950000000062,5
627,3.645532879818594,1,4096,0,1.0,-56.13572692111105,0.015473254956305027,70,0,-1,,0,0,2.995599999998433,5.756500000000386,56.911599999999396,5
628,3.651337868480726,1,4096,0,1.0,-60.78080430167483,0.012645394541323185,70,0,-1,,0,0,2.0495000000018138,2.6939000000041347,56.443000000001575,5
629,3.657142857142857,1,4096,0,1.0,-62.35888563681179,0.011355380527675152,70,0,-1,,0,0,2.4191999999985114,2.8798999999963826,54.8271999999983,5
630,3.6629478458049887,1,4096,0,1.0,-59.91016146686323,0.0080507081001997,70,0,-1,,0,0,2.444399999998126,3.2905000000020834,41.026600000002134,5
631,3.6687528344671203,1,4096,0,1.0,-61.747086240195834,0.007048904430121183,64,0,-1,,0,0,3.982099999998212,5.252800000000946,54.75149999999829,4
632,3.6745578231292515,1,4096,0,1.0,-63.575251373736194,0.005784086883068085,64,0,-1,,0,0,2.894500000000022,3.591999999997597,54.789299999999486,4
633,3.680362811791383,1,4096,0,1.0,-66.55055754986614,0.005053533706814051,64,0,-1,,0,0,2.6586999999977934,3.649100000000516,32.8411000000024,4
634,3.6861678004535148,1,4096,0,1.0,-63.66819063019267,0.0033741644583642483,64,0,-1,,0,0,2.2351000000000454,4.381200000000973,32.74670000000057,4
635,3.6919727891156464,1,4096,0,1.0,-65.86347195778994,0.0035307235084474087,59,0,-1,,0,0,2.42099999999823,3.7022000000028754,33.589800000001446,4
636,3.6977777777777776,1,4096,0,1.0,-64.58826088688551,0.0023159985430538654,59,0,-1,,0,0,3.048899999999577,4.301699999999187,33.12169999999881,1
637,3.7035827664399092,1,4096,0,1.0,-65.76303449793987,0.0028248552698642015,59,0,-1,,0,0,4.181200000001439,5.872800000002343,33.07880000000196,1
638,3.709387755102041,1,4096,0,1.0,-71.5739592354211,0.002565711038187146,59,0,-1,,0,0,2.4522000000004596,4.2301999999985185,33.06199999999748,1
639,3.7151927437641725,1,4096,0,1.0,-71.69247052346422,0.0022310924250632524,59,0,-1,,0,0,2.2817999999986682,3.0271000000006154,18.886600000001863,1
640,3.7209977324263037,1,4096,0,1.0,-71.0520362745196,0.0022763903252780437,59,0,-1,,0,0,2.221399999999818,3.1306999999998197,18.87179999999944,1
641,3.7268027210884354,1,4096,0,1.0,-73.81311191173661,0.0022901282645761967,59,0,-1,,0,0,3.033300000002015,3.51869999999721,20.053300000000718,1
642,3.732607709750567,1,4096,0,1.0,-71.41154580138789,0.002406306331977248,59,0,-1,,0,0,4.564799999997149,5.740500000001703,25.52959999999871,1
643,3.7384126984126986,1,512,1,1.0,-65.65056691000851,0.020514754578471184,59,0,-1,,0,0,2.370900000002507,3.634299999998092,25.19189999999938,1
644,3.74421768707483,1,512,0,1.0,-67.03020135439395,0.020811954513192177,59,0,-1,,0,0,2.218699999996687,2.8318999999967787,24.001999999999413,1
645,3.7500226757369615,1,512,0,1.0,-62.67386257655421,0.019915936514735222,59,0,-1,,0,0,4.226600000002634,5.694599999998218,8.329700000000884,2
646,3.755827664399093,1,1024,0,1.0,-66.79439703813381,0.021064793691039085,59,0,-1,,0,0,3.63580000000141,6.046500000000066,31.017200000000855,1
647,3.7616326530612243,1,1024,0,1.0,-71.0621130562026,0.020663458853960037,59,0,-1,,0,0,6.061200000001321,7.81029999999916,31.18160000000003,1
648,3.767437641723356,1,2048,0,1.0,-78.65540195246398,0.020318107679486275,59,0,-1,,0,0,2.9605000000003656,4.749799999999027,24.837999999999028,1
649,3.7732426303854876,1,2048,0,0.41144294616530713,-79.54373930839473,0.020295867696404457,59,0,-1,,0,0,5.754599999999499,6.872199999996553,24.8494000000008,1
650,3.779047619047619,1,2048,0,1.0,-80.06126495683714,0.020245729014277458,59,0,-1,,0,0,8.459800000000683,9.411799999998749,29.411599999999538,2
651,3.7848526077097504,1,2048,0,0.004491611957536752,-83.22440833279563,0.020161904394626617,59,0,-1,,0,0,3.2220000000009463,7.566199999999412,22.922300000001172,1
652,3.790657596371882,1,4096,0,1.0,-81.0846741347841,0.0026272775139659643,59,0,-1,,0,0,2.7980000000020766,5.131500000000955,22.62280000000061,1
653,3.7964625850340137,1,4096,0,1.0,-80.0998938466099,0.002651466755196452,59,0,-1,,0,0,3.9053999999971722,6.214999999997417,22.58939999999754,1
654,3.8022675736961453,1,4096,0,0.9240262939669417,-80.48332761845808,0.002632593037560582,59,0,-1,,0,0,3.1946000000004915,6.390199999998458,20.12889999999956,1
655,3.8080725623582765,1,4096,0,1.0,-82.00021902127345,0.0026308433152735233,59,0,-1,,0,0,2.3972000000007654,3.398799999999369,20.046399999998243,1
656,3.813877551020408,1,4096,0,0.0,-82.72332467128737,0.0026424985844641924,59,0,-1,,0,0,2.5066000000002475,3.379199999997695,20.01939999999891,1
657,3.81968253968254,1,4096,0,1.0,-82.09387652141139,0.002644454827532172,59,0,-1,,0,0,2.784300000001849,3.7420000000025766,14.18340000000029,1
658,3.825487528344671,1,4096,0,0.7425396272287353,-83.62035538405328,0.00261486042290926,59,0,-1,,0,0,3.063699999998448,3.979300000001018,14.239599999999797,1
659,3.8312925170068026,1,4096,0,1.0,-84.20741085548583,0.0026429223362356424,59,0,-1,,0,0,2.5933000000009088,3.112300000001511,14.276799999997536,1
660,3.8370975056689343,1,4096,0,0.9517443056343146,-82.87379424984358,0.0026344729121774435,59,0,-1,,0,0,4.7695000000018695,7.165300000000485,19.847499999997353,1
661,3.842902494331066,1,4096,0,1.0,-82.73220731523995,0.0026087379083037376,59,0,-1,,0,0,2.4876999999996485,4.911200000002225,19.914100000001156,1
662,3.848707482993197,1,4096,0,1.0,-82.23429619347542,0.002627817215397954,59,0,-1,,0,0,2.516199999998747,3.3324999999990723,19.953000000000998,1
663,3.8545124716553287,1,4096,0,0.3573611656160608,-84.27030609676373,0.0026226670015603304,59,0,-1,,0,0,2.8711999999977422,4.903499999997507,25.7871999999999,1
664,3.8603174603174604,1,4096,0,0.9109089582127525,-84.18664657254176,0.002636607736349106,59,0,-1,,0,0,4.160999999999859,5.32010000000227,25.737500000001745,1
665,3.866122448979592,1,4096,0,1.0,-85.28368799130197,0.002633081516250968,59,0,-1,,0,0,3.854399999998037,4.466099999998363,25.296199999999658,1
666,3.871927437641723,1,4096,0,1.0,-86.3074324419067,0.0026285697240382433,59,0,-1,,0,0,3.8478999999966845,4.823899999998105,16.07609999999937,1
667,3.877732426303855,1,4096,0,0.01079489116150095,-86.5432656390366,0.0026362615171819925,59,0,-1,,0,0,2.473399999999515,4.366299999997381,16.06089999999938,1
668,3.8835374149659865,1,4096,0,0.0,-88.15606404570288,0.0026298952288925648,59,0,-1,,0,0,3.534200000000709,5.102999999998303,16.089600000000814,1
669,3.889342403628118,1,4096,0,0.36177964247142946,-89.02234502286848,0.002633216790854931,59,0,-1,,0,0,3.4479999999987854,4.2068000000021755,13.417900000000316,1
670,3.8951473922902493,1,4096,0,0.0,-91.856203998286,0.002633080119267106,59,0,-1,,0,0,3.746299999999536,5.576799999996496,13.522199999997042,1
671,3.900952380952381,1,4096,0,0.0,-88.93492743727097,0.0026351159904152155,59,0,-1,,0,0,5.418500000001103,6.420699999999613,15.663299999999936,1
672,3.9067573696145126,1,4096,0,0.0,-90.23707583806313,0.002635349053889513,59,0,-1,,0,0,5.1170999999996525,8.681299999999226,24.712499999999693,1
673,3.912562358276644,1,4096,0,0.0,-88.11492518075542,0.002631744369864464,59,0,-1,,0,0,6.991500000001594,9.326200000000284,24.696699999999794,1
674,3.9183673469387754,1,4096,0,0.7610438107408742,-85.19917937801166,0.00263803219422698,59,0,-1,,0,0,4.935499999998427,6.700599999998502,24.71040000000002,1
675,3.924172335600907,1,4096,0,1.0,-79.71343125822996,0.0026340133044868708,59,0,-1,,0,0,7.7582999999989966,9.62610000000197,18.49870000000209,1
676,3.9299773242630387,1,4096,0,1.0,-74.53252145664291,0.002629542723298073,59,0,-1,,0,0,3.517399999999782,5.613899999996619,18.433600000001604,1
677,3.93578231292517,1,4096,0,1.0,-73.06487188447028,0.0026547510642558336,59,0,-1,,0,0,2.456000000002234,3.417900000002305,18.399299999998675,1
678,3.9415873015873015,1,512,1,1.0,-67.73499989781332,0.02034241147339344,59,0,-1,,0,0,3.2034000000003005,4.332500000003847,21.724499999997704,1
679,3.947392290249433,1,512,0,1.0,-71.62005857429949,0.021831830963492393,59,0,-1,,0,0,2.50469999999936,4.180999999999102,21.688199999999824,1
680,3.953197278911565,1,512,0,0.818806991573489,-77.20532294553541,0.020317260175943375,59,0,-1,,0,0,3.6440999999989288,4.2956000000025085,21.681199999999734,1
681,3.959002267573696,1,1024,0,1.0,-76.69668357381975,0.020205145701766014,59,0,-1,,0,0,4.131699999998517,5.14909999999702,11.413299999997406,2
682,3.9648072562358276,1,1024,0,1.0,-65.6534116296758,0.02064896561205387,59,0,-1,,0,0,6.838800000000589,8.06869999999904,14.59819999999823,3
683,3.9706122448979593,1,2048,0,1.0,-63.28576133291392,0.020678984001278877,59,0,-1,,0,0,4.223199999998428,4.973199999998457,34.61260000000266,1
684,3.976417233560091,1,2048,0,1.0,-52.578588300404846,0.030041828751564026,59,0,-1,,0,0,2.4701999999976465,3.687199999998114,24.845700000000193,1
685,3.982222222222222,1,2048,0,1.0,-52.97224260469436,0.04424941539764404,59,0,-1,,0,0,3.0628999999997575,4.045300000001362,24.733900000001086,1
686,3.9880272108843537,1,2048,0,1.0,-53.3308830359978,0.03777119517326355,59,0,-1,,0,0,4.362700000001496,6.7352000000013845,24.713399999999552,1
687,3.9938321995464854,1,4096,0,1.0,-51.939601040232716,0.0037996754981577396,59,0,-1,,0,0,3.410599999998709,4.728099999997681,15.629900000000418,1
688,3.9996371882086166,1,4096,0,1.0,-52.33780010077092,0.00414163526147604,59,0,-1,,0,0,4.692699999999661,5.759999999998655,15.589599999998427,1
689,4.005442176870749,1,4096,0,1.0,-54.35969673090544,0.0032914832700043917,59,0,-1,,0,0,2.473999999999421,3.029200000000287,15.585200000000299,1
690,4.01124716553288,1,4096,0,1.0,-55.8393256597592,0.003071797313168645,59,0,-1,,0,0,3.095800000000537,3.998099999996896,29.332799999998826,1
691,4.017052154195011,1,4096,0,1.0,-55.328434425711286,0.003025122918188572,59,0,-1,,0,0,5.849900000001185,7.591800000000148,30.843600000000748,0
692,4.022857142857143,1,4096,0,1.0,-54.268290266553535,0.00308863609097898,59,0,-1,,0,0,5.337400000001935,6.962600000001373,30.936600000000425,0
693,4.028662131519274,1,4096,0,1.0,-52.366855015787195,0.003463227301836014,59,0,-1,,0,0,4.514799999999042,6.353600000000625,8.196999999999122,1
694,4.0344671201814055,1,4096,0,1.0,-52.856074989807226,0.003594957059249282,59,0,-1,,0,0,4.354899999999162,6.448299999998852,14.987500000000153,3
695,4.040272108843538,1,4096,0,1.0,-53.318279964984455,0.003671476384624839,59,0,-1,,0,0,5.414099999999422,9.973699999999752,24.761999999999063,2
696,4.046077097505669,1,4096,0,1.0,-48.50774188058297,0.004917538724839687,72,0,-1,,0,0,3.532800000002112,5.4521999999970205,18.719999999998294,2
697,4.051882086167801,1,4096,0,1.0,-44.06965213421215,0.006661861669272184,72,0,-1,,0,0,3.2990000000019393,5.097900000002653,37.99809999999937,1
698,4.057687074829932,1,4096,0,1.0,-43.35493950012521,0.008143482729792595,72,0,-1,,0,0,4.4557999999987885,8.08759999999964,37.99789999999703,1
699,4.063492063492063,1,4096,0,1.0,-39.47192067508453,0.010224099270999432,72,0,-1,,0,0,3.950099999997292,5.154699999998513,20.68219999999954,1
700,4.069297052154195,1,4096,0,1.0,-38.9233114578168,0.00963632296770811,66,0,-1,,0,0,2.866100000002092,3.5188999999995474,20.60300000000126,1
701,4.0751020408163265,1,4096,0,1.0,-41.48475279690718,0.010359090752899647,66,0,-1,,0,0,2.630100000001079,3.3081999999993172,21.102899999998925,0
702,4.080907029478458,1,4096,0,1.0,-41.13769400026682,0.011201383545994759,66,0,-1,,0,0,5.315299999999468,6.259599999999921,21.313599999999155,1
703,4.08671201814059,1,4096,0,1.0,-45.9583707251689,0.010588983073830605,66,0,-1,,0,0,2.7578000000012537,4.901700000001341,21.38169999999917,1
704,4.092517006802721,1,4096,0,1.0,-44.03819373886531,0.010428565554320812,66,0,-1,,0,0,2.6903999999987604,5.043699999998097,21.40590000000131,1
705,4.098321995464852,1,4096,0,1.0,-46.30929248992917,0.009692343883216381,66,0,-1,,0,0,5.215599999999654,7.751400000003628,18.75970000000038,1
706,4.104126984126984,1,4096,0,1.0,-50.327128799290705,0.007541329134255648,66,0,-1,,0,0,3.056900000000695,5.994599999997519,18.803600000001808,1
707,4.1099319727891155,1,4096,0,1.0,-52.17614683905816,0.0061685857363045216,66,0,-1,,0,0,3.7461000000007516,4.8252000000026385,18.82969999999773,1
708,4.115736961451248,1,4096,0,1.0,-53.76972687537606,0.005726998671889305,66,0,-1,,0,0,6.465500000000901,9.053899999997839,18.605400000001993,1
709,4.121541950113379,1,4096,0,1.0,-57.23511420397459,0.004519594833254814,66,0,-1,,0,0,4.500100000001339,8.58870000000067,18.119799999997355,1
710,4.12734693877551,1,4096,0,1.0,-57.17798152757176,0.004559648688882589,66,0,-1,,0,0,6.262500000001836,7.974900000000673,22.52380000000187,2
711,4.133151927437642,1,4096,0,1.0,-61.04854456337165,0.004359323997050524,66,0,-1,,0,0,3.612900000000252,5.953899999997958,25.921400000001427,1
712,4.138956916099773,1,4096,0,1.0,-58.63541827882613,0.004207616671919823,66,0,-1,,0,0,3.1618000000008806,5.481799999998316,25.885599999998732,1
713,4.144761904761904,1,4096,0,1.0,-58.80397344411071,0.0038989444728940725,66,0,-1,,0,0,2.7518999999998073,4.962299999998976,25.85679999999968,1
714,4.1505668934240365,1,4096,0,1.0,-58.72717340446606,0.002675352618098259,72,0,-1,,0,0,4.886300000002564,6.037300000002688,16.310799999999404,1
715,4.156371882086168,1,4096,0,1.0,-60.557297457905825,0.003202563850209117,72,0,-1,,0,0,4.016599999999926,6.675899999997625,16.371599999999376,1
716,4.162176870748299,1,4096,0,1.0,-60.03705958628878,0.003381888847798109,72,0,-1,,0,0,6.02530000000101,7.9956000000045435,18.566700000000935,1
717,4.167981859410431,1,4096,0,1.0,-58.94564242372838,0.0032369261607527733,72,0,-1,,0,0,4.11539999999988,6.872300000001275,10.728199999999077,2
718,4.173786848072562,1,4096,0,1.0,-57.30218404018427,0.002673270646482706,72,0,-1,,0,0,3.1372000000011724,5.413799999999469,12.912299999999988,3
719,4.179591836734694,1,4096,0,1.0,-56.329196400593425,0.0029212310910224915,59,0,-1,,0,0,4.858999999999725,5.967800000000523,34.33199999999914,1
720,4.1853968253968254,1,4096,0,1.0,-58.41681300210379,0.002639686455950141,59,0,-1,,0,0,2.410900000000993,3.1763999999974146,24.916700000002123,1
721,4.191201814058957,1,4096,0,1.0,-59.598852543010196,0.0024525390472263098,59,0,-1,,0,0,2.9520000000005098,3.5529999999965867,24.935100000000432,1
722,4.197006802721089,1,4096,0,1.0,-62.75953778717893,0.002599844941869378,59,0,-1,,0,0,2.854299999999199,4.779699999996723,24.977299999999758,1
723,4.20281179138322,1,4096,0,1.0,-61.37521172790615,0.002477204892784357,59,0,-1,,0,0,3.2473999999993453,5.031299999998851,17.735900000001692,1
724,4.208616780045351,1,4096,0,1.0,-61.76237420915656,0.002558378968387842,59,0,-1,,0,0,2.0631000000008726,3.476799999997837,17.768100000001397,1
725,4.214421768707483,1,4096,0,1.0,-59.80599770303125,0.002629417460411787,59,0,-1,,0,0,2.097400000000249,2.716500000001787,17.7921000000012,1
726,4.220226757369614,1,4096,0,1.0,-58.666547704623866,0.002984497230499983,59,0,-1,,0,0,5.2640000000003795,8.787599999998008,18.400099999997366,1
727,4.2260317460317465,1,4096,0,1.0,-57.53868217431891,0.0030101302545517683,53,0,-1,,0,0,2.653999999999712,4.70799999999727,17.465399999998965,1
728,4.231836734693878,1,4096,0,1.0,-57.54418969848895,0.0029788967221975327,53,0,-1,,0,0,3.31109999999768,4.314399999998386,17.381699999997835,1
729,4.237641723356009,1,4096,0,1.0,-62.74375858918596,0.0025930951815098524,53,0,-1,,0,0,2.707099999998519,4.863500000006127,17.704999999999416,1
730,4.243446712018141,1,4096,0,1.0,-66.1165893390351,0.0021925014443695545,53,0,-1,,0,0,2.4511999999994316,4.255999999998039,17.717900000000952,1
731,4.249251700680272,1,512,1,1.0,-67.33709993942065,0.021097688004374504,59,0,-1,,0,0,2.0439000000003205,2.5863000000008185,17.735200000000617,1
732,4.255056689342403,1,512,0,1.0,-68.01147306976391,0.02407933957874775,59,0,-1,,0,0,4.606700000000075,7.817399999996866,25.672300000000092,1
733,4.260861678004535,1,512,0,1.0,-71.72689990289453,0.023013398051261902,59,0,-1,,0,0,4.3834999999994295,7.103600000000654,25.625300000001516,1
734,4.266666666666667,1,1024,0,1.0,-72.10860775644194,0.020604973658919334,59,0,-1,,0,0,6.422900000000453,8.304299999998932,25.59790000000106,1
735,4.272471655328798,1,1024,0,1.0,-72.61884061683953,0.020274294540286064,59,0,-1,,0,0,2.3502000000021894,3.7121000000013282,16.950200000000137,1
736,4.27827664399093,1,2048,0,1.0,-73.22556168097252,0.018696270883083344,59,0,-1,,0,0,2.23529999999883,3.1844999999961487,16.921500000002254,1
737,4.284081632653061,1,2048,0,1.0,-79.3286826463287,0.019244888797402382,59,0,-1,,0,0,4.76279999999818,5.3426999999999225,16.913799999997536,1
738,4.289886621315193,1,2048,0,0.7299718790685559,-80.73413263974106,0.01907213032245636,59,0,-1,,0,0,3.6404999999994914,5.353500000001787,13.51449999999943,1
739,4.295691609977324,1,2048,0,1.0,-82.33590426068709,0.019400153309106827,59,0,-1,,0,0,3.8373000000007096,5.027400000003013,13.598500000000513,1
740,4.3014965986394555,1,4096,0,0.3093269996888576,-84.68200566162155,0.0019677849486470222,53,0,-1,,0,0,4.910299999998813,8.981099999999742,31.67869999999695,1
741,4.307301587301588,1,4096,0,1.0,-82.67332999819845,0.0021360409446060658,59,0,-1,,0,0,3.8264999999988447,6.342599999999976,21.155900000000116,1
742,4.313106575963719,1,4096,0,0.04488403916160358,-85.82849158241373,0.0023098946548998356,59,0,-1,,0,0,5.100399999999894,6.33219999999568,21.00770000000196,1
743,4.31891156462585,1,4096,0,1.0,-81.082646403045,0.002448121551424265,59,0,-1,,0,0,3.0929999999997904,3.901799999997735,20.902400000000654,1
744,4.324716553287982,1,4096,0,1.0,-76.58083132497265,0.002599698957055807,59,0,-1,,0,0,2.394699999999972,3.193199999998342,19.58839999999995,1
745,4.330521541950113,1,4096,0,1.0,-65.89411703717272,0.0025616763159632683,59,0,-1,,0,0,2.121700000000004,2.911799999999687,19.598999999999478,1
746,4.3363265306122445,1,4096,0,1.0,-63.662715732175386,0.00262894737534225,59,0,-1,,0,0,2.624000000000848,3.1196000000015545,19.605800000000784,1
747,4.342131519274377,1,4096,0,1.0,-52.35733149230572,0.0034523895010352135,59,0,-1,,0,0,2.9973999999981515,3.971999999997422,20.45829999999782,1
748,4.347936507936508,1,4096,0,1.0,-60.16039392551059,0.0031116665340960026,59,0,-1,,0,0,2.584099999999978,3.5120000000006257,20.46969999999959,1
749,4.35374149659864,1,4096,0,1.0,-59.1734129587127,0.0030550125520676374,59,0,-1,,0,0,3.6137000000024955,4.2804000000025155,20.47759999999954,1
750,4.359546485260771,1,4096,0,1.0,-54.35707190687144,0.0031658748630434275,59,0,-1,,0,0,4.507300000000214,7.147100000000961,11.020599999998382,2
751,4.365351473922902,1,4096,0,1.0,-55.417479451630875,0.0036036886740475893,59,0,-1,,0,0,3.394000000000119,4.943799999999499,11.663199999997431,2
752,4.371156462585034,1,4096,0,1.0,-53.37164584754373,0.003731596516445279,59,0,-1,,0,0,2.557199999998261,3.8596999999995774,34.591599999998834,1
753,4.3769614512471655,1,4096,0,1.0,-45.01082004878822,0.006163261365145445,59,0,-1,,0,0,2.169399999999655,2.920199999998374,24.587600000000265,1
754,4.382766439909297,1,4096,0,1.0,-45.31005005561593,0.006959948688745499,59,0,-1,,0,0,3.280999999997647,4.0045999999982484,24.569599999999525,1
755,4.388571428571429,1,4096,0,1.0,-41.11597814833522,0.009425545111298561,59,0,-1,,0,0,1.946799999998916,2.432700000003507,24.579599999999147,1
756,4.39437641723356,1,4096,0,1.0,-39.605259698567295,0.009652769193053246,59,0,-1,,0,0,2.5809000000016624,3.474700000001718,17.48720000000148,1
757,4.400181405895691,1,4096,0,1.0,-43.46036868403548,0.009688092395663261,59,0,-1,,0,0,3.7701999999981695,4.777499999999435,17.563700000000182,1
758,4.405986394557823,1,4096,0,1.0,-40.737020727578326,0.010810582898557186,59,0,-1,,0,0,2.544900000000183,3.0500999999993894,17.609199999998992,1
759,4.4117913832199545,1,4096,0,1.0,-42.92589768849592,0.010346423834562302,64,0,-1,,0,0,4.069999999998686,5.598600000002563,26.90769999999887,1
760,4.4175963718820865,1,4096,0,1.0,-43.03186926833555,0.011538130231201649,67,0,-1,,0,0,6.120099999996853,7.719099999999202,26.862399999998843,1
761,4.423401360544218,1,4096,0,1.0,-44.931134624952556,0.01408898551017046,67,0,-1,,0,0,4.552999999997809,5.606900000000081,26.835200000000725,1
762,4.429206349206349,1,4096,0,1.0,-49.02300798437147,0.012020916678011417,70,0,-1,,0,0,3.233900000001455,4.729900000000953,8.631900000001025,2
763,4.435011337868481,1,4096,0,1.0,-52.28570852205368,0.008624976500868797,70,0,-1,,0,0,3.666599999998965,4.727700000000112,10.232199999997249,2
764,4.440816326530612,1,4096,0,1.0,-53.64959848107041,0.007401248440146446,70,0,-1,,0,0,3.3381000000005656,4.013799999999179,25.897699999998025,1
765,4.446621315192743,1,4096,0,1.0,-51.00398299967327,0.0076742880046367645,70,0,-1,,0,0,3.1959000000014726,4.906100000003022,19.218500000000915,1
766,4.4524263038548755,1,4096,0,1.0,-49.90847254212066,0.008657185360789299,70,0,-1,,0,0,4.695700000002745,6.429000000000684,19.172100000002246,1
767,4.458231292517007,1,4096,0,1.0,-52.2333332501979,0.009795625694096088,70,0,-1,,0,0,2.953300000001491,3.762200000000604,19.166399999999584,1
768,4.464036281179139,1,4096,0,1.0,-50.714339589250066,0.009849553927779198,69,0,-1,,0,0,2.8224999999970635,4.01030000000091,18.184099999999148,1
769,4.46984126984127,1,4096,0,1.0,-52.424980147436884,0.007660754956305027,69,0,-1,,0,0,3.1521000000012123,4.213799999998713,18.19110000000279,1
770,4.475646258503401,1,4096,0,1.0,-55.05423679395746,0.006339792627841234,69,0,-1,,0,0,3.001199999999926,3.584100000004753,18.19309999999774,1
771,4.481451247165533,1,4096,0,1.0,-55.31851967697172,0.005137339700013399,69,0,-1,,0,0,2.6034999999993147,3.5235000000000127,23.737699999998085,1
772,4.487256235827664,1,4096,0,1.0,-59.63032719534083,0.004536006599664688,69,0,-1,,0,0,4.184399999999755,5.196999999995455,23.93430000000052,1
773,4.493061224489796,1,4096,0,1.0,-59.964088518515595,0.0036028102040290833,69,0,-1,,0,0,2.72809999999879,3.3928000000038594,24.088100000000168,1
774,4.498866213151928,1,4096,0,1.0,-61.65989712813393,0.003247898770496249,69,0,-1,,0,0,5.075800000000186,8.237099999998776,21.594200000002672,1
775,4.504671201814059,1,4096,0,1.0,-60.74413891254561,0.0022254919167608023,64,0,-1,,0,0,2.909999999999968,5.523100000001335,21.655599999998998,1
776,4.51047619047619,1,4096,0,1.0,-56.412062811508996,0.0022652000188827515,64,0,-1,,0,0,4.947099999998983,7.070699999999874,21.71560000000028,1
777,4.516281179138322,1,4096,0,1.0,-52.08646394595022,0.003128423122689128,64,0,-1,,0,0,5.560200000001458,10.451099999997382,17.58209999999849,2
778,4.522086167800453,1,4096,0,1.0,-49.0776704272387,0.003002918092533946,64,0,-1,,0,0,6.369700000000478,9.61510000000132,21.66989999999913,2
779,4.527891156462585,1,4096,0,1.0,-48.149752237022945,0.0047615766525268555,64,0,-1,,0,0,8.454500000002696,10.521000000000669,45.80410000000157,1
780,4.533696145124717,1,4096,0,1.0,-46.211887775814375,0.004253742750734091,66,0,-1,,0,0,8.673499999996892,11.292199999999752,31.03219999999851,1
781,4.539501133786848,1,4096,0,1.0,-51.92279179468394,0.0047074537724256516,66,0,-1,,0,0,5.512900000002929,9.737700000002292,31.008100000001093,1
782,4.54530612244898,1,4096,0,1.0,-47.46807743229955,0.004257977940142155,66,0,-1,,0,0,7.69030000000015,10.047399999997708,45.57020000000023,2
783,4.551111111111111,1,4096,0,1.0,-54.41624022893901,0.0030084422323852777,66,0,-1,,0,0,6.647799999999648,10.313200000002354,18.39920000000106,2
784,4.556916099773242,1,4096,0,1.0,-51.44360175940757,0.0023842405062168837,66,0,-1,,0,0,3.9021999999988566,6.048700000000906,24.018999999999124,3
785,4.562721088435374,1,4096,0,1.0,-53.25719864154117,0.002232341328635812,66,0,-1,,0,0,6.112399999999241,8.976599999996893,29.284700000001607,4
786,4.568526077097506,1,4096,0,1.0,-57.52840341865881,0.0023447880521416664,66,0,-1,,0,0,3.535599999999306,6.7963999999989255,31.5291000000002,2
787,4.574331065759637,1,4096,0,1.0,-60.20611054945577,0.0022787710186094046,66,0,-1,,0,0,2.987099999998577,5.00939999999872,31.474599999999242,2
788,4.580136054421769,1,4096,0,1.0,-62.83854595339932,0.0021301584783941507,66,0,-1,,0,0,3.2335000000003333,6.962800000000158,31.51099999999829,2
789,4.5859410430839,1,4096,0,1.0,-62.16937865906874,0.002140890574082732,66,0,-1,,0,0,4.240200000001693,7.2989000000021065,23.372399999999516,2
790,4.591746031746032,1,4096,0,1.0,-62.37597219651708,0.00198826240375638,66,0,-1,,0,0,5.022900000000163,8.084400000001324,27.599300000002103,3
791,4.597551020408163,1,4096,0,1.0,-63.902582307022016,0.002015337347984314,66,0,-1,,0,0,3.6741000000013457,5.028000000002919,41.62820000000167,1
792,4.6033560090702945,1,4096,0,1.0,-64.48010046749077,0.001986587420105934,66,0,-1,,0,0,3.011700000001838,5.547899999996275,22.135000000002236,1
793,4.609160997732427,1,4096,0,1.0,-65.85628550946313,0.0019452761625871062,66,0,-1,,0,0,6.091699999998923,8.002599999997528,22.068299999997265,1
794,4.614965986394558,1,4096,0,1.0,-63.82584560640537,0.0020307928789407015,66,0,-1,,0,0,4.636399999998986,7.834700000000083,40.7902,1
795,4.620770975056689,1,4096,0,1.0,-56.71578612799864,0.002216989640146494,66,0,-1,,0,0,3.4722000000009245,6.54790000000105,22.32309999999771,1
796,4.626575963718821,1,4096,0,1.0,-57.76683966885531,0.0022992161102592945,53,0,-1,,0,0,5.424200000000212,7.1800000000017405,22.174900000003106,1
797,4.632380952380952,1,4096,0,1.0,-57.599734345523885,0.002829647855833173,59,0,-1,,0,0,3.2372999999985552,4.935900000003102,22.107100000003044,1
798,4.6381859410430835,1,4096,0,1.0,-57.88515426887932,0.0027697719633579254,59,0,-1,,0,0,3.6421000000004256,6.240400000002921,10.430200000001832,2
799,4.6439909297052155,1,4096,0,1.0,-60.29699967043318,0.0026135798543691635,59,0,-1,,0,0,4.451100000000707,6.414399999997045,14.596999999998417,3
800,4.649795918367347,1,4096,0,1.0,-65.6290308200087,0.002814772306010127,59,0,-1,,0,0,4.496500000001902,5.7040999999991016,35.68950000000015,1
801,4.655600907029479,1,4096,0,1.0,-67.01142387033356,0.002774688880890608,59,0,-1,,0,0,3.0767000000011535,4.813999999996099,27.744300000001942,0
802,4.66140589569161,1,4096,0,1.0,-66.85210131126246,0.002708043437451124,59,0,-1,,0,0,2.5301999999989278,3.5076000000024976,26.685000000000514,0
803,4.667210884353741,1,4096,0,1.0,-70.93466713752578,0.0026951099280267954,59,0,-1,,0,0,4.903099999999938,8.185100000002166,26.65659999999903,0
804,4.673015873015873,1,4096,0,1.0,-69.85236587538165,0.0027685353998094797,59,0,-1,,0,0,3.283899999999562,5.417900000001197,16.759699999997935,1
805,4.6788208616780045,1,512,1,1.0,-67.97058584442598,0.02070547267794609,59,0,-1,,0,0,4.069199999999995,6.175899999998791,16.752000000000322,1
806,4.684625850340136,1,512,0,1.0,-65.28647366647276,0.023632731288671494,59,0,-1,,0,0,3.527500000000572,4.465700000000794,16.739099999998786,1
807,4.690430839002268,1,512,0,1.0,-57.156084146600854,0.03799200803041458,59,0,-1,,0,0,5.326700000001239,7.8910000000007585,24.113599999999735,1
808,4.696235827664399,1,1024,0,1.0,-54.4207676887897,0.051018718630075455,59,0,-1,,0,0,5.123199999999883,7.109599999999716,23.368500000000125,1
809,4.702040816326531,1,1024,0,1.0,-47.33383232927741,0.21069884300231934,59,0,-1,,0,0,3.576699999999988,4.458400000000751,23.364900000000688,1
810,4.707845804988662,1,2048,0,1.0,-44.65035719646518,0.05087623372673988,59,0,-1,,0,0,8.25580000000059,10.690799999999001,12.811499999997977,4
811,4.713650793650793,1,2048,0,1.0,-45.86080379645956,0.08209160715341568,59,0,-1,,0,0,4.51410000000152,9.065900000003069,30.17849999999811,3
812,4.7194557823129255,1,2048,0,1.0,-39.937786670867645,0.09657952934503555,59,0,-1,,0,0,6.84710000000166,10.655599999999765,30.252299999997234,3
813,4.725260770975057,1,2048,0,1.0,-43.27646007929041,0.08198852837085724,64,0,-1,,0,0,7.781100000002539,9.62379999999996,27.442900000000492,4
814,4.731065759637188,1,4096,0,1.0,-40.6620530336147,0.006856250576674938,64,0,-1,,0,0,7.892199999997018,9.398500000003196,43.192200000000014,2
815,4.73687074829932,1,4096,0,1.0,-40.12505552983596,0.0067122019827365875,72,0,-1,,0,0,2.7967000000010955,4.695300000001623,43.30350000000038,2
816,4.742675736961451,1,4096,0,1.0,-43.75171479135946,0.006917071063071489,72,0,-1,,0,0,2.8149000000006197,4.37220000000238,21.745500000001527,2
817,4.748480725623582,1,4096,0,1.0,-38.96015466767466,0.007408029865473509,72,0,-1,,0,0,3.142799999999113,4.541600000003143,22.742200000003265,2
818,4.7542857142857144,1,4096,0,1.0,-40.96409737836824,0.007403564173728228,72,0,-1,,0,0,3.7806999999965285,6.357599999997632,29.397400000000573,3
819,4.760090702947846,1,4096,0,1.0,-44.27185493018324,0.007111468818038702,72,0,-1,,0,0,3.781499999998772,5.530400000001379,11.352599999998603,4
820,4.765895691609978,1,4096,0,1.0,-40.8097936086821,0.008170356042683125,72,0,-1,,0,0,3.040800000000843,4.44219999999973,32.938000000001466,1
821,4.771700680272109,1,4096,0,1.0,-41.385148065215354,0.008367124944925308,69,0,-1,,0,0,2.7808000000000277,3.355800000001352,32.95179999999931,1
822,4.77750566893424,1,4096,0,1.0,-46.15845864271093,0.008451641537249088,69,0,-1,,0,0,2.742800000000045,3.5235999999976286,24.17700000000167,1
823,4.783310657596372,1,4096,0,1.0,-40.56326182909321,0.012316536158323288,69,0,-1,,0,0,3.9183999999998775,4.505000000001758,24.11040000000142,1
824,4.789115646258503,1,4096,0,1.0,-44.25847881987971,0.011301152408123016,69,0,-1,,0,0,3.208900000000625,4.274099999999947,24.078499999998115,1
825,4.794920634920635,1,4096,0,1.0,-45.391802454759485,0.013071762397885323,71,0,-1,,0,0,3.4010000000002094,4.489400000000643,16.694600000001003,1
826,4.800725623582767,1,4096,0,1.0,-49.554978769521796,0.010367956943809986,71,0,-1,,0,0,4.590400000001438,5.7325999999982,16.74859999999967,1
827,4.806530612244898,1,4096,0,1.0,-43.703317348999505,0.013835279271006584,70,0,-1,,0,0,2.750300000002426,3.365799999997421,16.7453999999978,1
828,4.812335600907029,1,4096,0,1.0,-44.13743872431377,0.014101450331509113,70,0,-1,,0,0,3.316999999999126,4.9349000000056265,28.44430000000031,1
829,4.818140589569161,1,4096,0,1.0,-48.73487932877835,0.013196416199207306,70,0,-1,,0,0,4.0426999999993996,5.1484000000030505,28.522099999999995,1
830,4.823945578231292,1,4096,0,1.0,-49.250721602282574,0.011228593997657299,70,0,-1,,0,0,2.4698000000000775,3.056500000003126,28.56779999999759,1
831,4.829750566893424,1,4096,0,1.0,-48.20897419533067,0.008780129253864288,70,0,-1,,0,0,6.067999999999074,9.71230000000034,13.125299999998674,3
832,4.835555555555556,1,4096,0,1.0,-47.7486667068601,0.010572025552392006,70,0,-1,,0,0,4.829600000000767,8.252399999999938,27.986800000000756,2
833,4.841360544217687,1,4096,0,1.0,-48.416947394917784,0.008720134384930134,69,0,-1,,0,0,5.224900000001753,7.342099999998908,28.029799999998772,2
834,4.847165532879819,1,4096,0,1.0,-48.22439273868909,0.0071132974699139595,69,0,-1,,0,0,3.955000000001263,6.025499999999795,19.91909999999919,2
835,4.85297052154195,1,4096,0,1.0,-48.59422270695333,0.008441871032118797,69,0,-1,,0,0,3.875999999998214,6.682799999996547,41.878000000000526,1
836,4.858775510204081,1,4096,0,1.0,-51.60444233635591,0.0055648330599069595,69,0,-1,,0,0,6.788300000000191,8.702999999997019,41.97579999999945,1
837,4.864580498866213,1,4096,0,1.0,-51.270064448932544,0.005788932088762522,69,0,-1,,0,0,6.381599999997434,7.656000000000773,23.579700000002646,1
838,4.8703854875283445,1,4096,0,1.0,-51.51956570040632,0.006014173850417137,69,0,-1,,0,0,2.9180000000010864,3.6654999999967686,23.602900000000204,1
839,4.876190476190477,1,4096,0,1.0,-51.21554847734022,0.004664179403334856,69,0,-1,,0,0,4.657000000001688,5.827599999999933,26.644199999999785,1
840,4.881995464852608,1,4096,0,1.0,-50.414303634963,0.005420099012553692,69,0,-1,,0,0,2.5802999999982035,5.460299999999307,19.496499999998917,1
841,4.887800453514739,1,4096,0,1.0,-50.30903046578396,0.005171902943402529,69,0,-1,,0,0,3.0335000000007994,6.118800000002977,19.582500000002057,1
842,4.893605442176871,1,4096,0,1.0,-53.391947365403354,0.00413527199998498,69,0,-1,,0,0,3.129599999997623,3.845299999998275,19.656899999997535,1
843,4.899410430839002,1,4096,0,1.0,-53.99576901546388,0.003487947629764676,69,0,-1,,0,0,5.205100000001295,8.421999999999485,18.215299999997825,1
844,4.9052154195011335,1,4096,0,1.0,-57.2866597445908,0.0024394013453274965,69,0,-1,,0,0,3.4087000000013745,7.22160000000116,18.30619999999783,1
845,4.911020408163266,1,4096,0,1.0,-56.687744508230764,0.0024067675694823265,72,0,-1,,0,0,3.0173999999973944,4.982200000000603,18.35270000000122,1
846,4.916825396825397,1,4096,0,1.0,-59.79688126292102,0.001919902628287673,72,0,-1,,0,0,3.7616000000006977,5.140500000003101,15.844299999997702,1
847,4.922630385487528,1,4096,0,1.0,-61.31241192164409,0.002197320805862546,72,0,-1,,0,0,3.300500000001705,6.118699999998256,15.769399999999933,1
848,4.92843537414966,1,4096,0,1.0,-63.55414123899921,0.001981495413929224,72,0,-1,,0,0,3.6482000000006565,4.966900000002994,19.374900000002526,1
849,4.934240362811791,1,4096,0,1.0,-66.5340241836557,0.001973644597455859,72,0,-1,,0,0,5.026999999998338,9.099700000000155,28.209199999999157,1
850,4.940045351473923,1,4096,0,1.0,-65.37859873415648,0.0019283693982288241,72,0,-1,,0,0,3.0727000000005944,6.817800000000318,28.221799999997188,1
851,4.9458503401360545,1,4096,0,1.0,-69.65342402647539,0.002182957250624895,59,0,-1,,0,0,2.97029999999765,4.749699999997858,28.23370000000125,1
852,4.951655328798186,1,4096,0,1.0,-72.0766323910839,0.0023356913588941097,59,0,-1,,0,0,3.182200000001245,4.129999999999967,15.180900000000719,1
853,4.957460317460318,1,4096,0,1.0,-74.06429435911875,0.00216940650716424,59,0,-1,,0,0,2.757499999997748,4.161100000001028,15.121000000000606,1
854,4.963265306122449,1,4096,0,1.0,-79.22171720715936,0.0021286820992827415,59,0,-1,,0,0,3.3840000000004977,4.2095000000017535,15.097100000001973,1
855,4.96907029478458,1,4096,0,1.0,-78.9990374497563,0.0025719935074448586,59,0,-1,,0,0,3.6344999999968763,5.321899999998436,10.777300000000878,1
856,4.974875283446712,1,4096,0,0.9159389194318723,-83.22772919872142,0.0025323128793388605,59,0,-1,,0,0,2.725399999999212,4.86580000000103,10.781399999999053,1
857,4.9806802721088435,1,4096,0,0.950188555225423,-82.48451075856765,0.0024578107986599207,59,0,-1,,0,0,3.1402000000007035,5.073499999998177,12.221099999997875,2
858,4.986485260770975,1,4096,0,1.0,-80.38554382048116,0.0025082749780267477,59,0,-1,,0,0,5.346200000001744,6.655699999999598,22.798500000000388,1
859,4.992290249433107,1,4096,0,1.0,-84.91081650050498,0.002606339519843459,59,0,-1,,0,0,3.1229999999986546,3.7680000000008818,22.902399999999545,1
860,4.998095238095238,1,4096,0,0.0,-84.9206169512913,0.0025525668170303106,59,0,-1,,0,0,2.703699999997866,3.6485000000006096,22.947599999998403,1
861,5.00390022675737,1,4096,0,0.7084970598786232,-88.89799478193659,0.0026378054171800613,59,0,-1,,0,0,3.1658999999990556,8.55849999999947,21.19159999999809,1
862,5.009705215419501,1,4096,0,0.0,-92.31573113447467,0.002534678904339671,59,0,-1,,0,0,2.3873999999999285,4.141199999999401,21.240399999999937,1
863,5.015510204081632,1,4096,0,0.0,-91.90492640292644,0.002627578331157565,59,0,-1,,0,0,2.4290999999969642,3.8476999999979,21.270200000000017,1
864,5.0213151927437645,1,4096,0,0.0,-93.9274270879319,0.0026192516088485718,59,0,-1,,0,0,4.5388000000023965,6.4643999999987045,24.955599999998412,1
865,5.027120181405896,1,4096,0,0.0,-94.04612132548827,0.0026297324802726507,59,0,-1,,0,0,4.460200000000469,6.197399999997799,26.39289999999761,0
866,5.032925170068027,1,4096,0,0.0,-93.81189069276645,0.0026225782930850983,59,0,-1,,0,0,4.898799999999426,6.00650000000158,26.461000000001178,0
867,5.038730158730159,1,4096,0,0.0,-93.58964910516109,0.0026339066680520773,59,0,-1,,0,0,7.160100000000114,9.510599999998703,13.06459999999987,2
868,5.04453514739229,1,4096,0,0.0,-94.00619505307482,0.002634716220200062,59,0,-1,,0,0,5.558499999999356,7.843899999997461,17.547900000000283,3
869,5.050340136054421,1,4096,0,0.0,-93.96663249618472,0.0026369309052824974,59,0,-1,,0,0,3.8820000000008292,6.349399999997729,37.9839000000004,1
870,5.056145124716553,1,4096,0,0.0,-92.71011163859666,0.0026382971554994583,59,0,-1,,0,0,6.925199999997744,10.771999999999338,29.085699999999548,1
871,5.061950113378685,1,4096,0,0.0,-92.89074894588643,0.0026339306496083736,59,0,-1,,0,0,4.903199999997554,7.20569999999654,29.066499999998996,1
872,5.067755102040817,1,4096,0,0.0,-93.58964910516109,0.002634249860420823,59,0,-1,,0,0,5.080400000000651,7.698699999998837,31.870500000000135,1
873,5.073560090702948,1,4096,0,0.0,-96.59003495889704,0.002634836360812187,59,0,-1,,0,0,5.561199999998934,8.180099999997026,14.276499999997583,1
874,5.079365079365079,1,4096,0,0.0,-96.96612043264099,0.0026335774455219507,59,0,-1,,0,0,3.355999999996584,6.217400000000595,14.18899999999823,1
875,5.085170068027211,1,4096,0,0.0,-96.44826950478262,0.0026335008442401886,59,0,-1,,0,0,2.982700000000449,5.409199999999004,35.01569999999887,1
876,5.090975056689342,1,4096,0,0.0,-96.81175663155918,0.0026339469477534294,59,0,-1,,0,0,2.9574000000032186,3.837900000000616,21.973300000002638,1
877,5.0967800453514736,1,4096,0,0.0,-96.44826950478262,0.0026347122620791197,59,0,-1,,0,0,3.588500000002881,4.237900000003236,21.949299999999283,1
878,5.102585034013606,1,4096,0,0.0,-95.68297888648334,0.0026348326355218887,59,0,-1,,0,0,3.802000000000305,4.393999999997789,21.961499999999745,1
879,5.108390022675737,1,4096,0,0.0,-95.62489775455435,0.002633768832311034,59,0,-1,,0,0,7.177999999999685,8.51690000000005,12.55220000000179,2
880,5.114195011337869,1,4096,0,0.0,-95.56758314090658,0.00263449689373374,59,0,-1,,0,0,7.012299999999527,10.525299999997628,31.319899999999734,2
881,5.12,1,4096,0,0.0,-94.8841057031076,0.002634361619129777,59,0,-1,,0,0,4.008900000002313,6.099400000000088,31.472199999999617,2
882,5.125804988662131,1,4096,0,0.0,-96.243937670594,0.002634203527122736,59,0,-1,,0,0,6.019099999999611,9.018300000004587,21.956400000000542,2
883,5.131609977324263,1,4096,0,0.0,-97.12617372141175,0.002634697360917926,59,0,-1,,0,0,4.473499999999575,5.989700000000653,23.476599999998626,2
884,5.137414965986395,1,4096,0,0.0,-96.73658462938218,0.002633732510730624,59,0,-1,,0,0,4.336699999999638,5.449899999998564,39.93810000000053,1
885,5.143219954648526,1,4096,0,0.0,-97.04540980062914,0.0026350505650043488,59,0,-1,,0,0,4.174899999998871,5.816899999999237,20.639200000001523,1
886,5.149024943310658,1,4096,0,0.0,-96.59003495889704,0.0026350931730121374,59,0,-1,,0,0,3.1898000000012416,5.180100000000465,20.559699999999737,1
887,5.154829931972789,1,4096,0,0.0,-96.11286916969236,0.0026339369360357523,59,0,-1,,0,0,2.849900000001071,4.776199999998454,20.529700000000872,1
888,5.16063492063492,1,4096,0,0.0,-95.86203353190663,0.0026340207550674677,59,0,-1,,0,0,3.1095999999983803,4.329099999999642,18.14110000000113,1
889,5.166439909297052,1,4096,0,0.0,-96.11286916969236,0.0026338992174714804,59,0,-1,,0,0,4.080800000000551,5.1100999999960095,17.837399999997672,1
890,5.1722448979591835,1,4096,0,0.0,-92.2356868214676,0.002633817959576845,59,0,-1,,0,0,4.035800000000478,4.87900000000252,17.83400000000057,1
891,5.178049886621316,1,4096,0,1.0,-83.73457486063656,0.002634807489812374,59,0,-1,,0,0,2.460599999999147,3.474499999999381,18.345799999998746,1
892,5.183854875283447,1,4096,0,1.0,-76.62709270652063,0.0026357811875641346,59,0,-1,,0,0,4.655799999998322,5.6071000000024185,18.388500000000363,1
893,5.189659863945578,1,512,1,1.0,-67.45762265696663,0.021019533276557922,59,0,-1,,0,0,2.455099999998822,3.041599999995981,18.415700000002033,1
894,5.19546485260771,1,512,0,1.0,-59.30484525848085,0.029529232531785965,59,0,-1,,0,0,6.2397000000018465,8.608699999999914,19.25759999999954,1
895,5.201269841269841,1,512,0,1.0,-56.77756126167328,0.05782385915517807,59,0,-1,,0,0,7.619999999999294,10.042800000000796,19.166900000001874,1
896,5.2070748299319725,1,1024,0,1.0,-51.30260693605378,0.05525748059153557,59,0,-1,,0,0,6.851400000002172,9.812499999998892,40.97889999999893,1
897,5.2128798185941045,1,1024,0,1.0,-48.467978024934084,0.08958203345537186,59,0,-1,,0,0,4.399100000000544,7.640599999998443,25.4144000000025,1
898,5.218684807256236,1,2048,0,1.0,-47.66506713626197,0.07288729399442673,59,0,-1,,0,0,2.5276000000005183,4.204799999996567,25.129400000000857,1
899,5.224489795918367,1,2048,0,1.0,-46.85852973104127,0.06667529791593552,72,0,-1,,0,0,2.607000000001136,4.423300000002683,25.098400000000964,1
900,5.230294784580499,1,2048,0,1.0,-51.50566401981213,0.06471764296293259,72,0,-1,,0,0,3.412300000000812,7.498999999999256,16.17470000000054,1
901,5.23609977324263,1,2048,0,1.0,-53.41519107929564,0.036692649126052856,72,0,-1,,0,0,2.421699999999305,4.948399999996411,16.64610000000266,0
902,5.241904761904762,1,4096,0,1.0,-55.03354913822619,0.0028680108953267336,72,0,-1,,0,0,2.493199999999973,3.354500000003924,16.710200000002118,0
903,5.2477097505668935,1,4096,0,1.0,-57.86989963895301,0.0024553919211030006,72,0,-1,,0,0,4.589799999997979,5.487999999999715,14.311499999998034,1
904,5.253514739229025,1,4096,0,1.0,-56.370442240390915,0.0023144898004829884,72,0,-1,,0,0,3.360699999998218,5.538000000001375,14.319900000000274,1
905,5.259319727891157,1,4096,0,1.0,-51.425316169829,0.002609511138871312,72,0,-1,,0,0,3.173799999999005,4.771600000001541,14.328600000002467,1
906,5.265124716553288,1,4096,0,1.0,-50.14007282377808,0.0031209117732942104,72,0,-1,,0,0,4.06200000000112,6.7521999999975435,20.99319999999949,1
907,5.270929705215419,1,4096,0,1.0,-47.781199849301075,0.004326458089053631,72,0,-1,,0,0,4.717499999998154,5.945000000000533,20.975599999999872,1
908,5.276734693877551,1,4096,0,1.0,-45.24307101997159,0.004243476316332817,72,0,-1,,0,0,3.277599999996994,3.9434000000007075,20.9703999999995,1
909,5.282539682539682,1,4096,0,1.0,-46.15050903271268,0.00442904606461525,72,0,-1,,0,0,5.371999999997712,6.72519999999821,21.143099999999748,1
910,5.288344671201814,1,4096,0,1.0,-46.39738194155867,0.005027583800256252,64,0,-1,,0,0,2.903200000002215,4.108199999997453,21.372400000000624,1
911,5.294149659863946,1,4096,0,1.0,-45.6734693184191,0.0060852644965052605,64,0,-1,,0,0,2.546300000002333,3.356500000002427,21.202399999999955,1
912,5.299954648526077,1,4096,0,1.0,-45.76956064856894,0.006778624840080738,64,0,-1,,0,0,4.6165000000009115,6.9604000000040855,16.63549999999958,1
913,5.305759637188209,1,4096,0,1.0,-45.91671797221453,0.005325695034116507,72,0,-1,,0,0,3.033699999999584,6.1728999999992595,16.675800000001573,1
914,5.31156462585034,1,4096,0,1.0,-47.580429093964625,0.006848348770290613,69,0,-1,,0,0,2.6122999999991237,3.577799999998632,16.69419999999988,1
915,5.317369614512471,1,4096,0,1.0,-51.73352947613993,0.005108992103487253,69,0,-1,,0,0,4.489200000001858,6.941000000004749,16.10679999999931,1
916,5.3231746031746034,1,4096,0,1.0,-52.76555334875841,0.004025544039905071,69,0,-1,,0,0,3.1447000000000003,6.509399999998777,16.13490000000084,1
917,5.328979591836735,1,4096,0,1.0,-54.62534364969376,0.0036102882586419582,69,0,-1,,0,0,2.904600000000812,5.015999999997689,16.15759999999966,1
918,5.334784580498866,1,4096,0,1.0,-55.84275173410026,0.0032022125087678432,69,0,-1,,0,0,7.121099999999103,8.831600000000606,28.98259999999908,1
919,5.340589569160998,1,4096,0,1.0,-56.49530729259291,0.0030717828776687384,69,0,-1,,0,0,4.3426000000010845,6.2387999999984345,29.03580000000261,1
920,5.346394557823129,1,4096,0,1.0,-56.930412266752946,0.0032183865550905466,69,0,-1,,0,0,4.357999999999862,5.928300000000775,29.069299999999743,1
921,5.352199546485261,1,4096,0,1.0,-58.79909375422734,0.0035217495169490576,69,0,-1,,0,0,4.129200000001276,5.6139000000001715,14.914999999998457,1
922,5.358004535147392,1,4096,0,1.0,-59.79150188790058,0.003102881135419011,72,0,-1,,0,0,3.2789999999991437,5.925799999999981,14.870399999999506,1
923,5.363809523809524,1,4096,0,1.0,-61.481413256665746,0.003065363271161914,72,0,-1,,0,0,4.396600000003303,5.153300000003469,14.838899999997324,1
924,5.369614512471656,1,4096,0,1.0,-60.75892223521399,0.0031665267888456583,72,0,-1,,0,0,2.9186999999986085,4.172900000000368,9.147999999999712,1
925,5.375419501133787,1,4096,0,1.0,-62.28443445953132,0.002167974365875125,72,0,-1,,0,0,2.694899999998057,3.567300000000273,9.064999999999657,1
926,5.381224489795918,1,4096,0,1.0,-59.68664256596845,0.0021456133108586073,72,0,-1,,0,0,2.819200000001132,3.3828000000006853,31.43310000000099,1
927,5.38702947845805,1,4096,0,1.0,-60.49804896538294,0.0030121603049337864,72,0,-1,,0,0,2.7947000000025923,3.736599999999868,23.68759999999881,1
928,5.392834467120181,1,4096,0,1.0,-59.875172119811914,0.0028125701937824488,59,0,-1,,0,0,4.005299999999323,4.643799999996645,23.71440000000291,1
929,5.3986394557823125,1,4096,0,1.0,-54.1290398861623,0.0028540364000946283,59,0,-1,,0,0,3.356999999997612,3.9322000000012736,23.753899999999106,1
930,5.404444444444445,1,4096,0,1.0,-50.02984303220873,0.0031521881464868784,59,0,-1,,0,0,5.046899999999965,8.329299999999762,22.014899999998505,1
931,5.410249433106576,1,4096,0,1.0,-49.88848951196927,0.0034668745938688517,59,0,-1,,0,0,2.568600000000032,4.816000000001708,21.965800000000257,1
932,5.416054421768708,1,4096,0,1.0,-51.281299378407404,0.004251515027135611,59,0,-1,,0,0,2.526799999998275,4.329800000000716,21.934500000000412,1
933,5.421859410430839,1,4096,0,1.0,-49.979178474008336,0.003840688383206725,59,0,-1,,0,0,3.9759000000003653,5.078900000004438,20.285200000000003,1
934,5.42766439909297,1,4096,0,1.0,-50.727717473636545,0.0033289582934230566,59,0,-1,,0,0,2.7937000000015644,4.311699999998808,20.225700000001012,1
935,5.433469387755102,1,4096,0,1.0,-54.74796619700341,0.0035246992483735085,59,0,-1,,0,0,2.903599999999784,3.6930000000019447,20.20429999999962,1
936,5.4392743764172335,1,4096,0,1.0,-56.593714818625145,0.0028231872711330652,59,0,-1,,0,0,2.3906999999994127,3.3300000000018315,9.815299999999638,1
937,5.445079365079365,1,4096,0,1.0,-57.344032663424606,0.002572317374870181,59,0,-1,,0,0,3.832100000000338,4.693800000001858,9.86119999999957,1
938,5.450884353741497,1,4096,0,1.0,-58.19922002208736,0.0022924640215933323,59,0,-1,,0,0,3.6583000000014465,4.240500000001646,12.002700000000033,1
939,5.456689342403628,1,4096,0,1.0,-61.41831849886003,0.002134917536750436,59,0,-1,,0,0,4.922799999999228,6.3799999999965,25.924100000001005,1
940,5.462494331065759,1,4096,0,1.0,-61.40041800982793,0.002078704070299864,59,0,-1,,0,0,2.3374999999994373,4.468799999997941,25.930999999999926,1
941,5.468299319727891,1,4096,0,1.0,-59.3599593606543,0.002156980335712433,59,0,-1,,0,0,2.1892000000001133,4.199999999997317,25.634799999998847,1
942,5.4741043083900225,1,4096,0,1.0,-59.41060587773954,0.0020320620387792587,59,0,-1,,0,0,2.8869999999976415,3.873600000002142,17.157000000000977,1
943,5.479909297052155,1,4096,0,1.0,-58.140237103161766,0.0020556540694087744,59,0,-1,,0,0,2.1587999999965746,3.236000000001127,17.164700000002142,1
944,5.485714285714286,1,4096,0,1.0,-59.991770427996265,0.0020528396125882864,59,0,-1,,0,0,2.1172000000007074,2.6127000000002454,17.180199999998536,1
945,5.491519274376417,1,4096,0,1.0,-54.30266282438322,0.001971585676074028,59,0,-1,,0,0,2.525499999997294,3.281999999998675,25.738400000001604,1
946,5.497324263038549,1,4096,0,1.0,-57.68765684835047,0.002036925870925188,59,0,-1,,0,0,2.533199999998459,3.180300000000358,25.753999999999166,1
947,5.50312925170068,1,4096,0,1.0,-52.60107015699521,0.0022494422737509012,59,0,-1,,0,0,2.608000000002164,3.1541999999973314,25.773799999999625,1
948,5.508934240362811,1,4096,0,1.0,-54.40376173183622,0.00213486235588789,59,0,-1,,0,0,5.5277999999994165,6.953599999999227,8.296599999997767,2
949,5.5147392290249435,1,4096,0,1.0,-53.766243069491885,0.002378034172579646,59,0,-1,,0,0,2.6527999999998997,5.309500000002743,25.883300000000276,1
950,5.520544217687075,1,4096,0,1.0,-48.510445410233956,0.0023391428403556347,59,0,-1,,0,0,2.566899999997929,4.177999999999571,25.89800000000153,1
951,5.526349206349207,1,4096,0,1.0,-53.88371872261273,0.002507493831217289,59,0,-1,,0,0,2.3864000000024532,3.760299999996164,19.785299999998784,1
952,5.532154195011338,1,4096,0,1.0,-57.616594714519394,0.0025147523265331984,59,0,-1,,0,0,2.0130999999992127,2.5021999999985667,19.718999999998488,1
953,5.537959183673469,1,4096,0,1.0,-57.3123319009802,0.0025260818656533957,59,0,-1,,0,0,2.6906999999987136,3.2493999999978485,19.69569999999976,1
954,5.543764172335601,1,4096,0,1.0,-50.6490501611207,0.0028712188359349966,59,0,-1,,0,0,2.277700000000493,3.0839000000000283,22.550499999997697,1
955,5.5495691609977325,1,4096,0,1.0,-47.69538731285724,0.004275820218026638,59,0,-1,,0,0,2.6052999999990334,3.505100000001704,22.582800000002123,1
956,5.555374149659864,1,4096,0,1.0,-48.603036589609594,0.006054235622286797,59,0,-1,,0,0,2.249199999997842,2.752699999998498,22.593199999999314,1
957,5.561179138321996,1,4096,0,1.0,-43.209553510580704,0.005915520712733269,59,0,-1,,0,0,6.049300000000812,7.890499999998468,23.209600000001274,1
958,5.566984126984127,1,4096,0,1.0,-46.6508629539389,0.005210443865507841,64,0,-1,,0,0,6.675000000001319,8.648999999998352,23.228700000000657,1
959,5.572789115646258,1,4096,0,1.0,-47.32582466455234,0.005294673144817352,66,0,-1,,0,0,5.228900000002312,6.060500000000246,23.238299999999157,1
960,5.57859410430839,1,4096,0,1.0,-48.393629191338114,0.004467741586267948,66,0,-1,,0,0,5.608099999999894,8.472699999998667,16.879500000001713,1
961,5.584399092970521,1,4096,0,1.0,-52.36109866685869,0.003574277041479945,66,0,-1,,0,0,3.6833999999998923,6.8315000000005455,16.954999999999387,1
962,5.5902040816326535,1,4096,0,1.0,-56.049937364126805,0.0029582504648715258,66,0,-1,,0,0,2.869499999999192,4.069300000001164,17.001199999999272,1
963,5.596009070294785,1,4096,0,1.0,-52.30986865734675,0.0027823455166071653,66,0,-1,,0,0,3.5167999999998756,5.231799999997122,13.628600000000546,1
964,5.601814058956916,1,4096,0,1.0,-55.919082836917944,0.0025011117104440928,66,0,-1,,0,0,3.243399999998786,4.488000000002046,13.58019999999982,1
965,5.607619047619048,1,4096,0,1.0,-59.48373568016581,0.0021639582701027393,66,0,-1,,0,0,2.7751999999985344,3.436999999998136,13.562099999997912,1
966,5.613424036281179,1,4096,0,1.0,-59.684159025424144,0.001942184753715992,66,0,-1,,0,0,2.5174999999997283,3.3098999999978673,24.0786999999969,1
967,5.61922902494331,1,4096,0,1.0,-62.51122286953109,0.0017431271262466908,66,0,-1,,0,0,2.652000000001209,3.6343000000016445,24.09229999999951,1
968,5.625034013605442,1,4096,0,1.0,-64.49012962202501,0.0017254336271435022,66,0,-1,,0,0,3.958499999999532,4.618400000001799,24.09250000000185,1
969,5.630839002267574,1,4096,0,1.0,-63.15496330363166,0.0017831193981692195,66,0,-1,,0,0,4.624199999998524,9.28949999999773,21.600499999998135,1
970,5.636643990929705,1,4096,0,1.0,-59.51181354512683,0.001966579118743539,66,0,-1,,0,0,3.727099999998984,7.071499999998565,21.605399999998554,1
971,5.642448979591837,1,4096,0,1.0,-60.078769760321585,0.0019194959895685315,66,0,-1,,0,0,4.398099999999516,6.790299999998695,22.0015999999994,1
972,5.648253968253968,1,4096,0,1.0,-61.71911124374661,0.002018650760874152,66,0,-1,,0,0,4.305799999997362,6.463399999997677,10.084800000001337,2
973,5.6540589569161,1,4096,0,1.0,-65.88822815404347,0.0021709813736379147,66,0,-1,,0,0,3.067899999997792,5.657099999996973,33.184999999999576,1
974,5.659863945578231,1,512,1,1.0,-69.62942077321138,0.021525604650378227,59,0,-1,,0,0,2.394600000002356,4.217300000004087,33.29800000000205,1
975,5.6656689342403626,1,512,0,1.0,-75.5568992870334,0.02056758664548397,59,0,-1,,0,0,3.098500000000115,3.962999999995276,24.279200000002277,1
976,5.671473922902495,1,512,0,1.0,-77.98631081509414,0.020180026069283485,59,0,-1,,0,0,5.882599999999627,6.494400000004674,24.31620000000123,1
977,5.677278911564626,1,1024,0,1.0,-81.19144253027527,0.020039768889546394,59,0,-1,,0,0,3.3397999999991157,4.042000000001877,24.106899999999598,1
978,5.683083900226757,1,1024,0,0.94027823175923,-79.82428496434439,0.01967775449156761,59,0,-1,,0,0,4.695200000000455,7.038699999998954,16.319500000001597,1
979,5.688888888888889,1,2048,0,1.0,-77.37030409526135,0.020290879532694817,59,0,-1,,0,0,2.2827000000020803,5.688399999996818,16.306199999998938,1
980,5.69469387755102,1,2048,0,1.0,-70.21397935866979,0.020285410806536674,59,0,-1,,0,0,2.590900000001284,3.4284000000006642,16.105299999999545,1
981,5.7004988662131515,1,2048,0,1.0,-59.686451473957675,0.02123299054801464,59,0,-1,,0,0,4.906399999999422,5.748099999998146,24.527200000001415,1
982,5.706303854875284,1,2048,0,1.0,-50.55484707731531,0.03181815519928932,59,0,-1,,0,0,3.0805999999969913,4.29889999999844,24.548600000002807,1
983,5.712108843537415,1,4096,0,1.0,-47.241347384468064,0.0049463240429759026,59,0,-1,,0,0,2.259800000000922,3.2804999999989093,24.565299999999013,1
984,5.717913832199547,1,4096,0,1.0,-47.361065068443494,0.005788690410554409,59,0,-1,,0,0,5.1690999999998155,7.291299999998557,11.848600000000431,1
985,5.723718820861678,1,4096,0,1.0,-43.56406645305535,0.006741635501384735,59,0,-1,,0,0,2.7775000000005434,4.937600000001652,11.839099999999547,1
986,5.729523809523809,1,4096,0,1.0,-42.52491927990239,0.006929417606443167,59,0,-1,,0,0,3.8026000000002114,4.986800000001068,36.71439999999748,1
987,5.735328798185941,1,4096,0,1.0,-42.064842264310045,0.007042583078145981,72,0,-1,,0,0,4.742400000001368,6.07000000000113,26.37499999999804,1
988,5.7411337868480725,1,4096,0,1.0,-43.314367031920995,0.007117317058146,72,0,-1,,0,0,2.8132999999996855,3.3645999999976084,26.363500000002205,1
989,5.746938775510204,1,4096,0,1.0,-41.6333902276712,0.008056342601776123,72,0,-1,,0,0,3.0514000000003705,4.433399999999921,26.377400000001217,1
990,5.752743764172336,1,4096,0,1.0,-41.53647309005049,0.007370227016508579,72,0,-1,,0,0,2.4870999999997423,3.343700000002059,15.855500000000688,1
991,5.758548752834467,1,4096,0,1.0,-43.03256002518748,0.006989367306232452,69,0,-1,,0,0,2.1201000000026227,3.4013000000001625,15.843799999998964,1
992,5.764353741496599,1,4096,0,1.0,-44.19984843394733,0.0066181751899421215,69,0,-1,,0,0,2.242099999996583,2.7535999999983574,15.851800000000082,1
993,5.77015873015873,1,4096,0,1.0,-48.35690775488034,0.006309330463409424,69,0,-1,,0,0,2.4161999999989803,3.2668999999998505,7.827000000002471,1
994,5.7759637188208615,1,4096,0,1.0,-50.912583186017955,0.004810255020856857,69,0,-1,,0,0,2.0919999999975403,2.9733000000042864,7.820300000002334,1
995,5.7817687074829935,1,4096,0,1.0,-52.03676720500832,0.004203475080430508,69,0,-1,,0,0,2.449399999999713,2.9125999999983776,31.419299999999595,1
996,5.787573696145125,1,4096,0,1.0,-55.96558504381996,0.003926396835595369,69,0,-1,,0,0,2.3884000000009564,3.0602999999977953,24.487600000000498,1
997,5.793378684807256,1,4096,0,1.0,-48.82940337819443,0.004072624258697033,69,0,-1,,0,0,4.842100000001182,5.384800000001633,24.504500000002594,1
998,5.799183673469388,1,4096,0,1.0,-47.689807314108634,0.005872633773833513,69,0,-1,,0,0,2.985000000002458,3.571799999996017,24.530999999999636,1
999,5.804988662131519,1,4096,0,1.0,-50.74712809739745,0.004925758112221956,69,0,-1,,0,0,4.6520000000001005,6.708700000000789,20.686500000000052,1
1000,5.81079365079365,1,4096,0,1.0,-48.392218164199186,0.005941491574048996,69,0,-1,,0,0,2.6910000000022194,4.247299999999399,19.89189999999752,1
1001,5.8165986394557825,1,4096,0,1.0,-48.795083175966795,0.005764694884419441,64,0,-1,,0,0,2.850200000001024,4.00929999999633,20.363100000000856,0
1002,5.822403628117914,1,4096,0,1.0,-49.212000336508154,0.00602796021848917,69,0,-1,,0,0,3.1308999999986042,3.9656999999984066,21.837399999999008,1
1003,5.828208616780046,1,4096,0,1.0,-50.338274147316746,0.006420118734240532,69,0,-1,,0,0,2.6809000000014294,3.568900000001207,21.83780000000013,1
1004,5.834013605442177,1,4096,0,1.0,-50.38261058433684,0.0037756662350147963,64,0,-1,,0,0,3.4289000000029546,4.140899999999448,21.838100000000082,1
1005,5.839818594104308,1,4096,0,1.0,-50.636627290993474,0.0047872839495539665,64,0,-1,,0,0,2.583800000000025,3.274800000003353,7.96590000000208,1
1006,5.84562358276644,1,4096,0,1.0,-53.7719706312678,0.003877887735143304,64,0,-1,,0,0,2.1650999999991427,3.0581999999981235,7.933600000001206,1
1007,5.851428571428571,1,4096,0,1.0,-56.7614764648044,0.002833666978403926,64,0,-1,,0,0,2.4333999999974765,2.9540000000025657,11.092800000000125,2
1008,5.857233560090703,1,4096,0,1.0,-56.51547409876571,0.0022475572768598795,64,0,-1,,0,0,3.6093000000008146,4.680999999997937,27.29360000000014,1
1009,5.863038548752835,1,4096,0,1.0,-55.76855003553894,0.002328654984012246,64,0,-1,,0,0,2.2359999999999047,2.9254000000022984,27.383100000001548,1
1010,5.868843537414966,1,4096,0,1.0,-52.731029625546654,0.0024000713601708412,64,0,-1,,0,0,2.220099999998837,4.8485999999989815,27.444600000002595,1
1011,5.874648526077097,1,4096,0,1.0,-51.28102138671987,0.0021829581819474697,64,0,-1,,0,0,5.287899999999013,7.513700000000512,17.780900000001765,1
1012,5.880453514739229,1,4096,0,1.0,-51.215178517918396,0.002618982922285795,64,0,-1,,0,0,4.414700000001659,6.930199999999331,17.728200000000527,1
1013,5.88625850340136,1,4096,0,1.0,-49.069680976256585,0.0028054644353687763,66,0,-1,,0,0,2.622699999999867,3.6064999999965153,17.72370000000123,1
1014,5.8920634920634924,1,4096,0,1.0,-48.46092776267075,0.002230205340310931,66,0,-1,,0,0,2.444000000000557,3.174800000000033,22.9266999999993,1
1015,5.897868480725624,1,4096,0,1.0,-50.04208115607763,0.0028289963956922293,66,0,-1,,0,0,2.1689000000009173,2.967899999998025,22.955200000001952,1
1016,5.903673469387755,1,4096,0,1.0,-47.69836692827937,0.002940221456810832,66,0,-1,,0,0,1.8607999999993297,2.2820000000010054,22.973000000000354,1
1017,5.909478458049887,1,4096,0,1.0,-46.2790916599759,0.0031565078534185886,64,0,-1,,0,0,5.437100000001749,6.571600000000899,9.757600000000366,2
1018,5.915283446712018,1,4096,0,1.0,-44.06380967522121,0.00428312923759222,64,0,-1,,0,0,4.263000000001682,6.611700000000553,29.80970000000127,1
1019,5.921088435374149,1,4096,0,1.0,-43.44929212032536,0.006183763965964317,64,0,-1,,0,0,2.974200000000593,4.723200000000816,29.8632000000012,1
1020,5.926893424036281,1,4096,0,1.0,-42.85765453749396,0.007157093845307827,64,0,-1,,0,0,2.4908000000003483,3.558800000000417,21.56620000000231,1
1021,5.932698412698413,1,4096,0,1.0,-47.003115485929754,0.005047928541898727,64,0,-1,,0,0,2.0860000000020307,2.7808000000000277,21.522899999997236,1
1022,5.938503401360544,1,4096,0,1.0,-48.69157254350676,0.0036355736665427685,64,0,-1,,0,0,5.060600000000193,5.7206999999976915,21.526200000000273,1
1023,5.944308390022676,1,4096,0,1.0,-52.635389470353005,0.0029340730980038643,64,0,-1,,0,0,3.846299999999303,5.763999999999214,22.34099999999728,1
1024,5.950113378684807,1,4096,0,1.0,-51.01410441963842,0.0029344528447836637,64,0,-1,,0,0,3.9698999999977502,5.71430000000106,22.30769999999893,1
1025,5.955918367346939,1,4096,0,1.0,-53.319026297683024,0.0025232662446796894,64,0,-1,,0,0,4.263800000000373,5.300300000001812,21.757699999998437,1
1026,5.96172335600907,1,4096,0,1.0,-54.24088188188001,0.0026490099262446165,64,0,-1,,0,0,3.430500000000336,4.220100000001281,16.63160000000019,1
1027,5.9675283446712015,1,4096,0,1.0,-49.08822000032525,0.003324150573462248,64,0,-1,,0,0,5.582600000000326,6.860100000000813,16.635799999999534,1
1028,5.973333333333334,1,4096,0,1.0,-53.54991530335624,0.002557688159868121,64,0,-1,,0,0,2.6268999999992104,3.298400000002033,16.651500000001818,1
1029,5.979138321995465,1,4096,0,1.0,-44.643345852088,0.004754323977977037,64,0,-1,,0,0,3.9498000000008915,5.872099999997715,19.721300000000497,1
1030,5.984943310657596,1,4096,0,1.0,-53.63228702809422,0.003598605515435338,64,0,-1,,0,0,6.09980000000121,7.324700000001627,19.780100000001966,1
1031,5.990748299319728,1,4096,0,1.0,-43.411879921822305,0.004882184788584709,64,0,-1,,0,0,4.9117000000009625,5.795199999997891,19.824299999999795,1
1032,5.996553287981859,1,4096,0,1.0,-52.00206650848477,0.0039842985570430756,64,0,-1,,0,0,8.372800000000069,10.549100000002198,16.76480000000069,2
1033,6.002358276643991,1,4096,0,1.0,-44.61535641916284,0.004116005729883909,64,0,-1,,0,0,7.287900000001457,8.9295000000007,40.396099999998825,1
1034,6.0081632653061225,1,4096,0,1.0,-44.6441545591908,0.006121037993580103,64,0,-1,,0,0,3.7677000000009286,5.12939999999773,40.44509999999946,1
1035,6.013968253968254,1,4096,0,1.0,-46.942204117873615,0.004747556056827307,72,0,-1,,0,0,2.4630999999999403,4.14350000000141,25.6413000000002,1
1036,6.019773242630386,1,4096,0,1.0,-49.671397055429296,0.004128992557525635,64,0,-1,,0,0,2.6924000000008164,3.3465999999968687,24.40950000000086,1
1037,6.025578231292517,1,4096,0,1.0,-50.54318274469281,0.003724248381331563,64,0,-1,,0,0,2.8900000000007253,3.75269999999972,24.390100000001524,1
1038,6.031383219954648,1,4096,0,1.0,-53.978737950374516,0.0034803699236363173,64,0,-1,,0,0,3.179599999999283,5.127500000000396,17.70139999999998,1
1039,6.03718820861678,1,4096,0,1.0,-54.58275425177911,0.003091522492468357,64,0,-1,,0,0,2.8528999999970495,3.966299999998313,19.07369999999986,0
1040,6.0429931972789115,1,4096,0,1.0,-54.96391247025795,0.002712194574996829,64,0,-1,,0,0,3.0324000000021556,3.647300000000797,19.166299999998415,0
1041,6.048798185941043,1,4096,0,1.0,-54.47730652227753,0.0030270463321357965,64,0,-1,,0,0,3.2652999999989163,5.066399999996918,9.335799999998784,1
1042,6.054603174603175,1,4096,0,1.0,-62.81567407007075,0.002723987679928541,64,0,-1,,0,0,2.231400000002992,2.8879999999986694,9.325300000000425,1
1043,6.060408163265306,1,4096,0,1.0,-59.991644272784164,0.0027888333424925804,64,0,-1,,0,0,2.4960999999983358,3.2394999999993956,30.098999999999876,1
1044,6.066213151927438,1,4096,0,1.0,-63.32832388296222,0.00284189754165709,64,0,-1,,0,0,2.815099999999404,3.5658999999981233,21.722900000000323,1
1045,6.072018140589569,1,4096,0,1.0,-63.97552649928117,0.0030241708736866713,64,0,-1,,0,0,3.4069999999992717,3.958499999999532,21.69449999999884,1
1046,6.0778231292517,1,512,1,1.0,-68.2748794344798,0.021924037486314774,59,0,-1,,0,0,4.628499999999036,5.18470000000093,21.70600000000178,1
1047,6.0836281179138325,1,512,0,1.0,-69.01518736987946,0.02041427232325077,59,0,-1,,0,0,4.117200000003152,5.190600000002377,20.42199999999994,1
1048,6.089433106575964,1,512,0,1.0,-70.01020518385468,0.021300897002220154,59,0,-1,,0,0,4.293999999998022,6.103500000001816,20.33649999999909,1
1049,6.095238095238095,1,1024,0,1.0,-72.296710707442,0.02043655887246132,59,0,-1,,0,0,2.5629000000009228,3.3144999999983327,20.365800000000434,1
1050,6.101043083900227,1,1024,0,1.0,-75.05233899135479,0.020134337246418,59,0,-1,,0,0,5.244499999999874,6.95649999999759,22.06770000000091,1
1051,6.106848072562358,1,2048,0,1.0,-75.24623477403298,0.02007666788995266,59,0,-1,,0,0,3.437300000001642,6.02620000000087,22.088899999999967,1
1052,6.112653061224489,1,2048,0,1.0,-73.74334740932716,0.020107431337237358,59,0,-1,,0,0,2.6031999999993616,3.640800000002997,22.101499999997998,1
1053,6.1184580498866215,1,2048,0,1.0,-73.46900939451139,0.020138399675488472,59,0,-1,,0,0,5.59040000000266,7.084100000000149,12.914999999999566,1
1054,6.124263038548753,1,2048,0,1.0,-73.4076352064094,0.020080609247088432,59,0,-1,,0,0,3.778499999999241,5.685700000000793,12.93460000000124,1
1055,6.130068027210885,1,4096,0,1.0,-74.83438864968582,0.0028746104799211025,59,0,-1,,0,0,5.415200000001619,6.990300000001781,34.12920000000241,1
1056,6.135873015873016,1,4096,0,1.0,-75.48144894302092,0.002700102748349309,59,0,-1,,0,0,2.9645999999985406,4.912900000000775,23.44500000000238,1
1057,6.141678004535147,1,4096,0,1.0,-75.42102747230439,0.0026521743275225163,59,0,-1,,0,0,1.9888999999970736,2.725600000001549,23.385100000002268,1
1058,6.147482993197279,1,4096,0,1.0,-78.8887785588417,0.0026474937330931425,59,0,-1,,0,0,2.3353000000021495,4.1237999999985675,22.34590000000125,1
1059,6.15328798185941,1,4096,0,1.0,-78.1031428805163,0.0026288507506251335,59,0,-1,,0,0,3.0521000000014453,4.45590000000351,18.205900000001662,1
1060,6.159092970521542,1,4096,0,1.0,-79.78501312442623,0.0026537575758993626,59,0,-1,,0,0,2.5346999999982245,3.792900000000543,18.23750000000146,1
1061,6.164897959183674,1,4096,0,1.0,-84.54488831774384,0.0026351383421570063,59,0,-1,,0,0,2.224399999999349,2.847200000001493,18.253600000001313,1
1062,6.170702947845805,1,4096,0,0.0856868073355608,-83.69370065419425,0.0026461598463356495,59,0,-1,,0,0,4.744699999999824,6.94740000000138,26.545099999999877,1
1063,6.176507936507937,1,4096,0,1.0,-82.30087543036043,0.002634897595271468,59,0,-1,,0,0,2.3455999999981714,4.033000000003284,26.369100000000145,1
1064,6.182312925170068,1,4096,0,1.0,-84.51350770838397,0.0026366927195340395,59,0,-1,,0,0,2.151500000000084,3.2506000000012136,26.367199999999258,1
1065,6.188117913832199,1,4096,0,0.0,-89.73348347466283,0.0026321911718696356,59,0,-1,,0,0,2.6890000000001635,3.561200000000042,5.0941000000008785,2
1066,6.193922902494331,1,4096,0,0.0,-88.4224062203451,0.0026287087239325047,59,0,-1,,0,0,5.4960000000008336,7.446899999997925,28.227199999999897,1
1067,6.199727891156463,1,4096,0,0.3230237156304117,-88.70615587822671,0.0026324214413762093,59,0,-1,,0,0,3.879799999999989,4.447200000001317,28.307000000001636,1
1068,6.205532879818594,1,4096,0,1.0,-85.89551602824156,0.002638619625940919,59,0,-1,,0,0,3.976000000001534,5.197200000001345,24.395300000001896,1
1069,6.211337868480726,1,4096,0,1.0,-82.21320461531447,0.0026308009400963783,59,0,-1,,0,0,5.163800000001828,7.243100000000169,24.40299999999951,1
1070,6.217142857142857,1,4096,0,1.0,-82.01527018116019,0.0026326794177293777,59,0,-1,,0,0,4.303600000000074,5.745000000000999,28.161399999998338,1
1071,6.222947845804988,1,4096,0,1.0,-85.62763276361136,0.0026398771442472935,59,0,-1,,0,0,10.14210000000304,12.240500000000765,29.899600000000248,1
1072,6.22875283446712,1,4096,0,0.0,-88.23952963487883,0.0026254875119775534,59,0,-1,,0,0,8.185199999999782,12.494799999998918,29.470799999998576,1
1073,6.2345578231292516,1,4096,0,0.0,-90.96174866035683,0.0026390838902443647,59,0,-1,,0,0,4.935599999999596,8.191599999999966,29.485299999997494,1
1074,6.240362811791384,1,4096,0,0.0,-92.71011163859666,0.0026429197750985622,59,0,-1,,0,0,5.33139999999932,7.590600000003889,14.887200000000433,1
1075,6.246167800453515,1,4096,0,0.0,-91.83204625128727,0.002636144869029522,59,0,-1,,0,0,3.67740000000083,5.957500000000948,14.84230000000153,1
1076,6.251972789115646,1,4096,0,0.0,-91.55217290977815,0.002631201408803463,59,0,-1,,0,0,2.8531000000029394,4.1463999999997725,15.714100000000286,1
1077,6.257777777777778,1,4096,0,0.0,-93.44756490089864,0.0026355457957834005,59,0,-1,,0,0,3.119099999999264,4.4138000000018,15.85799999999793,1
1078,6.263582766439909,1,4096,0,0.0,-95.1862583060634,0.002634424017742276,59,0,-1,,0,0,4.95430000000141,6.068399999996643,15.35159999999891,1
1079,6.2693877551020405,1,4096,0,0.0,-95.13441703221056,0.002634448930621147,59,0,-1,,0,0,3.278500000000406,3.9241000000025394,15.32940000000238,1
1080,6.275192743764173,1,4096,0,0.0,-94.33638106943889,0.0026354340370744467,59,0,-1,,0,0,3.560600000000136,4.637100000003613,17.905200000001287,1
1081,6.280997732426304,1,4096,0,0.0,-96.243937670594,0.002635291079059243,59,0,-1,,0,0,9.080300000000818,10.608099999998899,17.950400000000144,1
1082,6.286802721088435,1,4096,0,0.0,-95.13441703221056,0.0026348840910941362,59,0,-1,,0,0,4.757700000002529,5.703900000000317,42.41709999999799,1
1083,6.292607709750567,1,4096,0,0.0,-95.86203353190663,0.0026327043306082487,59,0,-1,,0,0,4.784000000000788,6.808599999999387,26.76530000000099,1
1084,6.298412698412698,1,4096,0,0.0,-96.17790898892383,0.00263349711894989,59,0,-1,,0,0,9.031699999997755,10.119899999999404,26.747900000000158,1
1085,6.30421768707483,1,4096,0,0.0,-96.17790898892383,0.002631003502756357,59,0,-1,,0,0,3.183399999997505,4.017800000003291,26.745399999999364,1
1086,6.3100226757369615,1,4096,0,0.0,-96.51857380658345,0.0026375972665846348,59,0,-1,,0,0,5.069400000000002,7.436500000000734,9.151400000000365,2
1087,6.315827664399093,1,4096,0,0.0,-94.42300473611438,0.0026355735026299953,59,0,-1,,0,0,3.6164999999996894,5.53820000000016,25.175900000000695,1
1088,6.321632653061225,1,4096,0,0.0,-91.52964427635375,0.0026340032927691936,59,0,-1,,0,0,2.402099999997631,3.1908000000022696,25.174200000002145,1
1089,6.327437641723356,1,4096,0,0.05713366606127163,-91.28924875633835,0.002636586083099246,59,0,-1,,0,0,3.528800000001553,5.885900000002664,18.65319999999926,1
1090,6.333242630385487,1,4096,0,0.0,-93.01548769113678,0.002635001903399825,59,0,-1,,0,0,5.3477999999991255,7.039899999998767,18.58829999999756,1
1091,6.339047619047619,1,4096,0,0.0,-94.64743856597275,0.002634432865306735,59,0,-1,,0,0,2.688100000000304,3.4044000000008623,38.76459999999682,1
1092,6.3448526077097505,1,4096,0,0.0,-94.98250585300241,0.0026345467194914818,59,0,-1,,0,0,2.3610000000005016,3.991999999996665,22.127700000002193,1
1093,6.350657596371882,1,4096,0,0.0,-94.98250585300241,0.0026353138964623213,59,0,-1,,0,0,2.937700000000376,3.593500000004468,21.580499999998892,1
1094,6.356462585034014,1,4096,0,0.0,-94.9330270966879,0.002635597251355648,59,0,-1,,0,0,5.114400000000074,5.862300000000431,21.587300000000198,1
1095,6.362267573696145,1,4096,0,0.0,-92.20932990223332,0.0026366927195340395,59,0,-1,,0,0,6.919499999998635,10.318300000001557,19.12719999999979,1
1096,6.368072562358277,1,4096,0,0.0,-92.76949316113507,0.002634582109749317,59,0,-1,,0,0,4.550500000000568,8.024400000000043,19.11039999999886,1
1097,6.373877551020408,1,4096,0,0.0,-93.37822877958727,0.002632943680509925,59,0,-1,,0,0,2.0249000000021056,4.14830000000066,19.11050000000003,1
1098,6.379682539682539,1,4096,0,0.0,-94.46697322290147,0.0026334193535149097,59,0,-1,,0,0,3.2418000000014047,3.9769999999954564,17.410600000001608,1
1099,6.3854875283446715,1,4096,0,0.0,-94.60161434327354,0.0026355634909123182,59,0,-1,,0,0,5.028100000000535,5.999600000002658,17.417599999998146,1
1100,6.391292517006803,1,4096,0,0.0,-94.83572925497432,0.0026349227409809828,59,0,-1,,0,0,4.132600000001929,4.797799999998631,17.431800000000663,1
1101,6.397097505668934,1,4096,0,0.0,-96.37908519400071,0.0026341674383729696,59,0,-1,,0,0,5.436199999998337,6.426700000002228,13.431199999999421,1
1102,6.402902494331066,1,4096,0,0.0,-96.243937670594,0.002633543685078621,59,0,-1,,0,0,3.1807000000014796,5.383500000000652,13.428099999998722,1
1103,6.408707482993197,1,4096,0,0.0,-95.4551743635379,0.0026328247040510178,59,0,-1,,0,0,2.48110000000068,4.774999999998641,13.434500000002458,1
1104,6.414512471655329,1,4096,0,0.0,-96.59003495889704,0.0026341285556554794,59,0,-1,,0,0,2.312899999999729,3.576300000002419,26.988899999999205,1
1105,6.42031746031746,1,4096,0,0.0,-95.56758314090658,0.002633434720337391,59,0,-1,,0,0,2.8138999999995917,3.6340999999993073,26.824200000000076,1
1106,6.426122448979592,1,4096,0,0.0,-95.9233973547883,0.0026344868820160627,59,0,-1,,0,0,5.922899999998066,6.586000000002201,26.867499999998046,1
1107,6.431927437641724,1,4096,0,0.0,-97.55418651162195,0.0026349101681262255,59,0,-1,,0,0,7.222099999999898,9.78680000000054,20.09379999999794,1
1108,6.437732426303855,1,4096,0,0.0,-96.44826950478262,0.002633731346577406,59,0,-1,,0,0,4.82030000000222,7.582699999996834,20.115499999999287,1
1109,6.443537414965986,1,4096,0,0.0,-96.04878903049143,0.0026349001564085484,59,0,-1,,0,0,8.899599999999452,11.0285999999995,29.507699999999915,3
1110,6.449342403628118,1,4096,0,0.0,-96.59003495889704,0.002633610973134637,59,0,-1,,0,0,4.872499999997615,7.202400000000608,14.574800000001886,3
1111,6.455147392290249,1,4096,0,0.0,-96.37908519400071,0.00263532274402678,59,0,-1,,0,0,5.869600000000474,7.926700000002285,33.425899999997455,1
1112,6.460952380952381,1,4096,0,0.0,-95.40004253398527,0.0026337916497141123,59,0,-1,,0,0,4.951999999999401,6.471900000001085,33.69689999999892,1
1113,6.466757369614513,1,4096,0,0.0,-96.31098574877738,0.002632654272019863,59,0,-1,,0,0,2.569699999998676,3.9440999999982296,23.74279999999729,1
1114,6.472562358276644,1,4096,0,0.0,-95.56758314090658,0.002633817959576845,59,0,-1,,0,0,2.599399999997587,5.3200999999987175,23.790800000000445,1
1115,6.478367346938776,1,4096,0,0.0,-95.51101507673651,0.0026338351890444756,59,0,-1,,0,0,6.197799999998921,9.27149999999699,27.721899999999522,2
1116,6.484172335600907,1,4096,0,0.0,-96.81175663155918,0.002634248696267605,59,0,-1,,0,0,4.391999999999285,6.9142999999982635,18.846099999997534,1
1117,6.489977324263038,1,4096,0,0.0,-96.66269167130112,0.0026348589453846216,59,0,-1,,0,0,2.8436999999996715,4.7992999999983965,18.45959999999991,1
1118,6.49578231292517,1,4096,0,0.0,-96.59003495889704,0.002634684555232525,59,0,-1,,0,0,4.746300000000758,6.753799999998478,18.40830000000082,1
1119,6.501587301587302,1,4096,0,0.0,-96.31098574877738,0.0026340284384787083,59,0,-1,,0,0,6.228799999998813,10.183699999998908,27.149299999997822,1
1120,6.507392290249433,1,4096,0,0.0,-97.29235200308943,0.0026342349592596292,59,0,-1,,0,0,4.3591999999996744,7.836600000000971,26.59969999999845,1
1121,6.513197278911565,1,4096,0,0.0,-95.51101507673651,0.0026351409032940865,59,0,-1,,0,0,3.9720999999985906,6.175099999996547,26.544799999999924,1
1122,6.519002267573696,1,4096,0,0.0,-96.66269167130112,0.0026351783890277147,59,0,-1,,0,0,3.06940000000111,4.393700000001388,7.626900000001768,2
1123,6.524807256235827,1,4096,0,0.0,-96.8882527379592,0.002635143231600523,59,0,-1,,0,0,4.004699999999417,5.462299999997811,32.447000000001225,1
1124,6.530612244897959,1,4096,0,0.0,-96.51857380658345,0.0026338351890444756,59,0,-1,,0,0,4.998300000000455,5.762799999999402,32.759800000000894,1
1125,6.5364172335600905,1,4096,0,0.0,-96.96612043264099,0.002635003300383687,59,0,-1,,0,0,5.012899999996989,7.086900000000895,27.403299999999575,1
1126,6.542222222222223,1,4096,0,0.0,-96.04878903049143,0.002635935554280877,59,0,-1,,0,0,2.7416999999978486,3.6600999999976125,27.398299999997988,1
1127,6.548027210884354,1,4096,0,0.0,-96.04878903049143,0.0026353616267442703,59,0,-1,,0,0,3.0672000000002697,3.8170999999991295,27.405399999999247,1
1128,6.553832199546485,1,4096,0,0.0,-95.62489775455435,0.0026345320511609316,59,0,-1,,0,0,3.392300000001569,6.388600000001077,17.652099999999393,1
1129,6.559637188208617,1,4096,0,0.0,-96.59003495889704,0.0026338105089962482,59,0,-1,,0,0,2.7913999999995553,5.624199999996193,17.52639999999772,1
1130,6.565442176870748,1,4096,0,0.0,-96.11286916969236,0.002634035889059305,59,0,-1,,0,0,3.245800000001964,4.810200000004983,17.47389999999882,1
1131,6.5712471655328795,1,4096,0,0.0,-95.74184731756222,0.002634266158565879,59,0,-1,,0,0,3.158299999999059,4.032500000000994,25.932599999997308,1
1132,6.5770521541950115,1,4096,0,0.0,-97.37788810649823,0.002634321106597781,59,0,-1,,0,0,2.284599999999415,3.159000000000134,25.93530000000044,1
1133,6.582857142857143,1,4096,0,0.0,-96.44826950478262,0.0026344016660004854,59,0,-1,,0,0,2.277000000002971,3.0857000000032997,25.94089999999838,1
1134,6.588662131519274,1,4096,0,0.0,-96.81175663155918,0.002634405391290784,59,0,-1,,0,0,2.909799999997631,3.821300000002026,7.376000000000715,2
1135,6.594467120181406,1,4096,0,0.0,-96.73658462938218,0.0026340309996157885,59,0,-1,,0,0,8.852100000002139,10.525200000000012,27.246999999999133,1
1136,6.600272108843537,1,4096,0,0.0,-97.12617372141175,0.0026340708136558533,59,0,-1,,0,0,2.3546999999979334,2.989100000000633,27.4421000000018,1
1137,6.606077097505669,1,4096,0,0.0,-95.74184731756222,0.002635261043906212,59,0,-1,,0,0,2.385199999999088,4.775500000000932,22.837600000002567,1
1138,6.6118820861678005,1,4096,0,0.0,-96.04878903049143,0.0026343073695898056,59,0,-1,,0,0,3.2509000000011667,6.907699999999295,22.807799999998934,1
1139,6.617687074829932,1,4096,0,0.0,-96.73658462938218,0.00263449689373374,59,0,-1,,0,0,5.800799999999384,8.615099999996545,25.789700000000693,1
1140,6.623492063492064,1,4096,0,0.0,-90.65722287811337,0.0026333520654588938,59,0,-1,,0,0,3.705800000002313,6.484499999999116,24.197000000000912,1
1141,6.629297052154195,1,4096,0,1.0,-85.18351546590382,0.0026369146071374416,59,0,-1,,0,0,2.361500000002792,5.369599999998087,24.33070000000015,1
1142,6.635102040816326,1,4096,0,1.0,-74.75291830268185,0.0026418366469442844,59,0,-1,,0,0,2.422799999997949,3.5565999999995768,24.36119999999775,1
1143,6.640907029478458,1,512,1,1.0,-62.551151893869275,0.02314401976764202,59,0,-1,,0,0,4.610299999999512,6.87860000000029,19.435300000001376,1
1144,6.646712018140589,1,512,0,1.0,-61.98617357091793,0.04882761463522911,59,0,-1,,0,0,6.298300000000978,8.785800000001842,19.380300000001682,1
1145,6.6525170068027215,1,512,0,1.0,-63.917937927054766,0.04062632471323013,59,0,-1,,0,0,3.6292000000024416,5.364300000003652,19.365199999999305,1
1146,6.658321995464853,1,1024,0,1.0,-68.32927545942648,0.018941285088658333,59,0,-1,,0,0,3.0551000000009765,4.006199999999183,17.316900000000857,1
1147,6.664126984126984,1,1024,0,1.0,-67.50913398504373,0.01986244134604931,59,0,-1,,0,0,4.080199999997092,5.994100000002334,17.358899999997845,1
1148,6.669931972789116,1,2048,0,1.0,-64.86457432828463,0.018516825512051582,59,0,-1,,0,0,4.406899999999325,6.073699999998183,17.377899999999613,1
1149,6.675736961451247,1,2048,0,1.0,-56.25763517045929,0.01983833499252796,59,0,-1,,0,0,3.987099999999799,5.282400000002241,15.637100000002846,1
1150,6.681541950113378,1,2048,0,1.0,-52.50680396782784,0.02513732761144638,59,0,-1,,0,0,4.401899999997738,5.913899999999472,15.608000000000288,1
1151,6.6873469387755105,1,2048,0,1.0,-51.54393980015227,0.04842570424079895,59,0,-1,,0,0,3.8201999999998293,4.648800000001785,15.588300000000999,1
1152,6.693151927437642,1,4096,0,1.0,-46.59659271712765,0.005426912102848291,53,0,-1,,0,0,3.3183000000001073,5.865599999999915,23.475399999998814,1
1153,6.698956916099773,1,4096,0,1.0,-49.93545395929239,0.0050046686083078384,59,0,-1,,0,0,2.989400000000586,4.225100000002868,23.482699999998857,1
1154,6.704761904761905,1,4096,0,1.0,-43.40278522705027,0.005829328671097755,64,0,-1,,0,0,4.265500000002476,5.236100000001187,23.49219999999974,1
1155,6.710566893424036,1,4096,0,1.0,-43.11776440465287,0.005498217884451151,64,0,-1,,0,0,4.925899999999928,6.885000000000474,15.911800000001364,1
1156,6.716371882086168,1,4096,0,1.0,-43.26394639699727,0.006041515152901411,64,0,-1,,0,0,2.1563999999969496,3.0406999999961215,15.71609999999879,1
1157,6.722176870748299,1,4096,0,1.0,-41.68752731617782,0.0059854635037481785,64,0,-1,,0,0,2.5832000000001187,4.006799999999089,15.706300000001505,1
1158,6.727981859410431,1,4096,0,1.0,-48.35237649439165,0.004680098500102758,64,0,-1,,0,0,6.2198999999978355,8.00699999999921,12.868300000000943,1
1159,6.733786848072563,1,4096,0,1.0,-39.327017749154614,0.006947412621229887,64,0,-1,,0,0,2.5863999999984344,4.570599999997427,12.920600000001059,1
1160,6.739591836734694,1,4096,0,1.0,-39.54105786676371,0.007026887498795986,69,0,-1,,0,0,3.170099999998399,4.162900000000747,31.129299999999915,1
1161,6.745396825396825,1,4096,0,1.0,-44.56438308586537,0.007566939573734999,69,0,-1,,0,0,2.443299999999482,3.326299999997673,19.555399999998002,1
1162,6.751201814058957,1,4096,0,1.0,-39.84466192998272,0.008380607701838017,69,0,-1,,0,0,2.8197000000034222,3.6603999999975656,19.500199999999523,1
1163,6.757006802721088,1,4096,0,1.0,-42.692601654641926,0.007254009135067463,69,0,-1,,0,0,4.090400000002603,5.025300000003341,19.471800000001593,1
1164,6.7628117913832195,1,4096,0,1.0,-44.578726984254125,0.008304010145366192,69,0,-1,,0,0,2.758399999997607,3.517699999999735,22.762400000001293,1
1165,6.768616780045352,1,4096,0,1.0,-42.101034322336844,0.00892743468284607,69,0,-1,,0,0,2.488199999998386,3.9282999999983303,22.812099999999447,1
1166,6.774421768707483,1,4096,0,1.0,-41.49303546292697,0.010428107343614101,69,0,-1,,0,0,5.680400000002805,6.500500000001352,22.847099999999898,1
1167,6.780226757369615,1,4096,0,1.0,-40.551859070034254,0.013820849359035492,69,0,-1,,0,0,5.37299999999874,6.6805000000016435,16.034900000001073,1
1168,6.786031746031746,1,4096,0,1.0,-38.80126030875,0.013596320524811745,69,0,-1,,0,0,3.0327000000021087,4.73350000000039,16.036999999997192,1
1169,6.791836734693877,1,4096,0,1.0,-39.73072999098105,0.01432848908007145,69,0,-1,,0,0,2.486199999999883,3.2952000000001647,16.05079999999859,1
1170,6.797641723356009,1,4096,0,1.0,-41.04091683021247,0.015697099268436432,70,0,-1,,0,0,2.281899999999837,3.2250999999980934,15.424099999997054,1
1171,6.8034467120181406,1,4096,0,1.0,-42.32157418188586,0.01507657952606678,70,0,-1,,0,0,3.9946999999997956,5.133799999999411,15.441299999999103,1
1172,6.809251700680272,1,4096,0,1.0,-46.77717870593454,0.012606107629835606,70,0,-1,,0,0,2.5316000000010774,3.265100000000132,15.45030000000125,1
1173,6.815056689342404,1,4096,0,1.0,-47.595865496585944,0.011829703114926815,69,0,-1,,0,0,3.572699999999429,4.323400000004085,28.3496999999997,1
1174,6.820861678004535,1,4096,0,1.0,-49.681614464052984,0.009747213684022427,70,0,-1,,0,0,4.471899999998641,6.429999999998159,28.383999999999077,1
1175,6.826666666666667,1,4096,0,1.0,-51.37394651774279,0.007554380688816309,69,0,-1,,0,0,4.4011000000026,6.152900000000017,28.405700000000422,1
1176,6.832471655328798,1,4096,0,1.0,-56.927210664074266,0.004195008426904678,69,0,-1,,0,0,2.478499999998718,4.633799999997024,14.783200000000107,1
1177,6.8382766439909295,1,4096,0,1.0,-59.487103878717996,0.004055637866258621,64,0,-1,,0,0,1.9668999999993275,3.892699999997973,14.74669999999989,1
1178,6.844081632653062,1,4096,0,1.0,-60.308366390782,0.003336380235850811,64,0,-1,,0,0,2.0915999999999713,3.1429999999978975,14.724100000002238,1
1179,6.849886621315193,1,4096,0,1.0,-62.72445510111052,0.003391426522284746,64,0,-1,,0,0,4.9434999999995455,6.389299999998599,12.328400000001238,1
1180,6.855691609977324,1,4096,0,1.0,-61.24810579803217,0.002742121461778879,64,0,-1,,0,0,2.319399999997529,4.473399999998406,12.334100000000348,1
1181,6.861496598639456,1,4096,0,1.0,-58.676542918124056,0.002683922415599227,64,0,-1,,0,0,2.4970999999993637,3.8327000000002442,12.33930000000072,1
1182,6.867301587301587,1,4096,0,1.0,-59.629500185456685,0.0026455882471054792,64,0,-1,,0,0,2.403799999999734,3.4911999999991394,19.079699999998923,1
1183,6.873106575963718,1,4096,0,1.0,-63.69496617085212,0.0023098697420209646,64,0,-1,,0,0,2.7754000000008716,3.5614999999964425,19.097900000002,1
1184,6.8789115646258505,1,4096,0,1.0,-62.919822697667136,0.0021884723100811243,64,0,-1,,0,0,4.678899999998265,5.41700000000489,19.13680000000184,1
1185,6.884716553287982,1,4096,0,1.0,-63.428338249374434,0.0020167622715234756,64,0,-1,,0,0,3.2026000000016097,4.173899999997843,20.382599999997808,1
1186,6.890521541950114,1,4096,0,1.0,-60.00913592417503,0.002026194240897894,64,0,-1,,0,0,4.289800000002231,5.48119999999841,20.397800000001354,1
1187,6.896326530612245,1,4096,0,1.0,-61.49423210679416,0.0018278342904523015,64,0,-1,,0,0,3.1210000000001514,3.7418000000002394,20.405099999997844,1
1188,6.902131519274376,1,4096,0,1.0,-60.19043294322454,0.002145331585779786,59,0,-1,,0,0,4.361800000001637,5.4085999999990975,23.184700000001612,1
1189,6.907936507936508,1,4096,0,1.0,-61.94355035511856,0.002453596331179142,59,0,-1,,0,0,2.8194999999975323,5.470099999996592,23.158999999999708,1
1190,6.9137414965986395,1,4096,0,1.0,-54.08871211959929,0.0028349931817501783,59,0,-1,,0,0,2.751999999997423,3.8421999999975753,22.85320000000013,1
1191,6.919546485260771,1,4096,0,1.0,-55.70581044816346,0.003009008476510644,59,0,-1,,0,0,2.427799999999536,3.2752999999985377,9.166699999997974,1
1192,6.925351473922903,1,4096,0,1.0,-44.45225690829544,0.004564538132399321,59,0,-1,,0,0,2.2739999999998872,3.3203999999962264,9.099299999999033,1
1193,6.931156462585034,1,4096,0,1.0,-41.14302038380696,0.007047843188047409,59,0,-1,,0,0,2.370600000002554,2.922899999997952,9.07619999999909,1
1194,6.936961451247165,1,4096,0,1.0,-38.12000236621734,0.008995667099952698,59,0,-1,,0,0,2.399000000000484,3.560699999994199,26.367900000000333,1
1195,6.942766439909297,1,4096,0,1.0,-35.55311928167296,0.010842244140803814,59,0,-1,,0,0,4.862100000000424,5.674799999997759,26.44849999999721,1
1196,6.948571428571428,1,4096,0,1.0,-36.19045686185444,0.010888580232858658,59,0,-1,,0,0,2.2607000000007815,2.7757000000008247,26.48890000000037,1
1197,6.9543764172335605,1,4096,0,1.0,-37.92869267884605,0.010665016248822212,59,0,-1,,0,0,4.505999999999233,6.251400000000018,17.40960000000058,1
1198,6.960181405895692,1,4096,0,1.0,-35.639888774331766,0.011397330090403557,59,0,-1,,0,0,2.354700000001486,4.014600000001423,17.395900000000353,1
1199,6.965986394557823,1,4096,0,1.0,-40.07856145066825,0.0109706437215209,64,0,-1,,0,0,2.4133000000006177,3.5087000000011415,17.394200000001803,1
1200,6.971791383219955,1,4096,0,1.0,-47.02901598387389,0.009565631859004498,64,0,-1,,0,0,3.7839999999995655,5.474100000000703,24.978400000001955,1
1201,6.977596371882086,1,4096,0,1.0,-46.99580363580822,0.009916638024151325,64,0,-1,,0,0,2.9368000000005168,4.218899999997916,25.48529999999971,0
1202,6.983401360544217,1,4096,0,1.0,-46.45922281704134,0.009524114429950714,64,0,-1,,0,0,2.75840000000116,3.3647999999999456,25.507900000000916,0
1203,6.989206349206349,1,4096,0,1.0,-50.611207397404385,0.008581017144024372,64,0,-1,,0,0,2.756000000001535,3.5444000000026676,9.632100000001032,1
1204,6.995011337868481,1,4096,0,1.0,-50.62121458873668,0.007970216684043407,64,0,-1,,0,0,2.774599999998628,3.5208000000004347,9.71089999999819,1
1205,7.000816326530612,1,4096,0,1.0,-50.77462932692523,0.00747727183625102,64,0,-1,,0,0,3.3385000000016873,5.511800000000733,27.027499999999094,1
1206,7.006621315192744,1,4096,0,1.0,-52.60731790731326,0.0072508640587329865,64,0,-1,,0,0,2.340300000000184,5.628999999998996,20.98319999999987,1
1207,7.012426303854875,1,4096,0,1.0,-52.59949740524143,0.007166020572185516,64,0,-1,,0,0,1.9612999999978342,2.9304000000003327,20.929399999999987,1
1208,7.018231292517007,1,4096,0,1.0,-55.365630124327545,0.006318353582173586,64,0,-1,,0,0,1.8571999999998923,2.301499999997958,20.925500000000596,1
1209,7.024036281179138,1,4096,0,1.0,-58.53948480163729,0.005399220157414675,64,0,-1,,0,0,2.9038999999997372,3.8137999999996453,23.26680000000181,1
1210,7.02984126984127,1,4096,0,1.0,-58.872822372012735,0.004912706557661295,64,0,-1,,0,0,3.329900000000663,4.22580000000039,23.497700000000066,1
1211,7.035646258503402,1,4096,0,1.0,-59.674209725739516,0.003443528898060322,64,0,-1,,0,0,2.1397999999983597,2.6284000000025287,23.49699999999899,1
1212,7.041451247165533,1,4096,0,1.0,-59.71282803211925,0.003989859949797392,64,0,-1,,0,0,2.468600000000265,3.136300000001313,19.79289999999878,1
1213,7.047256235827664,1,4096,0,1.0,-54.23761939235037,0.0032093296758830547,64,0,-1,,0,0,1.9047000000007586,2.78199999999984,19.78520000000117,1
1214,7.053061224489796,1,4096,0,1.0,-48.91585990304019,0.006145954132080078,64,0,-1,,0,0,2.4147000000027674,3.1092000000008113,19.79069999999794,1
1215,7.058866213151927,1,4096,0,1.0,-43.5907373767071,0.008137067779898643,72,0,-1,,0,0,2.173300000002598,2.8217999999995413,16.15019999999845,1
1216,7.064671201814059,1,4096,0,1.0,-44.01151855830285,0.0097569664940238,72,0,-1,,0,0,2.0047000000005255,2.8112000000000137,16.228800000000376,1
1217,7.070476190476191,1,4096,0,1.0,-42.15454738960812,0.009737290441989899,72,0,-1,,0,0,2.4343000000008885,2.920100000000758,16.289400000001564,1
1218,7.076281179138322,1,4096,0,1.0,-41.38792059490668,0.011562573723495007,72,0,-1,,0,0,3.298799999999602,5.137000000001279,17.2339000000008,1
1219,7.082086167800454,1,4096,0,1.0,-41.37406238785416,0.01139482669532299,64,0,-1,,0,0,2.47579999999914,4.36669999999495,17.217799999997396,1
1220,7.087891156462585,1,4096,0,1.0,-41.0062259893655,0.011197766289114952,64,0,-1,,0,0,3.827799999999826,4.732699999998147,17.224899999998655,1
1221,7.093696145124716,1,4096,0,1.0,-39.895205365162845,0.011869692243635654,64,0,-1,,0,0,2.334799999999859,3.073900000000407,24.839899999999915,1
1222,7.099501133786848,1,4096,0,1.0,-41.429118073951486,0.012741552665829659,64,0,-1,,0,0,2.7724999999989564,3.7525000000009356,24.853099999997852,1
1223,7.1053061224489795,1,4096,0,1.0,-44.490564689205485,0.01177236158400774,64,0,-1,,0,0,2.165000000001527,2.71969999999655,24.86560000000182,1
1224,7.111111111111111,1,4096,0,1.0,-48.79758955838331,0.009721302427351475,64,0,-1,,0,0,4.845999999997019,5.678299999999581,15.588699999998568,1
1225,7.116916099773243,1,4096,0,1.0,-50.97650057886304,0.008591949008405209,64,0,-1,,0,0,3.137399999999957,4.299100000000777,15.591900000000436,1
1226,7.122721088435374,1,4096,0,1.0,-48.531121548236456,0.009367312304675579,64,0,-1,,0,0,2.5066000000002475,3.080999999998113,15.604000000003282,1
1227,7.128526077097506,1,4096,0,1.0,-49.34143885740866,0.009778491221368313,64,0,-1,,0,0,2.255899999997979,2.960799999996766,14.068500000000483,1
1228,7.134331065759637,1,4096,0,1.0,-49.25905812897391,0.010757183656096458,64,0,-1,,0,0,4.921400000000631,5.81290000000223,14.099099999999254,1
1229,7.1401360544217685,1,4096,0,1.0,-44.79923506395085,0.015333560295403004,64,0,-1,,0,0,3.8471999999991624,4.869400000000468,14.128800000001718,1
1230,7.1459410430839005,1,4096,0,1.0,-44.00201547932784,0.018066992983222008,71,0,-1,,0,0,4.57789999999747,6.536499999999279,26.06229999999954,1
1231,7.151746031746032,1,4096,0,1.0,-42.131052601693455,0.018277926370501518,71,0,-1,,0,0,5.927400000000915,7.593099999997577,26.041800000001558,1
1232,7.157551020408163,1,4096,0,1.0,-45.7764370162778,0.01613132655620575,64,0,-1,,0,0,3.8852000000026976,4.607899999996334,26.104100000001296,1
1233,7.163356009070295,1,4096,0,1.0,-42.80230679112533,0.01867060735821724,64,0,-1,,0,0,4.374900000001958,5.904599999997373,15.835799999997846,1
1234,7.169160997732426,1,4096,0,1.0,-47.51986984706963,0.014035210944712162,64,0,-1,,0,0,3.042099999998271,5.8486999999978195,15.835200000001493,1
1235,7.174965986394557,1,4096,0,1.0,-47.31427108346566,0.01053170021623373,64,0,-1,,0,0,2.540299999999718,4.117699999998337,15.846599999999711,1
1236,7.1807709750566895,1,4096,0,1.0,-49.25453253951229,0.006075218785554171,64,0,-1,,0,0,3.4647999999997126,4.969700000000188,25.257299999999816,1
1237,7.186575963718821,1,4096,0,1.0,-50.56726832697538,0.00763499503955245,64,0,-1,,0,0,5.534000000000816,6.8575999999964665,24.740600000001223,1
1238,7.192380952380953,1,4096,0,1.0,-54.32888950453421,0.004640808328986168,64,0,-1,,0,0,4.9988000000027455,5.742399999999037,24.754600000001403,1
1239,7.198185941043084,1,4096,0,1.0,-56.18343337007665,0.0035479292273521423,64,0,-1,,0,0,5.644499999998942,8.082699999999221,10.780499999999194,2
1240,7.203990929705215,1,4096,0,1.0,-57.75857131478563,0.0034416131675243378,64,0,-1,,0,0,9.312699999998841,12.302299999998212,38.490599999999375,1
1241,7.209795918367347,1,4096,0,1.0,-57.36370547780055,0.0030013439245522022,64,0,-1,,0,0,7.548200000002225,9.054799999997698,38.54730000000117,1
1242,7.215600907029478,1,4096,0,1.0,-61.9090098239887,0.0024658110924065113,64,0,-1,,0,0,2.777000000001806,5.596199999999385,30.96700000000041,1
1243,7.22140589569161,1,4096,0,1.0,-63.33295032445439,0.0026069507002830505,64,0,-1,,0,0,4.545300000000196,7.303400000001403,30.937099999999162,1
1244,7.227210884353742,1,4096,0,1.0,-64.73903905442339,0.0025124147068709135,64,0,-1,,0,0,5.233100000001656,7.58379999999903,33.712399999998865,1
1245,7.233015873015873,1,4096,0,1.0,-65.73045904376117,0.0023048706352710724,72,0,-1,,0,0,4.01849999999726,6.408400000001535,16.103899999997395,1
1246,7.238820861678004,1,4096,0,1.0,-65.13022441922128,0.002315833233296871,64,0,-1,,0,0,3.2834999999984404,6.149999999998101,16.09889999999936,1
1247,7.244625850340136,1,4096,0,1.0,-64.0821532387185,0.0021668660920113325,72,0,-1,,0,0,6.475900000001644,7.493100000001363,37.324600000001595,1
1248,7.250430839002267,1,4096,0,1.0,-60.744814053766454,0.00225924514234066,72,0,-1,,0,0,4.311099999998902,7.428799999999569,25.04379999999884,1
1249,7.2562358276643995,1,4096,0,1.0,-60.42666263037047,0.0020240135490894318,72,0,-1,,0,0,2.800900000000439,3.930000000000433,24.934399999999357,1
1250,7.262040816326531,1,4096,0,1.0,-54.625256567755315,0.002019529929384589,59,0,-1,,0,0,3.068500000001251,4.489599999999427,24.871000000000976,1
1251,7.267845804988662,1,4096,0,1.0,-52.98563204573907,0.0025483393110334873,59,0,-1,,0,0,2.989100000000633,3.8191000000011854,5.651400000001416,2
1252,7.273650793650794,1,4096,0,1.0,-54.532975560562214,0.0026327534578740597,59,0,-1,,0,0,4.414300000000537,5.992800000001353,27.41800000000083,1
1253,7.279455782312925,1,4096,0,1.0,-54.04782837375442,0.0026029690634459257,59,0,-1,,0,0,5.732600000001753,6.5487000000032936,27.492299999998693,1
1254,7.285260770975056,1,4096,0,1.0,-53.78264055614504,0.0025808014906942844,59,0,-1,,0,0,3.2358000000023424,4.478699999999947,23.30530000000053,1
1255,7.291065759637188,1,4096,0,1.0,-53.06669046982594,0.002770171267911792,59,0,-1,,0,0,3.2747999999998,4.0653000000006045,23.289699999999414,1
1256,7.29687074829932,1,4096,0,1.0,-55.834721393815116,0.002609450137242675,59,0,-1,,0,0,3.7823999999986313,4.584800000003497,23.30209999999866,1
1257,7.302675736961452,1,4096,0,1.0,-56.23420482926684,0.0025834995321929455,59,0,-1,,0,0,5.50840000000008,7.517900000003408,21.43170000000083,1
1258,7.308480725623583,1,4096,0,1.0,-49.597247303987345,0.0032492047175765038,59,0,-1,,0,0,2.189900000001188,6.441500000001099,21.370499999999737,1
1259,7.314285714285714,1,4096,0,1.0,-48.26577814003791,0.004652308765798807,59,0,-1,,0,0,2.321999999999491,4.277000000001863,21.343099999999282,1
1260,7.320090702947846,1,4096,0,1.0,-44.59777269284733,0.005664964206516743,59,0,-1,,0,0,4.724400000000628,6.60469999999691,10.318400000002725,2
1261,7.325895691609977,1,4096,0,1.0,-42.99071957532181,0.006121025886386633,59,0,-1,,0,0,3.175199999997602,4.9153000000004,12.435499999998711,2
1262,7.3317006802721085,1,4096,0,1.0,-40.835499783337184,0.006567371543496847,59,0,-1,,0,0,6.201900000000649,7.272699999997911,36.85919999999854,1
1263,7.337505668934241,1,4096,0,1.0,-40.446648068906285,0.006175787188112736,64,0,-1,,0,0,3.511399999997167,5.163700000000659,28.453299999998904,1
1264,7.343310657596372,1,4096,0,1.0,-41.68154486641981,0.007190004922449589,69,0,-1,,0,0,3.2160999999995,5.3832000000006985,28.404800000000563,1
1265,7.349115646258503,1,4096,0,1.0,-40.87367904474669,0.008197239600121975,69,0,-1,,0,0,3.016700000003425,6.013399999996949,28.389300000000617,1
1266,7.354920634920635,1,4096,0,1.0,-42.609548805381685,0.008249585516750813,69,0,-1,,0,0,3.230500000000802,4.565599999999392,16.361599999999754,1
1267,7.360725623582766,1,4096,0,1.0,-41.755002100609964,0.008825162425637245,69,0,-1,,0,0,4.372500000002333,5.735999999998853,16.382499999998856,1
1268,7.366530612244898,1,4096,0,1.0,-44.26686465589455,0.009579062461853027,69,0,-1,,0,0,6.783299999998604,7.525799999999805,18.866800000001405,1
1269,7.3723356009070296,1,4096,0,1.0,-45.051555052682765,0.009711525402963161,69,0,-1,,0,0,3.8543000000004213,5.8436999999962325,27.441299999999558,1
1270,7.378140589569161,1,4096,0,1.0,-47.04531099268795,0.011649014428257942,69,0,-1,,0,0,3.5235999999976286,6.055499999998659,27.435700000001617,1
1271,7.383945578231293,1,4096,0,1.0,-47.67294285584317,0.010461186058819294,69,0,-1,,0,0,4.311799999999977,6.206099999999992,27.43770000000012,1
1272,7.389750566893424,1,4096,0,1.0,-51.81499346808149,0.011106260120868683,69,0,-1,,0,0,4.822200000003107,6.188899999997943,9.538700000000233,2
1273,7.395555555555555,1,4096,0,1.0,-52.68555079467095,0.010233643464744091,69,0,-1,,0,0,5.437400000001702,9.339399999998221,24.201599999997825,2
1274,7.401360544217687,1,4096,0,1.0,-51.23862337996883,0.008627000264823437,69,0,-1,,0,0,2.7031999999991285,4.739600000000621,24.19929999999937,2
1275,7.4071655328798185,1,4096,0,1.0,-53.38366453486471,0.007572674658149481,69,0,-1,,0,0,3.6485000000006096,6.5460000000037155,17.69429999999872,2
1276,7.41297052154195,1,4096,0,1.0,-53.59609384986526,0.008080843836069107,69,0,-1,,0,0,3.600399999999837,5.149100000000573,16.798200000000207,2
1277,7.418775510204082,1,4096,0,1.0,-56.80104424897252,0.006452909670770168,69,0,-1,,0,0,2.312299999999823,3.760499999998501,36.949599999999805,1
1278,7.424580498866213,1,4096,0,1.0,-55.47547035088033,0.0051290555857121944,69,0,-1,,0,0,2.1722000000004016,2.921199999999402,22.22619999999864,1
1279,7.430385487528345,1,4096,0,1.0,-59.98305856605869,0.004276487976312637,69,0,-1,,0,0,2.1799999999991826,3.0044000000017945,22.149299999998817,1
1280,7.436190476190476,1,4096,0,1.0,-56.41825006061727,0.0033394419588148594,69,0,-1,,0,0,2.8346999999975253,3.4543000000013535,22.156299999998907,1
1281,7.441995464852607,1,4096,0,1.0,-60.25171077503902,0.003200299572199583,69,0,-1,,0,0,3.4337999999998203,5.156499999998232,21.1623000000003,1
1282,7.4478004535147395,1,4096,0,1.0,-55.63832382254798,0.003066705074161291,69,0,-1,,0,0,2.5488999999971895,4.49660000000307,21.216400000000135,1
1283,7.453605442176871,1,4096,0,1.0,-59.24397855757167,0.0023137021344155073,69,0,-1,,0,0,4.604600000000403,6.1647000000029095,21.25429999999895,1
1284,7.459410430839002,1,4096,0,1.0,-66.11355370455327,0.0025657720398157835,69,0,-1,,0,0,6.434200000001056,10.775699999999944,17.825999999999453,1
1285,7.465215419501134,1,4096,0,1.0,-62.899167958387636,0.0020062774419784546,69,0,-1,,0,0,3.249499999999017,5.566500000000474,17.826899999999313,1
1286,7.471020408163265,1,4096,0,1.0,-66.69967334106792,0.002414021175354719,64,0,-1,,0,0,4.075300000000226,5.339100000000485,30.479599999999607,1
1287,7.476825396825397,1,4096,0,1.0,-66.44928801478835,0.0020750148687511683,64,0,-1,,0,0,2.781399999999934,4.115500000004602,14.7921999999987,1
1288,7.4826303854875285,1,4096,0,1.0,-63.05437219509879,0.002442224882543087,59,0,-1,,0,0,3.598000000000212,4.344899999999541,14.715699999999998,1
1289,7.48843537414966,1,4096,0,1.0,-60.46250788927946,0.002601186977699399,59,0,-1,,0,0,3.537999999998931,4.1477999999983695,14.690399999999215,1
1290,7.494240362811792,1,4096,0,1.0,-57.260860953877696,0.0029709646478295326,59,0,-1,,0,0,3.9072000000004437,5.550200000001837,24.389199999998112,1
1291,7.500045351473923,1,4096,0,1.0,-48.729017665323354,0.004112494643777609,59,0,-1,,0,0,3.2122000000001094,4.504600000000636,24.385800000001012,1
1292,7.505850340136054,1,4096,0,1.0,-50.590588516556714,0.0046314457431435585,59,0,-1,,0,0,4.8229000000006295,5.842900000001094,24.40960000000203,1
1293,7.511655328798186,1,4096,0,1.0,-43.352647086295875,0.005451769568026066,59,0,-1,,0,0,4.969100000000282,6.233999999999185,15.914199999997436,1
1294,7.517460317460317,1,4096,0,1.0,-48.83930322947101,0.005158796440809965,59,0,-1,,0,0,4.572199999998361,7.1864999999995405,15.870799999998297,1
1295,7.523265306122449,1,4096,0,1.0,-43.60151014314091,0.006169979926198721,59,0,-1,,0,0,2.246700000000601,4.219200000001422,15.849599999999242,1
1296,7.529070294784581,1,4096,0,1.0,-50.50566164607989,0.0043347482569515705,59,0,-1,,0,0,2.184299999999695,2.886100000001335,13.303100000001677,1
1297,7.534875283446712,1,4096,0,1.0,-42.966865351784975,0.005639785900712013,64,0,-1,,0,0,2.7010999999994567,3.630400000002254,13.317399999998258,1
1298,7.540680272108844,1,4096,0,1.0,-49.84351776292816,0.004236878827214241,64,0,-1,,0,0,4.2618999999994855,4.773000000000138,13.327199999999095,1
1299,7.546485260770975,1,4096,0,1.0,-44.640408709204536,0.005700029898434877,64,0,-1,,0,0,2.4110999999997773,3.114300000003567,19.672199999998696,1
1300,7.552290249433106,1,4096,0,1.0,-46.479157753817475,0.005084739066660404,64,0,-1,,0,0,2.1999999999984254,2.992500000001286,19.6803999999986,1
1301,7.558095238095238,1,4096,0,1.0,-47.85896895379602,0.004661140497773886,64,0,-1,,0,0,2.4727999999996086,2.924699999997671,20.150600000000907,0
1302,7.56390022675737,1,4096,0,1.0,-46.86413320374332,0.004700006917119026,66,0,-1,,0,0,2.987700000002036,3.8272000000034723,20.369599999998655,1
1303,7.569705215419501,1,4096,0,1.0,-49.96224535980818,0.004229357931762934,66,0,-1,,0,0,4.127200000002773,4.852899999999494,20.364400000001837,1
1304,7.575510204081633,1,4096,0,1.0,-48.13952413738668,0.004229813348501921,66,0,-1,,0,0,5.3362999999997385,6.194799999995837,20.37740000000099,1
1305,7.581315192743764,1,4096,0,1.0,-52.407994383131246,0.003948087804019451,66,0,-1,,0,0,2.2167000000017367,2.953900000001397,19.6360999999996,1
1306,7.587120181405895,1,4096,0,1.0,-50.8442414006695,0.00431143119931221,66,0,-1,,0,0,4.651700000000147,5.5571999999983746,19.642399999998617,1
1307,7.592925170068027,1,4096,0,1.0,-54.912532936482215,0.003278800519183278,66,0,-1,,0,0,3.0052000000004853,3.672000000001674,19.657299999998656,1
1308,7.598730158730159,1,4096,0,1.0,-52.44675925809048,0.0036140396259725094,66,0,-1,,0,0,5.634000000000583,7.145899999997596,15.220100000000514,1
1309,7.604535147392291,1,4096,0,1.0,-57.96907586259483,0.0031760097481310368,66,0,-1,,0,0,4.38570000000027,6.55779999999595,15.327700000000277,1
1310,7.610340136054422,1,4096,0,1.0,-53.662790915306886,0.0033430082257837057,64,0,-1,,0,0,3.594099999997269,6.4630000000001075,17.52270000000067,1
1311,7.616145124716553,1,4096,0,1.0,-54.2324999621681,0.002852080389857292,66,0,-1,,0,0,6.699700000002196,8.964500000001152,25.49709999999905,1
1312,7.621950113378685,1,4096,0,1.0,-52.69854243815199,0.003007217077538371,64,0,-1,,0,0,4.832600000000298,7.18859999999566,25.55500000000066,1
1313,7.627755102040816,1,4096,0,1.0,-49.112418016612565,0.0027881425339728594,64,0,-1,,0,0,3.6019999999972185,5.388499999998686,25.556500000000426,1
1314,7.6335600907029475,1,4096,0,1.0,-52.472527122216476,0.003108114469796419,64,0,-1,,0,0,2.7579000000024223,4.670600000000746,16.38150000000138,1
1315,7.63936507936508,1,4096,0,1.0,-46.9429160176546,0.00365837593562901,64,0,-1,,0,0,4.406700000000541,5.54909999999964,16.36559999999676,1
1316,7.645170068027211,1,4096,0,1.0,-52.2817576569273,0.0036475113593041897,64,0,-1,,0,0,3.033699999999584,3.5938999999984844,16.351400000001348,1
1317,7.650975056689342,1,4096,0,1.0,-44.246438144381024,0.004892074968665838,64,0,-1,,0,0,3.105900000001327,6.556199999998569,25.387900000001906,1
1318,7.656780045351474,1,4096,0,1.0,-53.24590472191754,0.0033595559652894735,64,0,-1,,0,0,2.087299999999459,3.830400000001788,25.41790000000077,1
1319,7.662585034013605,1,4096,0,1.0,-45.3213251994405,0.0054416051134467125,64,0,-1,,0,0,1.9500999999984003,2.763899999997932,25.034399999999124,1
1320,7.668390022675737,1,4096,0,1.0,-45.8542421097508,0.00383981061168015,64,0,-1,,0,0,5.326799999998855,6.860400000000766,9.90679999999955,2
1321,7.6741950113378685,1,4096,0,1.0,-49.00322975277315,0.004731662105768919,69,0,-1,,0,0,5.105900000000219,8.777200000000818,15.248899999999566,3
1322,7.68,1,4096,0,1.0,-44.844220202596276,0.0048648519441485405,69,0,-1,,0,0,3.1527999999987344,4.94420000000062,29.17200000000264,1
1323,7.685804988662132,1,4096,0,1.0,-45.99516799507879,0.004592799115926027,69,0,-1,,0,0,2.0661000000004037,4.930100000002824,22.69060000000067,1
1324,7.691609977324263,1,4096,0,1.0,-43.50073429297582,0.0060099163092672825,69,0,-1,,0,0,2.7602000000008786,4.783999999997235,22.66119999999816,1
1325,7.697414965986394,1,4096,0,1.0,-42.19877553639674,0.0054723406210541725,69,0,-1,,0,0,2.5100000000009004,5.875799999998321,22.640900000002517,1
1326,7.703219954648526,1,4096,0,1.0,-45.588565043843026,0.005978981498628855,69,0,-1,,0,0,4.696499999997883,7.838899999999427,23.0327999999993,1
1327,7.7090249433106575,1,4096,0,1.0,-42.60305616676594,0.0063637117855250835,69,0,-1,,0,0,3.630100000002301,5.793900000000463,23.07959999999909,1
1328,7.7148299319727895,1,4096,0,1.0,-42.417506405585776,0.007307256106287241,69,0,-1,,0,0,2.700600000000719,3.5637999999984515,23.12690000000117,1
1329,7.720634920634921,1,4096,0,1.0,-45.52439161108577,0.004886838607490063,64,0,-1,,0,0,3.657800000002709,5.259399999999914,18.99280000000303,1
1330,7.726439909297052,1,4096,0,1.0,-42.524750584867505,0.007390704937279224,69,0,-1,,0,0,3.1537999999997623,5.107899999998722,18.990000000002283,1
1331,7.732244897959184,1,4096,0,1.0,-42.22251248791928,0.008334469981491566,69,0,-1,,0,0,2.0674999999990007,3.644999999998788,18.968699999998506,1
1332,7.738049886621315,1,4096,0,1.0,-44.198196913808744,0.007657131180167198,69,0,-1,,0,0,2.3559000000012986,3.0710999999961075,14.409100000001729,1
1333,7.743854875283446,1,4096,0,1.0,-40.43432002500768,0.009206864982843399,64,0,-1,,0,0,2.2681000000019935,3.0391000000022927,14.43959999999933,1
1334,7.7496598639455785,1,4096,0,1.0,-40.04460275647223,0.008247817866504192,64,0,-1,,0,0,1.9913000000002512,2.454100000001347,14.470700000000392,1
1335,7.75546485260771,1,4096,0,1.0,-42.026919288245956,0.008397994562983513,64,0,-1,,0,0,2.866100000002092,4.000999999998811,17.473599999998868,1
1336,7.761269841269841,1,4096,0,1.0,-41.89677451407888,0.009411810897290707,64,0,-1,,0,0,2.732399999999302,3.7249000000016963,17.46119999999962,1
1337,7.767074829931973,1,4096,0,1.0,-40.13200327484228,0.009671061299741268,64,0,-1,,0,0,2.14030000000065,2.6339000000028534,17.474099999997605,1
1338,7.772879818594104,1,4096,0,1.0,-41.229879994295416,0.01067233458161354,64,0,-1,,0,0,2.1935999999982414,3.3472999999979436,26.22739999999979,1
1339,7.778684807256236,1,4096,0,1.0,-43.08351348430613,0.012087419629096985,64,0,-1,,0,0,3.953799999997898,4.942399999997349,26.117700000000355,1
1340,7.784489795918367,1,4096,0,1.0,-42.540462785450906,0.013142682611942291,64,0,-1,,0,0,4.357299999998787,4.956700000001035,26.063000000000613,1
1341,7.790294784580499,1,4096,0,1.0,-45.009064848262675,0.010709984228014946,64,0,-1,,0,0,3.7647999999990134,4.595300000001856,16.52819999999977,1
1342,7.796099773242631,1,4096,0,1.0,-46.72065618627657,0.010641510598361492,64,0,-1,,0,0,3.636600000000101,5.332400000000348,16.563399999999007,1
1343,7.801904761904762,1,4096,0,1.0,-48.108630928377806,0.011310005560517311,64,0,-1,,0,0,3.138799999998554,4.295700000000124,16.588799999997406,1
1344,7.807709750566893,1,4096,0,1.0,-49.27613908705622,0.010339721105992794,64,0,-1,,0,0,3.382599999998348,4.466400000001869,12.980200000001219,1
1345,7.813514739229025,1,4096,0,1.0,-48.19153124615947,0.011342845857143402,64,0,-1,,0,0,4.18990000000008,5.51540000000017,13.002199999998965,1
1346,7.819319727891156,1,4096,0,1.0,-50.81181507462432,0.007531071547418833,64,0,-1,,0,0,4.36380000000014,5.17939999999939,34.03640000000152,1
1347,7.825124716553288,1,4096,0,1.0,-51.577741041417525,0.007852180860936642,64,0,-1,,0,0,2.4924000000012825,3.602799999999462,22.425899999998222,1
1348,7.83092970521542,1,4096,0,1.0,-50.67347716634201,0.006904890760779381,64,0,-1,,0,0,2.058999999999145,2.6095000000019297,22.370099999999837,1
1349,7.836734693877551,1,4096,0,1.0,-53.10544055604894,0.005675516556948423,64,0,-1,,0,0,2.1985999999998285,2.655300000000693,22.371499999998434,1
1350,7.842539682539683,1,4096,0,1.0,-49.05072552533652,0.006039470434188843,64,0,-1,,0,0,3.3904000000006818,4.127299999996836,17.114200000001745,1
1351,7.848344671201814,1,4096,0,1.0,-47.35820656716173,0.0062044342048466206,64,0,-1,,0,0,2.0337000000019145,2.9906000000003985,17.144699999999347,1
1352,7.854149659863945,1,4096,0,1.0,-46.288498896299224,0.007664957083761692,64,0,-1,,0,0,4.554200000001174,5.1650000000016405,17.16859999999798,1
1353,7.859954648526077,1,4096,0,1.0,-45.771510403704376,0.007637763395905495,64,0,-1,,0,0,2.3995000000027744,3.9617000000014,16.759700000001487,1
1354,7.865759637188209,1,4096,0,1.0,-47.93348349040572,0.006584853399544954,64,0,-1,,0,0,2.7758000000019933,3.9535999999955607,16.80499999999796,1
1355,7.87156462585034,1,4096,0,1.0,-43.697563693715054,0.007306709885597229,64,0,-1,,0,0,4.9907999999980746,6.757900000000205,16.823300000002206,1
1356,7.877369614512472,1,4096,0,1.0,-48.23675847516475,0.006885540671646595,64,0,-1,,0,0,2.3826000000006786,3.5023999999950206,16.33370000000056,1
1357,7.883174603174603,1,4096,0,1.0,-44.46472776169575,0.007935035973787308,64,0,-1,,0,0,1.908600000000149,3.1054999999966526,16.341900000000464,1
1358,7.888979591836734,1,4096,0,1.0,-48.953726409030516,0.00661806296557188,64,0,-1,,0,0,2.646200000000931,3.208300000000719,16.350899999999058,1
1359,7.894784580498866,1,4096,0,1.0,-47.77839495874641,0.007582797668874264,64,0,-1,,0,0,5.804799999999943,6.919199999998682,26.321199999998157,1
1360,7.9005895691609975,1,4096,0,1.0,-51.828996247708716,0.005434046499431133,64,0,-1,,0,0,4.001699999999886,5.905400000003169,26.443900000000298,1
1361,7.90639455782313,1,4096,0,1.0,-54.5882357745007,0.004019549116492271,64,0,-1,,0,0,3.7616000000006977,5.023600000001238,26.49979999999985,1
1362,7.912199546485261,1,4096,0,1.0,-55.07483030579256,0.0036489430349320173,64,0,-1,,0,0,5.111699999996944,7.092799999998789,14.410500000000326,1
1363,7.918004535147392,1,4096,0,1.0,-56.58747428416267,0.0032158633694052696,64,0,-1,,0,0,2.4282000000006576,4.137899999999917,13.942799999998812,1
1364,7.923809523809524,1,4096,0,1.0,-58.09163500180926,0.003142684930935502,64,0,-1,,0,0,2.018400000000753,3.382899999998301,13.902500000000373,1
1365,7.929614512471655,1,4096,0,1.0,-62.46451769371924,0.002772350562736392,64,0,-1,,0,0,2.3198999999998193,2.981299999998299,12.885099999998317,1
1366,7.9354195011337865,1,4096,0,1.0,-62.57369755339801,0.0027576731517910957,64,0,-1,,0,0,3.230600000001971,4.283900000000784,12.913999999998538,1
1367,7.9412244897959186,1,4096,0,1.0,-65.44772397673732,0.0020673905964940786,64,0,-1,,0,0,3.637600000001129,4.37080000000023,12.935299999998762,1
1368,7.94702947845805,1,4096,0,1.0,-66.17821063256295,0.0021466140169650316,64,0,-1,,0,0,4.421900000000534,5.803000000000225,22.361899999999935,1
1369,7.952834467120182,1,4096,0,1.0,-66.62916239127239,0.0017760524060577154,64,0,-1,,0,0,5.965899999999635,8.09510000000202,22.39319999999978,1
1370,7.958639455782313,1,512,1,1.0,-67.8361460021581,0.021703016012907028,59,0,-1,,0,0,3.2703000000005034,5.335899999998617,22.419299999999254,1
1371,7.964444444444444,1,512,0,1.0,-67.13658834214473,0.020998982712626457,59,0,-1,,0,0,4.002499999998577,5.0904000000002725,19.731499999998903,1
1372,7.970249433106576,1,512,0,1.0,-63.97359321135785,0.022228149697184563,59,0,-1,,0,0,4.622399999998805,6.962399999999036,19.672700000000987,1
1373,7.9760544217687075,1,1024,0,1.0,-59.210626797423515,0.026580270379781723,59,0,-1,,0,0,3.821999999999548,5.600499999999897,19.649499999999875,1
1374,7.981859410430839,1,1024,0,1.0,-59.49901173353421,0.02434135414659977,59,0,-1,,0,0,3.464300000000975,4.3720000000000425,19.750700000003008,1
1375,7.987664399092971,1,2048,0,1.0,-48.15027335629384,0.07114777714014053,59,0,-1,,0,0,4.408099999999138,5.341299999997773,19.80169999999859,1
1376,7.993469387755102,1,2048,0,1.0,-46.44155089611405,0.0889066681265831,59,0,-1,,0,0,3.5063999999991324,4.005400000000492,19.83160000000339,1
1377,7.999274376417233,1,2048,0,1.0,-42.83553428572635,0.175372913479805,59,0,-1,,0,0,3.940599999999961,5.297800000001018,12.105700000002884,1
1378,8.005079365079364,1,2048,0,1.0,-41.18876756755903,0.18506400287151337,59,1,59,,0,0,3.2399999999981333,5.531500000003575,12.172100000000796,1
1379,8.010884353741497,1,4096,0,1.0,-40.999324967589395,0.009572134353220463,59,1,59,,0,0,4.296199999998862,5.346599999999313,15.98860000000002,2
1380,8.016689342403629,1,4096,0,1.0,-39.13508164437544,0.01095503382384777,59,0,-1,,0,0,4.647300000002019,6.728300000002463,25.060400000000982,1
1381,8.02249433106576,1,4096,0,1.0,-42.616636710793586,0.011754500679671764,59,0,-1,,0,0,4.397699999998395,6.039399999998807,25.077599999999478,1
1382,8.028299319727891,1,4096,0,1.0,-37.547733113658296,0.01344373356550932,59,0,-1,,0,0,3.059200000002704,5.47470000000061,25.094799999997974,1
1383,8.034104308390022,1,4096,0,1.0,-41.43559513679606,0.01403072476387024,59,0,-1,,0,0,4.767300000001029,6.073099999998277,15.895000000000437,1
1384,8.039909297052155,1,4096,0,1.0,-35.4086360023054,0.01728780008852482,59,0,-1,,0,0,2.3029000000001076,5.277100000004253,16.17780000000124,1
1385,8.045714285714286,1,4096,0,1.0,-36.92333125869722,0.01794866845011711,64,0,-1,,0,0,2.189900000001188,3.508199999998851,16.182300000000538,1
1386,8.051519274376417,1,4096,0,1.0,-36.45839325498828,0.02113795094192028,64,0,-1,,0,0,4.954500000000195,5.6760999999987405,28.416099999997613,1
1387,8.057324263038549,1,4096,0,1.0,-36.91963905719299,0.024278955534100533,67,0,-1,,0,0,2.4431999999983134,4.373800000003314,28.47070000000329,1
1388,8.06312925170068,1,4096,0,1.0,-38.6278788382063,0.028808049857616425,70,0,-1,,0,0,2.3212000000008004,4.383799999999383,28.505100000000283,1
1389,8.068934240362811,1,4096,0,1.0,-35.069810620827575,0.036205798387527466,70,0,-1,,0,0,4.891699999998167,7.052800000000303,8.413199999999676,2
1390,8.074739229024944,1,4096,0,1.0,-37.121319306827075,0.045440156012773514,70,0,-1,,0,0,6.780700000000195,11.693199999999848,25.129899999999594,2
1391,8.080544217687075,1,4096,0,1.0,-42.007444970846606,0.046059202402830124,70,0,-1,,0,0,2.498700000000298,4.645599999996364,24.62889999999973,2
1392,8.086349206349206,1,4096,0,1.0,-38.36905712887979,0.040489379316568375,70,0,-1,,0,0,2.351499999999618,4.2135999999999285,20.260300000000342,2
1393,8.092154195011338,1,4096,0,1.0,-40.041439634295806,0.04858933389186859,70,0,-1,,0,0,3.150800000000231,5.905200000000832,22.06570000000241,2
1394,8.097959183673469,1,4096,0,1.0,-39.27377969760839,0.04891509935259819,70,0,-1,,0,0,5.516199999998861,8.918000000001314,45.959299999999814,1
1395,8.103764172335602,1,4096,0,1.0,-41.43588496049246,0.05121089145541191,70,0,-1,,0,0,4.3834999999994295,5.401800000001344,27.05299999999866,1
1396,8.109569160997733,1,4096,0,1.0,-38.95830840249103,0.04204988852143288,70,0,-1,,0,0,3.5270000000018342,5.478000000000094,27.03470000000152,1
1397,8.115374149659864,1,4096,0,1.0,-41.35204264659699,0.049174293875694275,70,0,-1,,0,0,3.393400000000213,5.126900000000489,27.040199999998293,1
1398,8.121179138321995,1,4096,0,1.0,-40.93755452826229,0.04272431507706642,70,0,-1,,0,0,2.458700000001812,3.36330000000018,17.544599999997246,1
1399,8.126984126984127,1,4096,0,1.0,-42.97810449427655,0.03782379627227783,70,0,-1,,0,0,2.632199999997198,3.955300000001216,17.56170000000168,1
1400,8.132789115646258,1,4096,0,1.0,-45.928314744172816,0.024589436128735542,70,0,-1,,0,0,6.921799999997091,7.569800000002402,17.583599999998256,1
1401,8.13859410430839,1,4096,0,1.0,-46.193368298478575,0.022599700838327408,70,0,-1,,0,0,4.618200000003014,5.586099999998595,20.208000000000226,1
1402,8.144399092970522,1,4096,0,1.0,-49.944270405516036,0.02065044641494751,70,0,-1,,0,0,5.510899999997321,7.621700000001397,20.30629999999789,1
1403,8.150204081632653,1,4096,0,1.0,-47.77385695885472,0.015959862619638443,70,0,-1,,0,0,4.706200000001104,6.687799999998134,20.348599999998385,1
1404,8.156009070294784,1,4096,0,1.0,-49.53648351207531,0.015102601610124111,70,0,-1,,0,0,3.5921999999999343,6.1132999999991,15.673299999999557,1
1405,8.161814058956915,1,4096,0,1.0,-50.13568076149403,0.008865914307534695,70,0,-1,,0,0,3.50180000000222,6.0610999999966,15.546700000001579,1
1406,8.167619047619048,1,4096,0,1.0,-52.90616682444737,0.007635096088051796,70,0,-1,,0,0,5.880300000001171,7.634500000001765,18.09650000000218,2
1407,8.17342403628118,1,4096,0,1.0,-52.612631678443876,0.007837112993001938,70,0,-1,,0,0,3.2786999999991906,5.678700000000703,23.566399999999987,1
1408,8.17922902494331,1,4096,0,1.0,-54.034070872925774,0.005181954707950354,70,0,-1,,0,0,2.338299999998128,3.1452000000022906,23.373700000000497,1
1409,8.185034013605442,1,4096,0,1.0,-54.8045687185224,0.003514995565637946,70,0,-1,,0,0,3.2388999999994894,5.245500000000902,23.316499999999962,1
1410,8.190839002267573,1,4096,0,1.0,-60.51439928558874,0.0025013138074427843,69,0,-1,,0,0,2.729000000002202,3.606700000002405,16.955499999998125,1
1411,8.196643990929704,1,4096,0,1.0,-60.30782363562898,0.0027496737893670797,64,0,-1,,0,0,4.650099999999213,5.889599999999717,16.985299999998205,1
1412,8.202448979591837,1,4096,0,1.0,-62.000049063391536,0.0024075452238321304,67,0,-1,,0,0,3.5930999999997937,4.5175999999997885,17.004299999999972,1
1413,8.208253968253969,1,4096,0,1.0,-65.03409560140558,0.0022225668653845787,64,0,-1,,0,0,4.028200000000481,5.668100000001175,13.528400000001994,1
1414,8.2140589569161,1,4096,0,1.0,-63.85108240146522,0.002201183931902051,64,0,-1,,0,0,4.4594999999993945,5.354099999998141,13.549300000001097,1
1415,8.219863945578231,1,4096,0,1.0,-62.78109591188595,0.0019426229409873486,64,0,-1,,0,0,3.2780000000016685,4.5105999999961455,31.374100000000738,1
1416,8.225668934240362,1,4096,0,1.0,-62.840004140379136,0.0020449277944862843,64,0,-1,,0,0,2.3420999999999026,3.937400000001645,19.93189999999956,1
1417,8.231473922902495,1,4096,0,1.0,-65.93166179938892,0.0018794717034325004,64,0,-1,,0,0,2.4353999999995324,3.0487000000007924,19.880799999999255,1
1418,8.237278911564626,1,512,1,1.0,-68.35667700726718,0.02218633145093918,59,0,-1,,0,0,2.7022000000016533,3.2429000000036012,19.88190000000145,1
1419,8.243083900226758,1,512,0,1.0,-71.37756578796285,0.020533181726932526,59,0,-1,,0,0,2.2576000000000818,2.947800000004719,20.615899999999243,1
1420,8.248888888888889,1,512,0,1.0,-72.35338228984976,0.020629972219467163,59,0,-1,,0,0,2.5286000000015463,3.3921999999968477,20.61349999999962,1
1421,8.25469387755102,1,1024,0,1.0,-74.10394782499085,0.020187603309750557,59,0,-1,,0,0,2.2772999999993715,2.7709999999991908,20.63349999999886,1
1422,8.260498866213151,1,1024,0,1.0,-76.32263182405349,0.020085463300347328,59,0,-1,,0,0,2.4508999999994785,3.240000000001686,19.60419999999985,1
1423,8.266303854875284,1,2048,0,1.0,-75.52915697636101,0.01990514248609543,59,0,-1,,0,0,2.596000000000487,3.406299999998197,19.616200000001527,1
1424,8.272108843537415,1,2048,0,1.0,-77.61507803831921,0.01998148486018181,59,0,-1,,0,0,4.585699999999804,5.096699999999288,19.631700000001473,1
1425,8.277913832199546,1,2048,0,1.0,-77.72502545109379,0.02000974863767624,59,0,-1,,0,0,2.6407000000006065,3.6529000000022904,13.880600000000243,1
1426,8.283718820861678,1,2048,0,1.0,-81.45274789181934,0.019944922998547554,59,0,-1,,0,0,3.933799999998655,4.883400000000648,13.898900000000936,1
1427,8.289523809523809,1,4096,0,0.35793522555865664,-82.6296899816134,0.0025989918503910303,59,0,-1,,0,0,4.069700000002285,4.733900000005065,13.774899999997814,1
1428,8.295328798185942,1,4096,0,1.0,-82.9572689203687,0.002635759999975562,59,0,-1,,0,0,3.9221999999980994,5.735699999995347,23.730300000000426,1
1429,8.301133786848073,1,4096,0,1.0,-80.93712212775361,0.0026168599724769592,59,0,-1,,0,0,2.7910000000019863,4.402400000003581,23.713600000000667,1
1430,8.306938775510204,1,4096,0,0.2213039488235754,-85.380768210729,0.002584687899798155,59,0,-1,,0,0,4.4412000000022545,5.132700000000767,23.696999999998525,1
1431,8.312743764172335,1,4096,0,0.0887820704063529,-87.84698677846899,0.0026137391105294228,59,0,-1,,0,0,6.417199999997791,8.584400000003711,18.171200000001164,1
1432,8.318548752834467,1,4096,0,0.0,-88.03379838428646,0.0026290921960026026,59,0,-1,,0,0,4.140700000000663,6.64820000000077,18.160099999999346,1
1433,8.324353741496598,1,4096,0,0.7058515912337483,-86.48661232990244,0.0026228728238493204,59,0,-1,,0,0,2.9001999999991313,4.796200000004802,18.1761999999992,1
1434,8.33015873015873,1,4096,0,1.0,-87.6128216086672,0.002620812738314271,59,0,-1,,0,0,4.8472000000003845,5.664800000001691,11.67729999999878,1
1435,8.335963718820862,1,4096,0,0.0,-89.34975087739814,0.0026376736350357533,59,0,-1,,0,0,3.402499999999975,5.3099999999979275,11.687600000001908,1
1436,8.341768707482993,1,4096,0,0.04200883243696663,-90.71271864435191,0.0026327334344387054,59,0,-1,,0,0,2.5073000000013224,3.926099999993937,12.87110000000169,2
1437,8.347573696145124,1,4096,0,0.0,-92.59373024143176,0.0026259231381118298,59,0,-1,,0,0,2.4394000000000915,3.2509000000011667,21.18690000000001,1
1438,8.353378684807256,1,4096,0,0.0,-92.56511575272319,0.0026402012445032597,59,0,-1,,0,0,1.994400000000951,2.477799999997643,21.254799999997687,1
1439,8.359183673469389,1,4096,0,0.0,-92.2356868214676,0.0026389937847852707,59,0,-1,,0,0,3.040300000002105,3.8751000000019076,21.28919999999823,1
1440,8.36498866213152,1,4096,0,0.0,-93.20958212190418,0.0026373802684247494,59,0,-1,,0,0,5.948499999998802,7.810699999996729,21.033999999996666,1
1441,8.370793650793651,1,4096,0,0.0,-94.37947693367157,0.0026295622810721397,59,0,-1,,0,0,4.243400000000008,6.697199999997849,21.024399999998167,1
1442,8.376598639455782,1,4096,0,0.0,-95.98564066195814,0.002636642660945654,59,0,-1,,0,0,3.586200000000872,5.024700000003435,21.03750000000204,1
1443,8.382403628117913,1,4096,0,0.0,-96.04878903049143,0.002636705292388797,59,0,-1,,0,0,4.763100000001685,6.016400000000033,22.57020000000054,1
1444,8.388208616780044,1,4096,0,0.0,-96.243937670594,0.002632242627441883,59,0,-1,,0,0,2.9801000000020395,4.279999999997841,22.655500000002604,1
1445,8.394013605442177,1,4096,0,0.0,-96.44826950478262,0.002636973513290286,59,0,-1,,0,0,2.756099999999151,3.6766000000021393,22.749399999998587,1
1446,8.399818594104309,1,4096,0,0.0,-96.04878903049143,0.0026342386845499277,59,0,-1,,0,0,3.963500000001119,6.440099999998949,11.252400000000051,2
1447,8.40562358276644,1,4096,0,0.0,-95.34560181526919,0.0026339280884712934,59,0,-1,,0,0,5.0829999999990605,7.509899999995184,15.35469999999961,3
1448,8.411428571428571,1,4096,0,0.0,-95.40004253398527,0.0026360484771430492,59,0,-1,,0,0,7.995300000001038,9.079100000001006,35.87980000000002,1
1449,8.417233560090702,1,4096,0,0.0,-95.62489775455435,0.0026317983865737915,59,0,-1,,0,0,4.338700000001694,6.671800000003003,28.08429999999973,1
1450,8.423038548752835,1,4096,0,0.0,-94.98250585300241,0.0026347148232162,59,0,-1,,0,0,2.9406999999999073,4.859800000001968,28.062999999999505,1
1451,8.428843537414966,1,4096,0,0.0,-92.82969788189533,0.0026339092291891575,59,0,-1,,0,0,3.2020000000017035,6.369700000000478,28.07700000000324,1
1452,8.434648526077098,1,4096,0,0.0,-91.52964427635375,0.0026359406765550375,59,0,-1,,0,0,4.126299999999361,5.786500000002803,15.590200000001886,1
1453,8.440453514739229,1,4096,0,1.0,-83.39709597396215,0.002634527161717415,59,0,-1,,0,0,2.743200000001167,4.337400000000713,15.61930000000089,1
1454,8.44625850340136,1,4096,0,1.0,-78.95658499709255,0.002628602320328355,59,0,-1,,0,0,2.3313000000015904,3.1885000000002606,15.661900000001339,1
1455,8.452063492063493,1,4096,0,1.0,-77.13042534562065,0.0026338528841733932,59,0,-1,,0,0,2.532499999997384,5.6571999999981415,24.53000000000216,1
1456,8.457868480725624,1,512,1,1.0,-65.06233640947956,0.020537052303552628,59,0,-1,,0,0,2.5022999999997353,4.952400000000523,24.566599999999994,1
1457,8.463673469387755,1,512,0,1.0,-64.34258647551653,0.023019401356577873,59,0,-1,,0,0,1.9311999999978013,3.25170000000341,24.60789999999946,1
1458,8.469478458049887,1,512,0,1.0,-67.0115826609367,0.021038878709077835,59,0,-1,,0,0,3.312200000003429,4.463600000001122,6.840799999999092,2
1459,8.475283446712018,1,1024,0,1.0,-73.59876266409675,0.02051292546093464,59,0,-1,,0,0,2.5744000000003098,4.7131999999976415,26.410200000000827,1
1460,8.481088435374149,1,1024,0,1.0,-73.15736601974221,0.020920436829328537,59,0,-1,,0,0,2.7136999999974876,3.473300000003121,26.467200000002578,1
1461,8.486893424036282,1,2048,0,1.0,-67.02996214738216,0.020408378913998604,59,0,-1,,0,0,4.466899999997054,5.306600000000827,20.589600000000985,1
1462,8.492698412698413,1,2048,0,1.0,-67.3563974597385,0.020295264199376106,59,0,-1,,0,0,2.727600000000052,3.2449000000021044,20.576399999999495,1
1463,8.498503401360544,1,2048,0,1.0,-67.39065739987014,0.020492708310484886,59,0,-1,,0,0,2.499300000000204,2.9200999999972055,20.59420000000145,1
1464,8.504308390022675,1,2048,0,1.0,-66.14420102095104,0.02032122015953064,59,0,-1,,0,0,4.615499999999884,5.6277999999991835,22.840200000000976,1
1465,8.510113378684807,1,4096,0,1.0,-55.351787270896224,0.0026873324532061815,59,0,-1,,0,0,2.9457999999991102,5.329899999999554,22.88300000000021,1
1466,8.51591836734694,1,4096,0,1.0,-51.203168834402106,0.002765931189060211,59,0,-1,,0,0,2.4887000000006765,4.04490000000024,22.90490000000034,1
1467,8.52172335600907,1,4096,0,1.0,-50.8019238254009,0.0027712134178727865,59,0,-1,,0,0,2.9950999999996952,4.392899999999145,22.743099999999572,1
1468,8.527528344671202,1,4096,0,1.0,-50.019164080620314,0.0028039999306201935,59,0,-1,,0,0,2.5087999999975352,3.511200000001935,22.771900000002177,1
1469,8.533333333333333,1,4096,0,1.0,-48.54378569789566,0.002783003030344844,59,0,-1,,0,0,2.1596999999999866,2.6723000000039576,22.79800000000165,1
1470,8.539138321995464,1,4096,0,1.0,-51.1883123334719,0.0028130982536822557,59,0,-1,,0,0,5.7314000000019405,7.700899999996125,17.111200000002214,1
1471,8.544943310657596,1,4096,0,1.0,-49.319234303236456,0.0029015173204243183,59,0,-1,,0,0,5.544799999999128,8.47440000000077,17.06959999999924,1
1472,8.550748299319729,1,4096,0,1.0,-50.58573833930596,0.002773550571873784,59,0,-1,,0,0,3.250500000000045,5.0728999999982705,32.14110000000048,1
1473,8.55655328798186,1,4096,0,1.0,-48.166979167129384,0.002812800230458379,59,0,-1,,0,0,3.208600000000672,4.432399999998893,16.498999999999597,1
1474,8.562358276643991,1,4096,0,1.0,-50.9167061914939,0.0026063593104481697,59,0,-1,,0,0,5.869600000000474,6.786300000001688,16.28159999999923,1
1475,8.568163265306122,1,4096,0,1.0,-48.755585799907365,0.0028145851101726294,59,0,-1,,0,0,5.7848000000007005,6.710399999999339,19.96030000000104,2
1476,8.573968253968253,1,4096,0,1.0,-50.87712627787842,0.002754212124273181,59,0,-1,,0,0,3.72600000000034,5.746400000003149,23.910900000000623,1
1477,8.579773242630386,1,4096,0,1.0,-53.46897151121941,0.0026612773071974516,59,0,-1,,0,0,2.773900000001106,4.535900000000481,23.89479999999722,1
1478,8.585578231292518,1,4096,0,1.0,-52.96513175542951,0.0026130913756787777,59,0,-1,,0,0,5.0687000000024796,7.335299999994049,23.890599999997875,1
1479,8.591383219954649,1,4096,0,1.0,-53.42648936204016,0.002676692558452487,59,0,-1,,0,0,3.4245999999988896,4.232699999999312,5.078999999998501,1
1480,8.59718820861678,1,4096,0,1.0,-51.07678874625114,0.003180268220603466,59,0,-1,,0,0,5.501000000002421,7.845499999998395,16.385299999999603,1
1481,8.602993197278911,1,4096,0,1.0,-53.475438211684974,0.0030550912488251925,59,0,-1,,0,0,3.5525000000014018,5.748700000001605,16.42879999999991,1
1482,8.608798185941042,1,4096,0,1.0,-52.89724171841547,0.0036384041886776686,59,0,-1,,0,0,2.4413999999985947,3.3642000000000394,11.37160000000037,1
1483,8.614603174603175,1,4096,0,1.0,-52.95923783035804,0.0036189917009323835,59,0,-1,,0,0,3.661199999999809,4.748199999998093,11.385499999999382,1
1484,8.620408163265306,1,4096,0,1.0,-50.47335196268768,0.004409606568515301,59,0,-1,,0,0,4.3250999999990825,5.378900000000186,30.826199999999915,1
1485,8.626213151927438,1,4096,0,1.0,-49.3567870453515,0.004260614980012178,59,0,-1,,0,0,2.4924999999988984,3.660100000001165,20.92359999999971,1
1486,8.632018140589569,1,4096,0,1.0,-48.45607633452401,0.005485755857080221,59,0,-1,,0,0,1.7789999999990869,2.2969000000010453,20.860200000001328,1
1487,8.6378231292517,1,4096,0,1.0,-50.808250944026284,0.00488869845867157,59,0,-1,,0,0,2.458700000001812,3.2877999999989527,20.85840000000161,1
1488,8.643628117913833,1,4096,0,1.0,-50.62186359424496,0.004257571417838335,59,0,-1,,0,0,3.752300000002151,4.650599999997951,19.850499999996885,1
1489,8.649433106575964,1,4096,0,1.0,-51.43559261380933,0.0035651270300149918,59,0,-1,,0,0,3.2034000000003005,4.321999999998383,19.851500000001465,1
1490,8.655238095238095,1,4096,0,1.0,-51.90388658205454,0.003276675706729293,59,0,-1,,0,0,4.089799999999144,4.823200000000583,19.84639999999871,1
1491,8.661043083900227,1,4096,0,1.0,-48.00484352691932,0.0034581476356834173,59,0,-1,,0,0,3.3716000000012514,4.997200000001811,20.960999999999785,1
1492,8.666848072562358,1,4096,0,1.0,-50.014832304753014,0.004464690573513508,59,0,-1,,0,0,3.332699999997857,4.261099999997242,21.006899999999717,1
1493,8.672653061224489,1,4096,0,1.0,-49.45710049169293,0.004128031898289919,59,0,-1,,0,0,3.389799999997223,4.24040000000403,21.056200000000302,1
1494,8.678458049886622,1,4096,0,1.0,-49.38928304932921,0.0040216450579464436,59,0,-1,,0,0,4.658599999999069,6.093399999997473,12.506699999999427,1
1495,8.684263038548753,1,4096,0,1.0,-51.03665430686681,0.0033390324097126722,59,0,-1,,0,0,3.713999999998663,5.807300000000737,12.499900000001674,1
1496,8.690068027210884,1,4096,0,1.0,-55.32545008462671,0.0028540364000946283,59,0,-1,,0,0,2.9521000000016784,4.680600000000368,36.13740000000121,1
1497,8.695873015873016,1,4096,0,1.0,-58.63719572269179,0.002380337566137314,59,0,-1,,0,0,4.035999999999262,4.938299999999174,24.71209999999857,1
1498,8.701678004535147,1,4096,0,1.0,-59.27305552464999,0.002436286536976695,59,0,-1,,0,0,2.4087999999977683,2.9812000000006833,24.694399999997785,1
1499,8.70748299319728,1,4096,0,1.0,-58.17756559778797,0.0023023018147796392,59,0,-1,,0,0,4.506299999999186,5.0802999999994825,24.718599999999924,1
1500,8.713287981859411,1,4096,0,1.0,-59.8679167423863,0.002373248105868697,59,0,-1,,0,0,4.161100000001028,5.071399999998505,15.057399999999888,1
1501,8.719092970521542,1,4096,0,1.0,-60.43412931466358,0.002323355758562684,59,0,-1,,0,0,2.1333999999981756,3.2543999999994355,15.4519999999998,0
1502,8.724897959183673,1,4096,0,1.0,-63.557975079629,0.0025144158862531185,59,0,-1,,0,0,2.3753000000006352,3.588300000000544,15.494400000001463,0
1503,8.730702947845804,1,4096,0,1.0,-61.7559069369565,0.002461683703586459,59,0,-1,,0,0,2.3511000000020488,3.0710000000020443,25.688800000001066,1
1504,8.736507936507936,1,4096,0,1.0,-59.85113629693147,0.002413790440186858,72,0,-1,,0,0,4.846999999998047,5.555600000000993,25.713400000000775,1
1505,8.742312925170069,1,4096,0,1.0,-55.84417753472224,0.0024387596640735865,59,0,-1,,0,0,3.340600000001359,3.9579000000031783,25.72149999999951,1
1506,8.7481179138322,1,4096,0,1.0,-47.04491813303892,0.0027292997110635042,59,0,-1,,0,0,3.9687999999991064,5.195600000000411,6.97890000000001,2
1507,8.753922902494331,1,4096,0,1.0,-48.30608958668867,0.0026549831964075565,72,0,-1,,0,0,2.495200000002029,4.866299999999768,25.2479000000001,1
1508,8.759727891156462,1,4096,0,1.0,-49.866561306347975,0.0028623698744922876,72,0,-1,,0,0,2.543500000001586,3.53380000000314,25.111900000002407,1
1509,8.765532879818593,1,4096,0,1.0,-44.58373082500013,0.002258023014292121,59,0,-1,,0,0,3.975300000000459,4.712700000002457,19.227599999997125,1
1510,8.771337868480726,1,4096,0,1.0,-50.034629349677445,0.0024254359304904938,59,0,-1,,0,0,3.4222000000028174,4.01989999999941,19.16519999999977,1
1511,8.777142857142858,1,4096,0,1.0,-48.53516667680843,0.002507505938410759,59,0,-1,,0,0,2.075800000000072,2.5259000000019682,19.13290000000245,1
1512,8.782947845804989,1,4096,0,1.0,-47.13383150037917,0.0024073058739304543,59,0,-1,,0,0,1.9891000000029635,3.827099999998751,23.218099999997577,1
1513,8.78875283446712,1,4096,0,1.0,-46.89581116350756,0.0025750461500138044,59,0,-1,,0,0,5.009499999999889,5.968100000000476,23.263000000000034,1
1514,8.794557823129251,1,4096,0,1.0,-44.61767040390767,0.0026412587612867355,59,0,-1,,0,0,3.40010000000035,4.145400000002297,23.298399999998054,1
1515,8.800362811791382,1,4096,0,1.0,-48.07535034225679,0.002681582700461149,59,0,-1,,0,0,4.448999999997483,6.792100000001966,21.6891999999973,1
1516,8.806167800453515,1,4096,0,1.0,-51.12980539654419,0.00242334371432662,59,0,-1,,0,0,2.8101999999989857,4.9884999999960655,21.583500000001976,1
1517,8.811972789115647,1,4096,0,1.0,-52.54707561122969,0.0024230419658124447,59,0,-1,,0,0,2.1287000000000944,3.2762999999995657,21.592099999999448,1
1518,8.817777777777778,1,4096,0,1.0,-54.21435830761875,0.002371289301663637,59,0,-1,,0,0,2.3620999999991454,3.346400000001637,14.467600000003245,1
1519,8.823582766439909,1,4096,0,1.0,-55.2700641418192,0.0026211868971586227,59,0,-1,,0,0,2.4498000000008346,3.319000000001182,14.447700000001618,1
1520,8.82938775510204,1,4096,0,1.0,-50.855774369759786,0.003438954707235098,53,0,-1,,0,0,2.5066000000002475,2.9564999999998065,14.459999999999695,1
1521,8.835192743764173,1,4096,0,1.0,-50.56912314484396,0.003813070012256503,53,0,-1,,0,0,4.378800000001348,5.61659999999975,16.703400000000812,1
1522,8.840997732426304,1,4096,0,1.0,-48.44226192829979,0.004639691673219204,53,0,-1,,0,0,2.8055999999985204,5.699599999996252,16.745700000001307,1
1523,8.846802721088435,1,4096,0,1.0,-48.80353257673548,0.005561727564781904,66,0,-1,,0,0,2.624399999998417,3.471699999998634,16.779200000001993,1
1524,8.852607709750567,1,4096,0,1.0,-48.99746255857717,0.0053570810705423355,66,0,-1,,0,0,5.515599999998955,6.777899999999448,26.925199999997318,1
1525,8.858412698412698,1,4096,0,1.0,-51.42107563612983,0.004420379642397165,66,0,-1,,0,0,3.7123000000001127,7.029700000000361,26.94259999999815,1
1526,8.864217687074829,1,4096,0,1.0,-53.98421115488249,0.003756387857720256,66,0,-1,,0,0,3.6616000000009308,5.110700000003021,26.946399999999926,1
1527,8.870022675736962,1,4096,0,1.0,-53.59223345188657,0.002899159211665392,66,0,-1,,0,0,2.7930999999981054,4.032700000003331,5.385400000001539,2
1528,8.875827664399093,1,4096,0,1.0,-56.70849401263838,0.00248168408870697,66,0,-1,,0,0,3.8919000000028348,6.069300000003608,31.17390000000242,2
1529,8.881632653061224,1,4096,0,1.0,-55.20479874091162,0.00232284190133214,66,0,-1,,0,0,7.512500000000699,8.387899999998893,31.30329999999759,2
1530,8.887437641723356,1,4096,0,1.0,-59.08719490938039,0.00245219049975276,66,0,-1,,0,0,8.871499999997923,10.290299999997643,27.14680000000058,2
1531,8.893242630385487,1,4096,0,1.0,-57.62714862778065,0.002156548434868455,66,0,-1,,0,0,6.461400000002726,7.323499999998262,31.837100000000618,3
1532,8.89904761904762,1,4096,0,1.0,-61.12283389379183,0.0017645276384428144,66,0,-1,,0,0,5.301500000001624,6.055500000002212,48.172599999997345,1
1533,8.904852607709751,1,4096,0,1.0,-60.29253566051996,0.0018572862027212977,66,0,-1,,0,0,4.284699999999475,7.498899999998088,24.703300000002315,1
1534,8.910657596371882,1,4096,0,1.0,-61.741585337701736,0.001886160345748067,66,0,-1,,0,0,4.36859999999939,6.581600000004073,24.576800000001953,1
1535,8.916462585034013,1,4096,0,1.0,-58.20268641565498,0.0018835767405107617,66,0,-1,,0,0,3.528499999998047,6.272599999999073,25.84500000000034,1
1536,8.922267573696145,1,4096,0,1.0,-59.975400901216524,0.0015914607793092728,66,0,-1,,0,0,2.4654999999995653,4.885699999999105,15.699400000002584,1
1537,8.928072562358278,1,4096,0,1.0,-59.88594714628755,0.0019623262342065573,66,0,-1,,0,0,2.1036999999992645,3.4654999999972347,15.65559999999877,1
1538,8.933877551020409,1,4096,0,1.0,-56.078311845313564,0.0019247221061959863,66,0,-1,,0,0,3.434900000002017,4.021500000003897,15.65000000000083,1
1539,8.93968253968254,1,4096,0,1.0,-55.77770167993239,0.0024039014242589474,66,0,-1,,0,0,2.3350000000021964,3.2183000000003403,15.887799999998009,1
1540,8.945487528344671,1,4096,0,1.0,-47.67393780475067,0.0045089274644851685,66,0,-1,,0,0,2.372600000001057,3.1962999999990416,16.02850000000089,1
1541,8.951292517006802,1,4096,0,1.0,-45.00409454534867,0.006450540851801634,66,0,-1,,0,0,2.388899999999694,3.0682000000012977,16.095400000001092,1
1542,8.957097505668933,1,4096,0,1.0,-47.62162219051028,0.00654726754873991,66,0,-1,,0,0,4.426500000000999,6.241099999996891,17.01869999999772,1
1543,8.962902494331066,1,4096,0,1.0,-43.68009761026649,0.006993545219302177,66,0,-1,,0,0,2.397600000001887,4.589199999998073,16.913200000001183,1
1544,8.968707482993198,1,4096,0,1.0,-46.05123265860406,0.007000831421464682,66,0,-1,,0,0,2.442999999999529,3.6934000000030665,16.87069999999835,1
1545,8.974512471655329,1,4096,0,1.0,-47.81295194338896,0.008203398436307907,66,0,-1,,0,0,3.951300000000657,5.997799999999387,25.344499999999215,1
1546,8.98031746031746,1,4096,0,1.0,-48.031354207008306,0.009526479989290237,66,0,-1,,0,0,3.734500000000196,4.919800000003249,25.31399999999806,1
1547,8.986122448979591,1,4096,0,1.0,-49.765161714334866,0.010939029976725578,66,0,-1,,0,0,2.3361000000008403,3.120799999997814,25.29699999999835,1
1548,8.991927437641724,1,4096,0,1.0,-50.74929791688996,0.01083126850426197,65,0,-1,,0,0,4.334100000001229,5.575399999997899,16.51199999999875,1
1549,8.997732426303855,1,4096,0,1.0,-53.04932986554856,0.010043380782008171,65,0,-1,,0,0,4.305299999998624,5.872200000002437,16.494800000000254,1
1550,9.003537414965987,1,4096,0,1.0,-57.3739465025361,0.008050655014812946,65,0,-1,,0,0,3.2482000000015887,4.046200000001221,16.495700000000113,1
1551,9.009342403628118,1,4096,0,1.0,-60.02159837874728,0.0061080558225512505,65,0,-1,,0,0,2.633400000000563,3.3431999999997686,12.657099999998422,1
1552,9.015147392290249,1,4096,0,1.0,-59.96083049847273,0.005346835590898991,65,0,-1,,0,0,2.7585999999999444,3.8141999999972143,12.733300000000725,1
1553,9.02095238095238,1,4096,0,1.0,-59.99901472702958,0.005169795826077461,65,0,-1,,0,0,4.789799999997513,5.55750000000188,12.788600000000372,1
1554,9.026757369614513,1,4096,0,1.0,-60.57320568035415,0.005186853930354118,65,0,-1,,0,0,3.3919999999980632,6.287499999999113,20.62219999999826,1
1555,9.032562358276644,1,4096,0,1.0,-61.008940158230175,0.004778534173965454,65,0,-1,,0,0,2.349499999997562,4.157400000000422,20.561199999999502,1
1556,9.038367346938776,1,4096,0,1.0,-61.65841549705519,0.003465459682047367,65,0,-1,,0,0,2.858400000000927,3.3905999999994663,20.529700000000872,1
1557,9.044172335600907,1,4096,0,1.0,-60.818335033390476,0.0028936369344592094,65,0,-1,,0,0,2.2884000000011895,3.1730999999979304,19.8071000000013,1
1558,9.049977324263038,1,4096,0,1.0,-62.70827202265919,0.0022963425144553185,65,0,-1,,0,0,2.391899999999225,3.247500000000514,20.385799999999676,0
1559,9.05578231292517,1,4096,0,1.0,-63.18038901972336,0.002085956046357751,65,0,-1,,0,0,2.115699999997389,2.610799999999358,20.417299999998306,0
1560,9.061587301587302,1,4096,0,1.0,-60.11557538161918,0.002121775411069393,65,0,-1,,0,0,3.834099999998841,5.6686999999975285,21.978300000000672,1
1561,9.067392290249433,1,4096,0,1.0,-58.30201872065484,0.0020477536600083113,64,0,-1,,0,0,4.116400000000908,5.320499999999839,21.97150000000292,1
1562,9.073197278911564,1,4096,0,1.0,-49.38846363012026,0.002876965096220374,64,0,-1,,0,0,4.843799999999732,5.657900000002769,21.981400000001372,1
1563,9.079002267573696,1,4096,0,1.0,-43.85627610872743,0.005332081578671932,64,0,-1,,0,0,4.634299999999314,6.777500000001879,11.488700000001018,1
1564,9.084807256235827,1,4096,0,1.0,-44.17829394209474,0.006881811656057835,64,0,-1,,0,0,2.485500000002361,3.4971999999982017,11.433600000000155,1
1565,9.09061224489796,1,4096,0,1.0,-40.34612331055137,0.007698542904108763,64,0,-1,,0,0,2.3471000000014897,3.7454999999972927,33.743200000003526,1
1566,9.096417233560091,1,4096,0,1.0,-42.28477888304363,0.007032642140984535,64,0,-1,,0,0,2.0263000000007025,2.724000000000615,23.28120000000311,1
1567,9.102222222222222,1,4096,0,1.0,-42.58345011589764,0.008013062179088593,64,0,-1,,0,0,2.173199999997877,2.6136000000036574,23.23820000000154,1
1568,9.108027210884353,1,4096,0,1.0,-42.46326362305366,0.007961158640682697,64,0,-1,,0,0,2.3070999999994513,2.6967999999989445,23.21720000000127,1
1569,9.113832199546485,1,4096,0,1.0,-46.35883164405872,0.007786291651427746,64,0,-1,,0,0,2.7119999999989375,3.6005999999986216,16.554199999998076,1
1570,9.119637188208618,1,4096,0,1.0,-50.9536755642977,0.006302741821855307,64,0,-1,,0,0,3.4023000000011905,4.597699999997928,16.52699999999996,1
1571,9.125442176870749,1,4096,0,1.0,-55.14660367523248,0.004968403838574886,64,0,-1,,0,0,1.929500000002804,2.433199999998692,16.529399999999583,1
1572,9.13124716553288,1,4096,0,1.0,-54.53206033859055,0.004079296253621578,64,0,-1,,0,0,2.70670000000095,3.3817000000020414,27.826900000000876,1
1573,9.137052154195011,1,4096,0,1.0,-53.53394761502196,0.004160900134593248,64,0,-1,,0,0,3.4725999999984936,4.380299999997561,27.88439999999781,1
1574,9.142857142857142,1,4096,0,1.0,-55.21131384251816,0.0036925391759723425,64,0,-1,,0,0,2.219300000000146,2.7913000000019395,27.920599999998075,1
1575,9.148662131519274,1,4096,0,1.0,-56.88476206015174,0.0035503387916833162,64,0,-1,,0,0,3.178299999998302,5.330499999999461,7.102400000000841,2
1576,9.154467120181407,1,4096,0,1.0,-55.02083425663683,0.0038761126343160868,64,0,-1,,0,0,4.754200000000708,6.357200000000063,26.091800000003218,1
1577,9.160272108843538,1,4096,0,1.0,-57.30808799260443,0.003940361551940441,64,0,-1,,0,0,5.393099999999151,6.2371999999975,24.845700000000193,1
1578,9.166077097505669,1,4096,0,1.0,-56.52316551187312,0.0034424178302288055,64,0,-1,,0,0,4.706699999999842,6.629099999997834,21.79320000000118,1
1579,9.1718820861678,1,4096,0,1.0,-55.17384567292674,0.002388015855103731,64,0,-1,,0,0,2.79520000000133,4.163400000003037,21.753900000000215,1
1580,9.177687074829931,1,4096,0,1.0,-52.8628871794595,0.0027811855543404818,64,0,-1,,0,0,2.5349999999981776,3.7005000000007726,39.960699999998184,1
1581,9.183492063492064,1,4096,0,1.0,-49.38118760428192,0.002883852692320943,64,0,-1,,0,0,3.7522000000009825,4.595500000000641,19.28399999999897,1
1582,9.189297052154195,1,4096,0,1.0,-45.963953193040254,0.0020626415498554707,64,0,-1,,0,0,2.6735000000002174,3.203800000001422,19.244999999997958,1
1583,9.195102040816327,1,4096,0,1.0,-49.01952087119568,0.003219431499019265,66,0,-1,,0,0,2.3826000000006786,2.7971999999962804,19.23399999999731,1
1584,9.200907029478458,1,4096,0,1.0,-43.182058101959214,0.002636745572090149,64,0,-1,,0,0,6.236499999999978,7.190699999998884,22.442800000000318,1
1585,9.206712018140589,1,4096,0,1.0,-42.99353651369824,0.003234533127397299,69,0,-1,,0,0,3.8806000000022323,6.1901000000013084,22.490799999999922,1
1586,9.21251700680272,1,4096,0,1.0,-40.60904829350128,0.005230203736573458,69,0,-1,,0,0,2.120399999999023,3.3455000000017776,22.508200000000755,1
1587,9.218321995464853,1,4096,0,1.0,-42.516285822621775,0.004736950621008873,64,0,-1,,0,0,4.563799999999674,6.133999999999418,19.18410000000037,1
1588,9.224126984126984,1,4096,0,1.0,-44.393254369796935,0.0045262714847922325,64,0,-1,,0,0,4.3760999999982175,6.734300000001525,19.17189999999991,1
1589,9.229931972789116,1,4096,0,1.0,-45.02711991280462,0.004641854669898748,64,0,-1,,0,0,6.311600000000084,7.2996999999972445,19.170000000002574,1
1590,9.235736961451247,1,4096,0,1.0,-51.53952785070689,0.003837837837636471,64,0,-1,,0,0,4.263800000000373,7.9025000000001455,17.619200000002166,1
1591,9.241541950113378,1,4096,0,1.0,-50.57505306916694,0.0028962453361600637,64,0,-1,,0,0,3.6731999999979337,5.734700000001425,17.653500000001543,1
1592,9.247346938775511,1,4096,0,1.0,-53.13853061555368,0.0027569783851504326,64,0,-1,,0,0,5.883499999999486,6.784599999999585,20.735299999998347,1
1593,9.253151927437642,1,4096,0,1.0,-45.42302598206489,0.0040159886702895164,64,0,-1,,0,0,4.619500000000443,8.014899999995606,25.421400000002592,1
1594,9.258956916099773,1,4096,0,1.0,-47.756138616647526,0.004023945424705744,64,0,-1,,0,0,3.6746999999976993,6.727699999999004,25.46119999999874,1
1595,9.264761904761905,1,4096,0,1.0,-42.81847348069245,0.005140116438269615,64,0,-1,,0,0,3.0713999999996133,4.089100000001622,25.480300000001677,1
1596,9.270566893424036,1,4096,0,1.0,-47.14524342931032,0.005786506459116936,64,0,-1,,0,0,2.4239999999977613,3.513200000000438,16.54540000000182,1
1597,9.276371882086167,1,4096,0,1.0,-39.99188621220348,0.005987715907394886,64,0,-1,,0,0,2.1706999999970833,3.729000000003424,16.53920000000042,1
1598,9.2821768707483,1,4096,0,1.0,-47.40526509216004,0.00602730643004179,64,0,-1,,0,0,3.1780999999995174,3.732400000000524,16.556500000000085,1
1599,9.287981859410431,1,4096,0,1.0,-39.69401840913538,0.006710302084684372,64,0,-1,,0,0,2.345600000001724,3.165700000000271,9.711199999998144,1
1600,9.293786848072562,1,4096,0,1.0,-42.699644719477305,0.00817845854908228,69,0,-1,,0,0,2.559899999997839,3.4215999999993585,9.79719999999773,1
1601,9.299591836734693,1,4096,0,1.0,-45.526662974689025,0.0066046337597072124,69,0,-1,,0,0,2.2674000000009187,2.7288999999974806,10.550999999999533,0
1602,9.305396825396825,1,4096,0,1.0,-44.148131256224545,0.007966033183038235,69,0,-1,,0,0,4.631499999998567,5.56540000000183,25.50719999999984,1
1603,9.311201814058958,1,4096,0,1.0,-48.81307422250327,0.0070145511999726295,69,0,-1,,0,0,4.153299999998694,6.725400000000548,25.532899999998193,1
1604,9.317006802721089,1,4096,0,1.0,-47.73163912014561,0.006528796162456274,69,0,-1,,0,0,4.386099999997839,5.872899999999959,25.539500000000714,1
1605,9.32281179138322,1,4096,0,1.0,-50.0866998433792,0.006377343088388443,69,0,-1,,0,0,2.916500000001321,3.9025999999999783,18.848399999999543,1
1606,9.328616780045351,1,4096,0,1.0,-51.24716762856093,0.005909567233175039,69,0,-1,,0,0,2.7340000000002362,3.8397000000003345,18.891799999998682,1
1607,9.334421768707482,1,4096,0,1.0,-53.79244377215004,0.005415240302681923,69,0,-1,,0,0,4.086399999998491,4.6742999999978,18.921499999997593,1
1608,9.340226757369615,1,4096,0,1.0,-52.39016794517845,0.0062183476984500885,69,0,-1,,0,0,5.521900000001523,7.867399999998526,17.287100000000777,1
1609,9.346031746031747,1,4096,0,1.0,-52.378330549583765,0.00571988383308053,69,0,-1,,0,0,4.325800000000157,6.499299999997987,17.335700000000287,1
1610,9.351836734693878,1,4096,0,1.0,-55.08846928888283,0.004973894450813532,69,0,-1,,0,0,3.395099999998763,5.424599999997781,17.33520000000155,1
1611,9.357641723356009,1,4096,0,1.0,-57.57819640454678,0.004374684765934944,69,0,-1,,0,0,3.170199999999568,5.715699999999657,15.572899999998668,1
1612,9.36344671201814,1,4096,0,1.0,-60.4438832351568,0.003796476637944579,69,0,-1,,0,0,3.11439999999763,4.495499999997321,15.539900000000273,1
1613,9.369251700680271,1,4096,0,1.0,-60.87975192626678,0.002347702393308282,69,0,-1,,0,0,4.663099999998366,5.399700000001673,15.522899999997009,1
1614,9.375056689342404,1,4096,0,1.0,-61.51129347416409,0.0032770915422588587,69,0,-1,,0,0,2.528800000000331,3.82269999999707,24.204300000000956,1
1615,9.380861678004536,1,4096,0,1.0,-63.87770123821123,0.0028169038705527782,69,0,-1,,0,0,2.59269999999745,3.359500000001958,23.99300000000082,1
1616,9.386666666666667,1,4096,0,1.0,-63.97185793077676,0.0024617419112473726,69,0,-1,,0,0,2.7818000000010557,3.522799999998938,23.98950000000255,1
1617,9.392471655328798,1,4096,0,1.0,-66.94852526317275,0.0025443669874221087,72,0,-1,,0,0,3.675400000002327,4.630899999998661,17.010799999997772,1
1618,9.398276643990929,1,4096,0,1.0,-65.92572182111806,0.002188019221648574,72,0,-1,,0,0,2.802299999999036,3.819999999997492,17.02500000000029,1
1619,9.404081632653062,1,512,1,1.0,-68.96149247525743,0.021294517442584038,59,0,-1,,0,0,4.483900000000318,5.246400000000762,17.042299999999955,1
1620,9.409886621315193,1,512,0,1.0,-68.94869892399313,0.022121399641036987,59,0,-1,,0,0,2.7501000000000886,3.618299999999408,12.206400000000173,1
1621,9.415691609977324,1,512,0,1.0,-70.2277771703205,0.02039332687854767,59,0,-1,,0,0,2.587500000000631,3.4884999999960087,12.278200000000794,1
1622,9.421496598639456,1,1024,0,1.0,-73.39104623260435,0.020415758714079857,59,0,-1,,0,0,6.531400000000076,7.394400000002577,16.045799999997,1
1623,9.427301587301587,1,1024,0,1.0,-71.41701611911864,0.020573049783706665,59,0,-1,,0,0,5.881900000002105,7.661200000001145,24.97929999999826,1
1624,9.433106575963718,1,2048,0,1.0,-73.49542904035226,0.020113492384552956,59,0,-1,,0,0,2.599399999997587,6.4285000000019465,24.895600000000684,1
1625,9.438911564625851,1,2048,0,1.0,-75.50327346532038,0.0201986376196146,59,0,-1,,0,0,5.692499999998546,7.850099999995308,24.839899999999915,1
1626,9.444716553287982,1,2048,0,1.0,-74.85221967478475,0.019997773692011833,59,0,-1,,0,0,6.609799999999666,8.554600000000079,17.452399999999813,1
1627,9.450521541950113,1,2048,0,1.0,-77.61416580345275,0.01989549957215786,59,0,-1,,0,0,4.107399999998762,7.09770000000276,17.37229999999812,1
1628,9.456326530612245,1,4096,0,1.0,-79.58949595715214,0.002651379443705082,59,0,-1,,0,0,2.1358000000013533,3.943200000001923,17.358399999999108,1
1629,9.462131519274376,1,4096,0,1.0,-79.46620416904379,0.002611652947962284,59,0,-1,,0,0,2.550000000002939,3.51530000000011,19.84210000000175,1
1630,9.467936507936509,1,4096,0,1.0,-82.13759501009548,0.0026405653916299343,59,0,-1,,0,0,2.6167000000008045,3.8241000000027725,19.857300000001743,1
1631,9.47374149659864,1,4096,0,0.585002471207407,-83.76454505760626,0.0026595883537083864,59,0,-1,,0,0,4.327599999999876,4.921600000002968,19.871500000000708,1
1632,9.479546485260771,1,4096,0,1.0,-86.9307036983937,0.0026289671659469604,59,0,-1,,0,0,2.408800000001321,3.147599999998363,12.25419999999744,1
1633,9.485351473922902,1,4096,0,0.0,-90.98150957367534,0.002639075042679906,59,0,-1,,0,0,3.665900000001443,4.622799999999927,12.258900000002626,1
1634,9.491156462585034,1,4096,0,0.0,-93.37822877958727,0.002642979845404625,59,0,-1,,0,0,3.0412999999995805,3.724099999999453,12.274200000000235,1
1635,9.496961451247165,1,4096,0,0.0,-94.00619505307482,0.0026440436486154795,59,0,-1,,0,0,2.59150000000119,3.576100000000082,24.01220000000137,1
1636,9.502766439909298,1,4096,0,0.0,-93.37822877958727,0.0026241156738251448,59,0,-1,,0,0,2.4815999999994176,3.378299999997836,23.98549999999844,1
1637,9.508571428571429,1,4096,0,0.0,-93.88857243768805,0.0026223191525787115,59,0,-1,,0,0,2.290299999998524,2.782799999998531,23.99780000000007,1
1638,9.51437641723356,1,4096,0,0.0,-94.42300473611438,0.0026494485791772604,59,0,-1,,0,0,5.283999999999622,6.415799999999194,16.562199999999194,1
1639,9.520181405895691,1,4096,0,0.0,-95.1862583060634,0.002635807730257511,59,0,-1,,0,0,3.0058000000003915,4.4317999999989866,16.56120000000172,1
1640,9.525986394557822,1,4096,0,0.0,-94.33638106943889,0.00262636155821383,59,0,-1,,0,0,2.570999999999657,3.1098999999983334,16.560099999999522,1
1641,9.531791383219955,1,4096,0,0.0,-94.04612132548827,0.0026365311350673437,59,0,-1,,0,0,2.238200000000745,3.2527999999985013,26.210300000002462,1
1642,9.537596371882087,1,4096,0,0.0,-95.40004253398527,0.0026247031055390835,59,0,-1,,0,0,4.315800000000536,5.278600000000466,25.955100000000897,1
1643,9.543401360544218,1,4096,0,0.0,-94.74056355997843,0.002630600705742836,59,0,-1,,0,0,2.8410999999977093,3.4610999999991066,25.91539999999881,1
1644,9.549206349206349,1,4096,0,0.0,-95.4551743635379,0.0026265778578817844,59,0,-1,,0,0,3.2895000000010555,4.158000000000328,7.160200000001282,2
1645,9.55501133786848,1,4096,0,0.0,-95.9233973547883,0.0026347998064011335,59,0,-1,,0,0,3.159200000002471,4.200099999998486,9.017500000002343,3
1646,9.560816326530611,1,4096,0,0.0,-94.6937514599202,0.002634489443153143,59,0,-1,,0,0,3.189799999997689,4.292500000001809,29.59770000000006,1
1647,9.566621315192744,1,4096,0,0.0,-95.68297888648334,0.0026350216940045357,59,0,-1,,0,0,3.588600000000497,4.494199999999893,23.58459999999951,1
1648,9.572426303854876,1,4096,0,0.0,-95.98564066195814,0.002633341820910573,59,0,-1,,0,0,2.5678000000013412,3.2030999999967946,23.608200000001744,1
1649,9.578231292517007,1,4096,0,0.0,-95.13441703221056,0.0026348677929490805,59,0,-1,,0,0,2.2877000000001146,3.677199999998493,23.665900000001017,1
1650,9.584036281179138,1,4096,0,0.0,-95.80152468536258,0.0026328209787607193,59,0,-1,,0,0,6.7659999999989395,9.995499999998714,23.3914999999989,1
1651,9.58984126984127,1,4096,0,0.0,-97.55418651162195,0.0026342098135501146,59,0,-1,,0,0,3.3391999999992095,7.2982999999986475,22.726299999998645,1
1652,9.595646258503402,1,4096,0,0.0,-96.59003495889704,0.0026342852506786585,59,0,-1,,0,0,2.534199999999487,4.6634999999994875,22.522099999999767,1
1653,9.601451247165533,1,4096,0,0.0,-96.81175663155918,0.00263456953689456,59,0,-1,,0,0,2.243299999999948,3.3394999999991626,19.116300000000308,1
1654,9.607256235827665,1,4096,0,0.0,-96.44826950478262,0.0026344317011535168,59,0,-1,,0,0,2.082200000000256,2.772300000000172,19.18189999999953,1
1655,9.613061224489796,1,4096,0,0.0,-95.9233973547883,0.0026334193535149097,59,0,-1,,0,0,2.376399999999279,2.9450000000004195,19.217600000001056,1
1656,9.618866213151927,1,4096,0,0.0,-95.9233973547883,0.0026339793112128973,59,0,-1,,0,0,4.882500000000789,6.974399999997161,17.136499999999444,1
1657,9.624671201814058,1,4096,0,0.0,-96.73658462938218,0.002633816795423627,59,0,-1,,0,0,2.5045000000005757,4.335499999999826,17.228500000001645,1
1658,9.630476190476191,1,4096,0,0.0,-96.37908519400071,0.002634707372635603,59,0,-1,,0,0,2.0752999999977817,2.9925999999989017,16.798900000001282,1
1659,9.636281179138322,1,4096,0,0.0,-95.98564066195814,0.0026355807203799486,59,0,-1,,0,0,3.3145999999995013,4.742099999997862,15.278399999999692,1
1660,9.642086167800453,1,4096,0,0.0,-96.59003495889704,0.002634440315887332,59,0,-1,,0,0,2.447099999997704,4.104800000000353,15.250399999999331,1
1661,9.647891156462585,1,4096,0,0.0,-96.73658462938218,0.0026347048114985228,59,0,-1,,0,0,3.4442999999981794,4.2162999999995066,15.23819999999887,1
1662,9.653696145124716,1,4096,0,0.0,-97.12617372141175,0.0026341197080910206,59,0,-1,,0,0,6.42039999999966,7.650500000004001,26.72940000000068,1
1663,9.659501133786849,1,4096,0,0.0,-96.81175663155918,0.002634444274008274,59,0,-1,,0,0,3.7562000000015416,6.982300000000663,26.75660000000235,1
1664,9.66530612244898,1,4096,0,0.0,-97.37788810649823,0.0026342435739934444,59,0,-1,,0,0,2.606099999997724,4.895000000001204,26.77929999999762,1
1665,9.671111111111111,1,4096,0,0.0,-96.11286916969236,0.0026342261116951704,59,0,-1,,0,0,4.390099999998398,7.792400000003141,19.30229999999966,1
1666,9.676916099773242,1,4096,0,0.0,-96.51857380658345,0.0026345467194914818,59,0,-1,,0,0,5.159899999998885,6.9014000000002795,19.262900000001082,1
1667,9.682721088435374,1,4096,0,0.0,-97.64509419330474,0.002635308774188161,59,0,-1,,0,0,4.12809999999908,5.436299999999505,19.261300000000148,1
1668,9.688526077097505,1,4096,0,0.0,-96.59003495889704,0.002634152304381132,59,0,-1,,0,0,3.3488999999988778,5.012999999998158,7.608100000002338,2
1669,9.694331065759638,1,4096,0,0.0,-97.04540980062914,0.002635010750964284,59,0,-1,,0,0,2.94070000000346,5.200700000003167,8.980900000000958,2
1670,9.700136054421769,1,4096,0,0.0,-96.44826950478262,0.002635145792737603,59,0,-1,,0,0,4.514099999997967,5.730200000002128,29.03580000000261,1
1671,9.7059410430839,1,4096,0,0.0,-96.243937670594,0.0026346594095230103,59,0,-1,,0,0,3.1148999999999205,3.9481999999999573,23.46019999999882,1
1672,9.711746031746031,1,4096,0,0.0,-96.04878903049143,0.002634183969348669,59,0,-1,,0,0,2.4809999999995114,3.864499999998827,23.453499999998684,1
1673,9.717551020408163,1,4096,0,0.0,-96.51857380658345,0.0026336198206990957,59,0,-1,,0,0,3.174800000000033,4.530599999998941,23.467099999997743,1
1674,9.723356009070296,1,4096,0,0.0,-96.243937670594,0.0026343464851379395,59,0,-1,,0,0,3.912899999999553,5.21230000000017,20.483899999998556,1
1675,9.729160997732427,1,4096,0,0.0,-96.31098574877738,0.002634881529957056,59,0,-1,,0,0,3.4461999999990667,5.7051000000001295,20.4070999999999,1
1676,9.734965986394558,1,4096,0,0.0,-96.66269167130112,0.0026341434568166733,59,0,-1,,0,0,2.2785000000027367,3.736599999999868,20.365299999998143,1
1677,9.740770975056689,1,4096,0,0.0,-96.73658462938218,0.0026343287900090218,59,0,-1,,0,0,3.6239000000009014,4.645299999999963,21.079300000000245,1
1678,9.74657596371882,1,4096,0,0.0,-97.29235200308943,0.00263453577645123,59,0,-1,,0,0,2.5399000000021488,4.983899999999153,21.11850000000004,1
1679,9.752380952380953,1,4096,0,0.0,-96.8882527379592,0.0026343136560171843,59,0,-1,,0,0,2.6833000000010543,4.610800000001802,21.206700000000467,1
1680,9.758185941043084,1,4096,0,0.0,-97.37788810649823,0.0026345320511609316,59,0,-1,,0,0,7.932600000000178,9.803899999997867,13.695800000000702,2
1681,9.763990929705216,1,4096,0,0.0,-96.44826950478262,0.002635010750964284,59,0,-1,,0,0,3.891800000001666,7.098899999995467,35.062899999999786,1
1682,9.769795918367347,1,4096,0,0.0,-97.04540980062914,0.002634387696161866,59,0,-1,,0,0,3.348100000000187,4.216800000001797,35.13669999999891,1
1683,9.775600907029478,1,4096,0,0.0,-98.1305747323512,0.002634970471262932,59,0,-1,,0,0,2.720899999999915,5.047999999998609,23.99700000000138,1
1684,9.78140589569161,1,4096,0,0.0,-96.243937670594,0.002633757656440139,59,0,-1,,0,0,4.221700000002215,5.4973999999994305,23.283899999999136,1
1685,9.787210884353742,1,4096,0,0.0,-96.96612043264099,0.002635263605043292,59,0,-1,,0,0,2.441600000000932,3.35150000000084,23.219999999998464,1
1686,9.793015873015873,1,4096,0,0.0,-96.243937670594,0.002635053126141429,59,0,-1,,0,0,3.38830000000101,4.270399999999341,15.34069999999943,1
1687,9.798820861678005,1,4096,0,0.0,-95.98564066195814,0.0026344540528953075,59,0,-1,,0,0,3.6111999999981492,5.268900000000798,15.352100000001201,1
1688,9.804625850340136,1,4096,0,0.0,-95.86203353190663,0.0026338992174714804,59,0,-1,,0,0,2.8882000000010066,3.808100000000536,15.36739999999881,1
1689,9.810430839002267,1,4096,0,0.0,-95.56758314090658,0.0026340459007769823,59,0,-1,,0,0,2.8528999999970495,3.6957999999991387,28.058200000000255,1
1690,9.8162358276644,1,4096,0,0.5550797750040747,-83.00119209393677,0.0026302726473659277,59,0,-1,,0,0,3.661199999999809,4.648599999999448,28.182200000003377,1
1691,9.822040816326531,1,4096,0,1.0,-72.8604863941684,0.0026366100646555424,59,0,-1,,0,0,4.146999999999679,4.7367999999998744,28.23590000000209,1
1692,9.827845804988662,1,512,1,1.0,-65.51239801791426,0.023814832791686058,59,0,-1,,0,0,5.1474999999996385,8.448299999997744,11.812400000000167,2
1693,9.833650793650794,1,512,0,1.0,-47.53449832253221,0.8337402939796448,59,0,-1,,0,0,5.355000000001553,9.718600000002908,26.67300000000239,2
1694,9.839455782312925,1,512,0,1.0,-44.050374912271266,0.9892643690109253,59,1,59,,0,0,4.2632999999980825,7.001800000001168,26.74199999999871,2
1695,9.845260770975056,1,1024,0,1.0,-46.77120693749121,0.7545821666717529,69,1,59,,0,0,2.8994999999980564,5.97280000000211,18.964799999999116,2
1696,9.851065759637189,1,1024,0,1.0,-39.855214115562596,0.9143938422203064,69,1,69,0.273805171251297,0,0,3.955300000001216,6.08970000000042,39.07939999999854,1
1697,9.85687074829932,1,2048,0,1.0,-39.2173890002245,0.24496161937713623,69,1,69,,0,0,3.061600000002329,3.9653000000008376,39.0749000000028,1
1698,9.862675736961451,1,2048,0,1.0,-43.23229272342896,0.2919842302799225,69,1,69,,0,0,4.89560000000111,6.613399999999103,22.323999999997568,1
1699,9.868480725623582,1,2048,0,1.0,-38.7954112673833,0.4455331265926361,70,1,69,,0,0,3.174800000000033,4.208600000001894,22.290399999999266,1
1700,9.874285714285714,1,2048,0,1.0,-38.52379384249319,0.5429385304450989,70,1,70,0.4581349492073059,0,0,3.9885999999995647,5.0573000000007085,22.297100000002956,1
1701,9.880090702947847,1,4096,0,1.0,-41.44125877735981,0.016830941662192345,69,1,70,,0,0,3.0669999999979325,4.0690000000012105,11.908399999999375,1
1702,9.885895691609978,1,4096,0,1.0,-41.12609992988417,0.018691467121243477,69,0,-1,,0,0,4.7100000000028786,5.5578000000018335,11.900000000000688,1
1703,9.891700680272109,1,4096,0,1.0,-45.79923379479269,0.021071789786219597,69,0,-1,,0,0,3.193100000000726,3.69060000000232,13.543199999997313,2
1704,9.89750566893424,1,4096,0,1.0,-44.86950047558604,0.027333909645676613,69,0,-1,,0,0,2.662499999999568,3.890599999998301,22.414299999997667,1
1705,9.903310657596371,1,4096,0,1.0,-48.17733451349032,0.03487042710185051,70,0,-1,,0,0,2.061300000001154,2.7970000000010486,21.915599999999813,1
1706,9.909115646258503,1,4096,0,1.0,-50.99666078543969,0.03951400890946388,70,0,-1,,0,0,2.337199999999484,3.517900000002072,21.87110000000203,1
1707,9.914920634920636,1,4096,0,1.0,-50.598455104766806,0.03896220773458481,70,0,-1,,0,0,4.781799999999947,5.774699999996358,19.986199999998178,1
1708,9.920725623582767,1,4096,0,1.0,-54.50258944322049,0.03653532639145851,70,0,-1,,0,0,5.283899999998454,7.734699999996764,20.020099999999985,1
1709,9.926530612244898,1,4096,0,1.0,-53.54872758162493,0.029959186911582947,70,0,-1,,0,0,4.6263000000017485,6.664100000001838,20.048200000001515,1
1710,9.93233560090703,1,4096,0,1.0,-49.48360167134499,0.02893233671784401,70,0,-1,,0,0,7.151499999999089,9.038100000001492,27.893500000001126,1
1711,9.93814058956916,1,4096,0,1.0,-45.11656894919726,0.031866468489170074,70,0,-1,,0,0,3.7404999999992583,7.956499999995259,27.9102999999985,1
1712,9.943945578231293,1,4096,0,1.0,-43.30722974654851,0.03017786145210266,70,0,-1,,0,0,2.5220000000025777,4.3213999999984765,27.93319999999966,1
1713,9.949750566893425,1,4096,0,1.0,-43.4280547786164,0.02373298816382885,70,0,-1,,0,0,3.8032000000001176,7.2547000000007245,9.240800000000604,4
1714,9.955555555555556,1,4096,0,1.0,-41.838500244438094,0.02895643189549446,70,0,-1,,0,0,3.3959000000010064,5.84389999999857,26.538600000002077,2
1715,9.961360544217687,1,4096,0,1.0,-40.13953201197598,0.02257721498608589,70,0,-1,,0,0,5.89130000000182,6.966399999999595,26.39830000000032,2
1716,9.967165532879818,1,4096,0,1.0,-40.81735794145223,0.02238372713327408,69,0,-1,,0,0,4.250599999998883,5.283199999997379,20.138700000000398,2
1717,9.97297052154195,1,4096,0,1.0,-43.02008490648209,0.02756369858980179,69,0,-1,,0,0,3.878399999997839,4.406900000002878,22.385599999999783,2
1718,9.978775510204082,1,4096,0,1.0,-43.43068288737763,0.01816331036388874,69,0,-1,,0,0,4.974099999998316,6.4461000000015645,40.7636999999994,1
1719,9.984580498866213,1,4096,0,1.0,-45.06412352580452,0.015593012794852257,69,0,-1,,0,0,3.5572000000030357,4.8799999999999955,22.56659999999755,1
1720,9.990385487528345,1,4096,0,1.0,-44.292974318423546,0.010041982866823673,69,0,-1,,0,0,2.9380000000003292,5.218699999996801,22.572999999997734,1
1721,9.996190476190476,1,4096,0,1.0,-45.1434243095421,0.008713039569556713,64,0,-1,,0,0,2.805699999999689,5.04450000000034,22.633299999998968,1
1722,10.001995464852607,1,4096,0,1.0,-46.93157000029003,0.008595706894993782,64,0,-1,,0,0,3.6042999999992276,4.879599999998874,20.386299999998414,1
1723,10.00780045351474,1,4096,0,1.0,-48.53943115747832,0.00842217169702053,64,0,-1,,0,0,3.2776999999981626,4.642699999998001,20.261900000001276,1
1724,10.013605442176871,1,4096,0,1.0,-48.548161573752395,0.00810215249657631,64,0,-1,,0,0,2.9129999999994993,3.5695999999951766,20.20609999999934,1
1725,10.019410430839002,1,4096,0,1.0,-49.86284743681598,0.008601543493568897,64,0,-1,,0,0,2.9956999999996015,4.197800000000029,15.117899999999906,1
1726,10.025215419501134,1,4096,0,1.0,-49.74729839995505,0.007972185499966145,64,0,-1,,0,0,2.5195999999994,3.4525999999992507,14.53910000000036,1
1727,10.031020408163265,1,4096,0,1.0,-52.401081865817886,0.007086362224072218,64,0,-1,,0,0,2.4549999999976535,2.935300000000751,14.553399999996941,1
1728,10.036825396825396,1,4096,0,1.0,-53.0039823985387,0.006374557502567768,64,0,-1,,0,0,3.8778999999991015,5.40839999999676,16.157400000000877,1
1729,10.042630385487529,1,4096,0,1.0,-55.06599980185257,0.00534569239243865,64,0,-1,,0,0,2.2975999999985675,4.428400000001886,16.175000000000495,1
1730,10.04843537414966,1,4096,0,1.0,-53.8444510925143,0.005144057795405388,64,0,-1,,0,0,2.60809999999978,3.4044000000008623,16.184700000000163,1
1731,10.054240362811791,1,4096,0,1.0,-54.62079023154043,0.004012678749859333,64,0,-1,,0,0,5.405799999998351,6.8490000000025475,30.508099999998706,1
1732,10.060045351473923,1,4096,0,1.0,-58.619833357242605,0.002623530337586999,64,0,-1,,0,0,3.1104999999982397,5.34629999999936,32.3165000000003,0
1733,10.065850340136054,1,4096,0,1.0,-58.05293531245048,0.0022697157692164183,64,0,-1,,0,0,2.8711000000001263,4.287399999999053,32.403999999999655,0
1734,10.071655328798187,1,4096,0,1.0,-60.112363891278704,0.0025853614788502455,64,0,-1,,0,0,6.222499999999798,9.12320000000122,16.41000000000048,2
1735,10.077460317460318,1,4096,0,1.0,-58.9705636012271,0.0022099032066762447,64,0,-1,,0,0,6.702799999999343,8.947299999999103,19.184900000002614,2
1736,10.083265306122449,1,4096,0,1.0,-60.61958799113616,0.0020438029896467924,64,0,-1,,0,0,4.7803999999977975,8.479000000001236,26.382599999998035,3
1737,10.08907029478458,1,4096,0,1.0,-59.408385535515045,0.00237485533580184,59,0,-1,,0,0,5.998000000001724,7.571599999998568,32.00040000000115,1
1738,10.094875283446711,1,4096,0,1.0,-56.99813364021657,0.0028832668904215097,59,0,-1,,0,0,4.670799999999531,7.613900000002616,31.99860000000143,1
1739,10.100680272108843,1,4096,0,1.0,-59.586337766628034,0.0029985643923282623,59,0,-1,,0,0,2.7308999999995365,3.6962999999978763,31.571400000000693,1
1740,10.106485260770976,1,4096,0,1.0,-57.73747165411319,0.0023579648695886135,59,0,-1,,0,0,2.5839000000011936,5.050099999998281,23.129799999999534,1
1741,10.112290249433107,1,4096,0,1.0,-55.58175251936322,0.002810583682730794,59,0,-1,,0,0,5.2187999999979695,6.627400000002837,23.105700000002116,1
1742,10.118095238095238,1,4096,0,1.0,-58.03591476961732,0.0028631440363824368,59,0,-1,,0,0,3.768699999998404,5.189400000002564,41.11379999999798,1
1743,10.12390022675737,1,4096,0,1.0,-48.39177083444886,0.0032704866025596857,59,0,-1,,0,0,3.6890999999990015,5.748999999998006,20.275600000001504,1
1744,10.1297052154195,1,4096,0,1.0,-39.022631200113665,0.0073653520084917545,59,0,-1,,0,0,2.0753999999989503,2.955000000000041,20.214700000000363,1
1745,10.135510204081633,1,4096,0,1.0,-34.1280759680359,0.008577605709433556,59,0,-1,,0,0,3.574499999999148,4.166399999999015,20.21660000000125,1
1746,10.141315192743765,1,4096,0,1.0,-35.103952929782984,0.008609847165644169,59,0,-1,,0,0,3.791599999999562,4.66690000000014,22.754299999999006,1
1747,10.147120181405896,1,4096,0,1.0,-37.23901437345008,0.009113847278058529,59,0,-1,,0,0,2.4782999999999333,3.4725000000008777,22.753799999996716,1
1748,10.152925170068027,1,4096,0,1.0,-31.672800577412165,0.008328989148139954,59,0,-1,,0,0,3.8826999999983514,5.040500000003334,22.774499999997033,1
1749,10.158730158730158,1,4096,0,1.0,-35.64058002548331,0.008434604853391647,64,0,-1,,0,0,4.241000000000383,5.087599999999526,10.580400000002044,2
1750,10.164535147392291,1,4096,0,1.0,-39.901366694937025,0.007674832828342915,64,0,-1,,0,0,5.7814999999976635,7.0050999999971,12.976399999999444,2
1751,10.170340136054422,1,4096,0,1.0,-40.66921116772889,0.007985169067978859,64,0,-1,,0,0,4.412799999997219,5.038499999997725,33.62090000000251,1
1752,10.176145124716554,1,4096,0,1.0,-44.17749720369794,0.008321556262671947,64,0,-1,,0,0,2.333800000002384,3.8161000000016543,25.033900000000386,1
1753,10.181950113378685,1,4096,0,1.0,-43.91770552173432,0.008156826719641685,64,0,-1,,0,0,3.049899999997052,5.481499999998363,25.00699999999867,1
1754,10.187755102040816,1,4096,0,1.0,-47.11674767385649,0.007869621738791466,64,0,-1,,0,0,5.2032000000004075,7.203599999996868,24.99609999999919,1
1755,10.193560090702947,1,4096,0,1.0,-49.931127082796735,0.006535535212606192,64,0,-1,,0,0,6.384999999998087,7.5134000000005585,19.32469999999853,1
1756,10.19936507936508,1,4096,0,1.0,-47.79117566710363,0.008048168383538723,64,0,-1,,0,0,4.779599999999107,7.065300000004271,19.388900000002707,1
1757,10.205170068027211,1,4096,0,1.0,-52.894760987566805,0.007097443100064993,64,0,-1,,0,0,5.070599999999814,5.9205999999996095,22.630500000001774,1
1758,10.210975056689342,1,4096,0,1.0,-53.152316172553675,0.008539303205907345,64,0,-1,,0,0,7.52199999999803,10.088100000000821,31.931300000000107,1
1759,10.216780045351474,1,4096,0,1.0,-52.54854993581992,0.005896539427340031,64,0,-1,,0,0,5.795700000000181,9.201799999999594,31.914099999998058,1
1760,10.222585034013605,1,4096,0,1.0,-59.855474334708234,0.004398671444505453,64,0,-1,,0,0,5.488500000002006,8.02240000000154,31.909200000001192,1
1761,10.228390022675738,1,4096,0,1.0,-56.99773790194067,0.004441122990101576,64,0,-1,,0,0,5.9395000000002085,8.500099999999122,10.01879999999744,3
1762,10.234195011337869,1,4096,0,1.0,-58.50938433884238,0.0037896677386015654,64,0,-1,,0,0,8.05740000000199,11.797100000002558,22.112299999999863,4
1763,10.24,1,4096,0,1.0,-60.39957308771049,0.0021866140887141228,64,0,-1,,0,0,4.311300000001239,5.218400000003953,24.916900000000908,4
1764,10.245804988662131,1,4096,0,1.0,-53.04790805664682,0.0035207888577133417,64,0,-1,,0,0,4.77509999999981,7.367699999999644,40.274300000000096,2
1765,10.251609977324263,1,4096,0,1.0,-53.43281992891913,0.0030240346677601337,64,0,-1,,0,0,4.9026000000012,7.6171000000009315,40.2906999999999,2
1766,10.257414965986394,1,4096,0,1.0,-48.70287828525737,0.003614637302234769,64,0,-1,,0,0,3.0402999999985525,6.726400000001576,40.296699999998964,2
1767,10.263219954648527,1,4096,0,1.0,-44.13613753495707,0.004612686578184366,64,0,-1,,0,0,3.430800000000289,5.562000000001177,25.498599999998817,2
1768,10.269024943310658,1,4096,0,1.0,-41.80841039647139,0.0058848001062870026,64,0,-1,,0,0,5.119099999998156,8.076700000000159,28.493099999998606,2
1769,10.27482993197279,1,4096,0,1.0,-40.875381490994044,0.007977358065545559,64,0,-1,,0,0,4.215600000001984,7.334200000002511,41.323500000000735,1
1770,10.28063492063492,1,4096,0,1.0,-38.44316615625875,0.008726025931537151,64,0,-1,,0,0,2.9380000000003292,6.013700000000455,19.555799999999124,1
1771,10.286439909297052,1,4096,0,1.0,-36.166125305292425,0.009533348493278027,64,0,-1,,0,0,4.7496000000002425,7.8417000000001735,18.91130000000274,1
1772,10.292244897959185,1,4096,0,1.0,-36.21727650732387,0.011420466005802155,64,0,-1,,0,0,4.20169999999942,5.448600000001136,22.54660000000186,2
1773,10.298049886621316,1,4096,0,1.0,-37.71350931194775,0.013895940966904163,64,0,-1,,0,0,2.8724000000011074,5.739399999999506,14.25569999999965,1
1774,10.303854875283447,1,4096,0,1.0,-37.26955386919456,0.014980210922658443,64,0,-1,,0,0,2.613199999998983,4.499199999997927,14.256100000000771,1
1775,10.309659863945578,1,4096,0,1.0,-37.71958122989774,0.016725564375519753,64,0,-1,,0,0,4.271799999997938,6.202899999998124,17.55329999999944,1
1776,10.31546485260771,1,4096,0,1.0,-38.16398001239024,0.01856148988008499,64,0,-1,,0,0,7.177500000000947,8.503499999999775,18.375699999999995,1
1777,10.32126984126984,1,4096,0,1.0,-40.983232143790865,0.018645890057086945,64,0,-1,,0,0,4.0548000000022455,7.450399999999746,18.3952000000005,1
1778,10.327074829931973,1,4096,0,1.0,-45.49702694601925,0.019310832023620605,64,0,-1,,0,0,3.1905999999999324,4.752600000003326,20.877399999999824,1
1779,10.332879818594105,1,4096,0,1.0,-47.12991505537197,0.01844925805926323,64,0,-1,,0,0,4.833200000000204,6.0809000000041635,26.042799999999033,1
1780,10.338684807256236,1,4096,0,1.0,-47.246153343166135,0.018943430855870247,64,0,-1,,0,0,4.249399999999071,7.190600000001268,26.122099999998483,1
1781,10.344489795918367,1,4096,0,1.0,-49.33689446035408,0.020894506946206093,64,0,-1,,0,0,2.6683999999974617,4.864099999998928,26.16779999999963,1
1782,10.350294784580498,1,4096,0,1.0,-52.913224964046066,0.016689514741301537,64,0,-1,,0,0,2.7593000000010193,5.422100000004093,18.268899999998922,1
1783,10.356099773242631,1,4096,0,1.0,-50.50363323746353,0.015368407592177391,64,0,-1,,0,0,2.950200000000791,4.332699999999079,18.24279999999945,1
1784,10.361904761904762,1,4096,0,1.0,-49.44866901668198,0.009990397840738297,64,0,-1,,0,0,3.195099999999229,3.7607999999984543,18.257099999999582,1
1785,10.367709750566894,1,4096,0,1.0,-43.08700681886443,0.011166743002831936,64,0,-1,,0,0,3.308999999998008,5.2248999999982,8.077500000002402,2
1786,10.373514739229025,1,4096,0,1.0,-45.23733389353873,0.01592429354786873,64,0,-1,,0,0,2.68339999999867,4.055499999999768,30.206600000003192,1
1787,10.379319727891156,1,4096,0,1.0,-45.432929115932275,0.011813994497060776,64,0,-1,,0,0,2.079800000000631,2.5340000000007024,30.283400000001848,1
1788,10.385124716553287,1,4096,0,1.0,-46.43243817044568,0.009733791463077068,64,0,-1,,0,0,3.7354000000000553,4.670600000000746,23.350499999999386,1
1789,10.39092970521542,1,4096,0,1.0,-44.766739768605206,0.009150450117886066,64,0,-1,,0,0,2.9612999999990564,3.5097000000021694,22.974800000000073,1
1790,10.396734693877551,1,4096,0,1.0,-45.422981923042315,0.0069411881268024445,64,0,-1,,0,0,2.5207000000015967,2.937400000000423,23.082200000001052,1
1791,10.402539682539683,1,4096,0,1.0,-46.332697951297455,0.005538643803447485,64,0,-1,,0,0,6.6413000000018485,9.750300000000323,23.936599999998975,1
1792,10.408344671201814,1,4096,0,1.0,-43.87138728953513,0.005840559024363756,64,0,-1,,0,0,3.9036000000010063,6.651500000003807,23.99610000000152,1
1793,10.414149659863945,1,4096,0,1.0,-48.71630567395314,0.003995240665972233,64,0,-1,,0,0,3.606500000000068,5.164300000004118,24.053500000000838,1
1794,10.419954648526078,1,4096,0,1.0,-43.87207276738616,0.005016526207327843,64,0,-1,,0,0,3.276899999999472,6.788799999998929,16.536299999998505,1
1795,10.425759637188209,1,4096,0,1.0,-50.09740902260084,0.0032345973886549473,64,0,-1,,0,0,2.5626999999985856,5.058900000001643,16.563299999997838,1
1796,10.43156462585034,1,4096,0,1.0,-46.2150504525603,0.004535127431154251,64,0,-1,,0,0,2.8810999999997478,3.683499999997508,16.617799999998795,1
1797,10.437369614512471,1,4096,0,1.0,-55.138549396301435,0.003307385602965951,64,0,-1,,0,0,5.042400000000669,7.676999999997491,16.151199999999477,1
1798,10.443174603174603,1,4096,0,1.0,-55.33440926718384,0.0029021215159446,64,0,-1,,0,0,2.690499999999929,6.049499999999597,16.268099999997787,1
1799,10.448979591836734,1,4096,0,1.0,-56.8764573564608,0.0028131455183029175,64,0,-1,,0,0,2.852300000000696,3.9380000000015514,16.333100000000655,1
1800,10.454784580498867,1,4096,0,1.0,-58.91901531832468,0.0026349767576903105,64,0,-1,,0,0,5.916299999999097,8.501700000000056,31.054899999997332,1
1801,10.460589569160998,1,4096,0,1.0,-55.89098434671213,0.0020585861057043076,64,0,-1,,0,0,3.29500000000138,6.906199999999529,31.814300000000628,0
1802,10.46639455782313,1,4096,0,1.0,-55.698293188131665,0.001938886009156704,64,0,-1,,0,0,3.3719000000012045,5.502099999997512,31.90800000000138,0
1803,10.47219954648526,1,4096,0,1.0,-50.43192892687776,0.0021416281815618277,64,0,-1,,0,0,4.489799999998212,6.765100000002633,16.86289999999957,1
1804,10.478004535147392,1,4096,0,1.0,-53.29919036855598,0.0024863772559911013,64,0,-1,,0,0,7.656799999999464,9.662099999996343,16.84619999999981,1
1805,10.483809523809525,1,4096,0,1.0,-48.079164885558114,0.0024923321325331926,64,0,-1,,0,0,2.979399999997412,5.915900000001528,24.457900000001587,2
1806,10.489614512471656,1,4096,0,1.0,-52.24627057686189,0.0022714808583259583,64,0,-1,,0,0,2.4262999999997703,3.883800000000548,9.716499999999684,2
1807,10.495419501133787,1,4096,0,1.0,-52.6880761876604,0.0023658424615859985,64,0,-1,,0,0,5.3744999999985055,6.1784999999972,14.571099999997728,3
1808,10.501224489795918,1,4096,0,1.0,-53.292633319696,0.0025463548954576254,64,0,-1,,0,0,2.8620000000003643,5.7517999999952,30.680700000001337,1
1809,10.50702947845805,1,4096,0,1.0,-54.7587570742947,0.0025360281579196453,64,0,-1,,0,0,2.7302999999996302,4.820200000001051,24.598199999999792,1
1810,10.51283446712018,1,4096,0,1.0,-55.482321010122995,0.0024711533915251493,64,0,-1,,0,0,2.753300000001957,3.773999999999944,24.6163000000017,1
1811,10.518639455782314,1,4096,0,1.0,-51.27674128831461,0.0027558549772948027,59,0,-1,,0,0,5.371400000001358,9.438800000001635,24.640099999999165,1
1812,10.524444444444445,1,4096,0,1.0,-53.68398694888236,0.0031505434308201075,59,0,-1,,0,0,3.4919000000002143,6.2769999999972015,20.888900000002764,1
1813,10.530249433106576,1,4096,0,1.0,-53.85122611206725,0.0033168334048241377,59,0,-1,,0,0,2.152800000001065,2.992899999998855,20.793199999999956,1
1814,10.536054421768707,1,4096,0,1.0,-53.60753251363951,0.0033115565311163664,59,0,-1,,0,0,4.265000000000185,5.4480999999988455,20.751099999998246,1
1815,10.541859410430838,1,4096,0,1.0,-53.529981766752364,0.003384529147297144,59,0,-1,,0,0,2.6505999999990593,3.5012999999963768,19.631199999999183,1
1816,10.547664399092971,1,4096,0,1.0,-53.38480795591441,0.0034412206150591373,59,0,-1,,0,0,4.5061000000004015,5.380999999999858,19.61640000000031,1
1817,10.553469387755102,1,4096,0,1.0,-55.63790136935629,0.0034482332412153482,59,0,-1,,0,0,5.406799999999379,5.984200000000328,19.617000000000218,1
1818,10.559274376417234,1,4096,0,1.0,-54.70338392507876,0.003170002717524767,59,0,-1,,0,0,2.3359000000020558,3.142799999999113,12.209900000001994,1
1819,10.565079365079365,1,4096,0,1.0,-51.16781945147455,0.003161607077345252,59,0,-1,,0,0,2.4772999999989054,3.247800000000467,12.464599999997716,1
1820,10.570884353741496,1,4096,0,1.0,-53.00302013408939,0.0031902212649583817,59,0,-1,,0,0,4.326899999998801,4.8330000000014195,12.583299999999298,1
1821,10.576689342403627,1,4096,0,1.0,-51.769258270363075,0.0027148823719471693,59,0,-1,,0,0,3.6870000000028824,6.008400000002467,28.965400000000585,1
1822,10.58249433106576,1,4096,0,1.0,-52.0752670797657,0.0026689490769058466,59,0,-1,,0,0,2.823900000002766,5.7280999999989035,29.059700000001243,1
1823,10.588299319727891,1,4096,0,1.0,-51.94059882261954,0.0028588930144906044,59,0,-1,,0,0,3.1077000000010457,3.9024999999988097,29.129700000002146,1
1824,10.594104308390023,1,4096,0,1.0,-47.082714942465806,0.002871147822588682,59,0,-1,,0,0,7.107600000001213,10.118700000003145,19.174700000000655,1
1825,10.599909297052154,1,4096,0,1.0,-48.35250623318622,0.0029476885683834553,59,0,-1,,0,0,5.780599999997804,8.699700000001087,19.244699999998005,1
1826,10.605714285714285,1,4096,0,1.0,-51.435203427508995,0.002978672506287694,59,0,-1,,0,0,6.02620000000087,8.410200000000145,24.93029999999763,2
1827,10.611519274376418,1,4096,0,1.0,-51.75602642047881,0.0027187864761799574,59,0,-1,,0,0,5.803399999997794,9.326900000001359,22.91980000000038,1
1828,10.61732426303855,1,4096,0,1.0,-58.10790479000029,0.002370803151279688,59,0,-1,,0,0,2.340000000000231,4.305599999998577,22.548100000001625,1
1829,10.62312925170068,1,4096,0,1.0,-53.248531001685336,0.002842182759195566,59,0,-1,,0,0,2.2971000000033825,5.977499999996638,22.57179999999792,1
1830,10.628934240362812,1,4096,0,1.0,-51.26835029338223,0.003017930779606104,59,0,-1,,0,0,2.844500000001915,5.289100000002378,7.723000000002145,2
1831,10.634739229024943,1,4096,0,1.0,-48.07299165000322,0.005224575288593769,59,0,-1,,0,0,3.2516999999998575,5.15100000000146,27.492999999999768,1
1832,10.640544217687076,1,4096,0,1.0,-42.58846978840188,0.006860316731035709,59,0,-1,,0,0,2.833600000002434,3.3831999999982543,27.540299999998297,1
1833,10.646349206349207,1,4096,0,1.0,-42.64510283710753,0.0068157440982759,59,0,-1,,0,0,2.4765000000002146,3.159000000000134,20.734700000001993,1
1834,10.652154195011338,1,4096,0,1.0,-42.01741155690671,0.007482422515749931,72,0,-1,,0,0,3.925300000002352,4.667699999998831,20.71379999999934,1
1835,10.65795918367347,1,4096,0,1.0,-42.19375806084698,0.009149404242634773,72,0,-1,,0,0,3.894200000001291,4.500700000001245,20.72390000000013,1
1836,10.6637641723356,1,4096,0,1.0,-39.47115839383559,0.009249345399439335,72,0,-1,,0,0,2.6921000000008632,3.6762999999986334,21.682899999998284,1
1837,10.669569160997732,1,4096,0,1.0,-38.60367031220858,0.008737348020076752,72,0,-1,,0,0,3.4178000000011366,4.463499999999954,21.686100000000152,1
1838,10.675374149659865,1,4096,0,1.0,-39.07536085730209,0.00886556226760149,72,0,-1,,0,0,5.700100000002095,6.454799999996652,21.57619999999838,1
1839,10.681179138321996,1,4096,0,1.0,-39.45777321755277,0.00894227996468544,66,0,-1,,0,0,6.782299999997576,8.117800000000841,18.144299999999447,1
1840,10.686984126984127,1,4096,0,1.0,-40.21290722728578,0.009409264661371708,66,0,-1,,0,0,4.211500000000257,6.491600000000375,18.1635,1
1841,10.692789115646258,1,4096,0,1.0,-39.28932898338205,0.009835687465965748,66,0,-1,,0,0,2.781699999999887,4.793200000001718,17.918699999999177,1
1842,10.69859410430839,1,4096,0,1.0,-40.52924613278087,0.009996558539569378,66,0,-1,,0,0,6.431899999999047,7.48150000000436,23.44270000000037,1
1843,10.704399092970522,1,4096,0,1.0,-39.5356045372499,0.011175017803907394,66,0,-1,,0,0,6.541600000002035,8.701299999998469,23.538099999999673,1
1844,10.710204081632654,1,4096,0,1.0,-40.164111241881166,0.011995256878435612,64,0,-1,,0,0,4.667399999998878,8.242100000000363,23.600699999999364,1
1845,10.716009070294785,1,4096,0,1.0,-40.82028942637639,0.01635735109448433,64,0,-1,,0,0,6.14890000000301,11.16569999999939,17.920600000000064,1
1846,10.721814058956916,1,4096,0,1.0,-40.99496109139797,0.017435071989893913,64,0,-1,,0,0,3.0101000000009037,5.77270000000496,16.769000000000034,1
1847,10.727619047619047,1,4096,0,1.0,-43.783576262687816,0.020022720098495483,64,0,-1,,0,0,5.7013999999995235,7.695200000000568,20.432199999998346,2
1848,10.733424036281178,1,4096,0,1.0,-45.07570594245705,0.018497353419661522,64,0,-1,,0,0,2.5265999999994904,5.283900000005559,24.57820000000055,1
1849,10.739229024943311,1,4096,0,1.0,-47.82648331464755,0.01311230193823576,64,0,-1,,0,0,2.894599999997638,5.1616999999986035,24.565700000000135,1
1850,10.745034013605443,1,4096,0,1.0,-49.6530684117007,0.009889987297356129,64,0,-1,,0,0,3.1087999999996896,4.622399999998805,24.559499999998735,1
1851,10.750839002267574,1,4096,0,1.0,-48.75230329785421,0.009355823509395123,64,0,-1,,0,0,2.3870999999999754,3.4138999999946407,13.665800000001838,1
1852,10.756643990929705,1,4096,0,1.0,-50.896427336857315,0.005278213880956173,64,0,-1,,0,0,2.1205000000001917,3.1101999999982866,13.624400000001202,1
1853,10.762448979591836,1,4096,0,1.0,-54.525529281683276,0.003705010050907731,64,0,-1,,0,0,2.1705000000018515,2.642500000000325,13.603100000000978,1
1854,10.768253968253969,1,4096,0,1.0,-63.309190184202116,0.00334182009100914,64,0,-1,,0,0,2.3032999999976767,3.161799999997328,9.213100000000196,1
1855,10.7740589569161,1,512,1,1.0,-68.52999714110122,0.02312343940138817,59,0,-1,,0,0,2.2712000000026933,3.05590000000322,9.206600000002396,1
1856,10.779863945578231,1,512,0,1.0,-72.85712965224425,0.02017366886138916,59,0,-1,,0,0,2.069399999999888,2.498399999996792,9.208799999999684,1
1857,10.785668934240363,1,512,0,1.0,-75.92043997109678,0.0209930632263422,59,0,-1,,0,0,2.6046000000015113,3.4089000000037117,21.457699999999136,1
1858,10.791473922902494,1,1024,0,1.0,-75.47364117396229,0.020181600004434586,59,0,-1,,0,0,4.68010000000163,5.541000000000906,21.547399999999328,1
1859,10.797278911564625,1,1024,0,1.0,-76.68562113573047,0.02004597708582878,59,0,-1,,0,0,3.406500000000534,4.009499999998667,21.585300000001695,1
1860,10.803083900226758,1,2048,0,1.0,-75.90995389547699,0.019936656579375267,59,0,-1,,0,0,4.257999999996542,5.314300000001992,21.379299999999546,1
1861,10.80888888888889,1,2048,0,1.0,-75.07922323133096,0.01977621018886566,59,0,-1,,0,0,2.2255000000015457,5.003899999998396,21.387099999998327,1
1862,10.81469387755102,1,2048,0,1.0,-72.54241954188791,0.020067380741238594,59,0,-1,,0,0,2.2103000000015527,3.118700000001695,21.386400000000805,1
1863,10.820498866213152,1,2048,0,1.0,-63.41590057176926,0.02068306691944599,59,0,-1,,0,0,2.240699999997986,3.1132000000013704,21.476100000000997,1
1864,10.826303854875283,1,4096,0,1.0,-59.426373959886774,0.0019470638362690806,59,0,-1,,0,0,2.067700000001338,2.9271999999984644,21.395500000000567,1
1865,10.832108843537416,1,4096,0,1.0,-50.52137437969161,0.0036234757862985134,59,0,-1,,0,0,2.0345000000006053,2.517200000003328,21.365199999998197,1
1866,10.837913832199547,1,4096,0,1.0,-46.29068273004862,0.005042525939643383,59,0,-1,,0,0,2.9372000000016385,4.473900000000697,10.782900000002371,1
1867,10.843718820861678,1,4096,0,1.0,-47.512473358083945,0.007030731067061424,53,0,-1,,0,0,2.7237999999982776,3.404499999998478,10.822100000002166,1
1868,10.84952380952381,1,4096,0,1.0,-44.30756597710598,0.0062735723331570625,53,0,-1,,0,0,5.029700000001469,6.035500000002969,14.801699999999585,2
1869,10.85532879818594,1,4096,0,1.0,-45.7814338203311,0.007446758449077606,65,0,-1,,0,0,3.599400000002362,5.58319999999668,26.8979999999992,1
1870,10.861133786848072,1,4096,0,1.0,-47.31029147854777,0.007439614273607731,65,0,-1,,0,0,2.610599999997021,4.689599999998961,26.90770000000242,1
1871,10.866938775510205,1,4096,0,1.0,-49.34957745435615,0.008045862428843975,65,0,-1,,0,0,2.249100000000226,4.186699999998211,26.92569999999961,1
1872,10.872743764172336,1,4096,0,1.0,-52.88593603367654,0.005858886055648327,65,0,-1,,0,0,2.907699999997959,4.499900000002555,16.36399999999938,1
1873,10.878548752834467,1,4096,0,1.0,-51.92370944743129,0.005172406323254108,65,0,-1,,0,0,2.353799999998074,3.997299999998205,16.318300000001784,1
1874,10.884353741496598,1,4096,0,1.0,-55.3599595841838,0.004080350045114756,65,0,-1,,0,0,2.638599999997382,3.16970000000083,16.312100000000385,1
1875,10.89015873015873,1,4096,0,1.0,-54.79718589532447,0.004401480779051781,65,0,-1,,0,0,2.2768999999982498,3.3205000000009477,9.682300000001476,1
1876,10.895963718820862,1,4096,0,1.0,-57.736448909969894,0.0036497479304671288,65,0,-1,,0,0,2.3607000000005485,3.30629999999843,9.704300000002775,1
1877,10.901768707482994,1,4096,0,1.0,-55.3195897243849,0.0031385677866637707,65,0,-1,,0,0,2.511200000000713,2.945499999999157,9.724599999998418,1
1878,10.907573696145125,1,4096,0,1.0,-53.815462687869875,0.0024399093817919493,65,0,-1,,0,0,2.970499999999987,4.737699999999734,21.881199999999268,1
1879,10.913378684807256,1,4096,0,1.0,-46.52777943024587,0.0024580119643360376,65,0,-1,,0,0,3.598399999997781,5.469800000000191,21.873200000001702,1
1880,10.919183673469387,1,4096,0,1.0,-45.03413448316569,0.002495559398084879,65,0,-1,,0,0,2.6164000000008514,4.435000000000855,21.873699999996887,1
1881,10.924988662131518,1,4096,0,1.0,-44.89350984218275,0.0025213465560227633,65,0,-1,,0,0,3.3789999999989107,4.191200000001061,21.88459999999992,1
1882,10.930793650793651,1,4096,0,1.0,-44.29485723786343,0.002004046458750963,65,0,-1,,0,0,2.921499999999355,4.838900000002866,21.894899999999495,1
1883,10.936598639455783,1,4096,0,1.0,-47.71192602720977,0.0017170663923025131,64,0,-1,,0,0,2.053500000002373,2.868500000001717,21.90530000000024,1
1884,10.942403628117914,1,4096,0,1.0,-48.859226779665065,0.001575241913087666,64,0,-1,,0,0,2.1878000000015163,2.88540000000026,3.2999000000017986,0
