frame,time_s,calibrated,visible_window,detected_onset,onset_confidence,rms_dbfs,active_probability,raw_pitch,stable_active,stable_pitch,transition_score,transition_veto,retrigger,inference_ms,inference_skipped,loop_ms,queue_delay_ms,queue_depth
0,0.005804988662131519,0,4096,0,0.0,-97.29235200308943,,,,,,,,,0,0.7704999999997852,1.1908999999992176,2
1,0.011609977324263039,0,4096,0,0.2280827657955032,-96.04878903049143,,,,,,,,,0,0.9025999999998646,2.6298000000011257,1
2,0.017414965986394557,0,4096,0,0.0,-96.51857380658345,,,,,,,,,0,0.9171999999999514,3.60970000000016,0
3,0.023219954648526078,0,4096,0,0.0,-97.92982462984386,,,,,,,,,0,1.191599999998516,1.7262999999996254,2
4,0.029024943310657598,0,4096,0,0.0,-96.73658462938218,,,,,,,,,0,0.8225999999993405,2.451000000000647,1
5,0.034829931972789115,0,4096,0,0.0,-96.59003495889704,,,,,,,,,0,0.7187999999995753,3.1490999999999048,0
6,0.040634920634920635,0,4096,0,0.0,-96.51857380658345,,,,,,,,,0,1.2718999999989933,1.5905000000007163,2
7,0.046439909297052155,0,4096,0,0.0,-96.243937670594,,,,,,,,,0,0.9299000000009272,2.5173999999985597,1
8,0.052244897959183675,0,4096,0,0.0,-96.17790898892383,,,,,,,,,0,0.785600000000386,3.337499999998883,0
9,0.058049886621315196,0,4096,0,0.0,-96.66269167130112,,,,,,,,,0,1.841900000000507,2.0150000000001,1
10,0.06385487528344672,0,4096,0,0.0,-96.51857380658345,,,,,,,,,0,2.4716999999991884,3.8949000000005896,1
11,0.06965986394557823,0,4096,0,0.0,-96.04878903049143,,,,,,,,,0,0.8990999999998195,3.34840000000014,0
12,0.07546485260770976,0,4096,0,0.0,-96.81175663155918,,,,,,,,,0,1.244599999999707,1.5534999999999854,2
13,0.08126984126984127,0,4096,0,0.0,-96.73658462938218,,,,,,,,,0,0.861099999999837,2.4125000000001506,1
14,0.08707482993197278,0,4096,0,0.0,-97.46514278371254,,,,,,,,,0,0.913600000000514,3.359299999999621,0
15,0.09287981859410431,0,4096,0,0.0,-97.04540980062914,,,,,,,,,0,1.7282000000005127,2.17010000000073,2
16,0.09868480725623582,0,4096,0,0.0,-97.29235200308943,,,,,,,,,0,0.9138999999986908,2.9967000000006294,1
17,0.10448979591836735,0,4096,0,0.0,-96.04878903049143,,,,,,,,,0,0.7815999999998269,3.4431000000001433,0
18,0.11029478458049886,0,4096,0,0.0,-96.51857380658345,,,,,,,,,0,1.3500999999997987,1.5189000000006558,2
19,0.11609977324263039,0,4096,0,0.0,-97.92982462984386,,,,,,,,,0,0.5620000000003955,1.5213000000002808,1
20,0.1219047619047619,0,4096,0,0.0,-96.73658462938218,,,,,,,,,0,0.7865000000002453,2.2973000000003907,0
21,0.12770975056689343,0,4096,0,0.0,-96.59003495889704,,,,,,,,,0,1.1516000000000304,1.5087999999998658,2
22,0.13351473922902493,0,4096,0,0.0,-96.51857380658345,,,,,,,,,0,0.8878999999986092,2.376899999999793,1
23,0.13931972789115646,0,4096,0,0.0,-96.243937670594,,,,,,,,,0,0.7944999999995872,3.2040000000002067,0
24,0.14512471655328799,0,4096,0,0.0,-96.17790898892383,,,,,,,,,0,2.258400000000549,2.7535000000007415,2
25,0.1509297052154195,0,4096,0,0.0,-96.66269167130112,,,,,,,,,0,1.1144999999999072,3.9379000000003828,1
26,0.156734693877551,0,4096,0,0.0,-96.51857380658345,,,,,,,,,0,0.605099999999581,4.600699999999236,0
27,0.16253968253968254,0,4096,0,0.0,-96.04878903049143,,,,,,,,,0,1.4497000000002203,1.6348999999991065,2
28,0.16834467120181407,0,4096,0,0.0,-96.81175663155918,,,,,,,,,0,0.9731000000012813,2.3420000000005103,1
29,0.17414965986394557,0,4096,0,0.0,-96.73658462938218,,,,,,,,,0,0.8221999999999952,3.191399999998623,0
30,0.1799546485260771,0,4096,0,0.0,-97.46514278371254,,,,,,,,,0,0.9694000000006753,1.2761999999995055,2
31,0.18575963718820862,0,4096,0,0.0,-97.04540980062914,,,,,,,,,0,1.1154999999991588,2.3596999999995205,1
32,0.19156462585034015,0,4096,0,0.0,-97.29235200308943,,,,,,,,,0,0.7225999999995736,3.123600000000337,0
33,0.19736961451247165,0,4096,0,0.0,-96.04878903049143,,,,,,,,,0,1.5903999999995477,1.742400000001254,2
34,0.20317460317460317,0,4096,0,0.0,-96.51857380658345,,,,,,,,,0,0.9584000000000259,2.203099999999125,1
35,0.2089795918367347,0,4096,0,0.0,-97.92982462984386,,,,,,,,,0,0.7535000000000736,2.9909000000003516,0
36,0.2147845804988662,0,4096,0,0.0,-96.73658462938218,,,,,,,,,0,1.3342999999998995,1.5052000000004284,2
37,0.22058956916099773,0,4096,0,0.0,-96.59003495889704,,,,,,,,,0,0.6254999999999455,1.6401999999988703,1
38,0.22639455782312926,0,4096,0,0.0,-96.51857380658345,,,,,,,,,0,0.536500000000828,2.150699999999617,0
39,0.23219954648526078,0,4096,0,0.0,-96.243937670594,,,,,,,,,0,1.7110999999996324,1.875000000000071,2
40,0.23800453514739228,0,4096,0,0.0,-96.17790898892383,,,,,,,,,0,4.368499999999997,5.79549999999962,1
41,0.2438095238095238,0,4096,0,0.0,-96.66269167130112,,,,,,,,,0,1.4833999999996905,7.331100000000035,0
42,0.24961451247165534,0,4096,0,0.0,-96.51857380658345,,,,,,,,,0,4.4941000000005005,8.217399999999486,2
43,0.25541950113378686,0,4096,0,0.0,-96.04878903049143,,,,,,,,,0,16.599100000000533,25.039800000000056,4
44,0.2612244897959184,0,4096,0,0.0,-96.81175663155918,,,,,,,,,0,0.925099999999901,26.0656000000008,3
45,0.26702947845804986,0,4096,0,0.0,-96.73658462938218,,,,,,,,,0,0.7643000000001621,17.13029999999982,2
46,0.2728344671201814,0,4096,0,0.0,-97.46514278371254,,,,,,,,,0,0.8300999999999448,17.98870000000008,1
47,0.2786394557823129,0,4096,0,0.0,-97.04540980062914,,,,,,,,,0,0.9063000000004706,18.942100000000295,0
48,0.28444444444444444,0,4096,0,0.0,-97.29235200308943,,,,,,,,,0,1.8482000000012988,9.237999999999857,2
49,0.29024943310657597,0,4096,0,0.0,-96.04878903049143,,,,,,,,,0,0.9867000000003401,10.26859999999985,1
50,0.2960544217687075,0,4096,0,0.0,-96.51857380658345,,,,,,,,,0,1.409600000000566,11.753900000000428,0
51,0.301859410430839,0,4096,0,0.0,-97.92982462984386,,,,,,,,,0,1.607200000000475,1.7899999999997362,2
52,0.3076643990929705,0,4096,0,0.0,-96.73658462938218,,,,,,,,,0,0.9662999999999755,2.2223999999990696,1
53,0.313469387755102,0,4096,0,0.0,-96.59003495889704,,,,,,,,,0,1.3855999999989876,3.625100000000714,0
54,0.31927437641723355,0,4096,0,0.0,-96.51857380658345,,,,,,,,,0,1.3306000000010698,1.9977000000004352,2
55,0.3250793650793651,0,4096,0,0.0,-96.243937670594,,,,,,,,,0,0.9522000000004027,2.9360000000000497,1
56,0.3308843537414966,0,4096,0,0.0,-96.17790898892383,,,,,,,,,0,0.7871999999995438,3.5322000000004294,0
57,0.33668934240362813,0,4096,0,0.0,-96.66269167130112,,,,,,,,,0,1.1770000000002057,1.5078000000006142,2
58,0.34249433106575966,0,4096,0,0.0,-96.51857380658345,,,,,,,,,0,0.9987999999996333,2.49769999999927,1
59,0.34829931972789113,0,4096,0,0.0,-96.04878903049143,,,,,,,,,0,0.8668000000007225,3.425799999998702,0
60,0.35410430839002266,0,4096,0,0.0,-96.81175663155918,,,,,,,,,0,2.0001999999994524,2.745400000000231,2
61,0.3599092970521542,0,4096,0,0.0,-96.73658462938218,,,,,,,,,0,0.9519000000004496,3.751799999999861,1
62,0.3657142857142857,0,4096,0,0.0,-97.46514278371254,,,,,,,,,0,0.8815000000002016,4.685999999999524,0
63,0.37151927437641724,0,4096,0,0.0,-97.04540980062914,,,,,,,,,0,1.6990999999997314,2.0487000000013467,2
64,0.37732426303854877,0,4096,0,0.0,-97.29235200308943,,,,,,,,,0,2.4686999999996573,4.594200000001436,1
65,0.3831292517006803,0,4096,0,0.0,-96.04878903049143,,,,,,,,,0,1.0618000000004457,5.720099999999562,0
66,0.38893424036281177,0,4096,0,0.0,-96.51857380658345,,,,,,,,,0,1.6084000000002874,1.7857999999986163,2
67,0.3947392290249433,0,4096,0,0.0,-97.92982462984386,,,,,,,,,0,0.8334999999988213,2.024500000000984,1
68,0.4005442176870748,0,4096,0,0.0,-96.73658462938218,,,,,,,,,0,0.8763000000016063,2.8938000000007236,0
69,0.40634920634920635,0,4096,0,0.0,-96.59003495889704,,,,,,,,,0,1.2290000000003687,1.522400000000701,2
70,0.4121541950113379,0,4096,0,0.0,-96.51857380658345,,,,,,,,,0,0.8824000000000609,2.4007000000008105,1
71,0.4179591836734694,0,4096,0,0.0,-96.243937670594,,,,,,,,,0,0.9140999999992516,3.3772000000009683,0
72,0.42376417233560093,0,4096,0,0.0,-96.17790898892383,,,,,,,,,0,1.146699999999612,1.4434000000012048,2
73,0.4295691609977324,0,4096,0,0.0,-96.66269167130112,,,,,,,,,0,5.107600000000545,6.5763000000007565,1
74,0.43537414965986393,0,4096,0,0.0,-96.51857380658345,,,,,,,,,0,1.1346000000003187,7.80880000000117,0
75,0.44117913832199546,0,4096,0,0.0,-96.04878903049143,,,,,,,,,0,1.4491999999997063,6.494599999999906,2
76,0.446984126984127,0,4096,0,0.0,-96.81175663155918,,,,,,,,,0,4.135499999998515,10.67179999999901,1
77,0.4527891156462585,0,4096,0,0.0,-96.73658462938218,,,,,,,,,0,1.8694000000003541,12.669700000000006,0
78,0.45859410430839004,0,4096,0,0.0,-97.46514278371254,,,,,,,,,0,2.444399999999902,2.7854999999998853,2
79,0.46439909297052157,0,4096,0,0.0,-97.04540980062914,,,,,,,,,0,1.6734000000013793,4.52759999999941,1
80,0.47020408163265304,0,4096,0,0.0,-97.29235200308943,,,,,,,,,0,1.3752000000000209,5.996200000000229,0
81,0.47600907029478456,0,4096,0,0.0,-96.04878903049143,,,,,,,,,0,1.0940999999995427,1.8317000000003247,2
82,0.4818140589569161,0,4096,0,0.0,-96.51857380658345,,,,,,,,,0,0.8146999999993909,2.660399999999896,1
83,0.4876190476190476,0,4096,0,0.0,-97.92982462984386,,,,,,,,,0,0.7785999999985194,3.4925000000001205,0
84,0.49342403628117915,0,4096,0,0.0,-96.73658462938218,,,,,,,,,0,1.2088999999999572,1.5286999999997164,2
85,0.4992290249433107,0,4096,0,0.0,-96.59003495889704,,,,,,,,,0,1.1460000000003134,2.6744000000000767,1
86,0.5050340136054422,0,4096,0,1.0,-63.051851137733614,,,,,,,,,0,0.9104999999998142,3.6120000000003927,0
87,0.5108390022675737,0,4096,0,1.0,-65.56881335004432,,,,,,,,,0,1.9577000000001732,2.1215999999988355,2
88,0.5166439909297053,0,4096,0,1.0,-66.59851680724387,,,,,,,,,0,0.9639999999997428,2.528899999999723,1
89,0.5224489795918368,0,4096,0,1.0,-70.82936568098799,,,,,,,,,0,0.8461999999997971,3.188699999999045,0
90,0.5282539682539683,0,4096,0,1.0,-73.13324441707768,,,,,,,,,0,2.095000000000624,2.3348999999992515,2
91,0.5340589569160997,0,4096,0,1.0,-73.39864164738776,,,,,,,,,0,0.7148000000007926,3.056300000000789,1
92,0.5398639455782313,0,4096,0,1.0,-71.60105750569264,,,,,,,,,0,0.5856000000008521,3.063300000000879,0
93,0.5456689342403628,0,4096,0,1.0,-73.33007611547848,,,,,,,,,0,1.5139000000008451,1.7651999999994672,2
94,0.5514739229024943,0,4096,0,1.0,-72.62577625640269,,,,,,,,,0,0.5392999999997983,2.2634000000003596,1
95,0.5572789115646258,0,4096,0,1.0,-75.91365197296335,,,,,,,,,0,0.5110000000012604,2.529100000000284,0
96,0.5630839002267574,0,4096,0,1.0,-76.01597172158608,,,,,,,,,0,0.9639999999997428,1.18450000000081,2
97,0.5688888888888889,0,4096,0,1.0,-80.62512722265134,,,,,,,,,0,0.47789999999992006,1.6593000000000302,1
98,0.5746938775510204,0,4096,0,1.0,-78.64498103321465,,,,,,,,,0,0.44399999999988893,2.1281999999995804,0
99,0.5804988662131519,0,4096,0,1.0,-77.87350771507786,,,,,,,,,0,1.1340000000004125,1.3161000000003753,2
100,0.5863038548752835,0,4096,0,1.0,-78.62651647135527,,,,,,,,,0,0.7687000000000666,2.1196000000003323,1
101,0.592108843537415,0,4096,0,1.0,-80.58878855552022,,,,,,,,,0,0.7377000000001743,3.6500999999997674,0
102,0.5979138321995465,0,4096,0,1.0,-81.79719212310002,,,,,,,,,0,1.1067000000011262,1.3571999999992812,2
103,0.603718820861678,0,4096,0,1.0,-82.72036782265651,,,,,,,,,0,0.5012000000004235,1.8609999999998905,1
104,0.6095238095238096,0,4096,0,1.0,-79.51679765597846,,,,,,,,,0,0.44169999999965626,2.318799999999399,0
105,0.615328798185941,0,4096,0,1.0,-79.28290003960724,,,,,,,,,0,0.9831000000009027,1.1358000000001311,2
106,0.6211337868480725,0,4096,0,1.0,-71.26935497541928,,,,,,,,,0,0.4199000000006947,1.1780000000012336,1
107,0.626938775510204,0,4096,0,1.0,-64.80976151288321,,,,,,,,,0,0.4057999999993456,1.5616999999998882,0
108,0.6327437641723356,0,4096,0,1.0,-58.94967231713126,,,,,,,,,0,2.0277999999986918,2.176500000000914,2
109,0.6385487528344671,0,4096,0,1.0,-49.37677801023242,,,,,,,,,0,1.1384999999997092,2.7396999999993454,1
110,0.6443537414965986,0,4096,0,1.0,-47.514245084968394,,,,,,,,,0,1.1355999999995703,3.912300000001423,0
111,0.6501587301587302,0,4096,0,1.0,-43.68435689182163,,,,,,,,,0,1.6935999999994067,2.05349999999882,2
112,0.6559637188208617,0,4096,0,1.0,-43.17661859006083,,,,,,,,,0,1.0487999999995168,3.1242000000002434,1
113,0.6617687074829932,0,4096,0,1.0,-44.62842861050952,,,,,,,,,0,1.0075999999994423,4.1610999999992515,0
114,0.6675736961451247,0,4096,0,1.0,-41.47543588695949,,,,,,,,,0,2.3397000000002777,2.5999000000016537,2
115,0.6733786848072563,0,4096,0,1.0,-44.90013204347026,,,,,,,,,0,1.5223999999989246,4.126599999999314,1
116,0.6791836734693878,0,4096,0,1.0,-43.24209875970141,,,,,,,,,0,1.4164000000000954,4.879700000000042,0
117,0.6849886621315193,0,4096,0,1.0,-46.15552203828634,,,,,,,,,0,0.7631999999997419,1.0920000000016472,2
118,0.6907936507936508,0,4096,0,1.0,-42.07118570481736,,,,,,,,,0,0.4293000000004099,1.394700000000526,1
119,0.6965986394557823,0,4096,0,1.0,-46.68996207164866,,,,,,,,,0,0.4048999999994862,1.7940000000002954,0
120,0.7024036281179138,0,4096,0,1.0,-43.522042955746144,,,,,,,,,0,1.8671999999995137,2.2169000000005212,2
121,0.7082086167800453,0,4096,0,1.0,-49.7354624223097,,,,,,,,,0,1.4860999999992686,3.730499999999637,1
122,0.7140136054421768,0,4096,0,1.0,-45.90825913479606,,,,,,,,,0,1.2326000000015824,5.026799999999554,0
123,0.7198185941043084,0,4096,0,1.0,-51.445190376917864,,,,,,,,,0,1.7567000000013877,2.122799999998648,2
124,0.7256235827664399,0,4096,0,1.0,-51.161227354631265,,,,,,,,,0,1.2712000000014712,3.3213999999990307,1
125,0.7314285714285714,0,4096,0,1.0,-53.53555208639361,,,,,,,,,0,0.5435000000009182,3.9183000000004853,0
126,0.737233560090703,0,4096,0,1.0,-56.18874468280466,,,,,,,,,0,0.6897999999999627,1.01339999999972,2
127,0.7430385487528345,0,4096,0,1.0,-53.04191034362831,,,,,,,,,0,0.41180000000018424,1.3196999999998127,1
128,0.748843537414966,0,4096,0,1.0,-55.45263122441493,,,,,,,,,0,0.46049999999908664,1.7751999999990886,0
129,0.7546485260770975,0,4096,0,1.0,-57.76516773877987,,,,,,,,,0,2.117399999999492,2.276099999999559,2
130,0.7604535147392291,0,4096,0,1.0,-55.14479532532902,,,,,,,,,0,2.395599999999831,5.298900000001439,1
131,0.7662585034013606,0,4096,0,1.0,-55.899930775454465,,,,,,,,,0,1.2655000000005856,6.6638000000001085,0
132,0.7720634920634921,0,4096,0,1.0,-58.844383954223105,,,,,,,,,0,0.8049999999997226,1.2310000000006482,2
133,0.7778684807256235,0,4096,0,1.0,-56.52893769565275,,,,,,,,,0,0.5537000000011005,1.6216000000000008,1
134,0.7836734693877551,0,4096,0,1.0,-55.11841719506254,,,,,,,,,0,0.42420000000120694,2.0182999999995843,0
135,0.7894784580498866,0,4096,0,1.0,-60.87578754609172,,,,,,,,,0,1.6902999999999224,2.0535999999999888,2
136,0.7952834467120181,0,4096,0,1.0,-62.822296037712306,,,,,,,,,0,1.4400999999999442,3.4781000000005946,1
137,0.8010884353741496,0,4096,0,1.0,-59.96108102864384,,,,,,,,,0,1.3995999999991682,4.9562999999999136,0
138,0.8068934240362812,0,4096,0,1.0,-56.872933814070464,,,,,,,,,0,2.117499999998884,2.3082999999992637,2
139,0.8126984126984127,0,4096,0,1.0,-58.533653145822925,,,,,,,,,0,3.013199999999827,4.737699999999734,1
140,0.8185034013605442,0,4096,0,1.0,-56.985858812370644,,,,,,,,,0,2.293399999999224,7.108199999999343,0
141,0.8243083900226758,0,4096,0,1.0,-58.70493158133872,,,,,,,,,0,1.8226000000005627,2.094400000000718,2
142,0.8301133786848073,0,4096,0,1.0,-61.366005236057,,,,,,,,,0,1.5204999999998137,3.6567999999999046,1
143,0.8359183673469388,0,4096,0,1.0,-64.98806296141176,,,,,,,,,0,1.808800000000943,5.542399999999503,0
144,0.8417233560090703,0,4096,0,1.0,-66.35223573883475,,,,,,,,,0,1.7753999999996495,2.087799999999973,2
145,0.8475283446712019,0,4096,0,1.0,-68.30557380433318,,,,,,,,,0,0.6783000000005757,2.7549999999987307,1
146,0.8533333333333334,0,4096,0,1.0,-74.54870255232949,,,,,,,,,0,0.6801000000002944,3.4650999999996657,0
147,0.8591383219954648,0,4096,0,1.0,-72.00760610979111,,,,,,,,,0,2.7012000000006253,2.9858999999987645,2
148,0.8649433106575963,0,4096,0,1.0,-72.92693179118453,,,,,,,,,0,1.6177000000006103,4.623699999999786,1
149,0.8707482993197279,0,4096,0,1.0,-72.01890882054558,,,,,,,,,0,1.4248999999999512,4.6943999999999875,0
150,0.8765532879818594,0,4096,0,1.0,-72.00760610979111,,,,,,,,,0,2.583800000000025,2.8220999999994945,2
151,0.8823582766439909,0,4096,0,1.0,-75.75741136193184,,,,,,,,,0,0.8619999999996963,3.6828999999993783,1
152,0.8881632653061224,0,4096,0,1.0,-75.06855107012883,,,,,,,,,0,0.6275999999996174,4.01620000000058,0
153,0.893968253968254,0,4096,0,1.0,-78.1328486772664,,,,,,,,,0,2.3215000000007535,2.6087999999990785,2
154,0.8997732426303855,0,4096,0,0.4156100812695243,-81.32441475223509,,,,,,,,,0,1.9011000000013212,4.539400000000526,1
155,0.905578231292517,0,4096,0,0.6510877960462444,-84.68200566162155,,,,,,,,,0,1.4291000000010712,6.057800000000668,0
156,0.9113832199546485,0,4096,0,0.0,-87.50475455135276,,,,,,,,,0,1.8319000000008856,2.177799999998342,2
157,0.9171882086167801,0,4096,0,0.0,-90.75011374872831,,,,,,,,,0,1.452000000000453,3.6141999999994567,1
158,0.9229931972789116,0,4096,0,0.0,-91.26804032738347,,,,,,,,,0,1.1036000000004265,4.771899999999718,0
159,0.9287981859410431,0,4096,0,0.0,-93.2427916041122,,,,,,,,,0,1.2536999999994691,1.4820000000010936,2
160,0.9346031746031747,0,4096,0,0.0,-93.20958212190418,,,,,,,,,0,1.1723999999997403,2.654700000000787,1
161,0.9404081632653061,0,4096,0,0.0,-92.20932990223332,,,,,,,,,0,0.4731000000006702,3.158099999998498,0
162,0.9462131519274376,0,4096,0,0.0,-93.85006232483077,,,,,,,,,0,2.609699999998938,2.998500000000348,2
163,0.9520181405895691,0,4096,0,0.0,-94.04612132548827,,,,,,,,,0,1.9220999999998156,4.925499999998806,1
164,0.9578231292517007,0,4096,0,0.0,-93.34397146134489,,,,,,,,,0,0.6038999999997685,5.556299999998515,0
165,0.9636281179138322,0,4096,0,0.0,-94.74056355997843,,,,,,,,,0,1.0635000000007722,1.4032999999997742,2
166,0.9694331065759637,0,4096,0,0.0,-93.58964910516109,,,,,,,,,0,0.45709999999843376,1.825399999999533,1
167,0.9752380952380952,0,4096,0,0.0,-94.37947693367157,,,,,,,,,0,0.4734000000006233,2.3109999999988418,0
168,0.9810430839002268,0,4096,0,0.0,-94.8841057031076,,,,,,,,,0,1.5620999999992335,1.8286999999990172,2
169,0.9868480725623583,0,4096,0,0.0,-94.00619505307482,,,,,,,,,0,1.192299999999591,3.089600000000914,1
170,0.9926530612244898,0,4096,0,0.0,-94.98250585300241,,,,,,,,,0,0.551700000000821,3.6725000000004115,0
171,0.9984580498866213,1,4096,0,0.0,-94.51139140853155,0.0026355041190981865,59,0,-1,,0,0,2.7628000000010644,0,3.610200000000674,3.9208999999988947,2
172,1.0042630385487528,1,4096,0,0.0,-94.16815088813847,0.0026345732621848583,59,0,-1,,0,0,3.8988999999993723,0,4.6362999999995935,8.48030000000044,1
173,1.0100680272108844,1,4096,0,0.0,-95.98564066195814,0.0026355795562267303,59,0,-1,,0,0,4.657399999999257,0,7.605400000000984,16.277099999999933,3
174,1.0158730158730158,1,4096,0,0.0,-96.51857380658345,0.002635436598211527,59,0,-1,,0,0,3.2013000000006286,0,4.099800000000542,8.642599999999945,2
175,1.0216780045351475,1,4096,0,0.0,-96.73658462938218,0.0026336475275456905,59,0,-1,,0,0,3.915200000001562,0,4.747199999998841,13.431399999999982,1
176,1.0274829931972789,1,4096,0,0.0,-97.20846808077347,0.0026341674383729696,59,0,-1,,0,0,4.717299999999369,0,6.484499999999116,20.051599999998615,0
177,1.0332879818594105,1,4096,0,0.0,-95.9233973547883,0.0026355204172432423,59,0,-1,,0,0,3.748599999999769,0,5.021100000000445,5.4864000000005575,2
178,1.039092970521542,1,4096,0,0.0,-95.98564066195814,0.002633988158777356,59,0,-1,,0,0,3.6705999999995242,0,5.94249999999974,11.513700000000071,1
179,1.0448979591836736,1,4096,0,0.0,-96.73658462938218,0.002634891541674733,59,0,-1,,0,0,3.6933999999995137,0,5.021999999998528,16.605799999998894,3
180,1.050702947845805,1,4096,0,0.0,-96.81175663155918,0.0026331155095249414,59,0,-1,,0,0,3.6713999999999913,0,4.736199999999968,6.861600000000578,2
181,1.0565079365079366,1,4096,0,0.0,-96.44826950478262,0.002635469427332282,59,0,-1,,0,0,3.8794000000006434,0,5.045299999999031,11.980599999999342,1
182,1.062312925170068,1,4096,0,0.0,-96.04878903049143,0.002635687356814742,59,0,-1,,0,0,4.540699999999731,0,6.149799999999317,18.18960000000125,0
183,1.0681179138321995,1,4096,0,0.0,-95.80152468536258,0.002633660100400448,59,0,-1,,0,0,3.713600000001094,0,5.876900000000518,6.2163000000001745,2
184,1.073922902494331,1,4096,0,0.0,-96.44826950478262,0.0026351031847298145,59,0,-1,,0,0,4.32699999999997,0,5.8349999999993685,12.070299999999534,4
185,1.0797278911564625,1,4096,0,0.0,-97.12617372141175,0.0026342300698161125,59,0,-1,,0,0,6.032700000000446,0,7.330600000001297,19.534399999999508,3
186,1.0855328798185941,1,4096,0,0.0,-96.66269167130112,0.0026338230818510056,59,0,-1,,0,0,3.9701999999994797,0,5.856900000001275,18.36619999999911,5
187,1.0913378684807256,1,4096,0,0.0,-95.98564066195814,,-1,0,-1,,0,0,,1,0.7239999999999469,18.812099999999887,4
188,1.0971428571428572,1,4096,0,0.0,-96.8882527379592,0.002633880591019988,59,0,-1,,0,0,3.5769999999999413,0,4.218100000001002,23.0011999999995,3
189,1.1029478458049886,1,4096,0,0.0,-96.44826950478262,0.002634540433064103,59,0,-1,,0,0,4.831100000000532,0,5.953900000001511,11.670499999999251,2
190,1.1087528344671203,1,4096,0,0.0,-96.8882527379592,0.002634915290400386,59,0,-1,,0,0,3.4154999999991276,0,4.604500000001011,16.366500000000173,1
191,1.1145578231292517,1,4096,0,0.0,-96.51857380658345,0.0026348300743848085,59,0,-1,,0,0,3.2348000000013144,0,4.120000000000346,20.564399999999594,0
192,1.1203628117913833,1,4096,0,0.0,-96.44826950478262,0.002634518314152956,59,0,-1,,0,0,4.786700000000366,0,6.9312999999997515,7.126899999999381,2
193,1.1261678004535147,1,4096,0,0.0,-95.51101507673651,0.002636226359754801,59,0,-1,,0,0,3.8663999999997145,0,5.1072000000012,12.33730000000044,1
194,1.1319727891156464,1,4096,0,0.0,-96.243937670594,0.0026348826941102743,59,0,-1,,0,0,3.398799999999369,0,4.362000000000421,16.119200000000333,0
195,1.1377777777777778,1,4096,0,0.0,-97.92982462984386,0.0026341271586716175,59,0,-1,,0,0,7.4771000000009025,0,11.15500000000047,11.367500000000419,2
196,1.1435827664399092,1,4096,0,0.0,-96.59003495889704,0.0026339679025113583,59,0,-1,,0,0,6.911699999999854,0,8.871300000000915,19.67980000000047,4
197,1.1493877551020408,1,4096,0,0.0,-96.59003495889704,0.002635048236697912,59,0,-1,,0,0,3.327300000000477,0,4.300399999999982,24.002199999999974,3
198,1.1551927437641722,1,4096,0,0.0,-96.59003495889704,0.0026351134292781353,59,0,-1,,0,0,3.4527999999998116,0,4.31740000000147,13.324199999999564,5
199,1.1609977324263039,1,4096,0,0.0,-95.86203353190663,,-1,0,-1,,0,0,,1,0.6052000000007496,13.948300000000913,4
200,1.1668027210884353,1,4096,0,0.0,-95.86203353190663,0.0026339394971728325,59,0,-1,,0,0,3.571300000000832,0,4.227399999999548,18.199100000000357,3
201,1.172607709750567,1,4096,0,0.0,-96.44826950478262,0.002633690135553479,59,0,-1,,0,0,6.762200000000718,0,9.436900000000747,15.867499999998813,2
202,1.1784126984126984,1,4096,0,0.0,-96.04878903049143,0.0026341360062360764,59,0,-1,,0,0,4.98580000000004,0,7.13200000000036,23.167799999999517,1
203,1.18421768707483,1,4096,0,0.0,-96.17790898892383,0.00263363984413445,59,0,-1,,0,0,4.429700000001091,0,6.323700000001153,29.69869999999908,3
204,1.1900226757369614,1,4096,0,0.0,-96.73658462938218,0.0026339003816246986,59,0,-1,,0,0,3.468999999999056,0,4.415100000001004,7.053300000000817,5
205,1.195827664399093,1,4096,0,0.0,-96.66269167130112,,-1,0,-1,,0,0,,1,0.7028000000008916,7.809500000000469,4
206,1.2016326530612245,1,4096,0,0.0,-96.81175663155918,0.0026339604519307613,59,0,-1,,0,0,5.119900000000399,0,5.967599999999962,13.825100000000035,3
207,1.207437641723356,1,4096,0,0.0,-96.66269167130112,0.0026343916542828083,59,0,-1,,0,0,4.190700000000547,0,5.589699999999809,12.980900000000517,2
208,1.2132426303854875,1,4096,0,0.0,-97.04540980062914,0.00263464474119246,59,0,-1,,0,0,3.654499999999672,0,4.691699999998633,17.73109999999889,4
209,1.2190476190476192,1,4096,0,0.0,-96.31098574877738,0.002634917851537466,59,0,-1,,0,0,5.627999999999744,0,6.507499999999666,24.318199999999734,3
210,1.2248526077097506,1,4096,0,0.0,-96.66269167130112,0.0026339530013501644,59,0,-1,,0,0,3.661700000000323,0,4.730999999999597,12.099100000000362,2
211,1.230657596371882,1,4096,0,0.0,-97.55418651162195,0.002634444274008274,59,0,-1,,0,0,5.13779999999997,0,6.864400000001325,19.04389999999978,1
212,1.2364625850340136,1,4096,0,0.0,-96.66269167130112,0.002633514581248164,59,0,-1,,0,0,4.881499999999761,0,6.639999999999091,25.852600000000336,3
213,1.242267573696145,1,4096,0,0.0,-96.73658462938218,0.002635045675560832,59,0,-1,,0,0,5.4144999999987675,0,8.685400000000953,9.748999999999342,2
214,1.2480725623582767,1,4096,0,0.0,-96.51857380658345,0.002634448930621147,59,0,-1,,0,0,6.343499999999835,0,7.59869999999907,17.395200000001054,1
215,1.253877551020408,1,4096,0,0.0,-96.04878903049143,0.00263464474119246,59,0,-1,,0,0,3.6479999999983193,0,5.268100000000331,22.756300000001062,3
216,1.2596825396825397,1,4096,0,0.0,-95.98564066195814,0.0026340733747929335,59,0,-1,,0,0,3.468199999998589,0,4.4181000000005355,9.240199999998921,2
217,1.2654875283446712,1,4096,0,0.0,-96.73658462938218,0.0026335972361266613,59,0,-1,,0,0,6.182799999999489,0,7.875599999998428,17.18110000000017,4
218,1.2712925170068028,1,4096,0,0.0,-96.243937670594,0.0026340459007769823,59,0,-1,,0,0,4.267500000000979,0,6.4120000000009725,23.731200000000285,3
219,1.2770975056689342,1,4096,0,0.0,-93.01548769113678,0.0026347048114985228,59,0,-1,,0,0,4.602200000000778,0,5.609200000000314,15.591399999999922,2
220,1.2829024943310658,1,4096,0,0.5714737656830116,-86.60789667145593,0.0026326344814151525,59,0,-1,,0,0,5.78149999999944,0,7.959600000001288,23.66800000000069,4
221,1.2887074829931973,1,512,1,1.0,-67.73462476444175,0.01975281536579132,59,0,-1,,0,0,3.408699999999598,0,4.304900000001055,28.087500000001597,3
222,1.294512471655329,1,512,0,1.0,-61.50666420231741,0.02505110390484333,59,0,-1,,0,0,5.17070000000075,0,6.76509999999908,16.917099999998797,2
223,1.3003174603174603,1,512,0,1.0,-57.46271532209669,0.034013789147138596,59,0,-1,,0,0,4.894600000000082,0,6.597200000001635,23.580100000000215,4
224,1.3061224489795917,1,1024,0,1.0,-59.177620728928204,0.031392380595207214,59,0,-1,,0,0,5.905000000000271,0,8.084200000000763,31.79949999999998,3
225,1.3119274376417234,1,1024,0,1.0,-52.03860604743208,0.04029034078121185,59,0,-1,,0,0,3.6728000000003647,0,5.115899999998064,14.114700000000369,5
226,1.3177324263038548,1,2048,0,1.0,-52.05509692562521,,-1,0,-1,,0,0,,1,0.6900999999999158,14.864599999999228,4
227,1.3235374149659864,1,2048,0,1.0,-57.14255335364364,0.02475111372768879,59,0,-1,,0,0,3.397400000000772,0,4.044300000000334,18.959300000000567,3
228,1.3293424036281178,1,2048,0,1.0,-48.41922715788825,0.04490301012992859,59,0,-1,,0,0,4.3752000000001345,0,5.247200000001229,11.414000000000257,5
229,1.3351473922902495,1,2048,0,1.0,-51.699229951723815,,-1,0,-1,,0,0,,1,1.9203999999994892,13.498600000000138,4
230,1.340952380952381,1,4096,0,1.0,-52.893299681736266,0.0038425091188400984,59,0,-1,,0,0,5.644400000001326,0,7.175399999999499,20.905400000000185,3
231,1.3467573696145125,1,4096,0,1.0,-52.696469510302045,0.003633208107203245,59,0,-1,,0,0,4.109200000000257,0,5.086599999998498,17.93830000000085,2
232,1.352562358276644,1,4096,0,1.0,-56.13377399409302,0.0034620407968759537,59,0,-1,,0,0,8.35000000000008,0,12.185699999999855,30.668500000000876,4
233,1.3583673469387756,1,4096,0,1.0,-56.52489707141015,0.0029913524631410837,59,0,-1,,0,0,5.11479999999942,0,6.135300000000399,36.88660000000077,3
234,1.364172335600907,1,4096,0,1.0,-61.311386091130615,0.0027272652368992567,59,0,-1,,0,0,5.003999999999564,0,7.227499999999054,17.19280000000012,5
235,1.3699773242630386,1,4096,0,1.0,-60.67364234354652,,-1,0,-1,,0,0,,1,0.7517999999997471,17.962199999999484,4
236,1.37578231292517,1,4096,0,1.0,-57.23306672428289,0.0030438113026320934,59,0,-1,,0,0,3.429699999999869,0,5.160999999999305,23.141100000000137,3
237,1.3815873015873017,1,4096,0,1.0,-56.03969920808267,0.0029517190996557474,59,0,-1,,0,0,5.934699999999182,0,8.870899999999793,16.980799999998908,2
238,1.3873922902494331,1,4096,0,1.0,-55.895679384333555,0.002965973224490881,59,0,-1,,0,0,3.391000000000588,0,4.305700000001522,21.346600000001104,1
239,1.3931972789115645,1,4096,0,1.0,-50.39009518472446,0.0038278100546449423,59,0,-1,,0,0,7.238999999998441,0,8.352900000000218,29.772200000000026,6
240,1.3990022675736962,1,4096,0,1.0,-55.69172038346701,,-1,0,-1,,0,0,,1,0.9449000000003593,8.57249999999965,5
241,1.4048072562358276,1,4096,0,1.0,-60.50860483518513,,-1,0,-1,,0,0,,1,0.5921999999998206,9.035799999999483,4
242,1.4106122448979592,1,4096,0,1.0,-62.64169705937817,0.002977412659674883,59,0,-1,,0,0,3.3411000000000968,0,3.943800000000053,12.963300000000899,3
243,1.4164172335600906,1,4096,0,1.0,-65.42452303568466,0.0026057001668959856,59,0,-1,,0,0,4.034899999998842,0,4.804599999999937,11.168299999999576,2
244,1.4222222222222223,1,4096,0,1.0,-64.89294912267866,0.0026378855109214783,59,0,-1,,0,0,6.16810000000001,0,7.775700000001606,19.052300000000244,1
245,1.4280272108843537,1,4096,0,1.0,-64.70044287160393,0.0025986505206674337,59,0,-1,,0,0,3.6369999999994462,0,4.644400000000104,23.900599999999272,0
246,1.4338321995464853,1,4096,0,1.0,-65.22100510875842,0.0028727061580866575,59,0,-1,,0,0,4.944699999999358,0,7.518300000000977,7.7667000000012365,2
247,1.4396371882086167,1,512,1,1.0,-67.91060255489933,0.026581721380352974,59,0,-1,,0,0,4.690000000000083,0,6.169599999999775,14.037000000000077,1
248,1.4454421768707484,1,512,0,1.0,-69.89302502667293,0.020672811195254326,59,0,-1,,0,0,4.422800000000393,0,5.877500000000424,19.450000000000855,3
249,1.4512471655328798,1,512,0,1.0,-69.0489441660173,0.020862344652414322,59,0,-1,,0,0,5.527300000000679,0,7.65570000000082,13.165800000001227,2
250,1.4570521541950114,1,1024,0,1.0,-71.00120421125925,0.020734675228595734,59,0,-1,,0,0,3.622800000000481,0,4.928599999999506,18.23510000000006,1
251,1.4628571428571429,1,1024,0,1.0,-62.41828188585021,0.02159915491938591,59,0,-1,,0,0,3.8335000000007113,0,4.7669999999993,23.062700000000547,0
252,1.4686621315192743,1,2048,0,1.0,-57.44041597325392,0.023017719388008118,59,0,-1,,0,0,4.232299999999967,0,7.742900000001995,8.228700000000089,5
253,1.474467120181406,1,2048,0,1.0,-54.23214827528241,,-1,0,-1,,0,0,,1,0.8555999999995123,9.015500000000287,4
254,1.4802721088435373,1,2048,0,1.0,-54.09884223818949,0.0372142530977726,59,0,-1,,0,0,6.7278000000001725,0,7.555200000002316,16.586199999998996,3
255,1.486077097505669,1,2048,0,1.0,-46.62229958630333,0.10866822302341461,59,0,-1,,0,0,2.9036999999991764,0,3.7800000000007827,13.315099999999802,2
256,1.4918820861678004,1,4096,0,1.0,-42.912603743764386,0.007464578375220299,59,0,-1,,0,0,3.4153999999997353,0,4.89250000000041,18.25979999999916,4
257,1.497687074829932,1,4096,0,1.0,-40.93358563528774,0.009329352527856827,59,0,-1,,0,0,3.51419999999969,0,4.48069999999845,22.85119999999985,3
258,1.5034920634920634,1,4096,0,1.0,-40.3355248074583,0.00927436351776123,59,0,-1,,0,0,4.790899999999709,0,5.888900000000419,15.211000000000752,2
259,1.509297052154195,1,4096,0,1.0,-38.81001773436199,0.01025670301169157,59,0,-1,,0,0,3.296399999999977,0,4.881000000001023,20.257700000000156,1
260,1.5151020408163265,1,4096,0,1.0,-38.04088534478041,0.010826407931745052,59,0,-1,,0,0,3.648600000000002,0,4.517400000001004,24.20139999999904,0
261,1.5209070294784581,1,4096,0,1.0,-37.41802287486446,0.011334831826388836,64,0,-1,,0,0,5.847299999999223,0,8.436800000000133,8.791000000000437,2
262,1.5267120181405895,1,4096,0,1.0,-40.747981907233346,0.011625731363892555,65,0,-1,,0,0,3.127799999999681,0,4.0653000000006045,12.85500000000006,1
263,1.5325170068027212,1,4096,0,1.0,-44.46990745234387,0.01073277834802866,65,0,-1,,0,0,4.384299999999897,0,5.109700000000217,17.991500000000826,3
264,1.5383219954648526,1,4096,0,1.0,-38.19347036895108,0.011038300581276417,65,0,-1,,0,0,5.929599999999979,0,6.995399999999208,9.998700000000582,2
265,1.5441269841269842,1,4096,0,1.0,-39.1168026693333,0.010716963559389114,65,0,-1,,0,0,4.0442000000009415,0,5.3666999999997245,15.45720000000017,1
266,1.5499319727891157,1,4096,0,1.0,-40.781481992186016,0.010775999166071415,65,0,-1,,0,0,8.539499999999478,0,10.889599999998723,26.508899999999613,3
267,1.555736961451247,1,4096,0,1.0,-38.86764711363875,0.012079427018761635,65,0,-1,,0,0,4.067899999999014,0,5.462700000002485,13.210899999998915,2
268,1.5615419501133787,1,4096,0,1.0,-40.93164856051971,,-1,0,-1,,0,0,,1,3.560399999999575,16.88270000000003,4
269,1.5673469387755101,1,4096,0,1.0,-45.45616069912336,0.016964366659522057,65,0,-1,,0,0,3.992900000000077,0,6.119799999998676,23.3692000000012,3
270,1.5731519274376418,1,4096,0,1.0,-50.90186104157199,0.016609307378530502,65,0,-1,,0,0,3.491000000000355,0,4.42109999999829,11.776100000000511,2
271,1.5789569160997732,1,4096,0,1.0,-51.95333325121008,0.01566937007009983,65,0,-1,,0,0,5.162999999999585,0,5.932700000000679,17.700800000000072,1
272,1.5847619047619048,1,4096,0,1.0,-52.33958141050937,0.010558088310062885,65,0,-1,,0,0,6.221000000000032,0,8.93429999999995,26.760400000000573,3
273,1.5905668934240362,1,4096,0,1.0,-50.826651314150254,0.007835200987756252,65,0,-1,,0,0,3.487599999999702,0,4.6261999999988035,9.957699999999292,2
274,1.5963718820861679,1,4096,0,1.0,-52.227566355007575,0.006176378112286329,66,0,-1,,0,0,7.6838000000005735,0,8.873400000000586,18.87609999999995,4
275,1.6021768707482993,1,4096,0,1.0,-52.446032172833775,0.004471916705369949,66,0,-1,,0,0,4.125300000000109,0,5.6272999999986695,25.110500000000258,6
276,1.607981859410431,1,4096,0,1.0,-51.041190015115596,,-1,0,-1,,0,0,,1,1.47529999999918,12.228800000000817,5
277,1.6137868480725623,1,4096,0,1.0,-49.58459786766579,,-1,0,-1,,0,0,,1,1.3038000000005212,13.677500000000009,4
278,1.619591836734694,1,4096,0,1.0,-55.381033303501894,0.002582958899438381,66,0,-1,,0,0,6.192199999999204,0,7.910499999999487,21.860000000000213,3
279,1.6253968253968254,1,4096,0,1.0,-52.90324935435129,0.002677072072401643,66,0,-1,,0,0,4.779299999999154,0,6.149800000001093,18.74469999999917,2
280,1.6312018140589568,1,4096,0,1.0,-51.043789143331,0.0030048172920942307,66,0,-1,,0,0,8.166899999999089,0,11.894800000000316,30.7858999999997,4
281,1.6370068027210884,1,4096,0,1.0,-58.325443051633464,0.0022396028507500887,66,0,-1,,0,0,7.120499999999197,0,9.133099999999672,40.06290000000057,3
282,1.6428117913832199,1,4096,0,1.0,-59.68911281945657,,-1,0,-1,,0,0,,1,1.2696999999999292,15.244500000001437,5
283,1.6486167800453515,1,4096,0,1.0,-58.59595995475195,,-1,0,-1,,0,0,,1,0.5141000000001839,15.776599999998808,4
284,1.654421768707483,1,4096,0,1.0,-62.388030412442895,0.0018620614428073168,53,0,-1,,0,0,3.364900000001114,0,4.062500000001634,19.86239999999917,3
285,1.6602267573696146,1,4096,0,1.0,-63.86583339530068,0.002152492059394717,53,0,-1,,0,0,3.8530999999988325,0,4.680799999999152,10.466300000000928,2
286,1.666031746031746,1,4096,0,1.0,-61.33255009343519,0.002248042728751898,59,0,-1,,0,0,5.720099999999562,0,6.822999999998913,17.336199999999025,4
287,1.6718367346938776,1,4096,0,1.0,-61.42531074284969,0.0024667063262313604,59,0,-1,,0,0,4.318500000000114,0,5.75449999999833,23.16429999999947,3
288,1.677641723356009,1,4096,0,1.0,-63.14836909894134,0.002484008437022567,59,0,-1,,0,0,4.342499999999916,0,5.30749999999891,15.922400000000891,5
289,1.6834467120181407,1,4096,0,1.0,-59.148511316844825,,-1,0,-1,,0,0,,1,1.2182999999996724,17.470400000000552,4
290,1.689251700680272,1,4096,0,1.0,-58.239946837188164,0.0025281060952693224,59,0,-1,,0,0,6.470399999999543,0,7.810700000000281,25.469799999999765,3
291,1.6950566893424037,1,4096,0,1.0,-59.45928244991481,0.0026186401955783367,59,0,-1,,0,0,6.423399999999191,0,7.4960000000015015,17.787500000000733,2
292,1.7008616780045351,1,4096,0,1.0,-58.446055546219604,0.0026451151352375746,59,0,-1,,0,0,5.1893999999990115,0,8.485399999999643,26.407999999999987,1
293,1.7066666666666668,1,4096,0,1.0,-59.75795993944219,0.0025185178965330124,59,0,-1,,0,0,3.965700000000183,0,6.121299999998442,32.614699999999885,3
294,1.7124716553287982,1,4096,0,1.0,-58.86417761575903,0.0026161381974816322,59,0,-1,,0,0,7.652499999998952,0,9.116700000001643,14.149500000000259,5
295,1.7182766439909296,1,4096,0,1.0,-59.56543095603443,,-1,0,-1,,0,0,,1,1.23899999999999,15.461300000000122,4
296,1.7240816326530612,1,4096,0,1.0,-60.08614465160365,0.0025769402272999287,59,0,-1,,0,0,3.2260999999991213,0,3.884900000000968,19.40770000000036,3
297,1.7298866213151927,1,4096,0,1.0,-62.18484580428763,0.002669720910489559,59,0,-1,,0,0,5.391999999998731,0,6.170499999997858,12.151799999999824,5
298,1.7356916099773243,1,4096,0,1.0,-62.72427758721247,,-1,0,-1,,0,0,,1,0.807200000000563,13.016399999999706,4
299,1.7414965986394557,1,4096,0,1.0,-64.77560834401383,0.00262203230522573,59,0,-1,,0,0,3.4360000000006607,0,4.122500000001139,17.182099999999423,3
300,1.7473015873015874,1,4096,0,1.0,-65.24324686368104,0.0026947830338031054,59,0,-1,,0,0,3.393900000000727,0,4.246400000001316,13.29899999999995,2
301,1.7531065759637188,1,4096,0,1.0,-65.46470590962363,0.00266614300198853,59,0,-1,,0,0,5.426699999999229,0,6.313500000000971,19.933899999999838,1
302,1.7589115646258504,1,512,1,1.0,-67.98973799843132,0.01999206468462944,59,0,-1,,0,0,5.6264000000005865,0,7.337900000001341,27.438400000001195,3
303,1.7647165532879818,1,512,0,1.0,-70.5753250432577,0.021088026463985443,59,0,-1,,0,0,3.911600000000348,0,5.012300000000636,8.998799999998752,2
304,1.7705215419501135,1,512,0,1.0,-70.59249458801112,0.02036602422595024,59,0,-1,,0,0,6.6828000000001,0,9.624399999999866,18.609500000000168,4
305,1.7763265306122449,1,1024,0,1.0,-71.14090840044926,0.021038604900240898,59,0,-1,,0,0,3.137499999999349,0,3.9794999999980263,22.646500000000458,3
306,1.7821315192743765,1,1024,0,1.0,-71.42797746910315,0.020282430574297905,59,0,-1,,0,0,3.1999999999996476,0,3.921799999998754,9.728499999999585,2
307,1.787936507936508,1,2048,0,1.0,-68.84284073727099,0.01992885023355484,59,0,-1,,0,0,6.09560000000009,0,7.533300000000409,17.354400000000325,1
308,1.7937414965986394,1,2048,0,1.0,-65.19788302557163,0.020252522081136703,59,0,-1,,0,0,3.4944999999986237,0,5.608000000002278,23.179800000001194,3
309,1.799546485260771,1,2048,0,1.0,-62.641261664143826,0.020162666216492653,59,0,-1,,0,0,6.137300000000678,0,7.244499999998766,8.32720000000009,5
310,1.8053514739229024,1,2048,0,1.0,-57.232206235233136,,-1,0,-1,,0,0,,1,2.371200000000684,10.856899999998504,4
311,1.811156462585034,1,4096,0,1.0,-55.059850896961386,0.002713253488764167,59,0,-1,,0,0,4.595000000000127,0,5.441900000000999,16.36350000000064,3
312,1.8169614512471655,1,4096,0,1.0,-54.71351250307829,0.0027508954517543316,59,0,-1,,0,0,4.230600000001417,0,5.1213000000007725,13.917499999999805,2
313,1.822766439909297,1,4096,0,1.0,-54.99143981454901,0.0027675232850015163,59,0,-1,,0,0,3.67909999999938,0,5.7665999999994,19.809100000001578,1
314,1.8285714285714285,1,4096,0,1.0,-57.71366393343254,0.0027343116234987974,59,0,-1,,0,0,3.826700000001182,0,4.889599999998495,24.77769999999957,3
315,1.8343764172335602,1,4096,0,1.0,-58.218602560980806,0.002772946609184146,59,0,-1,,0,0,4.4170999999995075,0,5.518300000000309,6.5136999999992895,2
316,1.8401814058956916,1,4096,0,1.0,-57.678306372358826,0.0027823152486234903,59,0,-1,,0,0,5.900199999999245,0,7.5865999999980005,14.325999999998729,1
317,1.8459863945578232,1,4096,0,1.0,-57.969649990640065,0.002755197463557124,59,0,-1,,0,0,4.1735999999996665,0,6.039799999998152,20.480799999999633,3
318,1.8517913832199546,1,4096,0,1.0,-58.18324983957908,0.002874067984521389,59,0,-1,,0,0,4.837199999998987,0,6.360300000000763,11.366100000000046,2
319,1.8575963718820863,1,4096,0,1.0,-58.50146650521545,0.0031208153814077377,59,0,-1,,0,0,3.9005000000003065,0,4.907700000000403,16.362800000001343,1
320,1.8634013605442177,1,4096,0,1.0,-52.46305343668346,0.004153949208557606,59,0,-1,,0,0,5.560700000000196,0,6.8526000000002085,23.33920000000056,0
321,1.8692063492063493,1,4096,0,1.0,-50.17523689908478,0.005311062093824148,53,0,-1,,0,0,5.599300000000085,0,8.054800000000029,8.431100000001024,5
322,1.8750113378684807,1,4096,0,1.0,-47.95334114773371,,-1,0,-1,,0,0,,1,0.7699999999992713,9.12030000000108,4
323,1.8808163265306121,1,4096,0,1.0,-45.51402092548453,0.0065054805018007755,65,0,-1,,0,0,4.173200000000321,0,4.9792999999986876,13.762599999999736,3
324,1.8866213151927438,1,4096,0,1.0,-43.60843812938743,0.006817706860601902,65,0,-1,,0,0,7.295400000000285,0,10.524300000000153,18.907300000000404,5
325,1.8924263038548752,1,4096,0,1.0,-41.457303554945696,,-1,0,-1,,0,0,,1,2.562799999999754,21.62799999999976,4
326,1.8982312925170068,1,4096,0,1.0,-40.70445587689237,0.009269922971725464,65,0,-1,,0,0,5.524499999999932,0,6.318799999998959,28.00700000000056,3
327,1.9040362811791383,1,4096,0,1.0,-40.49190206044077,0.011094445362687111,65,0,-1,,0,0,3.2705000000010642,0,4.159800000000047,14.252199999999604,2
328,1.90984126984127,1,4096,0,1.0,-42.67324593521681,0.012745331972837448,65,0,-1,,0,0,3.322999999999965,0,4.181799999999569,18.477999999999994,1
329,1.9156462585034013,1,4096,0,1.0,-48.72450646002227,0.012094322592020035,65,0,-1,,0,0,3.4383000000008934,0,4.285200000001765,22.83609999999925,3
330,1.921451247165533,1,4096,0,1.0,-47.212493890838914,0.011328683234751225,65,0,-1,,0,0,4.008999999999929,0,5.452399999997581,6.475099999999401,2
331,1.9272562358276644,1,4096,0,1.0,-44.55865849449364,0.014509277418255806,65,0,-1,,0,0,3.2471999999987844,0,4.063399999999717,10.571500000001066,1
332,1.933061224489796,1,4096,0,1.0,-51.365839641409785,0.01237343717366457,65,0,-1,,0,0,3.553199999998924,0,4.448700000001082,15.096800000000243,0
333,1.9388662131519274,1,4096,0,1.0,-48.46828670068134,0.012334845960140228,65,0,-1,,0,0,3.6325000000001495,0,5.913299999999566,6.128799999999046,2
334,1.944671201814059,1,4096,0,1.0,-49.01112294235713,0.01406750176101923,65,0,-1,,0,0,3.457100000000324,0,4.359799999999581,10.173699999999286,1
335,1.9504761904761905,1,4096,0,1.0,-43.988549753892734,0.021295716986060143,65,0,-1,,0,0,3.3941999999989036,0,4.233400000000387,14.414600000000277,0
336,1.956281179138322,1,4096,0,1.0,-44.33135148513534,0.0215774979442358,65,0,-1,,0,0,3.794200000001524,0,7.009899999999902,7.390700000000194,2
337,1.9620861678004535,1,4096,0,1.0,-38.858545411512885,0.019176535308361053,65,0,-1,,0,0,3.606500000000068,0,4.612099999999231,12.02799999999904,1
338,1.967891156462585,1,4096,0,1.0,-39.99884164041931,0.017763350158929825,65,0,-1,,0,0,6.306800000000834,0,8.353799999998301,20.49249999999958,3
339,1.9736961451247166,1,4096,0,1.0,-38.00277761501167,0.014814533293247223,65,0,-1,,0,0,4.078299999999757,0,5.549800000000715,12.397799999998682,2
340,1.979501133786848,1,4096,0,1.0,-38.010819592633176,0.014692260883748531,65,0,-1,,0,0,4.005400000000492,0,4.943000000000808,17.379500000000547,1
341,1.9853061224489796,1,4096,0,1.0,-41.01367011238597,0.012438666075468063,65,0,-1,,0,0,8.492199999999173,0,9.585599999999417,27.06309999999945,0
342,1.991111111111111,1,4096,0,1.0,-38.958538490104445,0.009623026475310326,65,0,-1,,0,0,3.7407999999992114,0,4.852899999999494,5.08920000000046,2
343,1.9969160997732427,1,4096,0,1.0,-45.83021544049174,0.006697768811136484,65,0,-1,,0,0,5.271999999999721,0,6.321900000001435,11.446799999999868,1
344,2.0027210884353743,1,4096,0,1.0,-49.22252372778172,0.007589823100715876,65,0,-1,,0,0,5.688600000000932,0,7.6115000000012145,19.23269999999988,3
345,2.0085260770975055,1,4096,0,1.0,-51.2038817253655,0.0063338568434119225,65,0,-1,,0,0,3.4519999999993445,0,4.427300000001466,9.72940000000122,5
346,2.014331065759637,1,4096,0,1.0,-47.29153347516426,,-1,0,-1,,0,0,,1,0.9540000000001214,10.874700000000459,4
347,2.020136054421769,1,4096,0,1.0,-50.21193040546685,0.006181186065077782,64,0,-1,,0,0,5.2898000000016765,0,7.221899999999337,18.197100000000077,3
348,2.0259410430839004,1,4096,0,1.0,-50.36946866016617,0.00685783801600337,64,0,-1,,0,0,3.5506999999999067,0,4.484600000001393,13.763000000000858,2
349,2.0317460317460316,1,4096,0,1.0,-49.24086858457366,0.0072834244929254055,64,0,-1,,0,0,5.867899999998372,0,7.004399999997801,20.825699999999614,1
350,2.0375510204081633,1,4096,0,1.0,-50.61363424431992,0.007353327237069607,64,0,-1,,0,0,4.534500000000108,0,8.668000000001896,29.738299999999995,3
351,2.043356009070295,1,4096,0,1.0,-49.32166764595625,0.00611222255975008,64,0,-1,,0,0,5.839399999999273,0,7.581300000000013,13.5822000000001,2
352,2.049160997732426,1,4096,0,1.0,-51.94395196389994,,-1,0,-1,,0,0,,1,2.9087999999983793,16.769299999999987,4
353,2.0549659863945577,1,4096,0,1.0,-55.5681041794248,0.00373308383859694,64,0,-1,,0,0,3.9034000000004454,0,5.137100000000672,21.995999999999682,3
354,2.0607709750566894,1,4096,0,1.0,-54.59226390160765,0.004639368038624525,64,0,-1,,0,0,3.484600000000171,0,4.397899999998955,11.25730000000047,2
355,2.066575963718821,1,4096,0,1.0,-56.71864257804196,0.003353988518938422,64,0,-1,,0,0,5.120599999999698,0,6.175099999998324,17.464699999999667,1
356,2.072380952380952,1,4096,0,1.0,-54.34259280505146,0.0024562820326536894,64,0,-1,,0,0,3.5612999999994344,0,4.522699999998991,21.549300000000216,0
357,2.078185941043084,1,4096,0,1.0,-54.276280592332796,0.002184883691370487,64,0,-1,,0,0,3.362799999999666,0,4.215799999998993,4.485599999998868,2
358,2.0839909297052155,1,4096,0,1.0,-53.70690034256553,0.0024876866955310106,64,0,-1,,0,0,5.055699999999774,0,6.03969999999876,10.55400000000084,4
359,2.089795918367347,1,4096,0,1.0,-55.56541721115877,0.003046527272090316,59,0,-1,,0,0,3.254200000000651,0,4.081799999999802,14.697699999999259,3
360,2.0956009070294783,1,4096,0,1.0,-51.07580291400561,0.0035209464840590954,64,0,-1,,0,0,3.374799999999567,0,4.256699999999114,12.262400000000895,2
361,2.10140589569161,1,4096,0,1.0,-46.31097393502629,0.003856629366055131,64,0,-1,,0,0,5.963399999998842,0,6.826199999997229,19.06579999999991,1
362,2.1072108843537416,1,4096,0,1.0,-44.520121578589375,0.005079008638858795,64,0,-1,,0,0,6.529499999999189,0,8.66189999999989,27.87900000000043,3
363,2.1130158730158732,1,4096,0,1.0,-42.80683941417411,0.006108802277594805,64,0,-1,,0,0,3.95050000000019,0,5.045299999997255,8.286499999998753,2
364,2.1188208616780044,1,4096,0,1.0,-42.80387097586971,0.0062826815992593765,64,0,-1,,0,0,3.8261000000012757,0,5.995699999999715,14.420100000000602,1
365,2.124625850340136,1,4096,0,1.0,-42.61539154641639,0.006378171034157276,64,0,-1,,0,0,3.5385000000012212,0,5.019100000000165,19.542400000000626,3
366,2.1304308390022677,1,4096,0,1.0,-40.9028808079246,0.007303220219910145,64,0,-1,,0,0,3.544899999999629,0,4.4176000000000215,9.242599999998546,2
367,2.136235827664399,1,4096,0,1.0,-39.75631385337596,0.00837699044495821,64,0,-1,,0,0,7.033899999999704,0,8.129099999999667,17.38259999999947,1
368,2.1420408163265305,1,4096,0,1.0,-40.13540470965579,0.009487141855061054,64,0,-1,,0,0,4.830500000000626,0,6.651099999999133,23.877799999999283,0
369,2.147845804988662,1,4096,0,1.0,-40.22098459892675,0.01121139619499445,64,0,-1,,0,0,4.135599999999684,0,6.565099999999546,6.871900000000153,2
370,2.153650793650794,1,4096,0,1.0,-40.959038260356465,,-1,0,-1,,0,0,,1,1.357399999999842,8.264699999999792,4
371,2.159455782312925,1,4096,0,1.0,-42.563598022640925,0.016683638095855713,69,0,-1,,0,0,3.4924000000007283,0,4.191400000001622,12.504899999999708,3
372,2.1652607709750566,1,4096,0,1.0,-41.95683296720952,0.019123481586575508,69,0,-1,,0,0,4.209400000000585,0,5.132500000000206,10.271200000000036,2
373,2.1710657596371883,1,4096,0,1.0,-46.01012570267557,0.0191202349960804,69,0,-1,,0,0,3.684899999999658,0,6.706799999999902,17.06270000000032,4
374,2.17687074829932,1,4096,0,1.0,-41.81477786064363,0.02277560904622078,69,0,-1,,0,0,4.861100000001173,0,5.800599999998823,22.91899999999991,3
375,2.182675736961451,1,4096,0,1.0,-44.38488652859827,0.027910061180591583,69,0,-1,,0,0,6.385200000000424,0,7.360600000001938,13.969499999999968,2
376,2.1884807256235828,1,4096,0,1.0,-46.95456992794351,0.02961101569235325,69,0,-1,,0,0,4.084300000000596,0,5.380600000000513,19.466700000000614,1
377,2.1942857142857144,1,4096,0,1.0,-46.373680382960735,0.033945322036743164,69,0,-1,,0,0,3.2103000000009985,0,4.117100000000207,23.672700000000546,3
378,2.2000907029478456,1,4096,0,1.0,-43.261809650735685,0.03720907121896744,69,0,-1,,0,0,3.691299999999842,0,4.664799999998692,7.887600000000106,2
379,2.2058956916099772,1,4096,0,1.0,-45.54557068564644,,-1,0,-1,,0,0,,1,3.198799999999835,11.316400000000115,4
380,2.211700680272109,1,4096,0,1.0,-48.13233951380273,0.029550418257713318,69,0,-1,,0,0,4.139200000000898,0,5.5683000000001925,16.98619999999984,3
381,2.2175056689342405,1,4096,0,1.0,-45.668701200602435,0.023256784304976463,69,0,-1,,0,0,4.322600000000065,0,5.602199999998447,12.655900000000386,2
382,2.2233106575963717,1,4096,0,1.0,-48.44861755336233,0.013070303946733475,69,0,-1,,0,0,4.563799999999674,0,6.994700000001686,19.74629999999955,1
383,2.2291156462585033,1,4096,0,1.0,-47.197721423965014,0.017113862559199333,69,0,-1,,0,0,5.882100000000889,0,7.530099999998541,27.54209999999979,3
384,2.234920634920635,1,4096,0,1.0,-47.21374556978587,0.007955052889883518,64,0,-1,,0,0,9.971900000000034,0,12.191899999999478,14.106599999999858,2
385,2.2407256235827666,1,4096,0,1.0,-47.44698183358173,0.011366017162799835,64,0,-1,,0,0,3.823800000001043,0,5.0226999999996025,19.21390000000045,4
386,2.246530612244898,1,4096,0,1.0,-51.21272963800048,0.005965862888842821,64,0,-1,,0,0,6.649700000000536,0,8.22610000000168,27.606999999999715,3
387,2.2523356009070294,1,4096,0,1.0,-54.74687727034968,0.004563688300549984,64,0,-1,,0,0,3.444199999998787,0,5.262700000001175,16.115099999998606,2
388,2.258140589569161,1,4096,0,1.0,-56.62164017874747,0.0030661968048661947,64,0,-1,,0,0,3.45180000000056,0,4.23229999999819,20.387799999999956,1
389,2.2639455782312927,1,4096,0,1.0,-57.587759667780965,0.0024619705509394407,64,0,-1,,0,0,4.633300000000062,0,6.110000000001392,26.594200000001678,3
390,2.269750566893424,1,4096,0,1.0,-62.022669694321515,0.002082074759528041,64,0,-1,,0,0,3.2747999999998,0,4.113799999998946,6.316200000000549,2
391,2.2755555555555556,1,4096,0,1.0,-62.300585948246834,0.0017770857084542513,64,0,-1,,0,0,3.960400000000419,0,5.733299999999275,12.110099999999235,4
392,2.281360544217687,1,4096,0,1.0,-66.05041793704524,0.0017276870785281062,64,0,-1,,0,0,4.024199999999922,0,7.309299999999297,19.56870000000066,3
393,2.2871655328798184,1,512,1,1.0,-69.4785835489883,0.02275196835398674,59,0,-1,,0,0,4.085700000000969,0,5.595200000000133,18.083000000000737,5
394,2.29297052154195,1,512,0,1.0,-70.50039788539068,,-1,0,-1,,0,0,,1,1.2841000000012315,19.01810000000026,4
395,2.2987755102040817,1,512,0,1.0,-68.06558297143863,0.02100980468094349,59,0,-1,,0,0,4.489299999999474,0,6.869399999999359,25.9046000000005,3
396,2.3045804988662133,1,1024,0,1.0,-64.54710305958673,0.021514011546969414,59,0,-1,,0,0,3.2376000000002847,0,4.048400000000285,16.648200000000557,2
397,2.3103854875283445,1,1024,0,1.0,-68.03814203625127,0.020383337512612343,59,0,-1,,0,0,3.186200000000028,0,3.963600000000511,20.651000000000863,1
398,2.316190476190476,1,2048,0,1.0,-70.37924169561533,0.019492678344249725,59,0,-1,,0,0,3.779099999999147,0,4.619100000001097,25.338800000000106,3
399,2.3219954648526078,1,2048,0,1.0,-72.21490762120374,0.019786037504673004,59,0,-1,,0,0,3.1733000000002676,0,4.991800000000879,8.79310000000011,2
400,2.3278004535147394,1,2048,0,1.0,-71.61822352149996,0.019899817183613777,59,0,-1,,0,0,3.0047999999993635,0,3.631599999998514,12.46339999999968,1
401,2.3336054421768706,1,2048,0,1.0,-74.11860581606012,0.019780520349740982,59,0,-1,,0,0,2.9218000000010846,0,3.620999999998986,16.331000000000984,0
402,2.3394104308390022,1,4096,0,1.0,-75.71479410397367,0.002335675759240985,59,0,-1,,0,0,3.9987000000003547,0,6.150499999998615,6.473599999999635,2
403,2.345215419501134,1,4096,0,1.0,-76.33416457969042,0.0024227260146290064,59,0,-1,,0,0,3.315000000000623,0,4.169799999999668,10.646500000000003,1
404,2.3510204081632655,1,4096,0,1.0,-75.24782137800057,0.0025842858012765646,59,0,-1,,0,0,3.4031999999992735,0,4.2781000000005065,15.001699999999119,0
405,2.3568253968253967,1,4096,0,1.0,-76.31112961273055,0.0026370715349912643,59,0,-1,,0,0,4.122300000000578,0,7.4691999999991765,7.641800000000032,2
406,2.3626303854875284,1,4096,0,1.0,-69.65853272568474,0.0026192478835582733,59,0,-1,,0,0,2.9476000000006053,0,3.7892999999993293,10.930600000000013,1
407,2.36843537414966,1,4096,0,1.0,-64.1624452944777,0.0026909655425697565,59,0,-1,,0,0,3.137999999999863,0,3.852600000000095,13.765600000001044,3
408,2.374240362811791,1,4096,0,1.0,-62.50131878978857,0.002983508398756385,59,0,-1,,0,0,5.1197999999992305,0,6.110399999998961,8.445899999999895,2
409,2.380045351473923,1,4096,0,1.0,-60.663285507974926,0.0029980498366057873,59,0,-1,,0,0,2.8410999999994857,0,3.6155999999980537,12.09810000000111,1
410,2.3858503401360545,1,4096,0,1.0,-61.76994342667689,0.003051767125725746,59,0,-1,,0,0,2.7668000000016235,0,3.393400000000213,15.530200000000605,0
411,2.391655328798186,1,4096,0,1.0,-66.8911556756806,0.002707882085815072,59,0,-1,,0,0,3.210799999999736,0,4.203899999998484,4.498800000000358,2
412,2.3974603174603173,1,4096,0,1.0,-70.35894452981209,0.002525118412449956,59,0,-1,,0,0,3.13180000000024,0,3.9005999999996988,8.38459999999941,1
413,2.403265306122449,1,4096,0,1.0,-71.7741852503109,0.002369942609220743,59,0,-1,,0,0,6.34089999999965,0,7.587199999999683,16.07309999999984,0
414,2.4090702947845806,1,4096,0,1.0,-72.98183434658307,0.00231579365208745,59,0,-1,,0,0,3.6559999999994375,0,4.683600000001675,4.950599999999028,2
415,2.414875283446712,1,4096,0,1.0,-75.47531308606321,0.0023291013203561306,59,0,-1,,0,0,4.744099999999918,0,6.0688999999989335,11.06029999999869,4
416,2.4206802721088434,1,4096,0,1.0,-77.53194439867586,0.0022819265723228455,59,0,-1,,0,0,4.977800000000698,0,8.792899999999548,19.97259999999912,3
417,2.426485260770975,1,4096,0,1.0,-78.51734793306781,0.002263083355501294,59,0,-1,,0,0,4.550799999998745,0,6.130100000000027,17.21269999999997,2
418,2.4322902494331067,1,4096,0,0.32481749014303274,-79.74907471347083,0.0022659418173134327,59,0,-1,,0,0,7.2227999999991965,0,9.868099999998492,27.21310000000088,4
419,2.4380952380952383,1,4096,0,0.3616295884948786,-81.50382170567434,0.002279504667967558,59,0,-1,,0,0,4.205999999999932,0,5.620300000002132,32.990999999999104,3
420,2.4439002267573695,1,4096,0,0.5787236780899477,-83.98824399083857,0.002250433200970292,59,0,-1,,0,0,5.231000000000208,0,6.663600000001324,14.661799999998948,2
421,2.449705215419501,1,4096,0,1.0,-80.0708900155235,,-1,0,-1,,0,0,,1,1.3480000000001269,16.11000000000118,4
422,2.455510204081633,1,4096,0,1.0,-73.98210320224932,0.0023414762690663338,53,0,-1,,0,0,3.6290999999994966,0,4.364000000000701,20.530800000001292,3
423,2.461315192743764,1,512,1,1.0,-67.49225030870053,0.02011205442249775,59,0,-1,,0,0,3.404600000001423,0,4.272299999998452,9.775400000000545,2
424,2.4671201814058956,1,512,0,1.0,-59.02244093431104,0.02480347454547882,59,0,-1,,0,0,3.6012999999996964,0,4.468599999999157,14.260600000000068,1
425,2.4729251700680273,1,512,0,1.0,-50.76679363240777,0.053484316915273666,59,0,-1,,0,0,3.7257999999997793,0,5.5016000000005505,19.853899999999314,0
426,2.478730158730159,1,1024,0,1.0,-51.20542046785181,0.05119984224438667,59,0,-1,,0,0,3.821999999999548,0,6.05400000000067,6.221500000000546,2
427,2.48453514739229,1,1024,0,1.0,-49.12500755816311,,-1,0,-1,,0,0,,1,2.168300000001011,7.97939999999997,4
428,2.4903401360544217,1,2048,0,1.0,-52.1049871136252,0.027857283130288124,59,0,-1,,0,0,3.48329999999919,0,5.349299999998891,13.503899999999902,3
429,2.4961451247165534,1,2048,0,1.0,-49.59837210702175,0.031086739152669907,59,0,-1,,0,0,3.2781000000010607,0,4.110700000000023,11.096399999999562,2
430,2.501950113378685,1,2048,0,1.0,-48.09724397162319,0.03543713688850403,59,0,-1,,0,0,3.285700000001057,0,4.118300000000019,15.236300000001535,1
431,2.507755102040816,1,2048,0,1.0,-50.89586608603584,0.041242510080337524,59,0,-1,,0,0,4.4626999999994865,0,5.419299999999794,20.73500000000017,0
432,2.513560090702948,1,4096,0,1.0,-52.028502035484685,0.003759747836738825,59,0,-1,,0,0,3.2338000000002864,0,4.151799999998929,4.422800000000393,2
433,2.5193650793650795,1,4096,0,1.0,-53.846929186449366,0.003273220267146826,59,0,-1,,0,0,5.951599999999502,0,6.846799999999931,11.279000000000039,1
434,2.5251700680272107,1,4096,0,1.0,-54.492931599521526,0.0032911470625549555,59,0,-1,,0,0,6.509700000000507,0,8.522100000000421,19.935500000000772,3
435,2.5309750566893423,1,4096,0,1.0,-56.98777718312917,0.003285889280959964,59,0,-1,,0,0,6.048700000000906,0,7.703400000000471,13.193499999999858,2
436,2.536780045351474,1,4096,0,1.0,-60.49588773463688,0.0032807739917188883,59,0,-1,,0,0,4.986199999999386,0,7.9614999999986225,21.356300000000772,1
437,2.5425850340136056,1,4096,0,1.0,-55.60626498859115,0.003780890954658389,59,0,-1,,0,0,7.928200000000274,0,9.174399999999139,30.648499999999856,3
438,2.5483900226757368,1,4096,0,1.0,-52.986411334343025,0.004415130242705345,59,0,-1,,0,0,3.841400000000661,0,5.188999999999666,8.187999999998752,5
439,2.5541950113378684,1,4096,0,1.0,-51.86996260004292,,-1,0,-1,,0,0,,1,0.7226000000013499,8.7723000000004,4
440,2.56,1,4096,0,1.0,-49.894488496550274,0.006906172260642052,59,0,-1,,0,0,3.113600000000716,0,3.7602999999997166,12.5390000000003,3
441,2.5658049886621317,1,4096,0,1.0,-45.15442672718346,0.008220458403229713,59,0,-1,,0,0,5.073799999999906,0,6.0045000000013005,12.095600000000317,2
442,2.571609977324263,1,4096,0,1.0,-48.020549412385456,0.008783681318163872,64,0,-1,,0,0,4.183099999998774,0,5.538500000000113,17.845100000000613,4
443,2.5774149659863945,1,4096,0,1.0,-43.92083249832967,0.010226893238723278,64,0,-1,,0,0,4.647199999999074,0,10.131799999999913,28.118399999998545,3
444,2.583219954648526,1,4096,0,1.0,-42.361220705571725,0.01111926045268774,64,0,-1,,0,0,4.4789999999999,0,5.926300000000495,18.726700000000207,2
445,2.589024943310658,1,4096,0,1.0,-46.15058066216754,0.011485292576253414,69,0,-1,,0,0,4.606100000000168,0,7.014399999999199,25.876099999999624,4
446,2.594829931972789,1,4096,0,1.0,-43.000981933675384,0.01224912516772747,69,0,-1,,0,0,3.6063999999988994,0,6.584100000001314,32.68060000000084,3
447,2.6006349206349206,1,4096,0,1.0,-41.48373769467791,0.011789482086896896,69,0,-1,,0,0,3.959800000000513,0,5.303700000000688,14.583899999999872,2
448,2.6064399092970523,1,4096,0,1.0,-46.4124041081473,0.012112760916352272,69,0,-1,,0,0,3.5626000000004154,0,4.984799999999012,19.648600000000016,4
449,2.6122448979591835,1,4096,0,1.0,-43.556456980262894,0.01313084363937378,69,0,-1,,0,0,3.9416999999986047,0,5.438299999999785,25.199600000000544,3
450,2.618049886621315,1,4096,0,1.0,-43.17321156628892,0.014921453781425953,69,0,-1,,0,0,4.177199999999104,0,5.110800000000637,14.241699999999469,2
451,2.6238548752834467,1,4096,0,1.0,-43.313294860950236,0.015657665207982063,69,0,-1,,0,0,3.760600000001446,0,4.977199999999016,19.316399999999234,4
452,2.6296598639455784,1,4096,0,1.0,-42.70344509142571,0.0198522936552763,69,0,-1,,0,0,3.6768999999985397,0,5.6755999999982265,25.13949999999987,3
453,2.6354648526077096,1,4096,0,1.0,-45.68420959751323,0.01832287758588791,69,0,-1,,0,0,4.061399999999438,0,5.030599999999552,13.790199999998975,2
454,2.641269841269841,1,4096,0,1.0,-47.62478293734589,,-1,0,-1,,0,0,,1,2.182700000000537,16.13679999999995,4
455,2.647074829931973,1,4096,0,1.0,-48.05580159628866,0.020532816648483276,69,0,-1,,0,0,7.690100000001365,0,9.551299999998264,25.80730000000031,3
456,2.6528798185941045,1,4096,0,1.0,-49.07767298253722,0.021786801517009735,66,0,-1,,0,0,3.9855000000006413,0,5.051799999998607,16.60970000000006,2
457,2.6586848072562357,1,4096,0,1.0,-53.702854984415396,0.015308071859180927,66,0,-1,,0,0,5.552700000000854,0,6.931200000000359,23.643499999998596,1
458,2.6644897959183673,1,4096,0,1.0,-54.0506822793412,0.011842084117233753,66,0,-1,,0,0,7.551100000000588,0,9.830400000000239,33.71479999999849,3
459,2.670294784580499,1,4096,0,1.0,-57.483350397773016,0.00731437373906374,66,0,-1,,0,0,4.911899999999747,0,7.006700000001587,15.457700000000685,5
460,2.6760997732426306,1,4096,0,1.0,-58.90928256395972,,-1,0,-1,,0,0,,1,2.278299999998623,17.943700000000007,4
461,2.681904761904762,1,4096,0,1.0,-61.395338892823915,0.004564652685075998,66,0,-1,,0,0,4.390100000000174,0,5.50219999999868,23.53959999999944,3
462,2.6877097505668934,1,4096,0,1.0,-62.310095975193164,,-1,0,-1,,0,0,,1,1.8069000000000557,11.875500000000372,5
463,2.693514739229025,1,4096,0,1.0,-57.84611691010163,,-1,0,-1,,0,0,,1,1.2087000000011727,13.22429999999919,4
464,2.6993197278911563,1,4096,0,1.0,-58.13937232595774,0.0026995260268449783,66,0,-1,,0,0,8.260800000000401,0,9.521799999999914,22.871499999999045,3
465,2.705124716553288,1,4096,0,1.0,-53.75605225405265,0.0023525399155914783,66,0,-1,,0,0,7.198799999999395,0,9.398100000000298,22.06129999999895,5
466,2.7109297052154195,1,4096,0,1.0,-50.847178420573194,,-1,0,-1,,0,0,,1,2.099799999999874,24.2798999999998,4
467,2.716734693877551,1,4096,0,1.0,-52.79884557305385,0.0015885630855336785,66,0,-1,,0,0,3.9917000000002645,0,4.87060000000028,29.218600000000094,3
468,2.7225396825396824,1,4096,0,1.0,-53.783758078237824,0.0023120969999581575,66,0,-1,,0,0,2.8176000000001977,0,3.538599999998837,11.798100000000034,2
469,2.728344671201814,1,4096,0,1.0,-54.247468840181014,0.0018944949842989445,66,0,-1,,0,0,2.688600000000818,0,3.3776999999979296,15.147799999999378,1
470,2.7341496598639456,1,4096,0,1.0,-55.51709752295445,0.0018167798407375813,66,0,-1,,0,0,4.825900000000161,0,5.709200000000081,20.866399999999174,3
471,2.7399546485260773,1,4096,0,1.0,-60.021344333195934,0.0020096919033676386,53,0,-1,,0,0,4.088600000001108,0,5.297399999999897,10.186600000000823,2
472,2.7457596371882085,1,4096,0,1.0,-59.65875872590746,0.0021417331881821156,59,0,-1,,0,0,3.8303000000006193,0,5.106200000000172,15.932099999998783,4
473,2.75156462585034,1,4096,0,1.0,-59.115572648851625,0.0022516241297125816,59,0,-1,,0,0,6.278700000001081,0,7.823000000001912,23.91330000000025,3
474,2.7573696145124718,1,4096,0,1.0,-63.244445524221376,0.0025150137953460217,59,0,-1,,0,0,3.7959999999994665,0,6.139100000000397,15.316499999999067,2
475,2.7631746031746034,1,4096,0,1.0,-63.78471169578433,,-1,0,-1,,0,0,,1,1.5297000000007444,16.923300000000197,4
476,2.7689795918367346,1,4096,0,1.0,-62.40635946895757,0.0025517453905194998,59,0,-1,,0,0,7.197700000000751,0,8.426200000000605,25.43129999999927,3
477,2.7747845804988662,1,4096,0,1.0,-63.48863173028748,0.002571239834651351,59,0,-1,,0,0,3.3186999999994526,0,4.328199999999782,14.216400000000462,2
478,2.780589569160998,1,4096,0,1.0,-66.79024521101314,0.002620815299451351,59,0,-1,,0,0,3.4293000000005236,0,4.4789999999999,18.73210000000114,1
479,2.786394557823129,1,512,1,1.0,-68.33982723582871,0.02107284963130951,59,0,-1,,0,0,5.427899999999042,0,6.467699999999965,25.28060000000032,0
480,2.7921995464852607,1,512,0,1.0,-70.70345951778702,0.020909631624817848,59,0,-1,,0,0,3.9386000000014576,0,5.551100000001696,5.749100000000951,2
481,2.7980045351473923,1,512,0,1.0,-72.75403910999331,0.019775791093707085,59,0,-1,,0,0,4.802599999999657,0,6.141899999999367,11.488299999999896,1
482,2.803809523809524,1,1024,0,1.0,-74.70830878511919,0.019906260073184967,59,0,-1,,0,0,3.837700000000055,0,4.821099999999134,16.355600000000692,3
483,2.809614512471655,1,1024,0,1.0,-76.54931008669935,0.020526617765426636,59,0,-1,,0,0,4.271799999999715,0,5.662799999999635,9.471699999998862,5
484,2.815419501133787,1,2048,0,1.0,-79.44112674500813,,-1,0,-1,,0,0,,1,1.7490999999996149,11.338200000000853,4
485,2.8212244897959184,1,2048,0,1.0,-80.74162281856707,0.01987762190401554,59,0,-1,,0,0,4.1597000000006545,0,6.480300000001549,17.93020000000034,3
486,2.82702947845805,1,2048,0,1.0,-81.86948484304985,0.02011483907699585,59,0,-1,,0,0,3.680899999999099,0,4.665100000000422,13.738899999999887,2
487,2.8328344671201813,1,2048,0,0.7414798108980578,-84.51797679407554,0.019931811839342117,59,0,-1,,0,0,4.15309999999991,0,5.0066000000015265,18.7703999999993,1
488,2.838639455782313,1,4096,0,0.3108746339324981,-84.41633368887287,0.002613362390547991,59,0,-1,,0,0,5.299800000001298,0,6.418699999999333,25.28949999999952,3
489,2.8444444444444446,1,4096,0,0.5987782931331685,-85.31043776311277,0.0025981836952269077,59,0,-1,,0,0,3.4402999999993966,0,4.6938999999994735,9.378899999999746,2
490,2.8502494331065757,1,4096,0,0.5876159509661627,-85.78038813202731,0.002596817445009947,59,0,-1,,0,0,3.275099999999753,0,4.079500000001346,13.494699999998971,1
491,2.8560544217687074,1,4096,0,0.06691581690496755,-86.47256372866936,0.0026053134351968765,59,0,-1,,0,0,5.572199999999583,0,7.74589999999975,21.32769999999873,3
492,2.861859410430839,1,4096,0,0.11517253397348065,-88.63634611730973,0.0026353788562119007,59,0,-1,,0,0,3.4112000000003917,0,5.113800000000168,7.385499999999823,2
493,2.8676643990929707,1,4096,0,0.0,-90.6206157954671,0.002622674684971571,59,0,-1,,0,0,3.8450000000000983,0,4.89760000000139,12.354600000000104,1
494,2.873469387755102,1,4096,0,0.0,-91.39687283515654,0.0026518560480326414,59,0,-1,,0,0,4.407699999999792,0,5.5461999999995015,18.01749999999913,0
495,2.8792743764172335,1,4096,0,0.0,-91.73673703105308,0.0026419975329190493,59,0,-1,,0,0,3.5322999999998217,0,4.916399999999044,5.150099999999824,2
496,2.885079365079365,1,4096,0,0.0,-94.33638106943889,0.0026243103202432394,59,0,-1,,0,0,4.881400000000369,0,5.834899999999976,10.999200000000542,4
497,2.8908843537414968,1,4096,0,0.0,-93.88857243768805,0.002621555933728814,59,0,-1,,0,0,3.1783000000000783,0,4.044199999999165,14.728399999999198,3
498,2.896689342403628,1,4096,0,0.0,-94.60161434327354,0.002638133941218257,59,0,-1,,0,0,3.240199999998694,0,4.10560000000082,12.340000000000018,2
499,2.9024943310657596,1,4096,0,0.0,-95.03255481865014,0.0026304894126951694,59,0,-1,,0,0,3.3941999999989036,0,4.268999999998968,16.63670000000117,1
500,2.9082993197278912,1,4096,0,0.0,-95.1862583060634,0.0026357925962656736,59,0,-1,,0,0,4.42050000000016,0,5.385399999999763,22.153600000001106,0
501,2.914104308390023,1,4096,0,0.0,-94.6937514599202,0.0026365374214947224,59,0,-1,,0,0,3.6031999999988074,0,5.643700000000251,5.904599999999149,2
502,2.919909297052154,1,4096,0,0.0,-94.78788574539414,0.0026326107326895,59,0,-1,,0,0,5.438899999999691,0,6.987799999999211,13.003499999999946,1
503,2.9257142857142857,1,4096,0,0.0,-94.20960145218538,0.002631323877722025,59,0,-1,,0,0,3.7866999999991435,0,6.1256000000007305,19.244999999999735,3
504,2.9315192743764173,1,4096,0,0.0,-93.62590854555907,0.0026297951117157936,59,0,-1,,0,0,6.244999999999834,0,7.212500000001398,11.500099999999236,2
505,2.9373242630385485,1,4096,0,0.0,-95.62489775455435,0.0026365136727690697,59,0,-1,,0,0,3.3259000000001038,0,4.637100000000061,16.196499999999503,1
506,2.94312925170068,1,4096,0,0.0,-96.37908519400071,0.0026327832601964474,59,0,-1,,0,0,3.330000000000055,0,4.246999999999446,20.497699999999952,0
507,2.948934240362812,1,4096,0,0.0,-95.9233973547883,0.0026353138964623213,59,0,-1,,0,0,4.864400000000657,0,6.823300000000643,7.061600000000112,2
508,2.9547392290249435,1,4096,0,0.0,-95.13441703221056,,-1,0,-1,,0,0,,1,1.748500000001485,8.373300000000583,4
509,2.9605442176870747,1,4096,0,0.0,-95.34560181526919,0.0026345918886363506,59,0,-1,,0,0,3.3493999999993918,0,4.090000000001481,12.393700000000507,3
510,2.9663492063492063,1,4096,0,0.0,-90.98150957367534,0.002634476637467742,59,0,-1,,0,0,3.06940000000111,0,3.8418999999993986,8.811700000000755,2
511,2.972154195011338,1,4096,0,0.03803473938579007,-85.20965346094798,0.002635083394125104,59,0,-1,,0,0,4.526900000000111,0,5.673199999998602,14.498700000000753,1
512,2.9779591836734696,1,4096,0,1.0,-83.91757915608864,0.0026327434461563826,59,0,-1,,0,0,3.545199999999582,0,4.4613999999985055,19.0488000000002,3
513,2.9837641723356008,1,4096,0,1.0,-81.0242502771358,0.002641709754243493,59,0,-1,,0,0,3.3700999999997094,0,4.134000000000526,7.068199999999081,2
514,2.9895691609977324,1,4096,0,1.0,-81.50829142352202,0.002630187664180994,59,0,-1,,0,0,5.409600000000125,0,6.254900000000063,13.35959999999936,1
515,2.995374149659864,1,4096,0,0.0,-82.45104486474942,0.0026331490371376276,59,0,-1,,0,0,3.4093999999988966,0,4.492799999999519,17.95480000000005,0
516,3.0011791383219957,1,4096,0,1.0,-80.98442975484197,0.0026282945182174444,59,0,-1,,0,0,3.891299999999376,0,5.004100000000733,5.312899999999843,2
517,3.006984126984127,1,4096,0,1.0,-82.0531278844723,0.002636405872181058,59,0,-1,,0,0,5.428799999998901,0,6.556100000000953,11.87450000000112,1
518,3.0127891156462585,1,4096,0,1.0,-83.64222919712748,0.0026323979254812002,59,0,-1,,0,0,3.235600000000005,0,4.109700000000771,16.050499999998635,0
519,3.01859410430839,1,4096,0,1.0,-82.07090838680043,0.002631646813824773,59,0,-1,,0,0,4.42050000000016,0,5.693899999998919,5.987499999999812,2
520,3.0243990929705213,1,4096,0,1.0,-81.29025640122879,0.0026302628684788942,59,0,-1,,0,0,7.19160000000052,0,9.283599999999836,15.436700000000414,1
521,3.030204081632653,1,4096,0,0.0981708601445868,-84.46464891895216,0.002631325041875243,59,0,-1,,0,0,8.285799999999455,0,10.727199999999826,26.2973000000013,3
522,3.0360090702947846,1,4096,0,0.32558204109868594,-83.64222919712748,0.0026337499730288982,59,0,-1,,0,0,4.787500000000833,0,6.793899999999908,16.909000000000063,5
523,3.0418140589569163,1,4096,0,0.0,-88.34616923532651,,-1,0,-1,,0,0,,1,0.6760999999997352,17.61040000000058,4
524,3.0476190476190474,1,4096,0,0.0,-88.9473084486658,0.0026310798712074757,59,0,-1,,0,0,6.615800000000505,0,7.293500000001174,24.927500000000435,3
525,3.053424036281179,1,4096,0,0.0,-93.48265254158848,0.002631646813824773,59,0,-1,,0,0,3.2882000000000744,0,4.224500000001186,15.067900000000023,2
526,3.0592290249433107,1,4096,0,0.0,-93.20958212190418,0.0026301478501409292,59,0,-1,,0,0,3.2871999999990464,0,4.0546999999993005,19.140800000000624,1
527,3.0650340136054424,1,4096,0,0.0,-92.26220467553416,0.002634489443153143,59,0,-1,,0,0,5.873099999998743,0,6.941700000000495,26.161199999998885,3
528,3.0708390022675736,1,4096,0,0.1503003359641922,-86.7851014784531,0.002641193335875869,59,0,-1,,0,0,3.5274000000011796,0,6.444199999998901,7.497799999999444,2
529,3.076643990929705,1,4096,0,0.4695001713746534,-86.77757177132943,0.0026359916664659977,59,0,-1,,0,0,3.2674999999997567,0,4.13140000000034,11.663399999999768,1
530,3.082448979591837,1,4096,0,1.0,-78.50949404774065,0.0026356747839599848,59,0,-1,,0,0,6.245500000000348,0,7.685800000000853,19.424300000000727,3
531,3.0882539682539685,1,4096,0,1.0,-77.97143014218695,0.002637050114572048,59,0,-1,,0,0,4.066099999999295,0,5.40779999999863,10.943799999999726,5
532,3.0940589569160997,1,4096,0,1.0,-71.65946939645356,,-1,0,-1,,0,0,,1,0.930199999999104,11.987200000000087,4
533,3.0998639455782313,1,4096,0,1.0,-70.78920013504766,0.002641440602019429,59,0,-1,,0,0,3.76339999999864,0,4.5695999999999515,16.602999999999923,3
534,3.105668934240363,1,512,1,1.0,-68.39286500494455,0.020394977182149887,59,0,-1,,0,0,3.804099999999977,0,5.956899999999266,12.657499999999544,2
535,3.111473922902494,1,512,0,1.0,-60.92375698630001,0.022069087252020836,59,0,-1,,0,0,3.3572999999993414,0,4.0842000000012035,16.781800000000402,1
536,3.1172789115646258,1,512,0,1.0,-63.92858261762872,0.02100357785820961,59,0,-1,,0,0,3.6871000000004983,0,4.377500000000367,21.223400000000225,3
537,3.1230839002267574,1,1024,0,1.0,-62.899475976796246,0.021874962374567986,59,0,-1,,0,0,4.837400000001324,0,5.778600000001077,7.534700000000782,2
538,3.128888888888889,1,1024,0,1.0,-61.872601439327504,0.022324424237012863,59,0,-1,,0,0,3.1687999999991945,0,3.9556000000011693,11.539300000000807,1
539,3.1346938775510202,1,2048,0,1.0,-56.69535616420931,0.0221876110881567,59,0,-1,,0,0,3.026000000000195,0,3.585700000000358,15.162699999999418,0
540,3.140498866213152,1,2048,0,1.0,-57.65673543793284,0.022959480062127113,59,0,-1,,0,0,3.613499999998382,0,5.6872000000005585,5.96239999999959,2
541,3.1463038548752835,1,2048,0,1.0,-57.25281284926002,0.025085346773266792,59,0,-1,,0,0,2.85560000000018,0,3.5898000000003094,9.55130000000004,1
542,3.152108843537415,1,2048,0,1.0,-52.89453022237572,0.031047532334923744,59,0,-1,,0,0,4.045900000001268,0,4.784299999998964,14.360900000001564,0
543,3.1579138321995464,1,4096,0,1.0,-44.25451962386479,0.0054349638521671295,59,0,-1,,0,0,2.596600000000393,0,3.486100000001713,3.987099999999799,2
544,3.163718820861678,1,4096,0,1.0,-46.89510462398471,0.006147710606455803,53,0,-1,,0,0,3.140900000000002,0,3.7682999999990585,7.58489999999945,1
545,3.1695238095238096,1,4096,0,1.0,-43.63856294013823,0.0062006013467907906,59,0,-1,,0,0,3.248600000000934,0,4.443699999999495,12.114999999999654,3
546,3.175328798185941,1,4096,0,1.0,-41.58429392166732,0.006389525253325701,59,0,-1,,0,0,3.200399999998993,0,4.559599999998554,8.757799999999705,2
547,3.1811337868480725,1,4096,0,1.0,-43.72966432730219,0.006270249839872122,64,0,-1,,0,0,3.1053999999990367,0,3.9108999999992733,12.699400000000693,1
548,3.186938775510204,1,4096,0,1.0,-42.26053578160218,0.006981009151786566,64,0,-1,,0,0,2.9374999999998153,0,4.121700000000672,16.916200000000714,0
549,3.1927437641723357,1,4096,0,1.0,-39.64897102224832,0.006900006905198097,64,0,-1,,0,0,3.8618000000010255,0,4.820800000000958,5.088999999999899,2
550,3.198548752834467,1,4096,0,1.0,-42.82812482843933,0.006676626857370138,64,0,-1,,0,0,3.292699999999371,0,4.390000000000782,9.515700000001459,1
551,3.2043537414965986,1,4096,0,1.0,-44.55823289535716,0.005526936613023281,64,0,-1,,0,0,4.137800000000524,0,5.372100000000657,14.983199999999641,3
552,3.21015873015873,1,4096,0,1.0,-41.22544319353797,0.005821270868182182,64,0,-1,,0,0,3.2946999999996507,0,4.046300000000613,4.540500000000947,2
553,3.215963718820862,1,4096,0,1.0,-43.251063836868596,0.006016169209033251,64,0,-1,,0,0,2.7476000000010714,0,3.582800000000219,8.127400000001117,1
554,3.221768707482993,1,4096,0,1.0,-40.786827843743964,0.00673770671710372,64,0,-1,,0,0,2.796599999999927,0,3.340599999999583,11.531200000000297,3
555,3.2275736961451247,1,4096,0,1.0,-43.15273556668332,0.007460368797183037,64,0,-1,,0,0,4.569899999999905,0,5.285499999999388,7.4430000000003105,2
556,3.2333786848072563,1,4096,0,1.0,-40.17170723636493,0.008414083160459995,64,0,-1,,0,0,2.344100000000182,0,2.995000000000303,10.50520000000077,1
557,3.239183673469388,1,4096,0,1.0,-41.489383025759246,0.008882908150553703,64,0,-1,,0,0,2.2105999999997294,0,2.815299999999965,13.402899999999107,0
558,3.244988662131519,1,4096,0,1.0,-44.70050965588886,0.008966154418885708,64,0,-1,,0,0,3.7088000000000676,0,4.469499999999016,4.633699999999408,2
559,3.250793650793651,1,4096,0,1.0,-47.70870124181296,0.007386491168290377,64,0,-1,,0,0,3.2650000000007395,0,4.00389999999895,8.691800000001138,1
560,3.2565986394557824,1,4096,0,1.0,-45.152774508922164,0.009957222267985344,64,0,-1,,0,0,2.334799999999859,0,2.8605000000005987,11.610900000000868,0
561,3.2624036281179136,1,4096,0,1.0,-46.48251844538338,0.010982580482959747,64,0,-1,,0,0,3.766999999999854,0,5.088200000001208,5.326699999999462,2
562,3.2682086167800453,1,4096,0,1.0,-51.017759744798674,0.007250150665640831,64,0,-1,,0,0,2.4748999999992805,0,3.188599999999653,8.55169999999994,1
563,3.274013605442177,1,4096,0,1.0,-51.61845793591443,0.007697788532823324,64,0,-1,,0,0,2.8143000000007135,0,3.3837000000005446,11.986999999999526,0
564,3.2798185941043085,1,4096,0,1.0,-51.43437899546364,0.006641021464020014,64,0,-1,,0,0,2.5362000000015428,0,3.323099999999357,3.508599999999973,2
565,3.2856235827664397,1,4096,0,1.0,-47.613737669241935,0.006802275311201811,64,0,-1,,0,0,2.266699999999844,0,2.8665999999990532,6.4142000000000365,1
566,3.2914285714285714,1,4096,0,1.0,-54.47446800707655,0.005490494892001152,64,0,-1,,0,0,2.3184000000000538,0,2.7586999999993367,9.214300000000009,3
567,3.297233560090703,1,4096,0,1.0,-55.463902344335416,0.004940683022141457,64,0,-1,,0,0,4.28819999999952,0,5.239100000000718,7.41999999999976,2
568,3.3030385487528346,1,4096,0,1.0,-52.847148654384526,0.0037976023741066456,64,0,-1,,0,0,2.3666000000002185,0,3.4239999999989834,10.917000000000954,1
569,3.308843537414966,1,4096,0,1.0,-52.95829791713775,0.004155006259679794,64,0,-1,,0,0,2.3897999999995534,0,2.973700000000079,13.94910000000138,0
570,3.3146485260770975,1,4096,0,1.0,-56.70274454821218,0.0037603944074362516,64,0,-1,,0,0,2.101100000000855,0,2.8620999999997565,3.007099999999596,2
571,3.320453514739229,1,4096,0,1.0,-58.62471130947525,0.0028710877522826195,64,0,-1,,0,0,2.3516000000007864,0,2.898000000000067,5.921999999999983,1
572,3.3262585034013608,1,4096,0,1.0,-61.84470272043587,0.0020605477038770914,64,0,-1,,0,0,1.9340999999997166,0,2.3367000000007465,8.294199999999918,0
573,3.332063492063492,1,4096,0,1.0,-62.143782263771115,0.002586613642051816,64,0,-1,,0,0,2.2988999999995485,0,3.0218000000008516,3.181600000001339,2
574,3.3378684807256236,1,4096,0,1.0,-65.24028878802565,0.0022653285413980484,64,0,-1,,0,0,2.326200000000611,0,2.8028999999989423,5.994599999999295,1
575,3.3436734693877552,1,4096,0,1.0,-65.1849340071812,0.002190859755501151,64,0,-1,,0,0,2.0474000000003656,0,2.592299999999881,8.635800000000415,0
576,3.3494784580498864,1,4096,0,1.0,-70.22994224955598,0.0017904029227793217,64,0,-1,,0,0,3.12759999999912,0,4.199999999999093,4.3766999999999,2
577,3.355283446712018,1,4096,0,1.0,-71.56851446748178,0.0019583709072321653,64,0,-1,,0,0,4.39749999999961,0,5.335900000000393,9.776200000001012,4
578,3.3610884353741497,1,4096,0,1.0,-72.32738348707767,0.002033874159678817,64,0,-1,,0,0,3.0312000000005668,0,3.8890999999985354,13.776599999999917,3
579,3.3668934240362813,1,512,1,1.0,-67.57037424039409,0.021255306899547577,59,0,-1,,0,0,3.5820999999991443,0,4.471599999998688,10.007100000001046,2
580,3.3726984126984125,1,512,0,1.0,-67.38364535662888,0.022265566512942314,59,0,-1,,0,0,3.22309999999959,0,4.196500000000825,14.231600000000455,1
581,3.378503401360544,1,512,0,1.0,-68.3037559466427,0.020107850432395935,59,0,-1,,0,0,2.5346000000006086,0,3.5885999999987206,17.91489999999918,0
582,3.384308390022676,1,1024,0,1.0,-67.25714190175562,0.020802486687898636,59,0,-1,,0,0,2.2862999999997413,0,2.8887999999991365,3.0628999999997575,2
583,3.3901133786848074,1,1024,0,1.0,-69.24987046716791,0.020410967990756035,59,0,-1,,0,0,2.7292999999986023,0,3.2525000000003246,6.345299999999554,1
584,3.3959183673469386,1,2048,0,1.0,-69.73440675639785,0.020327219739556313,59,0,-1,,0,0,2.3121000000010383,0,2.795899999998852,9.196599999999222,0
585,3.4017233560090703,1,2048,0,1.0,-62.48824178576177,0.020740939304232597,59,0,-1,,0,0,3.606800000000021,0,4.504700000000028,4.701400000000078,2
586,3.407528344671202,1,2048,0,1.0,-52.66404337513726,0.035352203994989395,59,0,-1,,0,0,3.2591999999986854,0,4.126599999999314,8.888999999999925,1
587,3.4133333333333336,1,2048,0,1.0,-50.35038320814594,0.06020291894674301,59,0,-1,,0,0,2.5952000000000197,0,3.9220000000010913,13.027500000001524,0
588,3.4191383219954647,1,4096,0,1.0,-52.08939740090166,0.004224943462759256,59,0,-1,,0,0,2.4487999999998067,0,3.229400000000382,3.484900000000124,2
589,3.4249433106575964,1,4096,0,1.0,-52.077346610364984,0.004428566433489323,59,0,-1,,0,0,4.161100000001028,0,5.818600000001339,9.372799999999515,1
590,3.430748299319728,1,4096,0,1.0,-45.22531606632974,0.005658437963575125,59,0,-1,,0,0,4.140599999999495,0,5.009400000000497,14.461300000000676,0
591,3.436553287981859,1,4096,0,1.0,-43.64445099091345,0.005661873146891594,59,0,-1,,0,0,2.735500000000002,0,4.566699999999813,4.79420000000097,2
592,3.442358276643991,1,4096,0,1.0,-42.290220718128246,0.006980384700000286,66,0,-1,,0,0,4.588400000001158,0,5.80119999999873,10.673499999999336,1
593,3.4481632653061225,1,4096,0,1.0,-42.1423998433088,0.007321943063288927,66,0,-1,,0,0,3.7468999999994423,0,5.061700000000613,15.91799999999921,0
594,3.453968253968254,1,4096,0,1.0,-43.201019638644,0.007414081133902073,66,0,-1,,0,0,1.9002000000014618,0,2.6054999999995943,2.7418999999984095,2
595,3.4597732426303853,1,4096,0,1.0,-48.42310781121665,0.006725778337568045,66,0,-1,,0,0,1.8126000000009412,0,2.2577000000012504,5.020599999999931,1
596,3.465578231292517,1,4096,0,1.0,-53.767213438698995,0.005324540659785271,66,0,-1,,0,0,3.873499999999197,0,4.463900000001075,9.5268000000015,0
597,3.4713832199546486,1,4096,0,1.0,-55.50412748134444,0.003962511196732521,66,0,-1,,0,0,3.317100000000295,0,4.035500000002301,4.241500000000897,2
598,3.4771882086167802,1,4096,0,1.0,-56.20510014622078,0.00337480241432786,66,0,-1,,0,0,3.0119000000006224,0,4.715400000000258,9.037800000001539,1
599,3.4829931972789114,1,4096,0,1.0,-55.41254292018366,0.0032603489235043526,66,0,-1,,0,0,2.5993999999993633,0,3.2315000000000538,12.34619999999964,0
600,3.488798185941043,1,4096,0,1.0,-56.76775461136728,0.003132196608930826,66,0,-1,,0,0,4.302499999999654,0,4.978899999999342,5.221799999999277,2
601,3.4946031746031747,1,4096,0,1.0,-58.8363152237902,0.002988803666085005,66,0,-1,,0,0,2.1772000000002123,0,2.8468999999997635,8.317599999999814,1
602,3.500408163265306,1,4096,0,1.0,-61.945404541901546,0.0025316847022622824,66,0,-1,,0,0,2.060600000000079,0,2.529100000000284,10.887200000000874,3
603,3.5062131519274375,1,4096,0,1.0,-59.45907320567186,0.0026721039321273565,66,0,-1,,0,0,1.8327999999989686,0,2.2004999999989394,3.6749000000000365,2
604,3.512018140589569,1,4096,0,1.0,-51.75283888279936,0.0023436518386006355,66,0,-1,,0,0,1.8799999999998818,0,2.2082000000001045,5.89079999999953,1
605,3.517823129251701,1,4096,0,1.0,-47.653144976089465,0.003259507706388831,66,0,-1,,0,0,2.1868999999998806,0,2.5559000000008325,8.474199999998433,0
606,3.523628117913832,1,4096,0,1.0,-43.0735943833824,0.004104672931134701,66,0,-1,,0,0,2.2314000000012157,0,2.9412000000004213,3.1207999999995906,2
607,3.5294331065759637,1,4096,0,1.0,-44.97618053449003,0.004272033926099539,66,0,-1,,0,0,4.386600000000129,0,5.303399999998959,8.431999999999107,1
608,3.5352380952380953,1,4096,0,1.0,-42.4342026495567,0.0030926382169127464,66,0,-1,,0,0,2.2283999999999082,0,2.8084000000010434,11.297400000000124,0
609,3.541043083900227,1,4096,0,1.0,-46.59426181437121,0.0023868470452725887,66,0,-1,,0,0,3.6066000000012366,0,4.529699999999082,4.876199999999997,2
610,3.546848072562358,1,4096,0,1.0,-43.46378700091461,0.0032244622707366943,66,0,-1,,0,0,3.931800000000152,0,5.226800000000864,10.228200000000243,1
611,3.5526530612244898,1,4096,0,1.0,-46.882236978151816,0.002413643291220069,64,0,-1,,0,0,2.31420000000071,0,2.9991000000002543,13.31389999999999,0
612,3.5584580498866214,1,4096,0,1.0,-50.305591376052085,0.002607095753774047,64,0,-1,,0,0,3.9919000000008253,0,5.340799999999035,5.825900000001383,2
613,3.564263038548753,1,4096,0,1.0,-51.92191368661986,0.0024902913719415665,64,0,-1,,0,0,4.6157000000004444,0,5.661800000000383,11.490600000000128,4
614,3.5700680272108842,1,4096,0,1.0,-51.744923941382986,0.0029778035823255777,64,0,-1,,0,0,5.716800000000077,0,7.22529999999999,18.824400000001518,3
615,3.575873015873016,1,4096,0,1.0,-56.60311414703134,0.002462575910612941,64,0,-1,,0,0,2.4616000000001748,0,3.158299999999059,12.000999999999706,2
616,3.5816780045351475,1,4096,0,1.0,-58.67273527598476,0.002378785749897361,64,0,-1,,0,0,2.421899999999866,0,2.9661000000000826,14.984500000000622,1
617,3.5874829931972787,1,4096,0,1.0,-60.16244365412538,0.0020993901416659355,64,0,-1,,0,0,2.9650000000014387,0,3.6728000000003647,18.748999999999683,0
618,3.5932879818594103,1,4096,0,1.0,-59.151057437493186,0.0020065102726221085,64,0,-1,,0,0,2.233199999999158,0,3.3559999999983603,3.6458999999986474,2
619,3.599092970521542,1,4096,0,1.0,-59.331231175311,0.0019562048837542534,64,0,-1,,0,0,1.9816999999999751,0,2.4436000000012115,6.089000000001121,1
620,3.6048979591836736,1,4096,0,1.0,-57.94620229453301,0.002004418522119522,64,0,-1,,0,0,2.0492999999994765,0,2.399799999999175,8.521099999999393,0
621,3.610702947845805,1,4096,0,1.0,-60.98502859372304,0.002081504324451089,64,0,-1,,0,0,2.944600000001074,0,4.131899999999078,4.520900000001049,2
622,3.6165079365079364,1,4096,0,1.0,-52.53725671660486,0.0020820184145122766,64,0,-1,,0,0,2.186499999998759,0,2.5618000000005026,7.065700000000064,1
623,3.622312925170068,1,4096,0,1.0,-49.03710348479838,0.0026208029594272375,64,0,-1,,0,0,2.2541000000000366,0,2.620800000000756,9.709100000000248,0
624,3.6281179138321997,1,4096,0,1.0,-44.37566534968306,0.004324182868003845,64,0,-1,,0,0,2.3183000000006615,0,2.9924999999995094,3.1730999999997067,2
625,3.633922902494331,1,4096,0,1.0,-41.249021831888896,0.004629107192158699,64,0,-1,,0,0,3.064199999998962,0,3.6920000000009168,6.8960000000011235,4
626,3.6397278911564626,1,4096,0,1.0,-42.974242585459514,0.006454646121710539,64,0,-1,,0,0,4.523100000000113,0,6.994899999998694,14.23969999999919,3
627,3.645532879818594,1,4096,0,1.0,-38.17497505623264,0.006034880876541138,64,0,-1,,0,0,2.9842999999996067,0,4.0919999999999845,13.040300000000116,2
628,3.651337868480726,1,4096,0,1.0,-38.5384199923788,0.006858153268694878,64,0,-1,,0,0,2.8927000000003034,0,3.536399999999773,16.63439999999916,1
629,3.657142857142857,1,4096,0,1.0,-38.58732796291062,0.006787384860217571,64,0,-1,,0,0,3.521400000000341,0,4.2287999999999215,20.941099999999935,0
630,3.6629478458049887,1,4096,0,1.0,-39.162411961379846,0.007697060704231262,64,0,-1,,0,0,2.5800000000000267,0,3.4356999999989313,3.8780999999996624,2
631,3.6687528344671203,1,4096,0,1.0,-44.344427969257836,0.006836550310254097,64,0,-1,,0,0,2.7620999999999896,0,3.464100000000414,7.365699999999364,1
632,3.6745578231292515,1,4096,0,1.0,-45.65498237239762,0.006606266833841801,64,0,-1,,0,0,2.9348999999996295,0,3.6826999999988175,11.125100000000998,0
633,3.680362811791383,1,4096,0,1.0,-49.50110350993957,0.004863054025918245,64,0,-1,,0,0,2.1746000000000265,0,2.854799999999713,3.0489000000013533,2
634,3.6861678004535148,1,4096,0,1.0,-51.79087949205807,0.0050461068749427795,64,0,-1,,0,0,2.240099999999856,0,2.832199999998508,5.910000000000082,1
635,3.6919727891156464,1,4096,0,1.0,-50.69745605749074,0.004991048015654087,64,0,-1,,0,0,2.494999999999692,0,2.9572999999984972,8.914700000000053,0
636,3.6977777777777776,1,4096,0,1.0,-53.345297339523874,0.004492519423365593,64,0,-1,,0,0,2.2423000000006965,0,2.868699999998725,3.10569999999899,2
637,3.7035827664399092,1,4096,0,1.0,-52.69373064679739,0.005017259158194065,64,0,-1,,0,0,2.35100000000088,0,2.8328000000001907,5.957699999999733,1
638,3.709387755102041,1,4096,0,1.0,-58.445061417014,0.00476157246157527,64,0,-1,,0,0,2.9742999999999853,0,3.653699999999205,9.678000000000964,0
639,3.7151927437641725,1,4096,0,1.0,-56.42973434404598,0.003794178133830428,64,0,-1,,0,0,3.470700000001159,0,4.592999999999847,4.795099999999053,2
640,3.7209977324263037,1,4096,0,1.0,-59.997309098624434,0.003992194775491953,64,0,-1,,0,0,2.190999999999832,0,2.76430000000083,7.555399999999324,1
641,3.7268027210884354,1,4096,0,1.0,-57.64632081354351,0.002892004558816552,64,0,-1,,0,0,3.441499999999209,0,4.019099999998943,11.629900000000859,0
642,3.732607709750567,1,4096,0,1.0,-58.9078448029425,0.003796357661485672,64,0,-1,,0,0,2.0785999999990423,0,2.6999999999990365,2.9173000000000116,2
643,3.7384126984126986,1,4096,0,1.0,-56.81652496604626,0.003321869997307658,64,0,-1,,0,0,2.3969000000008123,0,2.9956999999996015,5.932100000000773,1
644,3.74421768707483,1,4096,0,1.0,-57.60827931826172,0.002313804579898715,64,0,-1,,0,0,2.0759999999988565,0,2.506799999999032,8.490300000000062,0
645,3.7500226757369615,1,4096,0,1.0,-56.97085688739671,0.002973234048113227,64,0,-1,,0,0,5.9863,0,6.842600000000587,7.116500000000414,5
646,3.755827664399093,1,4096,0,1.0,-53.94676798529392,,-1,0,-1,,0,0,,1,0.4782999999992654,8.330400000000182,4
647,3.7616326530612243,1,4096,0,1.0,-50.15037807548181,0.0038314517587423325,64,0,-1,,0,0,2.288899999999927,0,2.826199999999446,11.199400000000637,3
648,3.767437641723356,1,4096,0,1.0,-45.00462768108175,0.0057536885142326355,64,0,-1,,0,0,1.8282999999996719,0,2.4153000000008973,7.68019999999936,2
649,3.7732426303854876,1,4096,0,1.0,-42.38265263593202,0.007563258986920118,64,0,-1,,0,0,1.9793999999997425,0,2.408100000000246,10.063300000000552,1
650,3.779047619047619,1,4096,0,1.0,-40.5388819657917,0.007374735549092293,64,0,-1,,0,0,1.9019999999994042,0,2.2909000000002067,12.368900000000238,0
651,3.7848526077097504,1,4096,0,1.0,-39.93363422813873,0.007383998483419418,64,0,-1,,0,0,4.0658000000011185,0,5.511900000000125,5.641699999999972,2
652,3.790657596371882,1,4096,0,1.0,-39.54759975245019,0.007640189025551081,64,0,-1,,0,0,3.9975999999999345,0,4.947099999998983,10.238499999999817,1
653,3.7964625850340137,1,4096,0,1.0,-38.681364922518206,0.008603369817137718,64,0,-1,,0,0,3.842700000001642,0,4.93779999999866,15.19349999999875,0
654,3.8022675736961453,1,4096,0,1.0,-37.30090281399071,0.010174584574997425,64,0,-1,,0,0,3.353699999999904,0,4.197399999998908,4.4034000000010565,2
655,3.8080725623582765,1,4096,0,1.0,-38.254486131132154,0.010107333771884441,64,0,-1,,0,0,5.114100000000121,0,6.133100000001335,10.630000000000805,1
656,3.813877551020408,1,4096,0,1.0,-37.61194554087865,0.011344512924551964,64,0,-1,,0,0,4.542599999998842,0,5.664200000000008,16.444200000000464,0
657,3.81968253968254,1,4096,0,1.0,-39.80219654031111,0.011698736809194088,64,0,-1,,0,0,3.7223999999991264,0,5.0042999999995175,5.329299999999648,2
658,3.825487528344671,1,4096,0,1.0,-41.06636553624626,0.014792293310165405,64,0,-1,,0,0,3.113400000000155,0,4.616199999999182,10.024900000001224,1
659,3.8312925170068026,1,4096,0,1.0,-45.1579138730073,0.014279946684837341,64,0,-1,,0,0,4.242500000000149,0,5.030399999998991,15.09980000000155,0
660,3.8370975056689343,1,4096,0,1.0,-47.534760729310335,0.015329773537814617,64,0,-1,,0,0,3.8792000000000826,0,5.0296000000003005,5.267299999999864,2
661,3.842902494331066,1,4096,0,1.0,-49.50631806494313,0.01614345610141754,64,0,-1,,0,0,5.1299000000000206,0,6.231800000000121,11.571399999999343,1
662,3.848707482993197,1,4096,0,1.0,-48.094253914596536,0.019691960886120796,64,0,-1,,0,0,2.567000000000874,0,3.3089999999997843,14.960000000000306,0
663,3.8545124716553287,1,4096,0,1.0,-48.4293969296283,0.020869290456175804,64,0,-1,,0,0,3.294000000000352,0,4.666600000000187,4.859299999999678,2
664,3.8603174603174604,1,4096,0,1.0,-52.231869677211066,0.017786817625164986,64,0,-1,,0,0,5.871899999998931,0,7.52340000000018,12.528400000000772,1
665,3.866122448979592,1,4096,0,1.0,-50.54199404707142,0.019563619047403336,64,0,-1,,0,0,4.8426999999993114,0,6.250899999999504,18.94749999999945,0
666,3.871927437641723,1,4096,0,1.0,-51.22756943449683,0.014926598407328129,64,0,-1,,0,0,3.602299999998948,0,4.705999999998767,5.028700000000441,2
667,3.877732426303855,1,4096,0,1.0,-53.23967741289624,0.0070154545828700066,64,0,-1,,0,0,2.686699999999931,0,3.4325999999982315,8.444299999998961,1
668,3.8835374149659865,1,4096,0,1.0,-53.992305161243515,0.007584767881780863,64,0,-1,,0,0,3.2341000000002396,0,3.979800000001532,12.469199999999958,0
669,3.889342403628118,1,4096,0,1.0,-57.42008808616258,0.005938257090747356,64,0,-1,,0,0,3.8777999999997093,0,6.205299999999525,6.481199999999632,2
670,3.8951473922902493,1,4096,0,1.0,-59.65783866856733,0.005223901476711035,64,0,-1,,0,0,3.689700000000684,0,4.871399999998971,11.36239999999944,4
671,3.900952380952381,1,4096,0,1.0,-59.712547057668175,0.004132700152695179,64,0,-1,,0,0,4.5175999999997885,0,5.616300000001573,16.330899999999815,3
672,3.9067573696145126,1,4096,0,1.0,-60.88961086811236,0.003128176089376211,64,0,-1,,0,0,4.269900000000604,0,6.394300000000186,14.394000000001128,2
673,3.912562358276644,1,4096,0,1.0,-63.264132922232655,0.0024124206975102425,64,0,-1,,0,0,2.9930999999994157,0,3.788300000001854,18.253999999998882,1
674,3.9183673469387754,1,4096,0,1.0,-52.47648502314056,0.0030006403103470802,64,0,-1,,0,0,2.5599999999990075,0,3.3820999999996104,21.729899999998636,0
675,3.924172335600907,1,4096,0,1.0,-47.177209807226426,0.003937578294426203,64,0,-1,,0,0,3.9423000000002872,0,5.100100000001717,5.298400000000925,2
676,3.9299773242630387,1,4096,0,1.0,-47.07257535040995,0.005900758784264326,64,0,-1,,0,0,2.2727999999982984,0,2.920599999999496,8.269499999999042,1
677,3.93578231292517,1,4096,0,1.0,-57.087554886567574,0.0040421262383461,64,0,-1,,0,0,2.207300000000245,0,2.689900000000023,11.006599999999978,0
678,3.9415873015873015,1,4096,0,1.0,-51.465536760042376,0.00425341073423624,64,0,-1,,0,0,4.1375999999999635,0,5.093800000000925,5.230099999998572,2
679,3.947392290249433,1,4096,0,1.0,-46.98978525428345,0.006083986256271601,64,0,-1,,0,0,4.544600000000898,0,6.517699999998072,11.913299999999793,1
680,3.953197278911565,1,4096,0,1.0,-53.292481575274415,0.004538244102150202,64,0,-1,,0,0,3.509100000000487,0,5.583900000001307,17.32889999999898,0
681,3.959002267573696,1,4096,0,1.0,-46.7368808888,0.005866735242307186,64,0,-1,,0,0,1.9674999999992338,0,2.6014000000014192,2.829900000000052,2
682,3.9648072562358276,1,4096,0,1.0,-39.52094733096607,0.008563636802136898,64,0,-1,,0,0,2.355299999999616,0,2.7781000000004497,5.563600000000335,1
683,3.9706122448979593,1,4096,0,1.0,-37.518109963315396,0.010524537414312363,64,0,-1,,0,0,2.12540000000061,0,2.5351999999987385,8.10270000000024,3
684,3.976417233560091,1,4096,0,1.0,-38.8798262998225,0.011990969069302082,64,0,-1,,0,0,1.9052000000012725,0,2.2773999999987637,2.8679999999994266,2
685,3.982222222222222,1,4096,0,1.0,-34.28404338212538,0.013986307196319103,64,0,-1,,0,0,2.047299999999197,0,2.3932999999995985,5.2709000000010775,1
686,3.9880272108843537,1,4096,0,1.0,-37.646541011341405,0.014879297465085983,64,0,-1,,0,0,3.1604000000005072,0,4.288899999998819,9.6355999999993,0
687,3.9938321995464854,1,4096,0,1.0,-36.55380502287593,0.018078939989209175,67,0,-1,,0,0,3.457600000000838,0,4.388600000000409,4.605799999998439,2
688,3.9996371882086166,1,4096,0,1.0,-39.001481273662996,0.02038789726793766,67,0,-1,,0,0,4.962600000000705,0,6.20459999999845,10.894200000000964,1
689,4.005442176870749,1,4096,0,1.0,-42.85620444200867,0.024857889860868454,67,0,-1,,0,0,7.0848000000012235,0,8.751900000000035,19.82100000000031,3
690,4.01124716553288,1,4096,0,1.0,-43.9539914801363,0.027093447744846344,64,0,-1,,0,0,4.886199999999619,0,6.854000000000582,7.6699999999991775,2
691,4.017052154195011,1,4096,0,1.0,-44.958215819527396,0.022747522220015526,64,0,-1,,0,0,3.8724999999999454,0,4.701999999999984,12.344099999999969,1
692,4.022857142857143,1,4096,0,1.0,-50.45803643054637,0.01574363186955452,64,0,-1,,0,0,3.9075000000003968,0,6.154099999999829,18.531799999999876,0
693,4.028662131519274,1,4096,0,1.0,-44.479161847311275,0.02028336375951767,64,0,-1,,0,0,2.313300000000851,0,3.084500000001711,3.344300000000189,2
694,4.0344671201814055,1,4096,0,1.0,-50.45106666532007,0.014844398014247417,64,0,-1,,0,0,2.361999999999753,0,2.890799999999416,6.265799999999544,4
695,4.040272108843538,1,4096,0,1.0,-44.618388772087165,0.020636843517422676,64,0,-1,,0,0,3.3893000000002615,0,4.075199999999057,10.399299999999556,3
696,4.046077097505669,1,4096,0,1.0,-46.17368212502051,0.02210923843085766,70,0,-1,,0,0,2.0215999999990686,0,2.546799999999294,9.073799999999466,2
697,4.051882086167801,1,4096,0,1.0,-47.06961886930995,0.02107890322804451,70,0,-1,,0,0,2.2871000000002084,0,2.74099999999855,11.836500000001138,1
698,4.057687074829932,1,4096,0,1.0,-52.54215345947263,0.014841475524008274,64,0,-1,,0,0,2.7226000000002415,0,3.2741000000005016,15.155699999999328,0
699,4.063492063492063,1,4096,0,1.0,-52.736194429056965,0.00822880957275629,64,0,-1,,0,0,1.900300000000854,0,2.9903000000022217,3.4642999999991986,2
700,4.069297052154195,1,4096,0,1.0,-52.797238669013524,0.011926581151783466,64,0,-1,,0,0,2.0708000000002613,0,2.5080999999982367,5.927200000000354,1
701,4.0751020408163265,1,4096,0,1.0,-53.76140574255053,0.00806623324751854,64,0,-1,,0,0,1.7054000000005232,0,2.212099999999495,8.342599999998868,0
702,4.080907029478458,1,4096,0,1.0,-56.0163139858081,0.005603036377578974,64,0,-1,,0,0,2.530400000001265,0,3.5103999999996915,3.676600000000363,2
703,4.08671201814059,1,4096,0,1.0,-57.273829747243056,0.003598509356379509,64,0,-1,,0,0,2.505700000000388,0,3.1658000000014397,6.878199999999168,1
704,4.092517006802721,1,4096,0,1.0,-60.75854592337687,0.003651756327599287,64,0,-1,,0,0,1.9193000000008453,0,2.3561999999994754,9.271599999999935,0
705,4.098321995464852,1,4096,0,1.0,-59.85712514893553,0.003969323821365833,64,0,-1,,0,0,3.5173000000003896,0,4.942700000000855,5.157500000001036,2
706,4.104126984126984,1,4096,0,1.0,-66.70270407069569,0.002463927026838064,64,0,-1,,0,0,5.5720000000007985,0,6.878900000000243,12.11359999999928,1
707,4.1099319727891155,1,512,1,1.0,-67.54085677690443,0.024012064561247826,59,0,-1,,0,0,4.727100000000206,0,6.065499999998281,18.37399999999967,0
708,4.115736961451248,1,512,0,1.0,-65.9581812074951,0.023562543094158173,59,0,-1,,0,0,4.303800000000635,0,5.628200000000305,5.884599999999907,2
709,4.121541950113379,1,512,0,1.0,-56.51696878169072,0.061185482889413834,59,0,-1,,0,0,5.815600000000032,0,8.20979999999949,14.212200000001118,1
710,4.12734693877551,1,1024,0,1.0,-50.461008076404035,0.138965904712677,59,0,-1,,0,0,6.112400000001017,0,9.322500000001455,23.803799999999598,3
711,4.133151927437642,1,1024,0,1.0,-49.933914709162835,0.28909844160079956,59,0,-1,,0,0,9.357599999999522,0,11.67480000000154,20.177200000000894,2
712,4.138956916099773,1,2048,0,1.0,-56.09406307558231,0.04211749508976936,59,0,-1,,0,0,3.685400000000172,0,4.83469999999997,25.094499999999798,1
713,4.144761904761904,1,2048,0,1.0,-56.525472045071055,0.035978905856609344,59,0,-1,,0,0,4.051000000000471,0,6.575699999999074,31.800300000000448,3
714,4.1505668934240365,1,2048,0,1.0,-44.94195808710426,0.10897091031074524,59,0,-1,,0,0,2.6136000000001047,0,3.246499999999486,7.731900000001346,2
715,4.156371882086168,1,2048,0,1.0,-48.24477826473937,0.13459450006484985,59,0,-1,,0,0,2.7468000000006043,0,3.344600000000142,11.077999999999477,4
716,4.162176870748299,1,4096,0,1.0,-40.79586863712854,0.008192252367734909,59,0,-1,,0,0,5.828299999999231,0,6.481600000000753,17.157700000000276,3
717,4.167981859410431,1,4096,0,1.0,-42.25918342205254,0.007911283522844315,64,0,-1,,0,0,2.201699999998752,0,2.9919000000013796,10.63809999999954,5
718,4.173786848072562,1,4096,0,1.0,-41.07818659740314,,-1,0,-1,,0,0,,1,0.39839999999990994,11.085800000000035,4
719,4.179591836734694,1,4096,0,1.0,-34.88736293975956,0.011540405452251434,67,0,-1,,0,0,2.3789000000000726,0,2.7678000000026515,13.868699999999734,3
720,4.1853968253968254,1,4096,0,1.0,-35.605981966315746,0.013253548182547092,67,0,-1,,0,0,2.661699999999101,0,3.392099999999232,7.37140000000025,2
721,4.191201814058957,1,4096,0,1.0,-40.095614163935174,0.015058237127959728,67,0,-1,,0,0,4.592499999999333,0,5.360999999998839,12.827600000001382,1
722,4.197006802721089,1,4096,0,1.0,-47.41331011095846,0.013722822070121765,67,0,-1,,0,0,2.8898000000001645,0,3.7599999999997635,16.781800000000402,0
723,4.20281179138322,1,4096,0,1.0,-47.98134254413821,0.011966504156589508,64,0,-1,,0,0,2.1716999999998876,0,2.8570000000005535,3.1552000000001357,2
724,4.208616780045351,1,4096,0,1.0,-47.71695916238899,0.012223822996020317,64,0,-1,,0,0,2.380300000000446,0,3.024399999999261,6.214299999999895,1
725,4.214421768707483,1,4096,0,1.0,-45.60402538672157,0.01377962063997984,64,0,-1,,0,0,5.392700000001582,0,6.2043000000002735,12.509500000000173,0
726,4.220226757369614,1,4096,0,1.0,-48.31199930300787,0.012094100005924702,64,0,-1,,0,0,2.2423000000006965,0,3.0114999999995007,3.1610000000004135,2
727,4.2260317460317465,1,4096,0,1.0,-47.864572643726035,0.012432745657861233,64,0,-1,,0,0,5.625600000000119,0,6.339099999999931,9.531100000000237,1
728,4.231836734693878,1,4096,0,1.0,-44.96695013568591,0.012598264962434769,64,0,-1,,0,0,2.59740000000086,0,3.5921999999999343,13.26050000000123,0
729,4.237641723356009,1,4096,0,1.0,-46.72791447343673,0.01701674610376358,64,0,-1,,0,0,2.871899999998817,0,3.909200000000723,4.106300000000118,2
730,4.243446712018141,1,4096,0,1.0,-45.97645011469987,0.014136833138763905,64,0,-1,,0,0,4.900600000000921,0,6.053400000000764,10.203000000000628,1
731,4.249251700680272,1,4096,0,1.0,-45.90480747208284,0.014625659212470055,64,0,-1,,0,0,4.0866000000008285,0,5.120500000002082,15.443100000000598,3
732,4.255056689342403,1,4096,0,1.0,-43.037115736927845,0.01362666580826044,64,0,-1,,0,0,2.0770999999992767,0,2.6047000000009035,3.265100000000132,2
733,4.260861678004535,1,4096,0,1.0,-42.99490882806617,0.01695188693702221,64,0,-1,,0,0,2.4644000000009214,0,3.076399999999424,6.3595000000002955,1
734,4.266666666666667,1,4096,0,1.0,-48.382612891252165,0.01924360916018486,64,0,-1,,0,0,4.964400000000424,0,6.172399999998746,12.64719999999997,0
735,4.272471655328798,1,4096,0,1.0,-40.55784791146305,0.013146733865141869,64,0,-1,,0,0,2.960199999998636,0,5.36819999999949,5.602399999999008,2
736,4.27827664399093,1,4096,0,1.0,-43.48018311447802,0.010165267623960972,64,0,-1,,0,0,2.4668000000005463,0,3.1370000000006115,8.795700000000295,1
737,4.284081632653061,1,4096,0,1.0,-41.18472681724293,0.013022824190557003,64,0,-1,,0,0,2.5124999999999176,0,3.0381999999988807,11.895900000000736,0
738,4.289886621315193,1,4096,0,1.0,-40.686966551864955,0.01189117506146431,64,0,-1,,0,0,4.9485999999987484,0,5.796199999998919,5.991200000000418,2
739,4.295691609977324,1,4096,0,1.0,-40.52685741219922,0.012476637959480286,64,0,-1,,0,0,4.2514000000011265,0,5.3523999999978145,11.455199999998555,1
740,4.3014965986394555,1,4096,0,1.0,-39.887532794470715,0.010322794318199158,64,0,-1,,0,0,3.8284999999991243,0,4.6520000000001005,16.20599999999861,3
741,4.307301587301588,1,4096,0,1.0,-39.13932149373201,0.012764292769134045,64,0,-1,,0,0,4.186600000000595,0,4.896100000001624,8.699700000001087,2
742,4.313106575963719,1,4096,0,1.0,-44.10974997594948,0.012966156005859375,64,0,-1,,0,0,1.9257000000010294,0,2.6101000000000596,11.347899999998745,1
743,4.31891156462585,1,4096,0,1.0,-42.2360859114075,0.014762405306100845,64,0,-1,,0,0,2.4806999999995583,0,2.954199999999574,14.341399999999282,0
744,4.324716553287982,1,4096,0,1.0,-50.83514349613565,0.010688462294638157,64,0,-1,,0,0,2.1614999999997053,0,2.914499999999265,3.114400000001183,2
745,4.330521541950113,1,4096,0,1.0,-49.09305241959071,0.008600360713899136,64,0,-1,,0,0,4.59250000000111,0,5.1696000000003295,8.27950000000044,1
746,4.3363265306122445,1,4096,0,1.0,-53.52834730932564,0.007517174351960421,64,0,-1,,0,0,2.970700000000548,0,4.169599999999107,12.574400000000097,0
747,4.342131519274377,1,4096,0,1.0,-51.961116451719256,0.0055102198384702206,64,0,-1,,0,0,5.735599999999508,0,8.017200000001168,8.229399999999387,2
748,4.347936507936508,1,4096,0,1.0,-53.42133150388225,0.0051399897783994675,64,0,-1,,0,0,4.268199999998501,0,5.5981999999996646,13.96200000000114,1
749,4.35374149659864,1,4096,0,1.0,-55.63686566486935,0.004343843553215265,64,0,-1,,0,0,3.2978999999997427,0,4.426999999999737,18.510700000000213,0
750,4.359546485260771,1,4096,0,1.0,-55.490944312141664,0.004155529197305441,64,0,-1,,0,0,2.8567000000006004,0,3.5272000000006187,3.8067000000001627,2
751,4.365351473922902,1,4096,0,1.0,-56.040816541866086,0.0036002814304083586,64,0,-1,,0,0,3.630099999998748,0,4.773399999999484,8.636299999999153,4
752,4.371156462585034,1,4096,0,1.0,-55.0685318478918,0.002706922823563218,66,0,-1,,0,0,2.7495999999995746,0,3.8900999999995634,12.65030000000067,3
753,4.3769614512471655,1,4096,0,1.0,-51.76142951456431,0.003612165106460452,64,0,-1,,0,0,3.5143000000008584,0,5.4107999999981615,9.882199999999841,2
754,4.382766439909297,1,4096,0,1.0,-42.01138336815913,0.004261106252670288,64,0,-1,,0,0,2.6921000000008632,0,3.4399000000000513,13.375200000000476,1
755,4.388571428571429,1,4096,0,1.0,-40.151804483870265,0.0036651743575930595,64,0,-1,,0,0,2.6340999999998616,0,3.2296999999985587,16.684399999999044,0
756,4.39437641723356,1,4096,0,1.0,-40.678692828256054,0.004699922166764736,64,0,-1,,0,0,2.6776000000001687,0,3.6349999999991667,3.8365999999996347,2
757,4.400181405895691,1,4096,0,1.0,-39.487887389195805,0.006805023178458214,64,0,-1,,0,0,2.2818000000004446,0,2.9399999999988324,6.805099999999342,1
758,4.405986394557823,1,4096,0,1.0,-41.55623202959309,0.005841719452291727,64,0,-1,,0,0,2.19790000000053,0,2.6485999999987797,9.483300000001194,0
759,4.4117913832199545,1,4096,0,1.0,-41.019246805899066,0.007048226892948151,64,0,-1,,0,0,2.4409999999992493,0,3.2437000000005156,3.5042999999994606,2
760,4.4175963718820865,1,4096,0,1.0,-38.39441188963522,0.007719052489846945,64,0,-1,,0,0,2.476399999999046,0,3.181300000001386,6.70859999999962,1
761,4.423401360544218,1,4096,0,1.0,-41.29971707444135,0.007069432642310858,64,0,-1,,0,0,2.831300000000425,0,3.528400000000431,10.307899999999037,0
762,4.429206349206349,1,4096,0,1.0,-43.18191674679675,0.007481031119823456,64,0,-1,,0,0,6.1029999999995255,0,7.731800000000177,7.921100000000791,5
763,4.435011337868481,1,4096,0,1.0,-39.02566820369061,,-1,0,-1,,0,0,,1,2.005099999999871,9.953100000000603,4
764,4.440816326530612,1,4096,0,1.0,-42.60193741921576,0.007810861803591251,64,0,-1,,0,0,3.4802000000002664,0,5.017099999998109,15.064600000000539,3
765,4.446621315192743,1,4096,0,1.0,-38.92498439280426,0.00960422120988369,64,0,-1,,0,0,2.663000000000082,0,3.235600000000005,12.010499999998814,2
766,4.4524263038548755,1,4096,0,1.0,-41.60879889843356,0.007317099254578352,64,0,-1,,0,0,4.872199999999438,0,6.006799999999757,18.0801000000006,1
767,4.458231292517007,1,4096,0,1.0,-43.36904788381396,0.009594138711690903,64,0,-1,,0,0,3.924300000001324,0,5.795000000000883,24.05029999999897,3
768,4.464036281179139,1,4096,0,1.0,-41.65328675715355,0.012105066329240799,64,0,-1,,0,0,2.6885999999990418,0,3.662799999998967,7.034199999999657,2
769,4.46984126984127,1,4096,0,1.0,-42.953853563983486,0.014179948717355728,64,0,-1,,0,0,2.216300000000615,0,2.723000000001363,9.76769999999938,1
770,4.475646258503401,1,4096,0,1.0,-43.635797256855625,0.010120734572410583,64,0,-1,,0,0,3.0138999999991256,0,3.651599999999533,13.461200000000062,0
771,4.481451247165533,1,4096,0,1.0,-44.86398751641709,0.01385969016700983,64,0,-1,,0,0,2.470799999999329,0,3.2816999999987218,3.482200000000546,2
772,4.487256235827664,1,4096,0,1.0,-40.55114061932068,0.011547070927917957,64,0,-1,,0,0,2.3838999999998833,0,3.035200000001126,6.570099999999357,1
773,4.493061224489796,1,4096,0,1.0,-46.813067499791366,0.01072465069591999,64,0,-1,,0,0,4.915099999999839,0,5.619499999998112,12.261499999999259,0
774,4.498866213151928,1,4096,0,1.0,-41.32972924459718,0.012277084402740002,64,0,-1,,0,0,3.8250000000008555,0,5.148699999999451,5.422700000000447,2
775,4.504671201814059,1,4096,0,1.0,-43.796121515475264,0.012630942277610302,64,0,-1,,0,0,4.531999999999314,0,10.214199999998286,15.793200000000951,1
776,4.51047619047619,1,4096,0,1.0,-43.437883529058034,0.012023801915347576,64,0,-1,,0,0,2.5524000000007874,0,3.135099999999724,18.978699999999904,3
777,4.516281179138322,1,4096,0,1.0,-47.81598277127945,0.00911725778132677,64,0,-1,,0,0,2.789699999999229,0,3.346799999999206,4.805799999999749,2
778,4.522086167800453,1,4096,0,1.0,-43.16998685805541,0.013301901519298553,64,0,-1,,0,0,6.842299999998858,0,8.440800000000692,13.401200000000557,1
779,4.527891156462585,1,4096,0,1.0,-47.854736459821936,0.011480898596346378,64,0,-1,,0,0,2.536099999998598,0,3.997200000000589,17.487199999999703,3
780,4.533696145124717,1,4096,0,1.0,-46.895781013412076,0.014341209083795547,64,0,-1,,0,0,2.377600000000868,0,3.0084000000005773,6.041999999998993,2
781,4.539501133786848,1,4096,0,1.0,-50.50212541110145,0.008595727384090424,64,0,-1,,0,0,2.039299999999855,0,2.588000000001145,8.660900000000638,1
782,4.54530612244898,1,4096,0,1.0,-52.352098233427846,0.00793594028800726,64,0,-1,,0,0,3.801700000000352,0,4.508099999998905,13.220700000001528,0
783,4.551111111111111,1,4096,0,1.0,-52.62277873842287,0.0062616425566375256,64,0,-1,,0,0,2.407700000000901,0,3.2138000000010436,3.39899999999993,2
784,4.556916099773242,1,4096,0,1.0,-55.90101886646771,0.004153779242187738,64,0,-1,,0,0,3.3308999999999145,0,3.9423999999996795,7.3659999999993175,1
785,4.562721088435374,1,4096,0,1.0,-59.28547544620554,0.004532827530056238,64,0,-1,,0,0,2.2994000000000625,0,3.34250000000047,10.796499999999654,0
786,4.568526077097506,1,4096,0,1.0,-60.61241433154117,0.002756121102720499,64,0,-1,,0,0,3.567099999999712,0,4.371000000000791,4.571600000000231,2
787,4.574331065759637,1,4096,0,1.0,-61.953002609511636,0.002660290338099003,64,0,-1,,0,0,4.844300000000246,0,5.95680000000165,10.617100000001045,1
788,4.580136054421769,1,4096,0,1.0,-62.934858272839726,0.0018973986152559519,64,0,-1,,0,0,2.9479000000005584,0,3.5479000000009364,14.241600000000076,3
789,4.5859410430839,1,4096,0,1.0,-56.375857091330246,0.0019259436521679163,64,0,-1,,0,0,3.3118999999999232,0,4.188499999999706,6.63699999999956,2
790,4.591746031746032,1,4096,0,1.0,-56.20624766846744,0.00235921167768538,64,0,-1,,0,0,2.9941000000004436,0,3.455500000001166,10.105300000001094,1
791,4.597551020408163,1,4096,0,1.0,-50.36007422638343,0.002172688487917185,64,0,-1,,0,0,4.387000000001251,0,5.358500000001598,15.57050000000082,0
792,4.6033560090702945,1,4096,0,1.0,-40.40041263710372,0.003730952739715576,64,0,-1,,0,0,4.450099999999679,0,5.840100000000348,6.156499999999454,2
793,4.609160997732427,1,4096,0,1.0,-41.27111199849906,0.0037145002279430628,64,0,-1,,0,0,4.822100000000162,0,5.958700000000761,12.141400000000857,1
794,4.614965986394558,1,4096,0,1.0,-36.30219587980032,0.006196045782417059,64,0,-1,,0,0,2.7200000000000557,0,3.395000000001147,15.77420000000096,0
795,4.620770975056689,1,4096,0,1.0,-34.92044253132381,0.005674892105162144,64,0,-1,,0,0,1.9530000000003156,0,2.4538000000013938,2.7786000000009636,2
796,4.626575963718821,1,4096,0,1.0,-39.16966053471144,0.008473656140267849,64,0,-1,,0,0,3.4852999999994694,0,3.9987000000003547,6.79009999999991,1
797,4.632380952380952,1,4096,0,1.0,-36.088823363158475,0.008539452217519283,69,0,-1,,0,0,3.4776000000000806,0,4.526600000000158,11.4775999999992,0
798,4.6381859410430835,1,4096,0,1.0,-42.83170970383588,0.008297540247440338,69,0,-1,,0,0,5.047799999999825,0,7.480900000000901,7.853600000000682,2
799,4.6439909297052155,1,4096,0,1.0,-38.233232652525146,0.010041053406894207,69,0,-1,,0,0,2.5022999999997353,0,3.2849999999999824,11.140799999999729,4
800,4.649795918367347,1,4096,0,1.0,-40.669736318852905,0.009803751483559608,69,0,-1,,0,0,1.9975999999992666,0,2.5103999999984694,13.636399999999327,3
801,4.655600907029479,1,4096,0,1.0,-40.35898753564818,0.010509591549634933,69,0,-1,,0,0,2.7525999999991058,0,3.3692999999992423,8.161900000001054,2
802,4.66140589569161,1,4096,0,1.0,-45.76400971625092,0.010745244100689888,69,0,-1,,0,0,3.852399999999534,0,4.6829000000006005,12.914999999999566,1
803,4.667210884353741,1,4096,0,1.0,-42.977284985971465,0.011926659382879734,69,0,-1,,0,0,2.40270000000109,0,3.071300000000221,16.13980000000126,0
804,4.673015873015873,1,4096,0,1.0,-48.02153911757206,0.01025243941694498,70,0,-1,,0,0,4.615100000000538,0,5.423999999999651,5.620099999999795,2
805,4.6788208616780045,1,4096,0,1.0,-49.891729136442436,0.01042139157652855,69,0,-1,,0,0,2.292600000000533,0,2.9791999999986274,8.661500000000544,1
806,4.684625850340136,1,4096,0,1.0,-48.27192824981766,0.01218064222484827,70,0,-1,,0,0,2.4031000000004354,0,2.904100000000298,11.61600000000007,0
807,4.690430839002268,1,4096,0,1.0,-50.04719562798638,0.010485426522791386,70,0,-1,,0,0,5.436299999999505,0,6.2115999999985405,6.388199999999955,2
808,4.696235827664399,1,4096,0,1.0,-53.149303671825166,0.011878644116222858,70,0,-1,,0,0,3.962599999999483,0,5.097700000002092,11.610000000001008,1
809,4.702040816326531,1,4096,0,1.0,-53.98151518422742,0.012046309188008308,70,0,-1,,0,0,4.287899999999567,0,5.4061999999994725,17.136499999999444,0
810,4.707845804988662,1,4096,0,1.0,-56.93568330204214,0.007012269925326109,70,0,-1,,0,0,3.3516999999996244,0,4.767399999998645,4.929800000001094,2
811,4.713650793650793,1,4096,0,1.0,-58.048729365913026,0.0052057248540222645,69,0,-1,,0,0,2.863800000000083,0,3.655600000000092,7.870399999999833,4
812,4.7194557823129255,1,4096,0,1.0,-57.156338611162184,0.004123107064515352,69,0,-1,,0,0,4.435000000000855,0,5.437399999999926,13.397199999999998,3
813,4.725260770975057,1,4096,0,1.0,-58.43357916411282,0.004024924244731665,69,0,-1,,0,0,2.9234000000002425,0,3.5754999999983994,11.750700000000336,2
814,4.731065759637188,1,4096,0,1.0,-62.12526334685584,0.0030776893254369497,69,0,-1,,0,0,4.182700000001205,0,5.022900000000163,16.814899999999966,1
815,4.73687074829932,1,4096,0,1.0,-62.868537085758895,0.002917640144005418,69,0,-1,,0,0,6.334599999998858,0,10.168400000001299,27.122399999999658,3
816,4.742675736961451,1,4096,0,1.0,-64.35596265692497,0.0027614289429038763,64,0,-1,,0,0,3.3881999999998413,0,4.123800000000344,11.381100000001254,2
817,4.748480725623582,1,4096,0,1.0,-63.93334803361641,0.0025050402618944645,64,0,-1,,0,0,3.349699999999345,0,4.193199999999564,15.57309999999923,1
818,4.7542857142857144,1,4096,0,1.0,-61.07626953921665,0.002512899925932288,64,0,-1,,0,0,2.1941000000005317,0,3.884799999998023,19.540000000001,0
819,4.760090702947846,1,4096,0,1.0,-66.67344626990425,0.00253892969340086,59,0,-1,,0,0,2.708099999999547,0,3.586200000000872,3.7365000000004756,2
820,4.765895691609978,1,512,1,1.0,-69.52804658298072,0.02101898193359375,59,0,-1,,0,0,2.9040999999985218,0,3.5138999999997367,7.2883000000008025,4
821,4.771700680272109,1,512,0,1.0,-70.73496975639227,0.02054169587790966,59,0,-1,,0,0,2.4295999999992546,0,3.0114999999995007,10.35210000000042,3
822,4.77750566893424,1,512,0,1.0,-71.98558767859168,0.02077474072575569,59,0,-1,,0,0,3.5620999999999015,0,4.540500000000947,8.527400000000185,2
823,4.783310657596372,1,1024,0,1.0,-64.07415259563324,0.021404361352324486,59,0,-1,,0,0,2.1556999999994275,0,2.565300000002324,11.087699999999145,1
824,4.789115646258503,1,1024,0,1.0,-57.60233518758115,0.03162139654159546,59,0,-1,,0,0,2.0036999999994975,0,2.395700000001,13.49979999999995,0
825,4.794920634920635,1,2048,0,1.0,-49.84484387982634,0.042891889810562134,59,0,-1,,0,0,3.869700000000975,0,4.911599999999794,5.252900000000338,2
826,4.800725623582767,1,2048,0,1.0,-47.77774232344447,0.10979112237691879,59,0,-1,,0,0,2.4359000000000464,0,3.6839000000004063,8.933600000000652,1
827,4.806530612244898,1,2048,0,1.0,-43.564822497436126,0.159354105591774,59,0,-1,,0,0,2.4906999999991797,0,2.9336000000004248,11.908699999999328,0
828,4.812335600907029,1,2048,0,1.0,-42.17561058996269,0.14492720365524292,59,0,-1,,0,0,2.0657000000010584,0,3.458500000000697,3.855399999999065,2
829,4.818140589569161,1,4096,0,1.0,-45.46758009731582,0.007378974463790655,59,0,-1,,0,0,2.949600000000885,0,3.4893999999976444,7.365599999999972,1
830,4.823945578231292,1,4096,0,1.0,-41.455529137766085,0.008245700970292091,64,0,-1,,0,0,3.670200000000179,0,4.537600000000808,11.999699999998725,0
831,4.829750566893424,1,4096,0,1.0,-40.9086034361174,0.008780729956924915,66,0,-1,,0,0,2.5066000000002475,0,3.214799999998519,3.491300000000308,2
832,4.835555555555556,1,4096,0,1.0,-40.29010693732123,0.009454090148210526,66,0,-1,,0,0,2.5896000000003028,0,3.135200000000893,6.644400000000772,4
833,4.841360544217687,1,4096,0,1.0,-40.32012931574027,0.01084567978978157,66,0,-1,,0,0,3.2994999999989005,0,4.142900000001504,10.863799999999202,3
834,4.847165532879819,1,4096,0,1.0,-37.84583781123971,0.01288649719208479,66,0,-1,,0,0,2.3797000000005397,0,2.9716000000021836,9.121899999998462,2
835,4.85297052154195,1,4096,0,1.0,-38.253839585410844,0.01581723242998123,66,0,-1,,0,0,2.0802999999993688,0,2.6607000000016257,11.815699999999651,1
836,4.858775510204081,1,4096,0,1.0,-39.954226447099295,0.01774344965815544,66,0,-1,,0,0,1.9577999999995654,0,2.369699999999142,14.2231000000006,0
837,4.864580498866213,1,4096,0,1.0,-40.364365353798526,0.0176704004406929,66,0,-1,,0,0,3.030499999999492,0,3.702799999999229,3.97409999999887,2
838,4.8703854875283445,1,4096,0,1.0,-39.32392541192841,0.02109650894999504,66,0,-1,,0,0,2.0832999999989,0,2.7484999999991544,6.678199999999634,1
839,4.876190476190477,1,4096,0,1.0,-43.648175475862075,0.02253502421081066,66,0,-1,,0,0,2.225600000000938,0,2.6388000000014955,9.31059999999917,0
840,4.881995464852608,1,4096,0,1.0,-47.696307475100994,0.02404090389609337,66,0,-1,,0,0,3.8154999999999717,0,4.666400000001403,4.8344000000000165,2
841,4.887800453514739,1,4096,0,1.0,-49.50359584984432,0.02204359695315361,66,0,-1,,0,0,3.770199999999946,0,4.650500000000335,9.54229999999967,1
842,4.893605442176871,1,4096,0,1.0,-45.94116359130348,0.026493333280086517,66,0,-1,,0,0,4.632700000000156,0,5.353200000000058,14.95909999999867,0
843,4.899410430839002,1,4096,0,1.0,-47.07688126090784,0.02624872885644436,66,0,-1,,0,0,4.001600000000494,0,4.893600000000831,5.084399999999434,2
844,4.9052154195011335,1,4096,0,1.0,-51.56211021022004,0.01712285913527012,66,0,-1,,0,0,4.58150000000046,0,5.3773000000010285,10.513599999999457,1
845,4.911020408163266,1,4096,0,1.0,-49.72953201262027,0.013533025979995728,66,0,-1,,0,0,3.512300000000579,0,4.613400000000212,15.463000000000449,3
846,4.916825396825397,1,4096,0,1.0,-51.976807017122084,0.010255240835249424,66,0,-1,,0,0,3.7148000000009063,0,4.539100000000573,5.275199999999813,2
847,4.922630385487528,1,4096,0,1.0,-57.479590461920864,0.00592152401804924,66,0,-1,,0,0,3.436800000001128,0,4.651000000000849,10.020900000000665,1
848,4.92843537414966,1,4096,0,1.0,-61.76868493090146,0.003878374118357897,66,0,-1,,0,0,3.3080000000005327,0,7.092799999998789,17.675199999999336,0
849,4.934240362811791,1,4096,0,1.0,-66.22075317571765,0.0024559644516557455,66,0,-1,,0,0,2.5153000000006642,0,3.1242000000002434,3.3509000000009337,2
850,4.940045351473923,1,4096,0,1.0,-63.704113521633595,0.0016412991099059582,66,0,-1,,0,0,2.2066000000009467,0,2.7700000000017155,6.151000000000906,1
851,4.9458503401360545,1,4096,0,1.0,-57.79057100547525,0.0014177875127643347,66,0,-1,,0,0,2.985600000000588,0,3.585100000002228,9.792299999999088,0
852,4.951655328798186,1,4096,0,1.0,-61.01350685619721,0.0016368514625355601,66,0,-1,,0,0,2.7393,0,3.698399999997548,3.8759000000005983,2
853,4.957460317460318,1,4096,0,1.0,-63.178122188832404,0.0012948083458468318,66,0,-1,,0,0,4.8799999999999955,0,7.31600000000121,11.328899999998754,1
854,4.963265306122449,1,512,1,1.0,-68.08322847261127,0.023442290723323822,59,0,-1,,0,0,4.468799999999717,0,7.195600000001079,18.614299999999417,3
855,4.96907029478458,1,512,0,0.951615187307033,-68.39472055499034,0.02164139226078987,59,0,-1,,0,0,3.0898999999990906,0,3.615899999999783,6.731700000001339,2
856,4.974875283446712,1,512,0,1.0,-68.78620188599336,0.021416189149022102,59,0,-1,,0,0,2.100300000000388,0,3.402799999999928,10.33720000000038,1
857,4.9806802721088435,1,1024,0,1.0,-80.96465558009885,0.020067259669303894,59,0,-1,,0,0,1.799200000000667,0,2.6620999999984463,13.068999999999775,3
858,4.986485260770975,1,1024,0,0.01035150630191677,-78.58982120483884,0.020010100677609444,59,0,-1,,0,0,1.9431000000000864,0,2.311799999999309,4.825999999999553,2
859,4.992290249433107,1,2048,0,0.0,-82.23165413767364,0.017872599884867668,59,0,-1,,0,0,1.9294999999992513,0,2.3701000000002637,7.224000000000785,1
860,4.998095238095238,1,2048,0,1.0,-84.4514186418345,0.018831560388207436,59,0,-1,,0,0,2.2052999999999656,0,2.8666999999984455,10.149900000000045,0
861,5.00390022675737,1,2048,0,0.048027326381401586,-84.75222268616336,0.019494498148560524,59,0,-1,,0,0,2.0015000000004335,0,2.6812000000013825,2.8319000000003314,2
862,5.009705215419501,1,2048,0,0.0,-88.1664099408516,0.019726384431123734,59,0,-1,,0,0,2.6692000000014815,0,3.113200000003147,5.951200000000156,1
863,5.015510204081632,1,4096,0,0.0,-92.00404233724903,0.0023345339577645063,59,0,-1,,0,0,3.0103999999990805,0,3.635899999999026,9.653500000000648,0
864,5.0213151927437645,1,4096,0,0.0,-92.28888544184314,0.002339819446206093,59,0,-1,,0,0,2.314499999998887,0,3.0367000000008915,3.201400000000021,2
865,5.027120181405896,1,4096,0,0.0,-92.07989257680894,0.002469119615852833,59,0,-1,,0,0,4.331099999999921,0,4.948399999999964,8.174800000000815,1
866,5.032925170068027,1,4096,0,0.0,-92.48038638800487,0.002558645559474826,59,0,-1,,0,0,2.6729999999997034,0,4.589700000000363,12.976700000001173,0
867,5.038730158730159,1,4096,0,0.0,-92.82969788189533,0.0025466682855039835,59,0,-1,,0,0,3.1061000000001115,0,4.326999999998193,4.643500000000245,2
868,5.04453514739229,1,4096,0,0.0,-91.5975838329008,0.0026439453940838575,59,0,-1,,0,0,1.87200000000054,0,2.30720000000062,6.9037999999999045,1
869,5.050340136054421,1,4096,0,0.0,-93.27625698954384,0.0026253839023411274,59,0,-1,,0,0,2.2415000000002294,0,3.2810000000011996,10.20069999999862,3
870,5.056145124716553,1,4096,0,0.0,-92.68072260134156,0.002641035011038184,59,0,-1,,0,0,1.7706000000003996,0,2.1242000000007977,4.955700000000007,2
871,5.061950113378685,1,4096,0,0.0,-93.51802597386438,0.0026211768854409456,59,0,-1,,0,0,1.9770000000001176,0,2.431299999999581,6.99380000000005,1
872,5.067755102040817,1,4096,0,0.0,-93.2427916041122,0.002634563250467181,59,0,-1,,0,0,3.3946000000000254,0,4.029999999998424,11.047799999998276,0
873,5.073560090702948,1,4096,0,0.0,-95.98564066195814,0.002641214756295085,59,0,-1,,0,0,3.726799999999031,0,4.7778000000011644,4.978400000000605,2
874,5.079365079365079,1,4096,0,0.0,-96.59003495889704,0.0026313187554478645,59,0,-1,,0,0,2.3980000000012325,0,2.9932000000005843,7.997299999999541,1
875,5.085170068027211,1,4096,0,0.0,-95.9233973547883,0.0026304894126951694,59,0,-1,,0,0,1.8332999999994826,0,2.4426999999995758,10.513800000000018,0
876,5.090975056689342,1,4096,0,0.0,-97.04540980062914,0.002635669894516468,59,0,-1,,0,0,2.387000000000583,0,2.9551999999988254,3.10990000000011,2
877,5.0967800453514736,1,4096,0,0.0,-96.51857380658345,0.0026337953750044107,59,0,-1,,0,0,3.026499999998933,0,3.7736000000005987,6.937699999999936,1
878,5.102585034013606,1,4096,0,0.0,-97.46514278371254,0.0026342386845499277,59,0,-1,,0,0,2.0980999999995475,0,2.8193999999999164,9.815099999999077,0
879,5.108390022675737,1,4096,0,0.0,-97.20846808077347,0.0026335674338042736,59,0,-1,,0,0,3.5802000000000334,0,4.590300000000269,4.817000000000959,2
880,5.114195011337869,1,4096,0,0.0,-96.66269167130112,,-1,0,-1,,0,0,,1,1.0769999999986624,5.942400000000347,4
881,5.12,1,4096,0,0.0,-95.80152468536258,0.0026345555670559406,59,0,-1,,0,0,4.7349000000007635,0,5.553400000000153,11.55930000000005,3
882,5.125804988662131,1,4096,0,0.0,-96.37908519400071,0.0026328284293413162,59,0,-1,,0,0,3.6005000000010057,0,5.357000000000056,11.652299999999727,2
883,5.131609977324263,1,4096,0,0.0,-97.55418651162195,0.002635152079164982,59,0,-1,,0,0,3.339099999999817,0,4.0431999999999135,15.755700000001482,1
884,5.137414965986395,1,4096,0,0.0,-96.04878903049143,0.0026339166797697544,59,0,-1,,0,0,1.9925000000000637,0,2.5443000000020533,18.354699999999724,0
885,5.143219954648526,1,4096,0,0.0,-96.8882527379592,0.0026330009568482637,59,0,-1,,0,0,6.179599999999397,0,6.784999999998931,6.989600000000706,2
886,5.149024943310658,1,4096,0,0.0,-96.31098574877738,0.002635677345097065,59,0,-1,,0,0,4.42250000000044,0,5.6613999999992615,12.77160000000066,1
887,5.154829931972789,1,4096,0,0.0,-96.59003495889704,0.002635309938341379,59,0,-1,,0,0,4.200400000000215,0,5.319300000000027,18.231699999999407,0
888,5.16063492063492,1,4096,0,0.0,-96.11286916969236,0.0026340908370912075,59,0,-1,,0,0,3.830200000001227,0,4.636500000000154,4.856900000000053,2
889,5.166439909297052,1,4096,0,0.0,-96.51857380658345,0.002633513417094946,59,0,-1,,0,0,2.2114000000001965,0,2.694100000001143,7.540199999999331,1
890,5.1722448979591835,1,4096,0,0.0,-96.17790898892383,0.0026341094635427,59,0,-1,,0,0,3.0975000000008635,0,3.6728000000003647,11.242799999999775,0
891,5.178049886621316,1,4096,0,0.0,-93.77405164321351,0.0026345131918787956,59,0,-1,,0,0,2.4415000000015397,0,3.1348999999991634,3.356600000000043,2
892,5.183854875283447,1,4096,0,0.4896984295935255,-82.0505937447797,0.002634149743244052,59,0,-1,,0,0,4.329300000000202,0,5.2077999999990965,8.611999999999398,1
893,5.189659863945578,1,4096,0,1.0,-71.41001534636437,0.002642738865688443,59,0,-1,,0,0,4.903999999999797,0,5.926699999998064,14.65909999999937,3
894,5.19546485260771,1,512,1,1.0,-57.97584153562915,0.024235809221863747,59,0,-1,,0,0,2.12540000000061,0,3.2931999999981088,4.400300000000357,2
895,5.201269841269841,1,512,0,1.0,-61.37955095708175,0.02942810021340847,59,0,-1,,0,0,2.005600000000385,0,2.4166999999994943,6.757600000000252,1
896,5.2070748299319725,1,512,0,1.0,-51.029340928380336,0.06249170005321503,59,0,-1,,0,0,2.4132999999988414,0,2.8186000000012257,9.576999999998392,0
897,5.2128798185941045,1,1024,0,1.0,-50.63474342401716,0.031114362180233,59,0,-1,,0,0,4.260000000000375,0,5.429600000001145,6.083500000000797,2
898,5.218684807256236,1,1024,0,1.0,-50.16412429054164,0.08617404848337173,59,0,-1,,0,0,3.3954999999998847,0,4.729599999999223,10.7557000000007,1
899,5.224489795918367,1,2048,0,1.0,-49.53047390984838,0.046577706933021545,59,0,-1,,0,0,4.348399999999586,0,5.222899999999697,15.96490000000017,0
900,5.230294784580499,1,2048,0,1.0,-55.382653565575424,0.04192313179373741,59,0,-1,,0,0,6.9926000000002375,0,9.06789999999802,9.454999999999103,2
901,5.23609977324263,1,2048,0,1.0,-53.15009004955195,0.04680369421839714,59,0,-1,,0,0,3.377900000000267,0,4.284399999999522,14.06430000000114,4
902,5.241904761904762,1,2048,0,1.0,-53.34562844205391,0.0364437997341156,59,0,-1,,0,0,2.844100000000793,0,3.824399999999173,17.947400000000613,3
903,5.2477097505668935,1,4096,0,1.0,-55.29560661236549,0.0033920954447239637,59,0,-1,,0,0,5.250000000000199,0,6.462300000002585,12.482999999999578,5
904,5.253514739229025,1,4096,0,1.0,-52.591191687786036,,-1,0,-1,,0,0,,1,1.1118000000003292,13.71950000000055,4
905,5.259319727891157,1,4096,0,1.0,-51.65794905897248,0.0035436279140412807,59,0,-1,,0,0,3.2578000000000884,0,3.863200000001399,17.662999999998874,3
906,5.265124716553288,1,4096,0,1.0,-52.782491377611265,0.00413940753787756,59,0,-1,,0,0,5.875700000000705,0,6.995500000002153,15.761100000002415,2
907,5.270929705215419,1,4096,0,1.0,-51.64832486219303,0.004212070256471634,59,0,-1,,0,0,4.848300000002581,0,7.949400000001106,24.1088999999981,4
908,5.276734693877551,1,4096,0,1.0,-51.298448265771356,0.0034148176200687885,59,0,-1,,0,0,2.769100000001856,0,3.537599999997809,27.70049999999813,3
909,5.282539682539682,1,4096,0,1.0,-51.646360107743654,0.003602747106924653,59,0,-1,,0,0,3.4354000000007545,0,4.178499999998309,8.764499999998066,2
910,5.288344671201814,1,4096,0,1.0,-50.007931964360594,0.003342175856232643,59,0,-1,,0,0,4.948900000002254,0,6.147499999997308,15.063099999998997,1
911,5.294149659863946,1,4096,0,1.0,-49.16250023198724,0.0032372951973229647,59,0,-1,,0,0,3.1706000000006895,0,3.743500000002342,18.870999999997196,3
912,5.299954648526077,1,4096,0,1.0,-45.90004969846326,0.003118538996204734,59,0,-1,,0,0,3.1746999999988645,0,4.136100000003751,5.929199999997081,2
913,5.305759637188209,1,4096,0,1.0,-42.62211736741891,0.003897294867783785,59,0,-1,,0,0,4.718499999999182,0,5.8806000000046765,11.872700000001402,1
914,5.31156462585034,1,4096,0,1.0,-42.11407055541187,0.004197405185550451,59,0,-1,,0,0,4.014900000001376,0,5.453499999998002,17.49590000000012,0
915,5.317369614512471,1,4096,0,1.0,-42.79970658677607,0.0039741527289152145,59,0,-1,,0,0,3.2624000000005537,0,4.519600000001844,4.685799999997187,2
916,5.3231746031746034,1,4096,0,1.0,-41.453184466461295,0.003418809035792947,59,0,-1,,0,0,4.831499999998101,0,6.289300000002385,11.086200000001156,1
917,5.328979591836735,1,4096,0,1.0,-38.688315562679776,0.004294566810131073,59,0,-1,,0,0,2.512200000001741,0,3.2777999999993312,14.447199999999327,3
918,5.334784580498866,1,4096,0,1.0,-43.32478941070676,0.0045767612755298615,59,0,-1,,0,0,2.606099999997724,0,3.0767999999987694,5.5011000000000365,2
919,5.340589569160998,1,4096,0,1.0,-43.12237962184132,0.0037879650481045246,59,0,-1,,0,0,2.5637999999972294,0,3.099500000001143,8.602199999998561,1
920,5.346394557823129,1,4096,0,1.0,-41.004019726173425,0.003713103011250496,59,0,-1,,0,0,3.3161999999968828,0,3.9693000000013967,12.620199999997084,0
921,5.352199546485261,1,4096,0,1.0,-43.7658348547902,0.0032634155359119177,59,0,-1,,0,0,4.439300000001367,0,5.7723000000002855,5.969799999999026,2
922,5.358004535147392,1,4096,0,1.0,-41.5167030474221,0.00336392386816442,53,0,-1,,0,0,4.497900000000499,0,6.03489999999951,12.148299999999779,1
923,5.363809523809524,1,4096,0,1.0,-40.54323851296652,0.0031219159718602896,59,0,-1,,0,0,2.9864999999986708,0,3.6921999999997013,15.274500000000302,3
924,5.369614512471656,1,4096,0,1.0,-42.38272647346803,0.003547829808667302,64,0,-1,,0,0,3.3794999999976483,0,4.246999999999446,5.415800000001525,2
925,5.375419501133787,1,4096,0,1.0,-45.97489205064071,0.003050071420148015,64,0,-1,,0,0,5.186500000000649,0,6.194600000000605,11.676800000000043,1
926,5.381224489795918,1,4096,0,1.0,-47.02095540173518,0.0026313227135688066,64,0,-1,,0,0,4.320400000001001,0,6.588100000001873,18.63100000000273,3
927,5.38702947845805,1,4096,0,1.0,-46.83219169630786,0.002157052280381322,64,0,-1,,0,0,3.967299999999341,0,5.140000000000811,11.03649999999945,2
928,5.392834467120181,1,4096,0,1.0,-50.659111934039025,0.002169732702895999,64,0,-1,,0,0,4.860600000000659,0,5.873700000002202,16.949100000001494,1
929,5.3986394557823125,1,4096,0,1.0,-50.73277568417038,0.0020734306890517473,64,0,-1,,0,0,3.0090999999998758,0,4.210099999998107,21.29419999999982,0
930,5.404444444444445,1,4096,0,1.0,-52.11040076670549,0.002037035534158349,64,0,-1,,0,0,4.022500000001372,0,5.091500000002469,5.354600000000431,2
931,5.410249433106576,1,4096,0,1.0,-48.696066033160406,0.0027406513690948486,64,0,-1,,0,0,2.866400000002045,0,4.5114999999995575,10.115100000000155,1
932,5.416054421768708,1,4096,0,1.0,-44.77359717395011,0.0027384015265852213,72,0,-1,,0,0,2.6295999999987885,0,3.2040999999978226,13.367999999999824,0
933,5.421859410430839,1,4096,0,1.0,-43.44948405596718,0.006171755027025938,64,0,-1,,0,0,2.2464999999982638,0,3.017599999996179,3.212300000001278,2
934,5.42766439909297,1,4096,0,1.0,-43.90170351491693,0.007780933752655983,69,0,-1,,0,0,5.207300000002135,0,5.975799999998088,9.235900000000186,1
935,5.433469387755102,1,4096,0,1.0,-46.35566221724406,0.00575602613389492,69,0,-1,,0,0,4.572199999998361,0,5.9611000000003855,15.389900000002399,0
936,5.4392743764172335,1,4096,0,1.0,-49.76075291507874,0.005864465609192848,69,0,-1,,0,0,6.047300000002309,0,9.47880000000012,9.957899999999853,5
937,5.445079365079365,1,4096,0,1.0,-50.791091965714806,,-1,0,-1,,0,0,,1,1.1763000000009072,11.157600000000656,4
938,5.450884353741497,1,4096,0,1.0,-53.29635777778044,0.006001826375722885,69,0,-1,,0,0,5.70420000000027,0,6.682999999998884,17.913199999998852,3
939,5.456689342403628,1,4096,0,1.0,-55.57385942683891,0.0039336602203547955,69,0,-1,,0,0,5.57020000000108,0,7.462699999997824,16.49460000000147,2
940,5.462494331065759,1,4096,0,1.0,-54.363811715909364,0.004196843598037958,69,0,-1,,0,0,4.25870000000117,0,5.5098999999998455,22.091899999999498,1
941,5.468299319727891,1,4096,0,1.0,-53.35866045942421,0.003634605323895812,69,0,-1,,0,0,4.998000000000502,0,6.009900000002233,28.208499999998082,3
942,5.4741043083900225,1,4096,0,1.0,-55.31066103002576,0.0038002189248800278,69,0,-1,,0,0,4.516299999998807,0,5.771899999999164,8.972700000001055,2
943,5.479909297052155,1,4096,0,1.0,-56.14263733836714,0.003999806474894285,69,0,-1,,0,0,3.799399999998343,0,4.802399999999096,13.81449999999873,1
944,5.485714285714286,1,4096,0,1.0,-57.87842167062706,0.003340486204251647,69,0,-1,,0,0,4.007600000001332,0,5.966400000001926,19.883100000001264,3
945,5.491519274376417,1,4096,0,1.0,-55.03228553731678,0.004051289055496454,69,0,-1,,0,0,2.891800000000444,0,3.611800000001608,9.200499999998613,2
946,5.497324263038549,1,4096,0,1.0,-47.11225418143006,0.006187158171087503,69,0,-1,,0,0,3.036499999996778,0,3.566200000001629,12.761799999999823,1
947,5.50312925170068,1,4096,0,1.0,-43.75653757790661,0.008417353965342045,69,0,-1,,0,0,4.971600000001075,0,6.074399999999258,18.945699999999732,0
948,5.508934240362811,1,4096,0,1.0,-40.86612040225322,0.009549534879624844,69,0,-1,,0,0,3.4063000000017496,0,4.975900000001587,5.22409999999951,5
949,5.5147392290249435,1,4096,0,1.0,-39.21874188128167,,-1,0,-1,,0,0,,1,0.7897999999997296,6.040599999998619,4
950,5.520544217687075,1,4096,0,1.0,-39.11778180820383,0.008632319048047066,64,0,-1,,0,0,5.12600000000063,0,5.989400000004252,12.100099999997838,3
951,5.526349206349207,1,4096,0,1.0,-41.62077528188946,0.006668254733085632,64,0,-1,,0,0,3.2874999999989996,0,4.679899999999293,12.271699999999441,2
952,5.532154195011338,1,4096,0,1.0,-42.84543813482748,0.008067036978900433,64,0,-1,,0,0,2.9855000000011955,0,3.7427000000000987,16.04279999999747,3
953,5.537959183673469,1,4096,0,1.0,-44.79921216539598,0.00871939305216074,64,0,-1,,0,0,6.1134999999978845,0,7.874699999998569,24.007300000000953,3
954,5.543764172335601,1,4096,0,1.0,-42.982705141234106,0.010360938496887684,64,0,-1,,0,0,3.0858000000009156,0,4.509399999999886,12.941399999998993,2
955,5.5495691609977325,1,4096,0,1.0,-51.09285266432677,0.009204183705151081,64,0,-1,,0,0,2.615500000000992,0,3.282299999998628,16.23530000000173,1
956,5.555374149659864,1,4096,0,1.0,-52.00083410020384,0.008261207491159439,66,0,-1,,0,0,3.405899999997075,0,3.9143000000017025,19.088299999999947,0
957,5.561179138321996,1,4096,0,1.0,-51.84484641765371,0.007669691927731037,67,0,-1,,0,0,2.651000000000181,0,3.548000000002105,3.640699999998276,2
958,5.566984126984127,1,4096,0,1.0,-53.23435061973959,0.00832507573068142,67,0,-1,,0,0,2.682499999998811,0,3.4179999999963684,6.839899999999233,1
959,5.572789115646258,1,4096,0,1.0,-53.715563622364854,0.008616338483989239,67,0,-1,,0,0,2.3876999999998816,0,2.920499999998327,9.819199999999029,0
960,5.57859410430839,1,4096,0,1.0,-52.629772781480774,0.00924274418503046,67,0,-1,,0,0,4.2223999999997375,0,5.460499999998092,5.715399999999704,2
961,5.584399092970521,1,4096,0,1.0,-54.87357914322907,0.009387883357703686,67,0,-1,,0,0,4.542300000000665,0,5.663300000001925,11.47669999999934,1
962,5.5902040816326535,1,4096,0,1.0,-56.160255317062955,0.008137807250022888,67,0,-1,,0,0,8.094799999998514,0,9.934300000004725,22.124999999999062,3
963,5.596009070294785,1,4096,0,1.0,-59.314859508546704,0.006954486016184092,67,0,-1,,0,0,7.9531999999993275,0,9.549599999999714,17.477599999999427,5
964,5.601814058956916,1,4096,0,1.0,-58.199105219038145,,-1,0,-1,,0,0,,1,2.0054999999992162,19.72819999999942,4
965,5.607619047619048,1,4096,0,1.0,-52.01067556010389,0.005073578096926212,67,0,-1,,0,0,5.091099999997795,0,6.257600000001418,26.078200000000606,3
966,5.613424036281179,1,4096,0,1.0,-58.261375357957036,0.0028792053926736116,67,0,-1,,0,0,8.245600000002185,0,10.020300000004312,21.582199999997442,2
967,5.61922902494331,1,4096,0,1.0,-53.699165167571834,0.003164441091939807,67,0,-1,,0,0,4.002700000000914,0,5.358199999999869,26.988599999999252,4
968,5.625034013605442,1,4096,0,1.0,-53.23241461810784,0.001967002172023058,67,0,-1,,0,0,4.800199999998256,0,5.667899999998838,32.71469999999965,3
969,5.630839002267574,1,4096,0,1.0,-48.75153283866565,0.002383675891906023,67,0,-1,,0,0,5.146199999998657,0,6.530599999997833,13.010899999997605,2
970,5.636643990929705,1,4096,0,1.0,-43.665682421952184,,-1,0,-1,,0,0,,1,0.9972999999980914,14.086100000000101,4
971,5.642448979591837,1,4096,0,1.0,-47.09928193291873,0.0038088972214609385,67,0,-1,,0,0,2.9763999999978807,0,3.523900000004687,17.649299999998647,3
972,5.648253968253968,1,4096,0,1.0,-45.806132680888865,0.004355025943368673,67,0,-1,,0,0,6.430699999999234,0,7.427500000002141,11.537300000000528,5
973,5.6540589569161,1,4096,0,1.0,-46.52722616649939,,-1,0,-1,,0,0,,1,0.6683999999985701,12.308100000002042,4
974,5.659863945578231,1,4096,0,1.0,-45.826646327185315,0.004759868606925011,69,0,-1,,0,0,3.604899999999134,0,4.275599999999713,16.629999999999256,3
975,5.6656689342403626,1,4096,0,1.0,-42.85389456217567,0.005994793027639389,69,0,-1,,0,0,2.784800000000587,0,3.4610999999991066,10.762499999998454,2
976,5.671473922902495,1,4096,0,1.0,-44.15872009877014,0.00675943773239851,69,0,-1,,0,0,7.5678000000003465,0,8.454000000003958,19.184500000001492,1
977,5.677278911564626,1,4096,0,1.0,-45.72836112925576,0.006592877674847841,64,0,-1,,0,0,4.366300000000933,0,6.562100000003568,25.94370000000268,3
978,5.683083900226757,1,4096,0,1.0,-51.244732214430684,0.005609326530247927,64,0,-1,,0,0,5.158500000000288,0,6.404900000003266,11.264499999999344,2
979,5.688888888888889,1,4096,0,1.0,-48.43740814220148,0.006516114808619022,64,0,-1,,0,0,4.475200000001678,0,6.868799999999453,18.390199999998913,1
980,5.69469387755102,1,4096,0,1.0,-50.487328625878156,0.0053851730190217495,64,0,-1,,0,0,2.6754999999987206,0,3.6906999999999357,22.15969999999956,3
981,5.7004988662131515,1,4096,0,1.0,-54.2683662553922,0.004482944030314684,64,0,-1,,0,0,3.527800000000525,0,4.310100000001427,7.294000000001688,2
982,5.706303854875284,1,4096,0,1.0,-52.61567186514739,0.00411444203928113,64,0,-1,,0,0,4.742700000001321,0,6.034099999997267,13.476600000000616,1
983,5.712108843537415,1,4096,0,1.0,-54.910633457388656,0.0036482864525169134,64,0,-1,,0,0,2.6484999999993875,0,3.272800000001297,16.797900000000254,0
984,5.717913832199547,1,4096,0,1.0,-56.50405782229974,0.003664693795144558,64,0,-1,,0,0,4.990700000000459,0,5.808399999995828,5.98680000000229,2
985,5.723718820861678,1,4096,0,1.0,-58.62481491031997,0.00304987165145576,64,0,-1,,0,0,2.830699999996966,0,3.5279999999993095,9.568600000001481,4
986,5.729523809523809,1,4096,0,1.0,-61.304766765127866,0.0028015451971441507,64,0,-1,,0,0,2.4593999999993343,0,2.976900000000171,12.595400000002144,3
987,5.735328798185941,1,4096,0,1.0,-66.91826901753178,0.0022467041853815317,64,0,-1,,0,0,3.4375000000004263,0,4.064700000000698,8.037800000000317,2
988,5.7411337868480725,1,4096,0,1.0,-63.62917232799398,0.001958386739715934,64,0,-1,,0,0,3.5881999999993752,0,4.352900000000659,12.431899999999274,1
989,5.746938775510204,1,4096,0,1.0,-62.911969116722744,0.0021793374326080084,64,0,-1,,0,0,5.08440000000121,0,6.646599999999836,19.229000000002827,0
990,5.752743764172336,1,4096,0,1.0,-64.99394634162171,0.0022385672200471163,64,0,-1,,0,0,4.524899999999832,0,5.42469999999895,5.739800000000628,2
991,5.758548752834467,1,512,1,1.0,-67.87452198706623,0.021591465920209885,59,0,-1,,0,0,4.608900000000915,0,6.092200000001213,11.944399999997302,1
992,5.764353741496599,1,512,0,1.0,-71.85310742284437,0.02173970639705658,59,0,-1,,0,0,2.9228000000003362,0,3.6227000000046417,15.724299999998692,3
993,5.77015873015873,1,512,0,0.8683508367915845,-74.34505758277425,0.020932331681251526,59,0,-1,,0,0,7.792099999999635,0,8.548600000001016,9.754999999998404,2
994,5.7759637188208615,1,1024,0,1.0,-75.18272015137201,0.019940899685025215,59,0,-1,,0,0,4.435400000001977,0,6.466299999999592,16.383100000002315,4
995,5.7817687074829935,1,1024,0,1.0,-61.22734836166448,0.020677460357546806,59,0,-1,,0,0,3.131899999999632,0,3.9501999999984605,20.39530000000056,3
996,5.787573696145125,1,2048,0,1.0,-54.84740875319584,0.022592676803469658,59,0,-1,,0,0,5.749900000001418,0,6.889000000001033,15.286599999999595,2
997,5.793378684807256,1,2048,0,1.0,-56.74385321698687,0.021692348644137383,59,0,-1,,0,0,3.083999999997644,0,4.700599999999611,20.182499999997106,1
998,5.799183673469388,1,2048,0,1.0,-50.644169108744954,0.029280439019203186,59,0,-1,,0,0,3.3436000000008903,0,4.056300000002011,24.28779999999975,3
999,5.804988662131519,1,2048,0,1.0,-43.686914762678754,0.10703103989362717,59,0,-1,,0,0,4.451299999999492,0,5.418899999998672,8.76180000000204,2
1000,5.81079365079365,1,4096,0,1.0,-41.62286187604955,0.006953866686671972,59,0,-1,,0,0,3.078899999998441,0,3.8643000000000427,12.64850000000095,1
1001,5.8165986394557825,1,4096,0,1.0,-40.09548511743834,0.006805348675698042,59,0,-1,,0,0,2.6117999999968333,0,3.2033999999967477,16.0613000000005,3
1002,5.822403628117914,1,4096,0,1.0,-41.02313681942167,0.007213769014924765,64,0,-1,,0,0,2.4295999999992546,0,2.9521999999992943,3.8173999999990826,2
1003,5.828208616780046,1,4096,0,1.0,-39.82596456735754,0.007467030081897974,64,0,-1,,0,0,3.8808999999986327,0,4.478200000001209,8.31930000000014,1
1004,5.834013605442177,1,4096,0,1.0,-41.67887474094652,0.0065905265510082245,64,0,-1,,0,0,5.383799999997052,0,6.2529999999973995,14.669800000000066,0
1005,5.839818594104308,1,4096,0,1.0,-41.44026435536324,0.007717741187661886,64,0,-1,,0,0,3.053300000001258,0,4.882500000000789,5.147799999999592,2
1006,5.84562358276644,1,4096,0,1.0,-42.83133701301658,0.008015614002943039,64,0,-1,,0,0,2.3388000000004183,0,2.875200000001854,8.037299999998027,4
1007,5.851428571428571,1,4096,0,1.0,-43.77731003617911,0.008526011370122433,64,0,-1,,0,0,1.900800000001368,0,2.2839000000018927,10.35969999999864,3
1008,5.857233560090703,1,4096,0,1.0,-42.717253039982246,0.008973715826869011,64,0,-1,,0,0,1.962999999999937,0,2.374700000000729,5.392100000001676,2
1009,5.863038548752835,1,4096,0,1.0,-43.75873923850838,0.00910145789384842,64,0,-1,,0,0,2.5593000000014854,0,3.1053999999990367,8.509699999997622,1
1010,5.868843537414966,1,4096,0,1.0,-47.18079930903489,0.008736644871532917,64,0,-1,,0,0,4.082499999999101,0,4.857200000003559,13.428399999998675,0
1011,5.874648526077097,1,4096,0,1.0,-46.99573639384214,0.009576281532645226,64,0,-1,,0,0,6.071099999999774,0,8.217099999999533,8.575799999999134,2
1012,5.880453514739229,1,4096,0,1.0,-49.33252958815928,0.009268664754927158,64,0,-1,,0,0,2.7262000000014552,0,3.446100000001451,11.948300000000245,1
1013,5.88625850340136,1,4096,0,1.0,-47.25289382215195,0.01054215058684349,70,0,-1,,0,0,2.242999999999995,0,2.878599999998954,14.895100000000383,0
1014,5.8920634920634924,1,4096,0,1.0,-44.25540259411271,0.009867874905467033,70,0,-1,,0,0,4.6330999999995015,0,5.383999999995837,5.5541000000012275,2
1015,5.897868480725624,1,4096,0,1.0,-43.855391967143895,0.008626481518149376,64,0,-1,,0,0,3.5775999999998476,0,4.646799999999729,10.313799999998707,1
1016,5.903673469387755,1,4096,0,1.0,-43.080719168389436,0.00770339323207736,64,0,-1,,0,0,2.4212999999981832,0,2.981300000001852,13.360599999998612,0
1017,5.909478458049887,1,4096,0,1.0,-43.69239439042345,0.007562589831650257,64,0,-1,,0,0,2.6045000000003427,0,3.616999999998427,3.874299999999664,2
1018,5.915283446712018,1,4096,0,1.0,-46.64638469722611,0.006193286273628473,64,0,-1,,0,0,2.2625000000005002,0,3.1908999999998855,7.0294000000004075,4
1019,5.921088435374149,1,4096,0,1.0,-44.538973903209296,0.005800931248813868,64,0,-1,,0,0,3.161900000002049,0,3.7583999999988293,10.818900000000298,3
1020,5.926893424036281,1,4096,0,1.0,-45.320234823588656,0.004962989594787359,64,0,-1,,0,0,2.937400000000423,0,4.759399999997527,11.213900000001331,2
1021,5.932698412698413,1,4096,0,1.0,-43.987881262721295,0.00387581461109221,64,0,-1,,0,0,2.5752999999966164,0,3.237900000002014,14.524699999999058,1
1022,5.938503401360544,1,4096,0,1.0,-47.39964000218927,0.004094271454960108,64,0,-1,,0,0,4.780499999998966,0,5.820499999998674,20.46179999999964,0
1023,5.944308390022676,1,4096,0,1.0,-51.41244730137031,0.003174732904881239,64,0,-1,,0,0,3.181900000001292,0,5.210699999999235,5.555199999999871,2
1024,5.950113378684807,1,4096,0,1.0,-52.67477645866589,0.002991342917084694,64,0,-1,,0,0,2.6461000000033152,0,3.159000000000134,8.658100000001667,1
1025,5.955918367346939,1,4096,0,1.0,-52.18741893538813,0.0027881970163434744,64,0,-1,,0,0,2.4999000000001104,0,3.1537999999997623,11.818800000000351,0
1026,5.96172335600907,1,4096,0,1.0,-53.359057640337525,0.0027296345215290785,64,0,-1,,0,0,2.5782000000020844,0,3.4884999999995614,3.704799999997732,2
1027,5.9675283446712015,1,4096,0,1.0,-50.36314103506979,0.00291735609062016,64,0,-1,,0,0,2.3108000000000573,0,2.8652999999998485,6.575200000000336,1
1028,5.973333333333334,1,4096,0,1.0,-43.947787965504766,0.0050856247544288635,64,0,-1,,0,0,2.6335000000017317,0,3.121400000001273,9.73849999999743,0
1029,5.979138321995465,1,4096,0,1.0,-43.92847534382142,0.0055361646227538586,64,0,-1,,0,0,5.364199999998931,0,7.216600000003126,7.528499999999383,2
1030,5.984943310657596,1,4096,0,1.0,-40.52656185744623,0.00731929624453187,64,0,-1,,0,0,5.352099999999638,0,6.633399999998346,14.241099999999562,1
1031,5.990748299319728,1,4096,0,1.0,-42.03922088800037,0.00631061103194952,64,0,-1,,0,0,2.7748000000009654,0,3.89820000000185,18.181000000002,3
1032,5.996553287981859,1,4096,0,1.0,-44.736770584411275,0.007267781533300877,64,0,-1,,0,0,2.8924000000003502,0,3.4215999999993585,6.503299999998546,2
1033,6.002358276643991,1,4096,0,1.0,-43.74211554833199,0.007271666545420885,64,0,-1,,0,0,2.8244999999991194,0,3.6151999999987083,10.159699999999106,1
1034,6.0081632653061225,1,4096,0,1.0,-46.865338288801595,0.007815607823431492,69,0,-1,,0,0,3.598700000001287,0,4.586899999996064,14.851300000000123,3
1035,6.013968253968254,1,4096,0,1.0,-49.88405377691294,0.006659666076302528,69,0,-1,,0,0,2.2918999999994583,0,2.957999999999572,5.335800000001001,2
1036,6.019773242630386,1,4096,0,1.0,-46.567625889594964,0.006567203439772129,69,0,-1,,0,0,2.8436999999996715,0,3.4607999999991534,8.780200000000349,1
1037,6.025578231292517,1,4096,0,1.0,-49.35855996527354,0.0066476245410740376,64,0,-1,,0,0,2.425399999999911,0,3.3168000000038944,12.160099999999119,0
1038,6.031383219954648,1,4096,0,1.0,-46.75525638530105,0.006057501770555973,64,0,-1,,0,0,2.522099999996641,0,3.435100000004354,3.7285999999987496,2
1039,6.03718820861678,1,4096,0,1.0,-47.23206713096603,0.006347679533064365,64,0,-1,,0,0,3.0698999999998478,0,3.7482000000004234,7.497400000001875,1
1040,6.0429931972789115,1,4096,0,1.0,-47.26249042963553,0.006259672809392214,64,0,-1,,0,0,2.8883000000021752,0,4.015499999997729,11.648400000002113,0
1041,6.048798185941043,1,4096,0,1.0,-40.74127545761375,0.009609977714717388,64,0,-1,,0,0,2.650700000000228,0,3.66250000000079,3.876399999999336,2
1042,6.054603174603175,1,4096,0,1.0,-42.12472348367966,0.010604660958051682,64,0,-1,,0,0,2.2042999999989377,0,2.7050000000024,6.571299999997393,1
1043,6.060408163265306,1,4096,0,1.0,-39.71788975111568,0.011888756416738033,69,0,-1,,0,0,3.9930999999988614,0,4.8630999999979,11.480099999999993,3
1044,6.066213151927438,1,4096,0,1.0,-39.19416186024099,0.012722264043986797,69,0,-1,,0,0,3.1391999999996756,0,3.7796999999990533,4.537499999997863,2
1045,6.072018140589569,1,4096,0,1.0,-38.32102919514475,0.012995028868317604,69,0,-1,,0,0,3.7309999999983745,0,4.578600000002098,9.143900000001537,1
1046,6.0778231292517,1,4096,0,1.0,-36.29034926626064,0.010841046459972858,69,0,-1,,0,0,4.8016000000004055,0,5.82080000000218,15.062700000001428,0
1047,6.0836281179138325,1,4096,0,1.0,-38.374329898723005,0.0142442025244236,69,0,-1,,0,0,3.250599999997661,0,3.987500000000921,4.25419999999832,2
1048,6.089433106575964,1,4096,0,1.0,-36.654478246553964,0.014574659988284111,69,0,-1,,0,0,2.580000000001803,0,3.2354999999988365,7.519099999999668,1
1049,6.095238095238095,1,4096,0,1.0,-42.75615061474725,0.014001190662384033,69,0,-1,,0,0,4.042299999998278,0,4.794899999996716,12.553200000002818,0
1050,6.101043083900227,1,4096,0,1.0,-42.826115730918694,0.014353394508361816,70,0,-1,,0,0,2.2234999999994898,0,2.8896000000031563,3.1006999999974028,2
1051,6.106848072562358,1,4096,0,1.0,-46.79722497753914,0.011165841482579708,70,0,-1,,0,0,2.2140999999997746,0,2.69129999999862,5.809700000000362,1
1052,6.112653061224489,1,4096,0,1.0,-45.86447974965698,0.011925175786018372,70,0,-1,,0,0,4.272600000000182,0,5.016499999996427,10.912100000002312,0
1053,6.1184580498866215,1,4096,0,1.0,-45.02214799836408,0.013044212944805622,70,0,-1,,0,0,2.3450999999994337,0,3.0281999999992593,3.2092000000005783,2
1054,6.124263038548753,1,4096,0,1.0,-43.661211606118826,0.01657637022435665,70,0,-1,,0,0,4.316799999998011,0,4.894000000000176,8.135599999999243,1
1055,6.130068027210885,1,4096,0,1.0,-48.084363901762515,0.014978684484958649,70,0,-1,,0,0,2.4201999999995394,0,3.486200000001105,11.787999999999244,0
1056,6.135873015873016,1,4096,0,1.0,-45.53385763504543,0.014349549077451229,70,0,-1,,0,0,2.260200000002044,0,2.9572999999984972,3.143099999999066,2
1057,6.141678004535147,1,4096,0,1.0,-51.59295178188898,0.010722890496253967,70,0,-1,,0,0,2.6896000000000697,0,3.233900000001455,6.416000000001532,1
1058,6.147482993197279,1,4096,0,1.0,-50.55612190437209,0.006634220015257597,70,0,-1,,0,0,3.1747000000024173,0,3.919899999999643,10.416500000001605,0
1059,6.15328798185941,1,4096,0,1.0,-51.71730771096239,0.007760889362543821,70,0,-1,,0,0,5.31429999999844,0,6.38219999999734,6.641800000000586,2
1060,6.159092970521542,1,4096,0,1.0,-50.10335597437796,0.009458726271986961,70,0,-1,,0,0,3.1940000000005853,0,4.460699999999207,11.182200000000364,1
1061,6.164897959183674,1,4096,0,1.0,-52.10603902618044,0.006935254670679569,64,0,-1,,0,0,2.6191000000004294,0,3.361300000001677,14.593599999997764,0
1062,6.170702947845805,1,4096,0,1.0,-51.27004963234402,0.004669805523008108,64,0,-1,,0,0,3.2202000000012276,0,4.482400000004105,4.623699999999786,2
1063,6.176507936507937,1,4096,0,1.0,-51.69267631806706,0.005392303224653006,64,0,-1,,0,0,5.429399999997031,0,7.453799999996846,12.234299999999365,1
1064,6.182312925170068,1,4096,0,1.0,-51.14090472863353,0.004366623237729073,64,0,-1,,0,0,2.515899999998794,0,3.6115999999957182,15.343699999998961,0
1065,6.188117913832199,1,4096,0,1.0,-51.50736716238008,0.004028618801385164,64,0,-1,,0,0,2.8926000000026875,0,3.829700000000713,4.059100000002758,2
1066,6.193922902494331,1,4096,0,1.0,-51.13473698301438,0.003771249670535326,64,0,-1,,0,0,3.2877000000013368,0,4.1220000000024015,8.215500000002152,4
1067,6.199727891156463,1,4096,0,1.0,-47.87234556549764,0.0051357559859752655,64,0,-1,,0,0,7.713199999997755,0,8.881199999997591,17.368400000002282,3
1068,6.205532879818594,1,4096,0,1.0,-50.908466038594966,0.004408599343150854,64,0,-1,,0,0,7.6360000000015305,0,10.344700000000984,23.000500000001978,5
1069,6.211337868480726,1,4096,0,1.0,-42.35901651788768,,-1,0,-1,,0,0,,1,2.1678999999998894,25.442699999999263,4
1070,6.217142857142857,1,4096,0,1.0,-53.801984774076594,0.0054574990645051,64,0,-1,,0,0,8.894300000001465,0,11.885799999994617,37.618099999999544,3
1071,6.222947845804988,1,4096,0,1.0,-44.38023818747176,0.005392201244831085,64,0,-1,,0,0,3.375199999997136,0,4.573000000000604,20.390300000002526,2
1072,6.22875283446712,1,4096,0,1.0,-45.071902659203985,0.005830047186464071,64,0,-1,,0,0,6.044400000000394,0,7.247200000001897,27.725500000002512,4
1073,6.2345578231292516,1,4096,0,1.0,-57.42411986623204,0.004380755126476288,64,0,-1,,0,0,3.3317000000003816,0,4.392500000001576,32.36249999999785,3
1074,6.240362811791384,1,4096,0,1.0,-54.14792410574303,0.0031978879123926163,64,0,-1,,0,0,3.1017000000019834,0,3.803099999998949,11.968400000000656,2
1075,6.246167800453515,1,4096,0,1.0,-55.803312734431614,0.002452260348945856,64,0,-1,,0,0,5.510999999998489,0,6.44399999999834,18.4634999999993,4
1076,6.251972789115646,1,4096,0,1.0,-57.17254007981878,0.0022960409987717867,64,0,-1,,0,0,2.8274000000010346,0,3.672300000001627,22.22499999999883,3
1077,6.257777777777778,1,4096,0,1.0,-56.735753784522885,0.0022001652978360653,64,0,-1,,0,0,2.649900000001537,0,3.2695000000018126,9.937899999997057,2
1078,6.263582766439909,1,4096,0,1.0,-56.78417916365332,0.002174835419282317,64,0,-1,,0,0,3.6090999999984774,0,4.158300000000281,14.09049999999823,4
1079,6.2693877551020405,1,4096,0,1.0,-54.69537908131187,0.0021488049533218145,64,0,-1,,0,0,3.167400000002374,0,4.677299999997331,18.899999999998585,3
1080,6.275192743764173,1,4096,0,1.0,-54.70465337403695,0.001914712251164019,64,0,-1,,0,0,1.9473999999988223,0,2.361800000002745,10.172000000000736,2
1081,6.280997732426304,1,4096,0,1.0,-59.82500138745678,0.002293778583407402,64,0,-1,,0,0,2.437499999999204,0,2.81710000000146,12.995499999998827,1
1082,6.286802721088435,1,4096,0,1.0,-62.91784250382169,0.001494465977884829,64,0,-1,,0,0,2.1738999999989517,0,2.548900000004295,15.571800000000025,3
1083,6.292607709750567,1,4096,0,1.0,-60.53461587526388,0.001962108537554741,64,0,-1,,0,0,3.5181000000008567,0,4.099500000002365,4.312699999999836,2
1084,6.298412698412698,1,4096,0,1.0,-61.81194347563063,0.0019738306291401386,64,0,-1,,0,0,2.8770000000015727,0,4.171500000001771,8.788400000000252,1
1085,6.30421768707483,1,4096,0,1.0,-71.66294360891591,0.001616929890587926,59,0,-1,,0,0,2.2306999999983645,0,2.901200000000159,11.746699999999777,0
1086,6.3100226757369615,1,512,1,1.0,-66.51344559639713,0.02445702627301216,59,0,-1,,0,0,4.8701999999991585,0,6.102499999997235,6.311100000001346,5
1087,6.315827664399093,1,512,0,1.0,-72.14107895693843,,-1,0,-1,,0,0,,1,0.9914000000001977,7.357500000001238,4
1088,6.321632653061225,1,512,0,1.0,-74.58669455900585,0.02006404846906662,59,0,-1,,0,0,5.394599999998917,0,6.306299999998544,13.078499999998883,3
1089,6.327437641723356,1,1024,0,1.0,-74.88129137745165,0.0201052725315094,59,0,-1,,0,0,2.278799999999137,0,2.852000000000743,11.832299999998241,2
1090,6.333242630385487,1,1024,0,1.0,-78.9071664812607,0.019980521872639656,59,0,-1,,0,0,2.256599999999054,0,2.7116999999989844,14.552399999999466,1
1091,6.339047619047619,1,2048,0,0.8801308776512602,-82.78288837853106,0.019027499482035637,59,0,-1,,0,0,2.24709999999817,0,2.780999999998812,17.378800000003025,0
1092,6.3448526077097505,1,2048,0,0.0,-87.04920349990203,0.01963682472705841,59,0,-1,,0,0,4.4074999999992315,0,5.181100000001493,5.314900000001899,2
1093,6.350657596371882,1,2048,0,0.0,-91.57481901810593,0.019708605483174324,59,0,-1,,0,0,5.11730000000199,0,6.6710999999983756,12.110100000001012,1
1094,6.356462585034014,1,2048,0,0.0,-92.76949316113507,0.019871115684509277,59,0,-1,,0,0,4.200300000000823,0,5.42130000000185,17.666500000000696,0
1095,6.362267573696145,1,4096,0,0.0,-92.45250666958069,0.0024189625401049852,59,0,-1,,0,0,4.545000000000243,0,6.146900000000954,6.5086000000000865,2
1096,6.368072562358277,1,4096,0,0.0,-92.18313197620661,0.0024679338093847036,59,0,-1,,0,0,6.246099999998478,0,7.631499999998681,14.182000000001693,1
1097,6.373877551020408,1,4096,0,0.0,-91.5975838329008,0.002489113248884678,59,0,-1,,0,0,2.8271000000010815,0,3.6424000000003787,17.87339999999915,3
1098,6.379682539682539,1,4096,0,0.0,-94.00619505307482,0.002692359732463956,59,0,-1,,0,0,2.5148000000001502,0,3.098599999997731,4.265300000000138,2
1099,6.3854875283446715,1,4096,0,0.0,-91.66660312624575,0.0026497244834899902,59,0,-1,,0,0,2.4167000000012706,0,2.9575999999984504,7.2525999999975,1
1100,6.391292517006803,1,4096,0,0.0,-92.62253451439489,0.002609925577417016,59,0,-1,,0,0,3.4942000000022233,0,4.018900000001935,11.322799999998523,0
1101,6.397097505668934,1,4096,0,0.0,-92.82969788189533,0.00264251371845603,59,0,-1,,0,0,2.3746999999971763,0,3.2121000000024935,3.3607999999993865,2
1102,6.402902494331066,1,4096,0,0.0,-91.5975838329008,0.0026263506151735783,59,0,-1,,0,0,2.1895000000000664,0,2.6863999999982013,6.067300000001552,1
1103,6.408707482993197,1,4096,0,0.0,-94.60161434327354,0.002631333889439702,59,0,-1,,0,0,2.1759000000010076,0,2.624999999998323,8.724799999999533,0
1104,6.414512471655329,1,4096,0,0.0,-94.04612132548827,0.0026328610256314278,59,0,-1,,0,0,4.023300000000063,0,5.0630999999974335,5.537099999997963,2
1105,6.42031746031746,1,4096,0,0.0,-93.85006232483077,0.0026342575438320637,59,0,-1,,0,0,3.391000000000588,0,4.282699999997419,9.77490000000003,1
1106,6.426122448979592,1,4096,0,0.0,-94.04612132548827,0.0026363504584878683,59,0,-1,,0,0,2.322700000000566,0,3.0244000000010374,12.816600000000733,0
1107,6.431927437641724,1,4096,0,0.0,-95.23872588742294,0.002633525989949703,59,0,-1,,0,0,3.4330000000011296,0,4.21829999999801,4.454100000000238,2
1108,6.437732426303855,1,4096,0,0.0,-95.9233973547883,0.0026351234409958124,59,0,-1,,0,0,3.929600000002864,0,4.626399999999364,9.11050000000202,1
1109,6.443537414965986,1,4096,0,0.0,-96.81175663155918,0.002634865464642644,59,0,-1,,0,0,2.8074999999994077,0,3.7271999999966,12.956100000000248,0
1110,6.449342403628118,1,4096,0,0.0,-96.73658462938218,0.002633879194036126,59,0,-1,,0,0,2.7132999999999186,0,3.428599999995896,3.727800000000059,2
1111,6.455147392290249,1,4096,0,0.0,-96.17790898892383,0.0026355483569204807,59,0,-1,,0,0,3.7450000000021078,0,4.299599999999515,8.047399999998817,1
1112,6.460952380952381,1,4096,0,0.0,-95.34560181526919,0.0026325667276978493,59,0,-1,,0,0,5.372500000000002,0,6.785600000000613,14.954499999998205,3
1113,6.466757369614513,1,4096,0,0.0,-96.37908519400071,0.002633805386722088,59,0,-1,,0,0,3.0912999999976876,0,4.006600000000304,5.928499999999559,2
1114,6.472562358276644,1,4096,0,0.0,-96.37908519400071,0.002633229363709688,59,0,-1,,0,0,2.4505000000019095,0,3.5175999999985663,9.469700000000358,1
1115,6.478367346938776,1,4096,0,0.0,-95.68297888648334,0.002634015865623951,59,0,-1,,0,0,2.857399999999899,0,3.4863000000022737,12.988599999999906,0
1116,6.484172335600907,1,4096,0,0.0,-97.20846808077347,0.0026367895770817995,59,0,-1,,0,0,2.7815999999987184,0,3.559299999999155,3.71900000000025,2
1117,6.489977324263038,1,4096,0,0.0,-96.59003495889704,0.002634597010910511,59,0,-1,,0,0,3.559800000001445,0,4.58319999999901,8.327799999999996,1
1118,6.49578231292517,1,4096,0,0.0,-97.37788810649823,0.0026338452007621527,59,0,-1,,0,0,3.7893000000011057,0,4.577099999998779,12.971399999997857,0
1119,6.501587301587302,1,4096,0,0.0,-96.96612043264099,0.002634421456605196,59,0,-1,,0,0,3.073900000000407,0,4.238599999997206,4.3841000000028885,2
1120,6.507392290249433,1,4096,0,0.0,-97.12617372141175,0.00263371248729527,59,0,-1,,0,0,3.251500000001073,0,3.978099999997653,8.405600000003233,1
1121,6.513197278911565,1,4096,0,0.0,-96.11286916969236,0.0026358941104263067,59,0,-1,,0,0,4.360399999999487,0,5.279399999999157,13.436500000000962,0
1122,6.519002267573696,1,4096,0,0.0,-96.37908519400071,0.0026356021407991648,59,0,-1,,0,0,6.138699999997499,0,8.008100000001406,8.389100000002259,2
1123,6.524807256235827,1,4096,0,0.0,-98.1305747323512,0.0026350279804319143,59,0,-1,,0,0,2.489999999998105,0,3.683599999998677,12.098299999998119,4
1124,6.530612244897959,1,4096,0,0.0,-96.59003495889704,0.0026333320420235395,59,0,-1,,0,0,2.4653000000007808,0,3.0263999999995406,15.152499999999236,3
1125,6.5364172335600905,1,4096,0,0.0,-96.51857380658345,0.0026350608095526695,59,0,-1,,0,0,2.163099999997087,0,2.6187000000028604,7.929499999999479,2
1126,6.542222222222223,1,4096,0,0.0,-96.59003495889704,0.0026354517322033644,59,0,-1,,0,0,3.079299999999563,0,3.54920000000547,11.496199999999845,1
1127,6.548027210884354,1,4096,0,0.0,-96.243937670594,0.0026349604595452547,59,0,-1,,0,0,2.697900000001141,0,3.63049999999987,15.2505000000005,0
1128,6.553832199546485,1,4096,0,0.0,-95.80152468536258,0.0026348852552473545,59,0,-1,,0,0,2.4009000000013714,0,3.2115000000025873,3.3938000000013346,2
1129,6.559637188208617,1,4096,0,0.0,-96.51857380658345,0.0026336689479649067,59,0,-1,,0,0,4.68800000000158,0,5.3501000000011345,8.74729999999957,1
1130,6.565442176870748,1,4096,0,0.0,-96.11286916969236,0.0026346619706600904,59,0,-1,,0,0,2.4732999999983463,0,3.4098999999976343,12.253600000001086,0
1131,6.5712471655328795,1,4096,0,0.0,-95.98564066195814,0.0026343287900090218,59,0,-1,,0,0,2.4228000000015015,0,3.1263000000016916,3.2706000000004565,2
1132,6.5770521541950115,1,4096,0,0.0,-96.66269167130112,0.0026340195909142494,59,0,-1,,0,0,5.403600000001063,0,6.075200000001502,9.400600000002868,1
1133,6.582857142857143,1,4096,0,0.0,-95.9233973547883,0.0026345395017415285,59,0,-1,,0,0,3.503499999997217,0,4.728899999996372,14.255900000001986,0
1134,6.588662131519274,1,4096,0,0.0,-94.98250585300241,0.0026346573140472174,59,0,-1,,0,0,3.0301999999977625,0,4.897399999997276,5.224699999999416,5
1135,6.594467120181406,1,4096,0,0.0,-95.29183509470138,,-1,0,-1,,0,0,,1,0.6600999999974988,5.8814999999974305,4
1136,6.600272108843537,1,4096,0,0.0,-96.31098574877738,0.0026351443957537413,59,0,-1,,0,0,4.061899999999952,0,4.814599999999558,10.727599999999171,3
1137,6.606077097505669,1,4096,0,0.0,-96.04878903049143,0.002635173499584198,59,0,-1,,0,0,4.115699999999833,0,7.079600000000852,13.422200000000828,2
1138,6.6118820861678005,1,4096,0,0.0,-95.98564066195814,0.002635669894516468,59,0,-1,,0,0,2.232899999999205,0,2.98739999999853,16.462300000000596,1
1139,6.617687074829932,1,4096,0,0.0,-96.37908519400071,0.0026356824673712254,59,0,-1,,0,0,2.6346999999979914,0,3.687699999996852,20.211499999998495,3
1140,6.623492063492064,1,4096,0,0.0,-96.04878903049143,0.002633876632899046,59,0,-1,,0,0,4.912799999999606,0,5.445099999995762,8.772100000001615,2
1141,6.629297052154195,1,4096,0,0.0,-96.51857380658345,0.002635632175952196,59,0,-1,,0,0,2.284500000001799,0,2.9733999999983496,11.806899999999843,1
1142,6.635102040816326,1,4096,0,0.0,-96.59003495889704,0.002635288517922163,59,0,-1,,0,0,1.9445999999980756,0,2.55470000000102,14.447000000000543,0
1143,6.640907029478458,1,4096,0,0.0,-96.17790898892383,0.0026353427674621344,59,0,-1,,0,0,6.217399999997042,0,7.96449999999993,8.459800000000683,2
1144,6.646712018140589,1,4096,0,0.0,-95.51101507673651,0.002634331351146102,59,0,-1,,0,0,5.507999999998958,0,7.300100000001919,15.660799999999142,1
1145,6.6525170068027215,1,4096,0,0.0,-95.74184731756222,0.0026336938608437777,59,0,-1,,0,0,4.6276000000027295,0,6.940499999998906,22.777999999998855,3
1146,6.658321995464853,1,4096,0,0.0,-95.9233973547883,0.0026350205298513174,59,0,-1,,0,0,4.511199999999604,0,5.7021999999946615,9.655500000000927,2
1147,6.664126984126984,1,4096,0,0.0,-95.86203353190663,0.002633819356560707,59,0,-1,,0,0,4.4250000000012335,0,5.7115000000003135,15.443099999998822,4
1148,6.669931972789116,1,4096,0,0.0,-95.86203353190663,0.002634629840031266,59,0,-1,,0,0,3.958499999999532,0,6.594499999998504,22.249800000000874,3
1149,6.675736961451247,1,4096,0,0.0,-96.37908519400071,0.002634232398122549,59,0,-1,,0,0,4.122800000001092,0,5.352599999998375,12.827199999996708,2
1150,6.681541950113378,1,4096,0,0.0,-97.37788810649823,0.0026344042271375656,59,0,-1,,0,0,4.7877999999990095,0,5.722199999997457,18.556499999998977,4
1151,6.6873469387755105,1,4096,0,0.0,-97.20846808077347,0.0026342461351305246,59,0,-1,,0,0,2.76489999999896,0,3.7255999999992184,22.371500000001987,3
1152,6.693151927437642,1,4096,0,0.0,-97.12617372141175,0.0026334193535149097,59,0,-1,,0,0,3.6232000000033793,0,4.40280000000115,12.955000000001604,2
1153,6.698956916099773,1,4096,0,0.0,-96.11286916969236,0.002635639626532793,59,0,-1,,0,0,4.4983000000016204,0,5.6544999999985635,18.681400000001958,1
1154,6.704761904761905,1,4096,0,0.0,-96.243937670594,0.0026338452007621527,59,0,-1,,0,0,3.2473000000017294,0,5.1461000000010415,23.96530000000041,0
1155,6.710566893424036,1,4096,0,0.0,-97.55418651162195,0.0026341972406953573,59,0,-1,,0,0,3.0810999999992816,0,4.199900000003254,4.416799999997778,2
1156,6.716371882086168,1,4096,0,0.0,-96.66269167130112,0.0026345246005803347,59,0,-1,,0,0,4.555299999999818,0,5.3987999999982605,9.827200000000147,1
1157,6.722176870748299,1,4096,0,0.0,-96.96612043264099,0.002634667092934251,59,0,-1,,0,0,3.773699999999991,0,5.585199999998736,15.569300000002784,3
1158,6.727981859410431,1,4096,0,0.0,-95.80152468536258,0.002635108307003975,59,0,-1,,0,0,3.6370999999988385,0,4.774799999999857,5.346700000000482,2
1159,6.733786848072563,1,4096,0,0.0,-95.74184731756222,0.002634217496961355,59,0,-1,,0,0,3.232300000000521,0,4.332099999999173,9.758399999999057,4
1160,6.739591836734694,1,4096,0,0.0,-96.31098574877738,0.002634132280945778,59,0,-1,,0,0,3.8511999999997215,0,5.320499999999839,15.200300000000055,3
1161,6.745396825396825,1,4096,0,0.0,-96.11286916969236,0.0026344365905970335,59,0,-1,,0,0,3.8633000000025675,0,5.410000000001247,12.198800000000176,2
1162,6.751201814058957,1,4096,0,0.0,-96.17790898892383,0.002635011915117502,59,0,-1,,0,0,7.04019999999872,0,8.399499999995896,21.22579999999985,1
1163,6.757006802721088,1,4096,0,0.0,-95.56758314090658,0.0026343136560171843,59,0,-1,,0,0,3.412399999998428,0,5.382899999997193,26.736700000000724,3
1164,6.7628117913832195,1,4096,0,0.0,-96.96612043264099,0.0026339730247855186,59,0,-1,,0,0,3.037099999996684,0,3.853100000000609,9.177799999999792,2
1165,6.768616780045352,1,4096,0,0.0,-96.73658462938218,0.002634241245687008,59,0,-1,,0,0,3.5893999999991877,0,4.344299999999635,13.524300000000267,1
1166,6.774421768707483,1,4096,0,0.0,-96.81175663155918,0.0026339504402130842,59,0,-1,,0,0,5.602100000000831,0,10.125300000002113,23.853100000000182,3
1167,6.780226757369615,1,4096,0,0.0,-96.243937670594,0.002634360222145915,59,0,-1,,0,0,2.888399999999791,0,3.7860000000016214,7.534899999999567,2
1168,6.786031746031746,1,4096,0,0.0,-96.81175663155918,0.002634213538840413,59,0,-1,,0,0,5.152000000002488,0,6.753500000002077,14.339700000000732,1
1169,6.791836734693877,1,4096,0,0.0,-95.1862583060634,0.002634249860420823,59,0,-1,,0,0,3.2263999999990745,0,4.628799999998989,19.00020000000069,3
1170,6.797641723356009,1,4096,0,0.0,-96.04878903049143,0.0026347474195063114,59,0,-1,,0,0,3.1594000000012556,0,4.121800000003617,8.283300000002214,2
1171,6.8034467120181406,1,4096,0,0.0,-97.12617372141175,0.00263457209803164,59,0,-1,,0,0,4.952199999998186,0,5.956999999998658,14.271499999999548,4
1172,6.809251700680272,1,4096,0,0.0,-95.68297888648334,0.002633732510730624,59,0,-1,,0,0,3.6103999999994585,0,4.697900000000033,19.056299999999027,3
1173,6.815056689342404,1,4096,0,0.0,-96.81175663155918,0.002635731128975749,59,0,-1,,0,0,3.1759000000022297,0,4.149900000001594,9.561899999997792,2
1174,6.820861678004535,1,4096,0,0.0,-96.44826950478262,0.002634765114635229,59,0,-1,,0,0,7.713100000000139,0,8.540700000001067,18.16170000000028,1
1175,6.826666666666667,1,4096,0,0.0,-96.11286916969236,0.0026348200626671314,59,0,-1,,0,0,3.786800000000312,0,5.08270000000266,23.378199999999794,0
1176,6.832471655328798,1,4096,0,0.0,-95.4551743635379,0.0026344016660004854,59,0,-1,,0,0,3.871900000000039,0,5.793000000000603,6.095999999999435,2
1177,6.8382766439909295,1,4096,0,0.0,-92.86011613640173,0.0026325667276978493,59,0,-1,,0,0,3.125999999998186,0,5.410200000000032,11.526800000002169,1
1178,6.844081632653062,1,4096,0,1.0,-78.75507499554672,0.002637560712173581,59,0,-1,,0,0,3.1087000000020737,0,4.124399999998474,15.738999999999947,3
1179,6.849886621315193,1,512,1,1.0,-67.44505904694522,0.021116983145475388,59,0,-1,,0,0,3.7069000000009567,0,4.484099999999103,6.747600000000631,2
1180,6.855691609977324,1,512,0,1.0,-59.432941285335744,0.023356245830655098,59,0,-1,,0,0,4.632799999999548,0,5.562999999998652,12.371099999999302,4
1181,6.861496598639456,1,512,0,1.0,-40.016974728661324,0.9332882165908813,59,0,-1,,0,0,3.135600000000238,0,3.955399999998832,16.40289999999922,3
1182,6.867301587301587,1,1024,0,1.0,-34.49663763677612,0.5153903961181641,66,0,-1,,0,0,2.8605999999982146,0,3.618300000002961,8.512599999999537,2
1183,6.873106575963718,1,1024,0,1.0,-35.31781408532507,0.5770485401153564,66,1,66,,0,0,3.1610999999998057,0,4.251199999998789,12.741899999998196,1
1184,6.8789115646258505,1,2048,0,1.0,-35.28060655566635,0.10119684040546417,66,1,66,,0,0,3.426199999999824,0,4.611900000000446,17.462399999999434,0
1185,6.884716553287982,1,2048,0,1.0,-35.48204756964354,0.09693779051303864,65,0,-1,,0,0,3.0838000000024124,0,3.9508999999995353,4.3365999999984695,2
1186,6.890521541950114,1,2048,0,1.0,-34.54748091191286,0.1147504672408104,65,0,-1,,0,0,3.04079999999729,0,3.8690999999992925,8.219499999999158,1
1187,6.896326530612245,1,2048,0,1.0,-36.58453074248585,0.1164403036236763,65,0,-1,,0,0,4.319399999999973,0,5.56659999999809,13.869100000000856,0
1188,6.902131519274376,1,4096,0,1.0,-37.69482513148316,0.005121739115566015,64,0,-1,,0,0,3.643200000002622,0,4.537300000002631,4.8127000000022235,2
1189,6.907936507936508,1,4096,0,1.0,-34.40601433351698,0.006141461431980133,64,0,-1,,0,0,5.45309999999688,0,6.492800000000187,11.384500000001907,1
1190,6.9137414965986395,1,4096,0,1.0,-40.19927874226952,0.006428635213524103,64,0,-1,,0,0,3.3786000000013416,0,4.321300000000861,15.814899999998744,0
1191,6.919546485260771,1,4096,0,1.0,-38.794553401270804,0.007483551744371653,64,0,-1,,0,0,4.696500000001436,0,5.763399999999308,6.040500000001003,2
1192,6.925351473922903,1,4096,0,1.0,-43.79239325341263,0.00793810747563839,64,0,-1,,0,0,2.9105999999998744,0,3.666599999998965,9.703200000000578,4
1193,6.931156462585034,1,4096,0,1.0,-47.3063206152796,0.007887900806963444,64,0,-1,,0,0,3.076599999999985,0,3.744399999998649,13.486099999997947,3
1194,6.936961451247165,1,4096,0,1.0,-49.24968597779299,0.008264758624136448,64,0,-1,,0,0,3.0949000000006777,0,3.8768000000004577,8.562799999999982,2
1195,6.942766439909297,1,4096,0,1.0,-49.29902318662023,0.009568993002176285,64,0,-1,,0,0,3.146199999999766,0,5.750899999998893,14.444099999998627,1
1196,6.948571428571428,1,4096,0,1.0,-45.612421673245784,0.01131538674235344,64,0,-1,,0,0,4.168699999997472,0,5.008899999999983,19.548399999997912,0
1197,6.9543764172335605,1,4096,0,1.0,-44.04490876425251,0.008590763434767723,64,0,-1,,0,0,4.68349999999873,0,7.194600000001827,7.413599999999576,2
1198,6.960181405895692,1,4096,0,1.0,-46.41310480370889,0.005922074429690838,64,0,-1,,0,0,6.100700000001069,0,7.008299999998968,14.441500000000218,1
1199,6.965986394557823,1,4096,0,1.0,-43.536677165024464,0.0050932858139276505,64,0,-1,,0,0,3.5047000000005823,0,4.827200000001142,18.897900000002466,3
1200,6.971791383219955,1,4096,0,1.0,-44.042070270031026,0.006163953337818384,64,0,-1,,0,0,3.328100000000944,0,4.677700000002005,8.299400000002066,2
1201,6.977596371882086,1,4096,0,1.0,-45.963914518108936,0.005969667807221413,64,0,-1,,0,0,3.417400000000015,0,4.123399999997446,12.616000000001293,1
1202,6.983401360544217,1,4096,0,1.0,-46.068992285411966,0.005016188137233257,64,0,-1,,0,0,3.4901999999981115,0,4.8323999999979605,17.600699999999136,0
1203,6.989206349206349,1,4096,0,1.0,-42.460332138423034,0.004315710160881281,64,0,-1,,0,0,5.171199999999487,0,7.260399999999834,7.490000000000663,5
1204,6.995011337868481,1,4096,0,1.0,-40.45865895087434,,-1,0,-1,,0,0,,1,4.141199999999401,11.798100000000034,4
1205,7.000816326530612,1,4096,0,1.0,-43.46867282558344,0.0023179880809038877,64,0,-1,,0,0,4.243300000002392,0,7.20229999999944,19.215900000002506,3
1206,7.006621315192744,1,4096,0,1.0,-44.24436659245331,0.002401832491159439,64,0,-1,,0,0,3.3885999999974104,0,4.642499999999217,18.84550000000118,5
1207,7.012426303854875,1,4096,0,1.0,-45.726051502191794,,-1,0,-1,,0,0,,1,0.757899999999978,19.658599999999637,4
1208,7.018231292517007,1,4096,0,1.0,-47.39275387216426,0.001741538057103753,64,0,-1,,0,0,7.4854000000001975,0,8.18649999999721,27.908800000002287,3
1209,7.024036281179138,1,4096,0,1.0,-49.060647221569866,0.002288778545334935,64,0,-1,,0,0,4.062899999997427,0,5.248999999999171,14.999699999997063,2
1210,7.02984126984127,1,4096,0,1.0,-51.29379978976303,0.0022829463705420494,64,0,-1,,0,0,3.4488999999986447,0,4.47730000000135,19.57140000000024,1
1211,7.035646258503402,1,4096,0,1.0,-45.05038982002471,0.0038807105738669634,59,0,-1,,0,0,7.337400000000827,0,9.49770000000072,29.266199999998577,3
1212,7.041451247165533,1,4096,0,1.0,-39.5370308875126,0.004018598701804876,72,0,-1,,0,0,8.70869999999968,0,12.928699999999793,17.171499999999895,5
1213,7.047256235827664,1,4096,0,1.0,-36.34009030738992,,-1,0,-1,,0,0,,1,1.7308999999983143,19.014399999999654,4
1214,7.053061224489796,1,4096,0,1.0,-38.022074581379016,0.00684595899656415,64,0,-1,,0,0,6.808199999998266,0,8.541600000004479,27.65020000000007,3
1215,7.058866213151927,1,4096,0,1.0,-39.958857642056245,0.00649298308417201,64,0,-1,,0,0,7.3094000000004655,0,10.099800000002546,22.310099999998556,5
1216,7.064671201814059,1,4096,0,1.0,-39.18388939648796,,-1,0,-1,,0,0,,1,1.5704000000020812,23.97139999999709,4
1217,7.070476190476191,1,4096,0,1.0,-48.027976701397904,0.006608664523810148,64,0,-1,,0,0,7.177599999998563,0,8.848799999999102,32.917000000001195,6
1218,7.076281179138322,1,4096,0,1.0,-49.74380126383247,,-1,0,-1,,0,0,,1,0.8306000000004587,18.22340000000011,5
1219,7.082086167800454,1,4096,0,1.0,-49.065693666849306,,-1,0,-1,,0,0,,1,0.5682000000000187,18.79639999999938,4
1220,7.087891156462585,1,4096,0,1.0,-48.63402046547077,0.005234946962445974,64,0,-1,,0,0,3.4509000000007006,0,4.140499999998326,22.95949999999891,3
1221,7.093696145124716,1,4096,0,1.0,-50.0454566064331,0.0049323937855660915,69,0,-1,,0,0,3.6780000000007362,0,4.574199999996864,14.292900000000941,2
1222,7.099501133786848,1,4096,0,1.0,-48.28215740177111,0.006279244087636471,69,0,-1,,0,0,4.941399999999874,0,8.384500000001793,22.735099999998454,1
1223,7.1053061224489795,1,4096,0,1.0,-51.710532321311966,0.006184356287121773,69,0,-1,,0,0,3.3799999999999386,0,4.328499999999735,27.16599999999758,3
1224,7.111111111111111,1,4096,0,1.0,-51.30626798464221,0.007166723255068064,69,0,-1,,0,0,4.921599999999415,0,5.8516000000032875,6.4387000000003525,2
1225,7.116916099773243,1,4096,0,1.0,-50.97633440393046,0.008070079609751701,69,0,-1,,0,0,4.839300000000435,0,6.494800000002243,13.058400000002024,1
1226,7.122721088435374,1,4096,0,1.0,-55.606644158504075,0.007453016936779022,69,0,-1,,0,0,6.767499999998705,0,8.812199999997716,22.007200000000893,3
1227,7.128526077097506,1,4096,0,1.0,-53.18295450798029,,-1,0,-1,,0,0,,1,2.757000000002563,10.436100000003279,5
1228,7.134331065759637,1,4096,0,1.0,-54.122470784052226,,-1,0,-1,,0,0,,1,2.123399999998554,12.76189999999744,4
1229,7.1401360544217685,1,4096,0,1.0,-55.47539788538916,0.004660317674279213,69,0,-1,,0,0,7.260000000002265,0,8.948499999998916,21.768800000000255,3
1230,7.1459410430839005,1,4096,0,1.0,-57.66020024529589,0.004604940302670002,69,0,-1,,0,0,6.451400000003105,0,7.821299999996256,21.618799999998828,5
1231,7.151746031746032,1,4096,0,1.0,-58.81558923954016,,-1,0,-1,,0,0,,1,1.1945000000004313,22.92320000000103,4
1232,7.157551020408163,1,4096,0,1.0,-60.06351231010627,0.002274599624797702,69,0,-1,,0,0,4.306599999999605,0,6.644699999998949,29.746400000000506,3
1233,7.163356009070295,1,4096,0,1.0,-64.92313006013272,0.0023886654525995255,69,0,-1,,0,0,7.013600000000508,0,8.362100000002926,17.187700000000916,2
1234,7.169160997732426,1,4096,0,1.0,-61.71059914699895,,-1,0,-1,,0,0,,1,2.3077999999969734,19.61119999999994,4
1235,7.174965986394557,1,4096,0,1.0,-60.95774033107603,0.0020398623310029507,69,0,-1,,0,0,3.4698999999989155,0,4.352100000001968,24.03149999999954,3
1236,7.1807709750566895,1,4096,0,1.0,-58.85030894865649,0.002210602629929781,69,0,-1,,0,0,2.919899999998421,0,3.7231999999995935,9.153099999998915,2
1237,7.186575963718821,1,4096,0,1.0,-53.88358349118565,0.002316453494131565,69,0,-1,,0,0,4.224400000001793,0,5.098499999999007,14.27139999999838,1
1238,7.192380952380953,1,4096,0,1.0,-55.260154294962554,0.002733565168455243,69,0,-1,,0,0,3.2510999999999513,0,4.075599999996626,18.505299999997504,0
1239,7.198185941043084,1,4096,0,1.0,-42.82236903021969,0.0030729586724191904,64,0,-1,,0,0,3.3682999999982144,0,4.341300000000103,4.625000000000767,2
1240,7.203990929705215,1,4096,0,1.0,-42.94371988693057,0.004775722976773977,72,0,-1,,0,0,4.152100000002434,0,5.2833000000021,9.94190000000117,4
1241,7.209795918367347,1,4096,0,1.0,-35.85235776061971,0.0072682392783463,69,0,-1,,0,0,3.5373000000014088,0,4.3642000000012615,14.34950000000157,3
1242,7.215600907029478,1,4096,0,1.0,-37.841679605097596,0.0077051278203725815,64,0,-1,,0,0,3.114400000001183,0,3.8383999999993534,10.528000000000759,2
1243,7.22140589569161,1,4096,0,1.0,-34.734062104396756,0.00933420192450285,64,0,-1,,0,0,4.6824000000000865,0,5.421099999999512,15.97669999999951,1
1244,7.227210884353742,1,4096,0,1.0,-34.12753907426201,0.010799656622111797,64,0,-1,,0,0,3.126299999998139,0,4.125899999998239,20.218200000002184,0
1245,7.233015873015873,1,4096,0,1.0,-38.890174228864794,0.011165046133100986,64,0,-1,,0,0,5.231899999998291,0,6.585100000002342,6.902399999997755,2
1246,7.238820861678004,1,4096,0,1.0,-36.30338304213658,0.012555043213069439,64,0,-1,,0,0,4.147700000000754,0,5.562000000001177,12.599600000001487,1
1247,7.244625850340136,1,4096,0,1.0,-38.732314405392756,0.011959521099925041,64,0,-1,,0,0,3.6884999999990953,0,5.334300000001235,18.049800000000005,3
1248,7.250430839002267,1,4096,0,1.0,-38.544452756585216,0.01197895873337984,64,0,-1,,0,0,11.94369999999978,0,13.921299999999803,18.035799999999824,2
1249,7.2562358276643995,1,4096,0,1.0,-40.972335556463825,0.012010687962174416,64,0,-1,,0,0,7.345099999998439,0,10.061700000001395,28.240000000000265,4
1250,7.262040816326531,1,4096,0,1.0,-40.12864242149179,0.013589831069111824,64,0,-1,,0,0,4.926499999999834,0,6.443699999994834,34.861600000002824,3
1251,7.267845804988662,1,4096,0,1.0,-45.06179726411723,,-1,0,-1,,0,0,,1,2.4693999999989558,9.815900000003097,5
1252,7.273650793650794,1,4096,0,1.0,-43.067043088546335,,-1,0,-1,,0,0,,1,1.6999999999995907,11.640699999997395,4
1253,7.279455782312925,1,4096,0,1.0,-44.77716497321605,0.02439877763390541,64,0,-1,,0,0,4.120600000000252,0,6.625499999998397,18.381800000000226,3
1254,7.285260770975056,1,4096,0,1.0,-45.90945095556311,0.028787584975361824,64,0,-1,,0,0,3.3152999999970234,0,4.253800000004304,15.148499999998677,5
1255,7.291065759637188,1,4096,0,1.0,-51.19991228628144,,-1,0,-1,,0,0,,1,0.732200000001626,15.91319999999996,4
1256,7.29687074829932,1,4096,0,1.0,-47.68301567476682,0.015199602581560612,64,0,-1,,0,0,3.761400000001913,0,4.4761999999956,20.417299999998306,3
1257,7.302675736961452,1,4096,0,1.0,-50.223893081016755,0.010315016843378544,64,0,-1,,0,0,6.40409999999747,0,8.352599999998489,15.202299999998559,2
1258,7.308480725623583,1,4096,0,1.0,-41.49538971525989,0.006614417769014835,64,0,-1,,0,0,3.4127999999995495,0,4.409400000000119,19.679400000001124,1
1259,7.314285714285714,1,4096,0,1.0,-40.79464573101892,0.006489831022918224,64,0,-1,,0,0,3.8026000000002114,0,4.758800000001173,24.520899999998846,0
1260,7.320090702947846,1,4096,0,1.0,-42.54699622038348,0.00419338745996356,64,0,-1,,0,0,4.292599999999425,0,6.179799999998181,6.794700000000375,5
1261,7.325895691609977,1,4096,0,1.0,-42.49551520863069,,-1,0,-1,,0,0,,1,0.8881000000009465,7.567000000001656,4
1262,7.3317006802721085,1,4096,0,1.0,-41.65295524021196,0.004073625896126032,64,0,-1,,0,0,3.1469000000008407,0,3.809400000001517,11.309300000000633,3
1263,7.337505668934241,1,4096,0,1.0,-41.868808041056525,0.0028940015472471714,64,0,-1,,0,0,4.3578000000010775,0,5.179099999999437,10.8982000000033,2
1264,7.343310657596372,1,4096,0,1.0,-39.74943359946839,0.002543274313211441,69,0,-1,,0,0,3.3762999999993326,0,4.751299999998793,15.775200000000211,1
1265,7.349115646258503,1,4096,0,1.0,-38.67754874100212,0.0036437320522964,69,0,-1,,0,0,3.284299999997131,0,4.054899999996309,19.90239999999943,0
1266,7.354920634920635,1,4096,0,1.0,-41.821614158700754,0.0033033951185643673,69,0,-1,,0,0,3.7531999999984578,0,6.560900000000203,8.66879999999881,2
1267,7.360725623582766,1,4096,0,1.0,-37.97430592397538,0.003173355245962739,64,0,-1,,0,0,3.4799000000020897,0,4.341000000003703,12.464800000000054,1
1268,7.366530612244898,1,4096,0,1.0,-44.36754854578932,0.0033401655964553356,64,0,-1,,0,0,4.2122000000013315,0,5.874699999999677,18.430399999999736,3
1269,7.3723356009070296,1,4096,0,1.0,-39.725867360834386,0.0028647833969444036,64,0,-1,,0,0,4.150799999997901,0,6.0266000000019915,11.32949999999866,2
1270,7.378140589569161,1,4096,0,1.0,-40.92815007205385,0.0027868368197232485,64,0,-1,,0,0,3.566599999999198,0,4.471099999996397,15.812200000002719,1
1271,7.383945578231293,1,4096,0,1.0,-42.321200192173634,0.0026312938425689936,64,0,-1,,0,0,5.951899999999455,0,6.898599999999533,22.641199999998918,0
1272,7.389750566893424,1,4096,0,1.0,-43.66108900174227,0.0022229307796806097,64,0,-1,,0,0,3.3104000000001577,0,5.657700000000432,5.847700000000344,5
1273,7.395555555555555,1,4096,0,1.0,-44.695653656123554,,-1,0,-1,,0,0,,1,1.3103000000000975,6.590200000001545,4
1274,7.401360544217687,1,4096,0,1.0,-45.51908999649393,0.001970855286344886,64,0,-1,,0,0,5.3126999999975055,0,6.515000000000271,13.132799999997502,3
1275,7.4071655328798185,1,4096,0,1.0,-47.670385329956545,0.001955776009708643,64,0,-1,,0,0,3.136600000001266,0,4.059700000002664,13.089100000001963,2
1276,7.41297052154195,1,4096,0,1.0,-49.502954664779026,0.0022147546987980604,64,0,-1,,0,0,3.3469999999979905,0,4.1436000000025786,17.27550000000022,1
1277,7.418775510204082,1,4096,0,1.0,-50.081566033184195,0.0018013151129707694,64,0,-1,,0,0,3.053600000001211,0,3.83420000000001,21.246300000001384,3
1278,7.424580498866213,1,4096,0,1.0,-44.77333539773612,0.0025561375077813864,64,0,-1,,0,0,3.956799999997429,0,7.206800000002289,9.966999999999615,2
1279,7.430385487528345,1,4096,0,1.0,-46.195920650915106,0.0033900395501405,64,0,-1,,0,0,3.4047000000008154,0,4.286600000000362,14.312000000000324,1
1280,7.436190476190476,1,4096,0,1.0,-37.91670178467565,0.005563993938267231,64,0,-1,,0,0,3.2996999999994614,0,4.27699999999831,18.683700000000414,0
1281,7.441995464852607,1,4096,0,1.0,-38.354438445577124,0.003539225785061717,64,0,-1,,0,0,3.4040999999973565,0,4.628499999999036,5.094099999997326,2
1282,7.4478004535147395,1,4096,0,1.0,-40.25603314833026,0.004666107706725597,64,0,-1,,0,0,3.8933000000014317,0,4.756900000000286,9.803999999999036,1
1283,7.453605442176871,1,4096,0,1.0,-42.393855278047845,0.003987796604633331,66,0,-1,,0,0,3.2767000000006874,0,4.207700000002035,14.05849999999731,0
1284,7.459410430839002,1,4096,0,1.0,-39.1429651918411,0.005912147928029299,66,0,-1,,0,0,3.3965999999985286,0,4.797499999998678,4.955500000001223,2
1285,7.465215419501134,1,4096,0,1.0,-38.18127730396837,0.004794024862349033,66,0,-1,,0,0,3.1882000000003075,0,4.032499999997441,8.381899999999831,1
1286,7.471020408163265,1,4096,0,1.0,-38.7166064692727,0.005890010390430689,66,0,-1,,0,0,3.377500000002698,0,4.124599999997258,12.541799999997494,0
1287,7.476825396825397,1,4096,0,1.0,-42.50253960101411,0.005395813379436731,66,0,-1,,0,0,4.170800000000696,0,5.614599999997694,5.9499999999985675,2
1288,7.4826303854875285,1,4096,0,1.0,-38.80425658797809,0.005353535525500774,66,0,-1,,0,0,3.149199999999297,0,4.055400000002152,9.98650000000012,1
1289,7.48843537414966,1,4096,0,1.0,-43.85521692615292,0.0068565490655601025,66,0,-1,,0,0,3.563500000002051,0,4.4564000000022475,14.509400000001449,3
1290,7.494240362811792,1,4096,0,1.0,-44.09465693822251,0.006682640872895718,66,0,-1,,0,0,3.5576999999982206,0,4.902900000001154,5.818200000000218,2
1291,7.500045351473923,1,4096,0,1.0,-44.73684206180301,0.00745384581387043,66,0,-1,,0,0,3.4165000000001555,0,4.546900000001131,10.427400000001086,1
1292,7.505850340136054,1,4096,0,1.0,-47.25154438572587,0.00853405985981226,66,0,-1,,0,0,3.1652000000015335,0,3.9244000000024926,14.44190000000134,0
1293,7.511655328798186,1,4096,0,1.0,-47.910318589352805,0.010030782781541348,67,0,-1,,0,0,3.4425999999996293,0,4.556300000000846,4.964300000001032,2
1294,7.517460317460317,1,4096,0,1.0,-49.09412830364768,0.010208755731582642,67,0,-1,,0,0,3.3802999999998917,0,4.158399999997897,9.03990000000121,1
1295,7.523265306122449,1,4096,0,1.0,-48.68227403189781,0.0079888254404068,67,0,-1,,0,0,3.945600000001548,0,5.1603000000000065,14.279099999999545,0
1296,7.529070294784581,1,4096,0,1.0,-50.4642507540524,0.006316644139587879,67,0,-1,,0,0,3.463200000002331,0,4.842499999998751,5.036799999999175,2
1297,7.534875283446712,1,4096,0,1.0,-50.83196965890462,0.00759895471855998,67,0,-1,,0,0,4.163299999998316,0,5.054499999999962,9.464999999998724,4
1298,7.540680272108844,1,4096,0,1.0,-52.74822297092028,0.0060807173140347,67,0,-1,,0,0,3.2370999999997707,0,5.5169000000034885,15.367599999997594,3
1299,7.546485260770975,1,4096,0,1.0,-57.79400168619062,0.005540098529309034,67,0,-1,,0,0,3.1071999999987554,0,3.8779999999967174,10.439099999999257,2
1300,7.552290249433106,1,4096,0,1.0,-60.02744553174025,0.003986735828220844,67,0,-1,,0,0,3.313699999999642,0,4.063099999999764,14.494200000001456,1
1301,7.558095238095238,1,4096,0,1.0,-57.76372302956361,0.003566182218492031,67,0,-1,,0,0,5.251299999997627,0,6.363300000000294,21.351400000000353,0
1302,7.56390022675737,1,4096,0,1.0,-56.772839281865686,0.0031357405241578817,67,0,-1,,0,0,3.1466999999985035,0,4.1041000000028305,4.398500000000638,2
1303,7.569705215419501,1,4096,0,1.0,-58.797081130918144,0.0022630186285823584,67,0,-1,,0,0,3.088399999999325,0,3.8190999999976327,8.204899999999071,1
1304,7.575510204081633,1,4096,0,1.0,-62.3387245745683,0.0017077135853469372,64,0,-1,,0,0,4.686299999999477,0,5.480099999996213,13.723000000002372,0
1305,7.581315192743764,1,512,1,1.0,-67.10459238689454,0.03212613984942436,59,0,-1,,0,0,2.9348999999996295,0,3.9244000000024926,4.14159999999697,2
1306,7.587120181405895,1,512,0,1.0,-69.7984877193297,0.022210249677300453,59,0,-1,,0,0,2.9988000000003012,0,3.7110000000026844,7.883799999998331,1
1307,7.592925170068027,1,512,0,1.0,-74.42484813612307,0.019909627735614777,59,0,-1,,0,0,5.032099999997541,0,5.689600000000183,13.631899999996477,0
1308,7.598730158730159,1,1024,0,1.0,-76.55288054528326,0.01952030323445797,59,0,-1,,0,0,3.279800000001387,0,4.246100000003139,4.451100000000707,2
1309,7.604535147392291,1,1024,0,1.0,-79.42725715936166,0.019568173214793205,59,0,-1,,0,0,4.720400000000069,0,6.352700000000766,10.864900000001398,4
1310,7.610340136054422,1,2048,0,1.0,-82.21583546765537,0.017686646431684494,59,0,-1,,0,0,3.4199000000008084,0,4.26350000000042,15.24519999999896,3
1311,7.616145124716553,1,2048,0,0.0,-85.17310415660049,0.01947382278740406,59,0,-1,,0,0,3.2250000000004775,0,3.947000000000145,10.362499999999386,2
1312,7.621950113378685,1,2048,0,0.6544961768679932,-86.5503995500326,0.019617043435573578,59,0,-1,,0,0,3.641599999998135,0,4.468800000001494,14.868799999998572,1
1313,7.627755102040816,1,2048,0,0.13867484506271255,-87.45171297729541,0.01992037706077099,59,0,-1,,0,0,3.4039999999997406,0,4.360200000000702,19.329000000002594,0
1314,7.6335600907029475,1,4096,0,0.3431356703146081,-88.5676407695822,0.0022216972429305315,59,0,-1,,0,0,4.540200000000993,0,5.624000000000962,5.90930000000256,2
1315,7.63936507936508,1,4096,0,0.0,-89.45995763783108,0.0022529615089297295,59,0,-1,,0,0,2.8903999999982943,0,5.666299999997904,11.644500000002722,1
1316,7.645170068027211,1,4096,0,0.2740099063985131,-88.04385674335859,0.0023036340717226267,59,0,-1,,0,0,2.932999999998742,0,3.766500000001116,15.465899999998811,3
1317,7.650975056689342,1,4096,0,0.0,-89.47393221838766,0.0023707544896751642,59,0,-1,,0,0,3.2095000000005314,0,3.9405000000058976,4.894499999998914,2
1318,7.656780045351474,1,4096,0,0.0,-91.10200133222746,0.002558167325332761,59,0,-1,,0,0,4.072499999999479,0,6.055200000002259,11.019400000002122,1
1319,7.662585034013605,1,4096,0,0.0,-92.2356868214676,0.002577477367594838,59,0,-1,,0,0,3.0560999999984517,0,3.882499999999567,14.97930000000025,0
1320,7.668390022675737,1,4096,0,0.0,-90.51261030342991,0.002634975593537092,59,0,-1,,0,0,2.6491999999969096,0,4.2652000000025225,4.599800000001153,2
1321,7.6741950113378685,1,4096,0,0.0,-92.15709113668966,0.002633474301546812,59,0,-1,,0,0,2.4097999999987962,0,2.999200000001423,7.539500000000032,4
1322,7.68,1,4096,0,0.0,-92.36992554387965,0.0026512863114476204,59,0,-1,,0,0,2.4853000000000236,0,2.950600000001913,10.491800000000495,3
1323,7.685804988662132,1,4096,0,0.0,-93.44756490089864,0.002638075267896056,59,0,-1,,0,0,2.6893000000001166,0,3.330400000002953,8.44939999999994,2
1324,7.691609977324263,1,4096,0,0.0,-93.17662465891792,0.002634193515405059,59,0,-1,,0,0,4.513599999999229,0,5.24430000000109,13.718499999999523,1
1325,7.697414965986394,1,4096,0,0.0,-94.64743856597275,0.002635133219882846,59,0,-1,,0,0,2.4191000000008955,0,3.1949000000004446,16.976300000003164,0
1326,7.703219954648526,1,4096,0,0.0,-96.31098574877738,0.002630609320476651,59,0,-1,,0,0,2.3140000000019256,0,2.992500000001286,3.2318000000017832,2
1327,7.7090249433106575,1,4096,0,0.0,-95.98564066195814,0.002633366733789444,59,0,-1,,0,0,3.290400000000915,0,3.9762000000003184,7.251099999997734,1
1328,7.7148299319727895,1,4096,0,0.0,-96.31098574877738,0.002632321324199438,59,0,-1,,0,0,5.623100000001102,0,7.686399999997207,15.061400000000447,0
1329,7.720634920634921,1,4096,0,0.0,-95.86203353190663,0.0026350191328674555,59,0,-1,,0,0,5.406300000000641,0,6.389599999998552,6.662499999997351,2
1330,7.726439909297052,1,4096,0,0.0,-96.59003495889704,0.0026343439240008593,59,0,-1,,0,0,3.715299999999644,0,4.907900000002741,11.637600000000248,1
1331,7.732244897959184,1,4096,0,0.0,-97.64509419330474,0.002634983044117689,59,0,-1,,0,0,3.1058000000001584,0,4.4773999999989655,16.235100000002944,0
1332,7.738049886621315,1,4096,0,0.0,-96.44826950478262,0.0026315504219383,59,0,-1,,0,0,4.356600000001265,0,5.34680000000165,5.454500000002582,2
1333,7.743854875283446,1,4096,0,0.0,-96.8882527379592,0.002634397940710187,59,0,-1,,0,0,2.4897999999993203,0,3.2923999999958653,8.535599999998311,1
1334,7.7496598639455785,1,4096,0,0.0,-96.31098574877738,0.002634864067658782,59,0,-1,,0,0,2.6843000000020822,0,3.8217000000031476,12.425099999997968,0
1335,7.75546485260771,1,4096,0,0.0,-95.86203353190663,0.0026339003816246986,59,0,-1,,0,0,2.8255000000001473,0,3.5941000000008216,3.8079999999993674,2
1336,7.761269841269841,1,4096,0,0.0,-95.80152468536258,0.002633532276377082,59,0,-1,,0,0,3.973600000001909,0,7.512699999999484,11.463800000001356,1
1337,7.767074829931973,1,4096,0,0.0,-96.59003495889704,0.002635024255141616,59,0,-1,,0,0,3.778399999998072,0,4.836799999999641,16.39820000000114,0
1338,7.772879818594104,1,4096,0,0.0,-96.17790898892383,0.0026343928184360266,59,0,-1,,0,0,3.055299999999761,0,3.822300000003054,4.08029999999826,2
1339,7.778684807256236,1,4096,0,0.0,-96.11286916969236,0.002632810967043042,59,0,-1,,0,0,3.001900000001001,0,4.4135000000018465,8.517600000001124,1
1340,7.784489795918367,1,4096,0,0.0,-96.59003495889704,0.00263449689373374,59,0,-1,,0,0,4.314099999998433,0,5.524599999997548,14.15280000000152,0
1341,7.790294784580499,1,4096,0,0.0,-96.11286916969236,0.002634726231917739,59,0,-1,,0,0,3.419000000000949,0,5.445900000001558,5.667200000001316,2
1342,7.796099773242631,1,4096,0,0.0,-95.29183509470138,0.0026345918886363506,59,0,-1,,0,0,2.656800000000459,0,3.392399999999185,9.082599999999275,1
1343,7.801904761904762,1,4096,0,0.0,-95.62489775455435,0.0026349464897066355,59,0,-1,,0,0,4.95069999999842,0,5.813200000002183,14.96919999999946,3
1344,7.807709750566893,1,4096,0,0.0,-95.03255481865014,0.002635083394125104,59,0,-1,,0,0,2.8940999999989003,0,3.647700000001919,4.901499999999004,2
1345,7.813514739229025,1,4096,0,0.0,-95.68297888648334,0.0026354542933404446,59,0,-1,,0,0,2.3164000000015506,0,3.0152000000001067,7.908100000001639,1
1346,7.819319727891156,1,4096,0,0.0,-95.9233973547883,0.002635133219882846,59,0,-1,,0,0,2.2400999999980797,0,3.335699999997388,11.275900000001116,3
1347,7.825124716553288,1,4096,0,0.0,-96.37908519400071,0.0026346896775066853,59,0,-1,,0,0,4.69670000000022,0,5.3018000000015775,8.519199999998506,2
1348,7.83092970521542,1,4096,0,0.0,-95.34560181526919,0.0026341923512518406,59,0,-1,,0,0,2.4808999999983428,0,3.5415000000007524,12.20689999999891,1
1349,7.836734693877551,1,4096,0,0.0,-90.32131758081663,0.0026349553372710943,59,0,-1,,0,0,2.348399999998918,0,2.9567000000021437,15.217500000002104,0
1350,7.842539682539683,1,4096,0,1.0,-76.50033518990692,0.002636294113472104,59,0,-1,,0,0,8.109099999998648,0,10.950000000001125,11.157199999999534,2
1351,7.848344671201814,1,512,1,1.0,-63.488596452130764,0.020282942801713943,59,0,-1,,0,0,2.719500000001318,0,3.625100000000714,14.833100000000599,1
1352,7.854149659863945,1,512,0,1.0,-55.61945771326208,0.024897750467061996,59,0,-1,,0,0,3.979399999998634,0,4.781700000002331,19.709899999998726,0
1353,7.859954648526077,1,512,0,1.0,-50.76086353230855,0.06161625310778618,59,0,-1,,0,0,4.679100000000602,0,6.229899999997457,6.675600000001225,2
1354,7.865759637188209,1,1024,0,1.0,-49.326696729484965,0.07613315433263779,59,0,-1,,0,0,5.01560000000012,0,6.310200000001487,12.965900000001085,1
1355,7.87156462585034,1,1024,0,1.0,-48.68907401390709,0.07133667171001434,59,0,-1,,0,0,4.888699999998636,0,6.65159999999787,19.787100000002056,3
1356,7.877369614512472,1,2048,0,1.0,-49.53833276481533,0.03803088515996933,59,0,-1,,0,0,2.4869999999985737,0,3.31159999999997,7.909200000000283,2
1357,7.883174603174603,1,2048,0,1.0,-47.77567518728855,0.03104378841817379,59,0,-1,,0,0,3.412999999998334,0,4.1055000000014275,12.00099999999793,1
1358,7.888979591836734,1,2048,0,1.0,-51.165688475598074,0.03243930637836456,59,0,-1,,0,0,5.050400000001787,0,6.216899999998304,18.286299999999756,3
1359,7.894784580498866,1,2048,0,1.0,-49.744605638862396,0.03228818625211716,59,0,-1,,0,0,3.769300000001863,0,5.017399999999839,9.179799999998295,2
1360,7.9005895691609975,1,4096,0,1.0,-49.501031677368445,0.003953273873776197,59,0,-1,,0,0,3.5746000000003164,0,4.456599999997479,13.668799999997816,1
1361,7.90639455782313,1,4096,0,1.0,-47.96088150744525,0.004416335839778185,59,0,-1,,0,0,5.396499999999804,0,6.597299999999251,20.40889999999962,0
1362,7.912199546485261,1,4096,0,1.0,-44.970662074582854,0.005612753331661224,59,0,-1,,0,0,2.9307999999979018,0,3.799699999998296,3.991899999999049,2
1363,7.918004535147392,1,4096,0,1.0,-46.8340936648153,0.006306174676865339,59,0,-1,,0,0,2.307599999998189,0,3.0386999999976183,7.0686000000002025,1
1364,7.923809523809524,1,4096,0,1.0,-45.42217902565098,0.007264325395226479,64,0,-1,,0,0,4.591500000000082,0,5.36310000000384,12.509000000001436,0
1365,7.929614512471655,1,4096,0,1.0,-45.407909158891904,0.007604279089719057,64,0,-1,,0,0,2.5289999999991153,0,3.6837999999974613,3.8529000000018243,2
1366,7.9354195011337865,1,4096,0,1.0,-45.10930427769896,0.0074932025745511055,65,0,-1,,0,0,2.3926000000003,0,2.940899999998692,6.331800000001664,1
1367,7.9412244897959186,1,4096,0,1.0,-47.3400569400367,0.007467973977327347,65,0,-1,,0,0,2.992499999997733,0,3.6178000000006705,9.921700000003142,3
1368,7.94702947845805,1,4096,0,1.0,-50.61031631731227,0.007348963525146246,65,0,-1,,0,0,3.509199999999879,0,5.166700000000191,7.269700000001933,2
1369,7.952834467120182,1,4096,0,1.0,-49.295872923134496,0.006915486417710781,65,0,-1,,0,0,2.9895000000017546,0,3.729499999998609,11.04970000000094,1
1370,7.958639455782313,1,4096,0,1.0,-55.23782600498443,0.00436489237472415,65,0,-1,,0,0,4.682999999999993,0,6.333700000002551,17.548200000000236,0
1371,7.964444444444444,1,4096,0,1.0,-52.72314898718784,0.003516889875754714,65,0,-1,,0,0,2.431500000000142,0,3.2229000000008057,3.3820999999996104,2
1372,7.970249433106576,1,4096,0,1.0,-51.80564738429564,0.0030451370403170586,65,0,-1,,0,0,3.8710999999977957,0,4.624400000000861,8.025899999999808,1
1373,7.9760544217687075,1,4096,0,1.0,-47.57661946980935,0.0029894658364355564,65,0,-1,,0,0,3.028200000002812,0,3.8045999999987146,11.925999999998993,0
1374,7.981859410430839,1,4096,0,1.0,-46.09619980676732,0.0032590783666819334,65,0,-1,,0,0,3.9106000000010965,0,5.121800000001286,5.465300000000894,2
1375,7.987664399092971,1,4096,0,1.0,-44.9171717795188,0.0032327333465218544,65,0,-1,,0,0,3.8981999999982975,0,4.931599999999037,10.391500000000775,1
1376,7.993469387755102,1,4096,0,1.0,-42.68221298138111,0.0029691620729863644,65,0,-1,,0,0,3.046199999999999,0,5.468999999997948,15.982600000000957,0
1377,7.999274376417233,1,4096,0,1.0,-43.77859174899935,0.0031010278034955263,65,0,-1,,0,0,2.864700000003495,0,4.085100000001063,4.1943000000017605,2
1378,8.005079365079364,1,4096,0,1.0,-45.01673185218636,0.0032557144295424223,65,0,-1,,0,0,3.9660999999995283,0,4.8134999999973616,8.250099999997929,4
1379,8.010884353741497,1,4096,0,1.0,-42.56278897104995,0.0026646549813449383,65,0,-1,,0,0,3.271500000000316,0,3.9052000000019405,12.17590000000257,3
1380,8.016689342403629,1,4096,0,1.0,-42.55859105136071,0.002465388970449567,65,0,-1,,0,0,2.9469999999989227,0,3.833199999998982,8.96020000000064,2
1381,8.02249433106576,1,4096,0,1.0,-42.230575717305385,0.002994017442688346,64,0,-1,,0,0,2.797900000000908,0,3.5260000000008063,12.487399999997706,1
1382,8.028299319727891,1,4096,0,1.0,-41.295188588751046,0.0026636107359081507,64,0,-1,,0,0,4.906099999999469,0,5.589799999999201,18.120000000003245,0
1383,8.034104308390022,1,4096,0,1.0,-40.2165179567604,0.003437157953158021,64,0,-1,,0,0,2.3799999999987165,0,3.184799999996102,3.363200000002564,2
1384,8.039909297052155,1,4096,0,1.0,-42.00696916199905,0.0030321243684738874,72,0,-1,,0,0,2.4940999999998326,0,3.0960999999969374,6.483500000001641,1
1385,8.045714285714286,1,4096,0,1.0,-42.29823588736743,0.003138145199045539,72,0,-1,,0,0,4.778399999999294,0,6.34369999999862,12.950200000002354,0
1386,8.051519274376417,1,4096,0,1.0,-44.774338484595084,0.002842128975316882,69,0,-1,,0,0,4.359799999999581,0,5.545100000002634,5.77559999999977,2
1387,8.057324263038549,1,4096,0,1.0,-50.17307260717434,0.0026565720327198505,69,0,-1,,0,0,5.467899999999304,0,7.349200000000167,13.24989999999815,1
1388,8.06312925170068,1,4096,0,1.0,-49.072553903305774,0.0024362101685255766,69,0,-1,,0,0,5.942700000002077,0,7.902300000001361,21.288599999998326,0
1389,8.068934240362811,1,4096,0,1.0,-47.913545197522666,0.002414032584056258,69,0,-1,,0,0,2.3766000000016163,0,3.7377999999996803,3.9481999999999573,2
1390,8.074739229024944,1,4096,0,1.0,-49.352355867805144,0.003363147145137191,69,0,-1,,0,0,2.3045999999986577,0,2.837199999998319,6.094999999998407,4
1391,8.080544217687075,1,4096,0,1.0,-49.12710699863477,0.004132142290472984,69,0,-1,,0,0,2.516699999997485,0,3.00399999999712,9.042600000000789,3
1392,8.086349206349206,1,4096,0,1.0,-46.27888708935993,0.0038973302580416203,69,0,-1,,0,0,3.913499999999459,0,4.533900000001978,9.78200000000129,2
1393,8.092154195011338,1,4096,0,1.0,-47.44396624976733,0.006219347007572651,69,0,-1,,0,0,3.4026999999987595,0,6.3299999999983925,16.294300000001982,1
1394,8.097959183673469,1,4096,0,1.0,-41.61495368305697,0.006759078707545996,69,0,-1,,0,0,3.0257000000020184,0,3.914500000000487,20.31119999999831,3
1395,8.103764172335602,1,4096,0,1.0,-41.04350635225054,0.006402607075870037,69,0,-1,,0,0,2.3485000000000866,0,2.872500000002276,3.4111000000009994,2
1396,8.109569160997733,1,4096,0,1.0,-43.4340890573896,0.00880949292331934,69,0,-1,,0,0,3.6999000000008664,0,4.329899999998332,7.752299999999934,1
1397,8.115374149659864,1,4096,0,1.0,-46.70528349217514,0.00904146209359169,69,0,-1,,0,0,2.8700000000014825,0,4.478500000001162,12.379900000002664,0
1398,8.121179138321995,1,4096,0,1.0,-49.66514970039836,0.0061796363443136215,69,0,-1,,0,0,3.2037000000002536,0,4.128799999996602,4.265499999998923,2
1399,8.126984126984127,1,4096,0,1.0,-51.06625577368447,0.00542023777961731,69,0,-1,,0,0,5.109700000001993,0,6.10539999999915,10.444100000000844,1
1400,8.132789115646258,1,4096,0,1.0,-51.41128386492183,0.005691285710781813,69,0,-1,,0,0,2.5367999999978963,0,3.169499999998493,13.393100000001823,0
1401,8.13859410430839,1,4096,0,1.0,-52.5148538501056,0.004533606115728617,69,0,-1,,0,0,5.2511000000023955,0,6.474399999998326,6.662500000000904,2
1402,8.144399092970522,1,4096,0,1.0,-51.05448119754782,0.005516303237527609,69,0,-1,,0,0,2.8076000000005763,0,3.707099999999741,10.412999999999784,1
1403,8.150204081632653,1,4096,0,1.0,-50.81262845656759,0.0041672708466649055,69,0,-1,,0,0,2.5781999999985317,0,3.264999999998963,13.755299999999693,0
1404,8.156009070294784,1,4096,0,1.0,-50.2876971813114,0.005321814212948084,69,0,-1,,0,0,3.3638000000024704,0,4.244299999996315,4.4794000000010215,2
1405,8.161814058956915,1,4096,0,1.0,-44.34274116832899,0.005223128478974104,69,0,-1,,0,0,2.9889999999994643,0,4.287800000000175,8.90940000000029,1
1406,8.167619047619048,1,4096,0,1.0,-42.43582600612581,0.006507955491542816,69,0,-1,,0,0,2.583100000002503,0,3.0301000000001466,11.987399999998871,0
1407,8.17342403628118,1,4096,0,1.0,-43.74501977708243,0.008821288123726845,69,0,-1,,0,0,2.0169999999986032,0,2.6410000000041123,2.8687000000005014,2
1408,8.17922902494331,1,4096,0,1.0,-38.301237290430244,0.01101412158459425,69,0,-1,,0,0,4.625799999999458,0,5.132399999997261,8.011199999998553,1
1409,8.185034013605442,1,4096,0,1.0,-41.851779490197565,0.009408819489181042,69,0,-1,,0,0,1.9115000000020643,0,2.562599999997417,10.656399999998456,0
1410,8.190839002267573,1,4096,0,1.0,-45.458057406602414,0.008778801187872887,69,0,-1,,0,0,2.9912999999979206,0,4.1210999999989895,4.344299999999635,2
1411,8.196643990929704,1,4096,0,1.0,-42.27973295519023,0.007840398699045181,69,0,-1,,0,0,1.9307000000026164,0,2.5110000000019284,6.841500000000167,1
1412,8.202448979591837,1,4096,0,1.0,-41.19171619867874,0.006950969807803631,69,0,-1,,0,0,2.146400000000881,0,2.6539999999961594,9.012099999999634,0
1413,8.208253968253969,1,4096,0,1.0,-46.133236589717185,0.006110377609729767,64,0,-1,,0,0,2.6363000000024783,0,3.4559000000022877,3.6235999999973956,2
1414,8.2140589569161,1,4096,0,1.0,-46.86318855877361,0.005789577029645443,64,0,-1,,0,0,2.3417999999999495,0,3.0344999999982747,6.682000000001409,1
1415,8.219863945578231,1,4096,0,1.0,-46.0102183811796,0.005260782781988382,64,0,-1,,0,0,2.185600000000676,0,2.591299999998853,9.302200000000482,3
1416,8.225668934240362,1,4096,0,1.0,-48.90474782889428,0.004453274887055159,64,0,-1,,0,0,1.9372000000004164,0,2.3069000000006668,3.649400000000469,2
1417,8.231473922902495,1,4096,0,1.0,-50.63558649064129,0.003962669055908918,64,0,-1,,0,0,3.9359999999994955,0,4.409799999997688,8.067100000001659,1
1418,8.237278911564626,1,4096,0,1.0,-52.62700621372619,0.0037140254862606525,64,0,-1,,0,0,2.4847999999977333,0,3.3932999999990443,11.546800000001411,0
1419,8.243083900226758,1,4096,0,1.0,-52.995358025783055,0.003514948533847928,64,0,-1,,0,0,4.587400000001907,0,5.716199999998395,5.980799999999675,2
1420,8.248888888888889,1,4096,0,1.0,-53.09311662592734,0.003247454296797514,64,0,-1,,0,0,3.6972999999989042,0,4.846899999996879,10.978500000000224,1
1421,8.25469387755102,1,4096,0,1.0,-53.714719929239905,0.0035250307992100716,64,0,-1,,0,0,3.3604999999994334,0,4.009899999996236,15.069699999997965,0
1422,8.260498866213151,1,4096,0,1.0,-56.477774692844555,0.00252537545748055,65,0,-1,,0,0,3.5755000000001758,0,5.7922000000019125,6.287000000000376,2
1423,8.266303854875284,1,4096,0,1.0,-59.8445916213566,0.002788111800327897,64,0,-1,,0,0,4.197300000001292,0,5.369300000001687,11.617300000001052,1
1424,8.272108843537415,1,4096,0,1.0,-60.40685449114904,0.0019081352511420846,65,0,-1,,0,0,5.757500000001414,0,7.0956999999971515,18.781900000000462,0
1425,8.277913832199546,1,4096,0,1.0,-59.91358302531121,0.002129585947841406,64,0,-1,,0,0,4.44440000000057,0,5.743399999996512,5.987600000000981,2
1426,8.283718820861678,1,4096,0,1.0,-62.680681684503114,0.0020648420322686434,64,0,-1,,0,0,3.4783000000011555,0,4.554600000002296,10.612800000000533,4
1427,8.289523809523809,1,4096,0,1.0,-64.64134373585784,0.0021193870343267918,64,0,-1,,0,0,4.304399999998765,0,6.5021999999999025,17.255300000002194,3
1428,8.295328798185942,1,4096,0,1.0,-65.27331140491728,0.001528806402347982,64,0,-1,,0,0,2.2263000000002364,0,2.7453999999984546,10.455400000001447,2
1429,8.301133786848073,1,512,1,1.0,-67.1993889860426,0.022755887359380722,59,0,-1,,0,0,2.1346999999991567,0,2.5964999999992244,13.05059999999969,1
1430,8.306938775510204,1,512,0,1.0,-70.38700719476549,0.02161368727684021,59,0,-1,,0,0,2.775200000002087,0,3.3411999999977127,16.442599999997753,0
1431,8.312743764172335,1,512,0,1.0,-72.83188480889865,0.020244352519512177,59,0,-1,,0,0,2.254599999996998,0,3.0192999999982817,3.3050000000010016,2
1432,8.318548752834467,1,1024,0,1.0,-72.79774952506627,0.01989901438355446,59,0,-1,,0,0,2.5756000000001222,0,3.154900000001959,6.470200000002535,1
1433,8.324353741496598,1,1024,0,1.0,-77.60414384616867,0.020189335569739342,59,0,-1,,0,0,3.5623999999998546,0,4.1683999999975185,10.69519999999713,0
1434,8.33015873015873,1,2048,0,1.0,-78.87412407091077,0.01960570365190506,59,0,-1,,0,0,2.153899999999709,0,2.851899999999574,2.9981999999968423,2
1435,8.335963718820862,1,2048,0,1.0,-80.01662793198768,0.019791116937994957,59,0,-1,,0,0,2.374499999998392,0,2.9703000000012025,5.987899999997381,1
1436,8.341768707482993,1,2048,0,1.0,-80.68021176799147,0.01993224211037159,59,0,-1,,0,0,3.002200000000954,0,3.5725000000006446,9.59320000000119,3
1437,8.347573696145124,1,2048,0,1.0,-80.98244828086024,0.019956089556217194,59,0,-1,,0,0,4.3453000000006625,0,5.353699999997019,7.86250000000166,2
1438,8.353378684807256,1,4096,0,1.0,-82.03037368467182,0.002541695022955537,59,0,-1,,0,0,4.431600000000202,0,5.400299999998026,13.364899999999125,1
1439,8.359183673469389,1,4096,0,0.6587587566427748,-83.91368684304616,0.0025627550203353167,59,0,-1,,0,0,5.889500000002101,0,7.031999999998817,20.52399999999821,0
1440,8.36498866213152,1,4096,0,0.5613081634875029,-85.76248582006018,0.0025654230266809464,59,0,-1,,0,0,2.3346000000010747,0,4.755199999998183,5.106800000000078,2
1441,8.370793650793651,1,4096,0,0.0,-89.93107964611175,0.0025625061243772507,59,0,-1,,0,0,2.014700000000147,0,3.062600000003357,8.110999999999535,1
1442,8.376598639455782,1,4096,0,0.0,-90.96174866035683,0.0026501179672777653,59,0,-1,,0,0,4.476300000000322,0,5.270699999996964,13.419700000000034,0
1443,8.382403628117913,1,4096,0,0.0,-92.42480478518486,0.0026040126103907824,59,0,-1,,0,0,4.649700000001644,0,5.580500000004207,5.891299999998267,2
1444,8.388208616780044,1,4096,0,0.0,-90.88359206309163,0.002651253715157509,59,0,-1,,0,0,6.939400000000262,0,8.281399999997774,14.342800000001432,1
1445,8.394013605442177,1,4096,0,0.0,-90.82588402099196,0.002643127227202058,59,0,-1,,0,0,6.761300000000858,0,8.816800000001734,23.33630000000042,3
1446,8.399818594104309,1,4096,0,0.05074748888166899,-91.26804032738347,0.002608605194836855,59,0,-1,,0,0,3.1391999999996756,0,4.0919999999999845,4.59059999999667,2
1447,8.40562358276644,1,4096,0,0.0,-90.63888076634471,0.0026221545413136482,59,0,-1,,0,0,3.764900000000182,0,4.844600000001975,9.467799999999471,4
1448,8.411428571428571,1,4096,0,0.22552714177129035,-89.18951332642624,0.002637997269630432,59,0,-1,,0,0,3.6971000000001197,0,4.9016000000001725,14.416700000001725,3
1449,8.417233560090702,1,4096,0,0.0,-90.05730258541433,0.002628219546750188,59,0,-1,,0,0,3.134299999999257,0,4.076399999995317,10.433599999998933,2
1450,8.423038548752835,1,4096,0,0.0,-91.83204625128727,0.002635321347042918,59,0,-1,,0,0,6.609099999998591,0,7.43659999999835,17.939500000000663,1
1451,8.428843537414966,1,4096,0,0.0,-93.44756490089864,0.002635109703987837,59,0,-1,,0,0,2.9196999999996365,0,3.7106999999991785,21.779699999999735,0
1452,8.434648526077098,1,4096,0,0.0,-94.46697322290147,0.0026323613710701466,59,0,-1,,0,0,3.1749000000012018,0,4.116499999998524,4.439800000000105,2
1453,8.440453514739229,1,4096,0,0.0,-96.243937670594,0.002633161609992385,59,0,-1,,0,0,4.389399999997323,0,5.886099999997896,10.52789999999959,1
1454,8.44625850340136,1,4096,0,0.0,-94.83572925497432,0.0026347225066274405,59,0,-1,,0,0,3.4705999999999904,0,4.500799999998861,15.15189999999933,3
1455,8.452063492063493,1,4096,0,0.0,-94.51139140853155,0.002633033785969019,59,0,-1,,0,0,5.90090000000032,0,7.916099999999204,9.280999999997874,2
1456,8.457868480725624,1,4096,0,0.0,-95.86203353190663,0.0026350379921495914,59,0,-1,,0,0,6.7416999999991845,0,10.16299999999859,19.65820000000207,1
1457,8.463673469387755,1,4096,0,0.0,-95.23872588742294,0.002635013312101364,59,0,-1,,0,0,6.028099999998204,0,7.863700000001472,27.6992000000007,0
1458,8.469478458049887,1,4096,0,0.0,-95.34560181526919,0.002636305522173643,59,0,-1,,0,0,3.70889999999946,0,5.259100000003514,5.607399999998819,2
1459,8.475283446712018,1,4096,0,0.0,-96.59003495889704,0.0026332105044275522,59,0,-1,,0,0,3.355299999999062,0,4.09660000000045,9.689700000002688,4
1460,8.481088435374149,1,4096,0,0.0,-96.11286916969236,0.002632437739521265,59,0,-1,,0,0,3.435299999999586,0,4.288000000002512,14.01289999999733,3
1461,8.486893424036282,1,4096,0,0.0,-96.17790898892383,0.0026354417204856873,59,0,-1,,0,0,4.281899999998728,0,5.562399999998746,13.089799999999485,2
1462,8.492698412698413,1,4096,0,0.0,-95.40004253398527,0.0026362426578998566,59,0,-1,,0,0,2.668800000002136,0,3.3454000000041617,16.474500000001058,4
1463,8.498503401360544,1,4096,0,0.0,-94.51139140853155,0.002634231233969331,59,0,-1,,0,0,2.85509999999789,0,3.5826000000014346,20.124800000001386,3
1464,8.504308390022675,1,4096,0,0.0,-94.51139140853155,0.00263210735283792,59,0,-1,,0,0,4.220600000000019,0,5.162399999996126,10.299799999998527,2
1465,8.510113378684807,1,4096,0,0.0,-92.53668856374675,0.0026337176095694304,59,0,-1,,0,0,3.061399999999992,0,4.854899999997997,15.357300000001572,1
1466,8.51591836734694,1,4096,0,1.0,-80.9567710513813,0.0026354065630584955,59,0,-1,,0,0,2.809100000000342,0,3.624699999999592,19.072999999998785,0
1467,8.52172335600907,1,512,1,1.0,-67.29511433421098,0.02162236161530018,59,0,-1,,0,0,3.653199999998691,0,4.427599999999643,4.595000000001903,2
1468,8.527528344671202,1,512,0,1.0,-56.14875156790946,0.04688621684908867,59,0,-1,,0,0,3.837799999999447,0,5.333799999998945,10.152900000001353,1
1469,8.533333333333333,1,512,0,1.0,-50.509946955745626,0.254603773355484,59,0,-1,,0,0,2.9949000000009107,0,3.8079000000017516,14.057600000001003,0
1470,8.539138321995464,1,1024,0,1.0,-51.611539508077406,0.18926317989826202,59,1,59,,0,0,4.83690000000081,0,6.3691000000005715,6.544799999996798,2
1471,8.544943310657596,1,1024,0,1.0,-49.40124053444422,0.1589953750371933,59,1,59,,0,0,2.812000000002257,0,3.6208999999978175,10.215899999998612,1
1472,8.550748299319729,1,2048,0,1.0,-52.49440629003155,0.05567990988492966,59,1,59,,0,0,2.7708000000004063,0,3.498099999998061,13.28009999999935,0
1473,8.55655328798186,1,2048,0,1.0,-51.18523088060965,0.051797643303871155,59,0,-1,,0,0,5.841700000001282,0,6.886900000004914,7.099199999998973,2
1474,8.562358276643991,1,2048,0,1.0,-56.71379885049976,0.03133314102888107,59,0,-1,,0,0,2.81829999999772,0,3.727399999998937,10.878799999996858,1
1475,8.568163265306122,1,2048,0,1.0,-58.51765354448844,0.022644542157649994,59,0,-1,,0,0,2.8620000000003643,0,3.625799999998236,14.582600000000667,0
1476,8.573968253968253,1,4096,0,1.0,-53.4186750258373,0.0029368922114372253,59,0,-1,,0,0,5.344799999999594,0,6.409200000000226,6.583400000000239,2
1477,8.579773242630386,1,4096,0,1.0,-53.166017890464246,0.0033242248464375734,59,0,-1,,0,0,3.0357999999992558,0,4.12860000000137,10.78550000000078,1
1478,8.585578231292518,1,4096,0,1.0,-50.10962217522398,0.004035186488181353,59,0,-1,,0,0,2.4897999999993203,0,3.1847999999996546,14.040300000001338,0
1479,8.591383219954649,1,4096,0,1.0,-45.32039994925766,0.004952685907483101,59,0,-1,,0,0,3.2426000000000954,0,4.103700000001709,4.392599999999192,2
1480,8.59718820861678,1,4096,0,1.0,-39.21286310661304,0.007568303495645523,59,0,-1,,0,0,4.755899999999258,0,5.523799999998857,9.975199999999518,1
1481,8.602993197278911,1,4096,0,1.0,-36.009776093904875,0.008122933097183704,72,0,-1,,0,0,6.791599999999676,0,8.56510000000199,18.777299999999997,3
1482,8.608798185941042,1,4096,0,1.0,-37.42168902388074,0.008313989266753197,64,0,-1,,0,0,4.971299999997569,0,6.647000000000958,8.05130000000176,2
1483,8.614603174603175,1,4096,0,1.0,-36.496346921229474,,-1,0,-1,,0,0,,1,2.408899999998937,10.563699999998732,4
1484,8.620408163265306,1,4096,0,1.0,-33.329442710281285,0.010333847254514694,66,0,-1,,0,0,6.2323999999982505,0,7.992299999997954,19.02499999999918,3
1485,8.626213151927438,1,4096,0,1.0,-34.00204690497238,0.010038542561233044,66,0,-1,,0,0,4.363599999997803,0,5.298399999997372,14.424900000001628,2
1486,8.632018140589569,1,4096,0,1.0,-36.442524054859,0.010123467072844505,66,0,-1,,0,0,3.1432000000002347,0,4.19719999999657,18.6949000000034,1
1487,8.6378231292517,1,4096,0,1.0,-36.368522564081125,0.010326078161597252,66,0,-1,,0,0,4.591900000001203,0,5.98200000000304,24.82909999999805,3
1488,8.643628117913833,1,4096,0,1.0,-39.780038378715716,0.009988944977521896,66,0,-1,,0,0,3.8964999999997474,0,5.08869999999817,8.54010000000116,2
1489,8.649433106575964,1,4096,0,1.0,-42.98257860534835,0.008691188879311085,66,0,-1,,0,0,3.550099999998224,0,4.621599999996562,13.247100000000955,1
1490,8.655238095238095,1,4096,0,1.0,-45.85068055221729,0.00898349191993475,66,0,-1,,0,0,4.0920999999976,0,5.080100000000698,18.407400000000962,3
1491,8.661043083900227,1,4096,0,1.0,-46.47705679863257,0.00819497648626566,66,0,-1,,0,0,2.8166000000027225,0,3.3725000000011107,4.50479999999942,2
1492,8.666848072562358,1,4096,0,1.0,-46.01415052781227,0.0077282218262553215,65,0,-1,,0,0,2.697200000000066,0,3.39169999999811,7.9393000000003155,1
1493,8.672653061224489,1,4096,0,1.0,-45.231515275062854,0.008178768679499626,65,0,-1,,0,0,2.3143999999994946,0,2.9368999999981327,10.97379999999859,0
1494,8.678458049886622,1,4096,0,1.0,-41.18169457176961,0.010616359300911427,65,0,-1,,0,0,2.5262999999995372,0,3.282699999996197,3.462299999998919,2
1495,8.684263038548753,1,4096,0,1.0,-41.632131799304645,0.007156375329941511,65,0,-1,,0,0,2.643299999999016,0,3.577799999998632,7.058399999998244,1
1496,8.690068027210884,1,4096,0,1.0,-40.748608088423104,0.006688179448246956,65,0,-1,,0,0,3.8018999999991365,0,4.445999999997952,11.56130000000033,3
1497,8.695873015873016,1,4096,0,1.0,-41.309061390308415,0.004380351863801479,65,0,-1,,0,0,3.1867999999981578,0,4.496700000004239,7.593699999997483,2
1498,8.701678004535147,1,4096,0,1.0,-45.263016838634734,0.0031260387040674686,65,0,-1,,0,0,2.750200000001257,0,3.3492000000023836,10.964900000001165,1
1499,8.70748299319728,1,4096,0,1.0,-40.55778341728814,0.005475289653986692,65,0,-1,,0,0,2.4447000000016317,0,3.211000000000297,14.26219999999745,0
1500,8.713287981859411,1,4096,0,1.0,-42.389841546411084,0.0026845159009099007,65,0,-1,,0,0,4.249999999998977,0,5.447600000000108,5.760000000002208,2
1501,8.719092970521542,1,4096,0,1.0,-42.343647989997706,0.0027331598103046417,64,0,-1,,0,0,9.137800000001306,0,10.637299999999072,16.777199999999937,1
1502,8.724897959183673,1,4096,0,1.0,-42.52045262655609,0.0032264473848044872,64,0,-1,,0,0,5.6645999999993535,0,8.351999999998583,25.303000000000964,3
1503,8.730702947845804,1,4096,0,1.0,-40.556075299064915,0.003808848559856415,64,0,-1,,0,0,6.44619999999918,0,9.14820000000205,17.194599999999838,2
1504,8.736507936507936,1,4096,0,1.0,-39.1858478702296,0.0044641438871622086,64,0,-1,,0,0,6.920499999999663,0,8.856900000001389,27.14639999999946,4
1505,8.742312925170069,1,4096,0,1.0,-41.448167894707154,0.0051763285882771015,64,0,-1,,0,0,3.644300000001266,0,6.122600000001199,33.45669999999856,6
1506,8.7481179138322,1,4096,0,1.0,-38.49283642105714,,-1,0,-1,,0,0,,1,0.7871000000001516,8.592799999998846,5
1507,8.753922902494331,1,4096,0,1.0,-35.004240749755084,,-1,0,-1,,0,0,,1,0.45089999999703423,9.028900000000561,4
1508,8.759727891156462,1,4096,0,1.0,-41.70253093474684,0.008766465820372105,69,0,-1,,0,0,2.3724999999998886,0,2.8663000000008765,11.863800000000424,3
1509,8.765532879818593,1,4096,0,1.0,-47.29653690568078,0.006524903234094381,69,0,-1,,0,0,2.3660000000020887,0,2.825300000001363,8.388400000001184,2
1510,8.771337868480726,1,4096,0,1.0,-45.38503239454313,0.004928138572722673,69,0,-1,,0,0,4.184299999998586,0,5.123599999997452,13.543299999998482,1
1511,8.777142857142858,1,4096,0,1.0,-48.461490919197985,0.00513664772734046,69,0,-1,,0,0,2.573900000001572,0,3.236900000000986,16.82790000000267,3
1512,8.782947845804989,1,4096,0,1.0,-47.42460661553704,0.00683586997911334,69,0,-1,,0,0,2.6735000000002174,0,3.200599999996001,4.739399999998284,2
1513,8.78875283446712,1,4096,0,1.0,-47.342603608477916,0.0061111184768378735,69,0,-1,,0,0,2.445000000001585,0,3.044100000000327,7.811900000000094,1
1514,8.794557823129251,1,4096,0,1.0,-41.08054839416374,0.010601339861750603,69,0,-1,,0,0,4.857499999999959,0,5.772799999999023,13.64250000000311,0
1515,8.800362811791382,1,4096,0,1.0,-44.26458256040124,0.01182632613927126,69,0,-1,,0,0,2.6882999999990886,0,3.5438999999968246,3.741200000000333,2
1516,8.806167800453515,1,4096,0,1.0,-36.50204471279015,0.011595407500863075,69,0,-1,,0,0,3.3063999999995985,0,4.219100000000253,7.986599999998845,1
1517,8.811972789115647,1,4096,0,1.0,-41.465840207912656,0.011016099713742733,69,0,-1,,0,0,3.140699999999441,0,4.440499999997627,12.64669999999768,0
1518,8.817777777777778,1,4096,0,1.0,-36.79381158665118,0.016175325959920883,69,0,-1,,0,0,4.683099999997609,0,5.785499999998223,5.991800000000325,2
1519,8.823582766439909,1,4096,0,1.0,-45.05057734829337,0.009602397680282593,69,0,-1,,0,0,3.796900000001102,0,5.1903000000024235,11.299899999997365,1
1520,8.82938775510204,1,4096,0,1.0,-46.28270039391599,0.015015045180916786,69,0,-1,,0,0,3.2836000000031618,0,4.1301999999987515,15.504199999998747,3
1521,8.835192743764173,1,4096,0,1.0,-46.30631625992297,0.0120083624497056,67,0,-1,,0,0,3.0082000000000164,0,3.616900000000811,4.120600000000252,2
1522,8.840997732426304,1,4096,0,1.0,-40.94751663292637,0.01598399505019188,67,0,-1,,0,0,4.174300000002518,0,4.865500000001077,9.007599999996785,1
1523,8.846802721088435,1,4096,0,1.0,-45.30260148335238,0.01384163647890091,67,0,-1,,0,0,2.386900000001191,0,3.1284999999989793,12.195299999998355,0
1524,8.852607709750567,1,4096,0,1.0,-41.590308321342,0.016160042956471443,67,0,-1,,0,0,2.6015999999984274,0,3.4516000000017755,3.5562999999996237,2
1525,8.858412698412698,1,4096,0,1.0,-46.451860779827086,0.014233815483748913,67,0,-1,,0,0,2.5680999999977416,0,3.0811000000028343,6.397899999999623,1
1526,8.864217687074829,1,4096,0,1.0,-43.56330731015393,0.014500702731311321,67,0,-1,,0,0,3.196799999997779,0,3.872900000001067,10.326000000002722,0
1527,8.870022675736962,1,4096,0,1.0,-47.2244807316708,0.015263578854501247,70,0,-1,,0,0,5.02260000000021,0,6.530499999996664,6.768499999999733,2
1528,8.875827664399093,1,4096,0,1.0,-48.71287180631867,,-1,0,-1,,0,0,,1,1.3667999999995573,8.215299999999814,4
1529,8.881632653061224,1,4096,0,1.0,-47.857924915499794,0.01582300290465355,70,0,-1,,0,0,4.253300000002014,0,5.1447000000024445,13.433700000000215,3
1530,8.887437641723356,1,4096,0,1.0,-48.193122414737026,0.01773756928741932,70,0,-1,,0,0,4.053100000000143,0,5.363200000005008,11.409000000000447,2
1531,8.893242630385487,1,4096,0,1.0,-47.79447276002409,0.014023286290466785,70,0,-1,,0,0,4.531899999999922,0,5.764700000000289,17.284599999999983,1
1532,8.89904761904762,1,4096,0,1.0,-51.7941380691144,0.014660981483757496,70,0,-1,,0,0,3.0381999999988807,0,3.979000000001065,21.39330000000328,3
1533,8.904852607709751,1,4096,0,1.0,-51.16567194447025,0.008652226999402046,70,0,-1,,0,0,2.86519999999868,0,3.444699999999301,5.036100000001653,2
1534,8.910657596371882,1,4096,0,1.0,-52.33646053912232,0.008681396022439003,72,0,-1,,0,0,4.0949000000019,0,4.831199999998148,9.880900000002413,1
1535,8.916462585034013,1,4096,0,1.0,-54.941771013358085,0.00780963059514761,72,0,-1,,0,0,2.5492000000006954,0,3.6930000000019447,13.672200000002022,0
1536,8.922267573696145,1,4096,0,1.0,-54.35481901314287,0.006884758360683918,72,0,-1,,0,0,2.483400000002689,0,3.2641999999967197,3.6752999999976055,2
1537,8.928072562358278,1,4096,0,1.0,-54.61923381945884,0.00649514002725482,72,0,-1,,0,0,4.493199999998865,0,6.341599999998948,9.989000000000914,1
1538,8.933877551020409,1,4096,0,1.0,-51.987480410281364,0.0066313170827925205,72,0,-1,,0,0,2.399300000000437,0,3.1851999999972236,13.215500000001157,0
1539,8.93968253968254,1,4096,0,1.0,-52.79872518510771,0.007671822793781757,72,0,-1,,0,0,3.573400000000504,0,4.470300000001259,4.642999999997954,2
1540,8.945487528344671,1,4096,0,1.0,-58.71726101872113,0.005973814520984888,72,0,-1,,0,0,3.445700000000329,0,4.511599999997173,9.252799999998729,1
1541,8.951292517006802,1,4096,0,1.0,-60.44297334147836,0.005612409673631191,72,0,-1,,0,0,2.7660000000011564,0,3.5911999999989064,12.922000000003209,0
1542,8.957097505668933,1,4096,0,1.0,-59.61443846682296,0.0033148727379739285,72,0,-1,,0,0,3.1185000000029106,0,3.937299999996924,4.107099999998809,2
1543,8.962902494331066,1,4096,0,1.0,-59.86992494649967,0.0035383414942771196,72,0,-1,,0,0,2.98880000000068,0,4.414699999998106,8.677399999999835,1
1544,8.968707482993198,1,4096,0,1.0,-65.58421827524117,0.0035156370140612125,72,0,-1,,0,0,2.6980999999999256,0,3.2178999999992186,11.950800000001038,0
1545,8.974512471655329,1,512,1,1.0,-68.55949283704044,0.02337508089840412,59,0,-1,,0,0,3.182200000001245,0,3.9676000000028466,4.1430999999967355,2
1546,8.98031746031746,1,512,0,1.0,-68.98494143025067,0.02175699919462204,59,0,-1,,0,0,5.317200000000355,0,6.08150000000407,10.271800000001718,1
1547,8.986122448979591,1,512,0,1.0,-72.80527849965932,0.020885495468974113,59,0,-1,,0,0,2.496300000000673,0,3.377299999996808,13.802899999998175,0
1548,8.991927437641724,1,1024,0,1.0,-71.15552088564701,0.020074011757969856,59,0,-1,,0,0,5.126400000001752,0,6.71790000000172,7.0115000000008365,2
1549,8.997732426303855,1,1024,0,1.0,-73.89484834504398,0.02037307620048523,59,0,-1,,0,0,3.3865000000012913,0,5.109999999998394,12.203599999999426,1
1550,9.003537414965987,1,2048,0,1.0,-75.96887982418866,0.017983412370085716,59,0,-1,,0,0,4.050299999999396,0,5.050000000000665,17.3179999999995,3
1551,9.009342403628118,1,2048,0,1.0,-73.77375512070134,0.019448252394795418,59,0,-1,,0,0,2.1637000000005457,0,2.742100000002523,3.5613000000012107,2
1552,9.015147392290249,1,2048,0,1.0,-78.42182822606551,0.019680049270391464,59,0,-1,,0,0,2.391500000001656,0,3.053599999997658,6.647799999999648,1
1553,9.02095238095238,1,2048,0,0.5476312426324889,-78.7055388620436,0.019856957718729973,59,0,-1,,0,0,2.251499999999851,0,2.6515000000024713,9.341500000001446,3
1554,9.026757369614513,1,4096,0,1.0,-78.73259578106699,0.002186609897762537,59,0,-1,,0,0,2.1793999999992764,0,2.568800000002369,3.723300000000762,2
1555,9.032562358276644,1,4096,0,1.0,-81.89874227859522,0.002525709569454193,59,0,-1,,0,0,6.947300000000212,0,7.5585000000018,11.28649999999709,1
1556,9.038367346938776,1,4096,0,1.0,-82.86767429999412,0.002456875517964363,59,0,-1,,0,0,3.9509999999971512,0,5.072999999999439,16.473799999999983,0
1557,9.044172335600907,1,4096,0,1.0,-83.38330089697992,0.002516708569601178,59,0,-1,,0,0,5.382700000001961,0,6.685600000000846,7.095099999997245,2
1558,9.049977324263038,1,4096,0,0.0,-84.36855005678156,0.0024963647592812777,59,0,-1,,0,0,2.1549999999983527,0,2.865499999998633,9.928500000000895,1
1559,9.05578231292517,1,4096,0,0.23445049659246675,-88.27124747613213,0.0026139540132135153,59,0,-1,,0,0,2.3705999999990013,0,2.9389999999978045,12.874400000001174,0
1560,9.061587301587302,1,4096,0,0.0,-88.61332335462919,0.0025851058308035135,59,0,-1,,0,0,3.2692999999994754,0,4.303499999998905,4.828800000002076,2
1561,9.067392290249433,1,4096,0,0.0,-88.55629481262469,0.002642239909619093,59,0,-1,,0,0,2.435200000000748,0,3.1668000000024676,7.724199999998405,1
1562,9.073197278911564,1,4096,0,0.0,-90.5662773070491,0.002621640684083104,59,0,-1,,0,0,2.5058999999991727,0,3.0763999999976477,10.809899999998152,0
1563,9.079002267573696,1,4096,0,0.0,-92.02917884433614,0.002644297666847706,59,0,-1,,0,0,2.220099999998837,0,2.967500000000456,3.1199999999991235,2
1564,9.084807256235827,1,4096,0,0.0,-92.15709113668966,0.0026269988156855106,59,0,-1,,0,0,2.5694000000022754,0,3.076300000000032,6.215099999998586,1
1565,9.09061224489796,1,4096,0,0.0,-92.26220467553416,0.0026416832115501165,59,0,-1,,0,0,3.325100000001413,0,4.040899999999681,10.311500000000251,3
1566,9.096417233560091,1,4096,0,0.0,-93.30998225268631,0.0026457139756530523,59,0,-1,,0,0,3.517900000002072,0,5.679499999999393,7.493700000001269,2
1567,9.102222222222222,1,4096,0,0.0,-92.00404233724903,0.002625552238896489,59,0,-1,,0,0,2.5377000000013084,0,3.2108999999991283,10.769599999999713,1
1568,9.108027210884353,1,4096,0,0.0,-93.58964910516109,0.0026200825814157724,59,0,-1,,0,0,2.2354999999976144,0,2.747599999999295,13.587300000001079,0
1569,9.113832199546485,1,4096,0,0.0,-93.81189069276645,0.0026433344464749098,59,0,-1,,0,0,4.186600000000595,0,5.564100000000849,5.713599999999985,2
1570,9.119637188208618,1,4096,0,0.0,-95.34560181526919,0.0026375947054475546,59,0,-1,,0,0,2.865799999998586,0,3.6799999999992394,7.941500000001156,1
1571,9.125442176870749,1,4096,0,0.0,-95.56758314090658,0.002636359306052327,59,0,-1,,0,0,3.875600000000645,0,5.091000000000179,13.060799999998096,0
1572,9.13124716553288,1,4096,0,0.0,-90.15443711909302,0.0026375444140285254,59,0,-1,,0,0,3.4218999999993116,0,4.229799999997397,4.515099999998995,2
1573,9.137052154195011,1,4096,0,0.7813734835883519,-89.06035515273621,0.0026381188072264194,59,0,-1,,0,0,2.2401999999992483,0,2.8586999999973273,7.384699999999356,1
1574,9.142857142857142,1,4096,0,0.0,-90.07334155398019,0.0026336449664086103,59,0,-1,,0,0,3.064300000001907,0,3.6404999999994914,11.072999999999666,0
1575,9.148662131519274,1,4096,0,0.0,-93.44756490089864,0.00263905618339777,59,0,-1,,0,0,3.506599999997917,0,4.477500000000134,4.6615999999986,2
1576,9.154467120181407,1,4096,0,0.0,-95.03255481865014,0.002633369294926524,59,0,-1,,0,0,4.512800000000539,0,5.635899999997918,10.401099999999275,4
1577,9.160272108843538,1,4096,0,0.0,-95.29183509470138,0.0026333371642977,59,0,-1,,0,0,3.1733000000002676,0,4.433500000001089,14.926599999999013,3
1578,9.166077097505669,1,4096,0,0.0,-95.68297888648334,0.0026354591827839613,59,0,-1,,0,0,2.532899999998506,0,3.204600000000113,10.97260000000233,2
1579,9.1718820861678,1,4096,0,0.0,-94.00619505307482,0.0026359879411756992,59,0,-1,,0,0,5.411300000002228,0,6.148499999998336,17.132200000002484,1
1580,9.177687074829931,1,4096,0,0.0,-94.5562685869605,0.0026337613817304373,59,0,-1,,0,0,4.962700000000098,0,6.661299999997539,23.95920000000018,3
1581,9.183492063492064,1,4096,0,0.0,-95.23872588742294,0.0026345443911850452,59,0,-1,,0,0,4.54470000000029,0,5.76459999999912,9.193100000000953,2
1582,9.189297052154195,1,4096,0,0.0,-94.04612132548827,0.0026331539265811443,59,0,-1,,0,0,5.903599999999898,0,9.66619999999807,18.964400000001547,1
1583,9.195102040816327,1,4096,0,0.0,-95.86203353190663,0.0026340545155107975,59,0,-1,,0,0,4.86839999999944,0,6.694200000001871,25.855800000002205,3
1584,9.200907029478458,1,4096,0,0.0,-95.9233973547883,0.002632289892062545,59,0,-1,,0,0,5.156500000001785,0,8.78709999999927,13.798500000000047,2
1585,9.206712018140589,1,4096,0,0.0,-94.9330270966879,0.002635301323607564,59,0,-1,,0,0,4.027099999998285,0,5.153199999998748,19.030099999998384,4
1586,9.21251700680272,1,4096,0,0.0,-95.51101507673651,0.0026352712884545326,59,0,-1,,0,0,3.4938999999987175,0,4.235899999997628,23.33240000000103,3
1587,9.218321995464853,1,4096,0,0.0,-97.04540980062914,0.002635143231600523,59,0,-1,,0,0,6.056699999998472,0,9.134199999998316,14.063600000000065,2
1588,9.224126984126984,1,4096,0,0.0,-96.59003495889704,0.0026332703419029713,59,0,-1,,0,0,2.5732000000004973,0,3.2639000000003193,17.385300000000825,4
1589,9.229931972789116,1,4096,0,0.0,-94.98250585300241,0.0026344340294599533,59,0,-1,,0,0,4.92540000000119,0,5.755299999997021,23.236499999999438,3
1590,9.235736961451247,1,4096,0,1.0,-80.33405144231665,0.0026352712884545326,59,0,-1,,0,0,4.265100000001354,0,6.344500000000863,13.054799999999034,5
1591,9.241541950113378,1,512,1,1.0,-69.28939785402223,,-1,0,-1,,0,0,,1,0.870700000000113,14.087099999997577,4
1592,9.247346938775511,1,512,0,1.0,-53.539808589318355,0.043438222259283066,59,0,-1,,0,0,5.878699999996684,0,6.660199999998895,20.80139999999986,3
1593,9.253151927437642,1,512,0,1.0,-37.26707164419886,,-1,0,-1,,0,0,,1,42.72109999999785,51.168900000000406,8
1594,9.258956916099773,1,1024,0,1.0,-35.43629791122595,,-1,0,-1,,0,0,,1,1.0094000000009373,52.290700000000356,7
1595,9.264761904761905,1,1024,0,1.0,-33.727103018958886,,-1,0,-1,,0,0,,1,1.3591999999995608,53.73780000000039,9
1596,9.270566893424036,1,2048,0,1.0,-32.439342299456314,,-1,0,-1,,0,0,,1,0.9346000000007848,5.581399999996961,8
1597,9.276371882086167,1,2048,0,1.0,-34.96889561717182,,-1,0,-1,,0,0,,1,0.9745999999992705,6.109100000003309,7
1598,9.2821768707483,1,2048,0,1.0,-31.810740992335425,,-1,0,-1,,0,0,,1,0.873099999999738,7.018300000002142,6
1599,9.287981859410431,1,2048,0,1.0,-32.88151408199697,,-1,0,-1,,0,0,,1,2.382199999999557,10.013999999998191,5
1600,9.293786848072562,1,4096,0,1.0,-32.688385677543216,,-1,0,-1,,0,0,,1,1.5040999999982319,11.7124000000004,4
1601,9.299591836734693,1,4096,0,1.0,-32.43476056942938,0.009917630814015865,65,0,-1,,0,0,5.102199999999613,0,6.543000000000632,18.56549999999757,3
1602,9.305396825396825,1,4096,0,1.0,-35.27945047813062,0.010011746548116207,65,0,-1,,0,0,4.653099999998744,0,6.164699999999357,22.116600000000375,5
1603,9.311201814058958,1,4096,0,1.0,-35.32982177651827,,-1,0,-1,,0,0,,1,1.581399999999178,24.114999999998332,4
1604,9.317006802721089,1,4096,0,1.0,-41.621237684390735,0.014327438548207283,65,0,-1,,0,0,10.051100000001867,0,12.011299999997505,36.353399999999425,3
1605,9.32281179138322,1,4096,0,1.0,-41.640096025506566,,-1,0,-1,,0,0,,1,2.4161000000013644,17.650299999999675,5
1606,9.328616780045351,1,4096,0,1.0,-43.06420719633949,,-1,0,-1,,0,0,,1,2.525699999999631,20.593700000002713,4
1607,9.334421768707482,1,4096,0,1.0,-44.354476001203444,0.0298536978662014,65,0,-1,,0,0,6.164000000001835,0,8.721999999998786,29.46319999999858,3
1608,9.340226757369615,1,4096,0,1.0,-44.922431727269895,0.02954372949898243,65,0,-1,,0,0,6.101199999999807,0,7.710400000004114,20.84819999999965,5
1609,9.346031746031747,1,4096,0,1.0,-45.43673570487465,,-1,0,-1,,0,0,,1,2.1564999999981183,23.200799999997912,4
1610,9.351836734693878,1,4096,0,1.0,-40.92413679031591,0.021896520629525185,65,0,-1,,0,0,4.517199999998667,0,5.996899999995975,29.357100000002134,3
1611,9.357641723356009,1,4096,0,1.0,-43.159129082125816,0.02250092662870884,65,0,-1,,0,0,8.64209999999943,0,10.57039999999887,23.20850000000263,5
1612,9.36344671201814,1,4096,0,1.0,-37.9436808679169,,-1,0,-1,,0,0,,1,1.2597999999997,24.443299999997947,4
1613,9.369251700680271,1,4096,0,1.0,-37.75109241801591,0.019203025847673416,70,0,-1,,0,0,4.777599999997051,0,7.841700000003726,32.33589999999964,3
1614,9.375056689342404,1,4096,0,1.0,-36.09752265966386,0.021260371431708336,64,0,-1,,0,0,4.833999999998895,0,14.022900000004057,30.62789999999893,5
1615,9.380861678004536,1,4096,0,1.0,-35.848557682247126,,-1,0,-1,,0,0,,1,1.9912000000026353,32.78149999999869,4
1616,9.386666666666667,1,4096,0,1.0,-35.059189088901675,0.019170451909303665,70,0,-1,,0,0,4.992899999997746,0,8.70530000000258,41.60269999999855,6
1617,9.392471655328798,1,4096,0,1.0,-35.34115081381429,,-1,0,-1,,0,0,,1,0.7483000000014783,17.33510000000038,5
1618,9.398276643990929,1,4096,0,1.0,-34.10000978272636,,-1,0,-1,,0,0,,1,0.5831999999976745,17.90499999999895,4
1619,9.404081632653062,1,4096,0,1.0,-35.475652758168,0.019062375649809837,70,0,-1,,0,0,3.440399999998789,0,4.130899999999826,22.042499999997744,6
1620,9.409886621315193,1,4096,0,1.0,-35.51739121400177,,-1,0,-1,,0,0,,1,0.8121999999985974,8.10589999999678,5
1621,9.415691609977324,1,4096,0,1.0,-36.86130582699354,,-1,0,-1,,0,0,,1,0.7622999999981062,8.881899999998666,4
1622,9.421496598639456,1,4096,0,1.0,-41.53962435051724,0.03883703052997589,70,0,-1,,0,0,5.044899999997909,0,5.9736000000008005,14.898399999999867,3
1623,9.427301587301587,1,4096,0,1.0,-38.78220949980044,0.03649326413869858,70,0,-1,,0,0,4.92879999999829,0,6.073000000004214,15.17300000000077,2
1624,9.433106575963718,1,4096,0,1.0,-44.67198194945667,0.03309871628880501,70,0,-1,,0,0,6.564400000002024,0,7.61190000000056,22.88030000000063,1
1625,9.438911564625851,1,4096,0,1.0,-44.3269029756089,0.03620126470923424,70,0,-1,,0,0,16.279600000000727,0,18.71969999999834,41.85800000000128,3
1626,9.444716553287982,1,4096,0,1.0,-45.98698028199208,0.033005595207214355,70,0,-1,,0,0,4.4351000000020235,0,6.00820000000013,20.856299999998384,5
1627,9.450521541950113,1,4096,0,1.0,-50.302060156216484,,-1,0,-1,,0,0,,1,0.8467000000003111,21.744700000002837,4
1628,9.456326530612245,1,4096,0,1.0,-48.8470721897658,0.020293178036808968,70,0,-1,,0,0,4.055499999999768,0,4.952199999998186,26.75130000000081,3
1629,9.462131519274376,1,4096,0,1.0,-44.430592445848404,0.015363719314336777,70,0,-1,,0,0,5.2616999999983705,0,6.8028999999967255,15.628599999999437,2
1630,9.467936507936509,1,4096,0,1.0,-46.073219827202784,0.008420904166996479,64,0,-1,,0,0,3.6032000000005837,0,5.190800000001161,20.991800000000893,4
1631,9.47374149659864,1,4096,0,1.0,-48.0352770150834,0.008290288038551807,64,0,-1,,0,0,5.541300000000859,0,7.120199999999244,28.21090000000126,6
1632,9.479546485260771,1,4096,0,1.0,-47.68547587222885,,-1,0,-1,,0,0,,1,0.8231000000016309,8.90319999999889,5
1633,9.485351473922902,1,4096,0,1.0,-46.037723928244574,,-1,0,-1,,0,0,,1,0.5890999999991209,9.535599999999533,4
1634,9.491156462585034,1,4096,0,1.0,-45.44548311437953,0.004769010469317436,64,0,-1,,0,0,2.535500000000468,0,2.974200000000593,12.546400000001512,3
1635,9.496961451247165,1,4096,0,1.0,-48.15348193901998,0.0028808731585741043,64,0,-1,,0,0,2.294300000002636,0,2.813400000000854,8.595599999999592,2
1636,9.502766439909298,1,4096,0,1.0,-44.64489113379804,0.0028817360289394855,64,0,-1,,0,0,3.6269999999980485,0,4.3568000000000495,12.948699999999036,1
1637,9.508571428571429,1,4096,0,1.0,-49.1143786615789,0.0028811143711209297,64,0,-1,,0,0,4.867300000000796,0,6.451799999997121,19.61419999999947,0
1638,9.51437641723356,1,4096,0,1.0,-48.875779507121436,0.002564199734479189,64,0,-1,,0,0,3.4719000000009714,0,4.511600000004279,4.79050000000214,2
1639,9.520181405895691,1,4096,0,1.0,-52.427206473877575,0.0020543222781270742,59,0,-1,,0,0,4.1970999999989544,0,5.48000000000215,10.253200000001073,1
1640,9.525986394557822,1,4096,0,1.0,-54.596100004363336,0.002361151622608304,59,0,-1,,0,0,4.396499999998582,0,5.733999999996797,16.07490000000311,3
1641,9.531791383219955,1,4096,0,1.0,-55.552943465479494,0.0019517842447385192,59,0,-1,,0,0,2.705399999999969,0,3.3591000000008364,4.710299999999279,2
1642,9.537596371882087,1,4096,0,1.0,-50.360307681007114,0.0033013031352311373,59,0,-1,,0,0,3.337900000001781,0,4.710299999999279,9.405499999999734,1
1643,9.543401360544218,1,4096,0,1.0,-49.47386853797035,0.004369198810309172,59,0,-1,,0,0,4.567599999997896,0,7.219500000001489,16.808699999998566,0
1644,9.549206349206349,1,4096,0,1.0,-47.48123246689385,0.0038515417836606503,53,0,-1,,0,0,4.649100000001738,0,5.674500000001359,5.9614999999979545,2
1645,9.55501133786848,1,4096,0,1.0,-49.066463309741536,,-1,0,-1,,0,0,,1,1.1533000000021332,7.193499999999631,4
1646,9.560816326530611,1,4096,0,1.0,-49.16508716003997,0.00520329549908638,66,0,-1,,0,0,2.5589000000003637,0,3.013400000000388,10.223999999997346,3
1647,9.566621315192744,1,4096,0,1.0,-53.830787629635424,0.004683477804064751,65,0,-1,,0,0,3.1615999999985434,0,3.8616000000004647,7.663199999999648,2
1648,9.572426303854876,1,4096,0,1.0,-58.20002372841606,0.0033128629438579082,65,0,-1,,0,0,2.312299999999823,0,2.891400000002875,10.590000000000543,1
1649,9.578231292517007,1,4096,0,1.0,-55.058554300895125,0.0022870164830237627,65,0,-1,,0,0,4.01960000000301,0,4.645599999996364,15.280899999996933,0
1650,9.584036281179138,1,4096,0,1.0,-55.31156810385429,0.0024021570570766926,65,0,-1,,0,0,2.9463999999990165,0,3.921200000000624,4.278700000000413,2
1651,9.58984126984127,1,4096,0,1.0,-57.050425831659346,0.0020066287834197283,65,0,-1,,0,0,2.517300000000944,0,3.643300000000238,7.938400000000456,1
1652,9.595646258503402,1,4096,0,1.0,-56.50224275544918,0.002143207471817732,65,0,-1,,0,0,5.258500000000055,0,6.302100000002753,14.26659999999913,0
1653,9.601451247165533,1,4096,0,1.0,-57.95908038963983,0.0022242881823331118,65,0,-1,,0,0,3.0241000000010843,0,3.865999999998593,4.0247999999998285,2
1654,9.607256235827665,1,4096,0,1.0,-55.09978867682676,0.0023007120471447706,65,0,-1,,0,0,4.894900000000035,0,5.974199999997154,10.062999999998823,1
1655,9.613061224489796,1,4096,0,1.0,-53.98273646504712,0.002398301148787141,65,0,-1,,0,0,3.7427000000000987,0,5.147600000000807,15.371599999998153,0
1656,9.618866213151927,1,4096,0,1.0,-49.61061975699812,0.0033907881006598473,65,0,-1,,0,0,7.009999999997518,0,8.326000000000278,8.598899999999077,2
1657,9.624671201814058,1,4096,0,1.0,-47.77472764479757,0.005691531579941511,65,0,-1,,0,0,5.355099999999169,0,7.5769000000001085,16.56380000000013,1
1658,9.630476190476191,1,4096,0,1.0,-44.619162180207724,0.007570875342935324,65,0,-1,,0,0,9.90189999999913,0,12.772899999994536,29.527699999999157,3
1659,9.636281179138322,1,4096,0,1.0,-43.36399683595239,0.007394203916192055,65,0,-1,,0,0,4.708399999998392,0,7.232700000002978,19.66939999999795,5
1660,9.642086167800453,1,4096,0,1.0,-44.666936992173675,,-1,0,-1,,0,0,,1,1.1867000000016503,20.984499999997297,4
1661,9.647891156462585,1,4096,0,1.0,-43.75240000564213,0.006225503981113434,65,0,-1,,0,0,4.599100000000078,0,5.962600000000151,27.072100000001598,3
1662,9.653696145124716,1,4096,0,1.0,-48.61699363891559,0.005083998665213585,64,0,-1,,0,0,2.393300000001375,0,3.1080999999986147,14.207499999997708,2
1663,9.659501133786849,1,4096,0,1.0,-47.29456704372115,0.004705754108726978,64,0,-1,,0,0,2.2815999999998837,0,2.835799999999722,17.050699999998642,1
1664,9.66530612244898,1,4096,0,1.0,-52.718555096314184,0.004529198631644249,64,0,-1,,0,0,3.209900000001653,0,3.6681999999998993,20.73689999999928,3
1665,9.671111111111111,1,4096,0,1.0,-54.92706595642669,0.0040476624853909016,64,0,-1,,0,0,4.359799999999581,0,5.801699999999244,8.54349999999826,2
1666,9.676916099773242,1,4096,0,1.0,-57.31968989204751,0.0030726767145097256,64,0,-1,,0,0,2.462799999999987,0,3.661800000003268,12.348800000001603,1
1667,9.682721088435374,1,4096,0,1.0,-51.84827149363798,0.003118958557024598,64,0,-1,,0,0,3.967899999999247,0,4.664200000004115,17.096500000000958,0
1668,9.688526077097505,1,4096,0,1.0,-57.59411057823982,0.0026745141949504614,64,0,-1,,0,0,5.4230000000004,0,7.483600000000479,7.852499999998486,2
1669,9.694331065759638,1,4096,0,1.0,-52.45936103695175,0.003582791890949011,64,0,-1,,0,0,3.582500000000266,0,4.970700000001216,12.96689999999856,4
1670,9.700136054421769,1,4096,0,1.0,-57.69789221544226,0.002950996393337846,64,0,-1,,0,0,3.197400000001238,0,3.8786999999977922,16.872599999999238,3
1671,9.7059410430839,1,4096,0,1.0,-56.804191994455294,0.0028791227377951145,64,0,-1,,0,0,4.529599999997913,0,5.891999999999342,11.774799999997754,2
1672,9.711746031746031,1,4096,0,1.0,-58.0194913645899,0.002093782415613532,64,0,-1,,0,0,2.911799999999687,0,4.382800000001907,16.4055999999988,1
1673,9.717551020408163,1,4096,0,1.0,-61.3231977967429,0.0019526463001966476,64,0,-1,,0,0,2.265900000001153,0,2.962400000001253,19.43340000000049,0
1674,9.723356009070296,1,4096,0,1.0,-61.97958886349107,0.0019071983406320214,64,0,-1,,0,0,4.727800000001281,0,5.492700000001349,5.644700000001279,2
1675,9.729160997732427,1,4096,0,1.0,-62.966024748547795,0.0013111733132973313,64,0,-1,,0,0,2.176399999999745,0,3.0506000000016797,8.824300000000562,1
1676,9.734965986394558,1,4096,0,1.0,-66.52968747870116,0.0015105170896276832,64,0,-1,,0,0,2.08499999999745,0,2.622599999998698,11.511899999998576,0
1677,9.740770975056689,1,4096,0,1.0,-63.70155624889424,0.0014056694926694036,64,0,-1,,0,0,6.320599999998677,0,7.886700000003799,8.04820000000106,2
1678,9.74657596371882,1,4096,0,1.0,-58.56868157711578,0.00127334613353014,64,0,-1,,0,0,4.105400000000259,0,5.835900000001004,13.065700000002067,1
1679,9.752380952380953,1,4096,0,1.0,-53.04916725844711,0.0017529964679852128,64,0,-1,,0,0,4.258000000000095,0,5.1690999999998155,18.650900000000803,0
1680,9.758185941043084,1,4096,0,1.0,-41.13453929889931,0.0032211823854595423,59,0,-1,,0,0,2.7378999999996267,0,3.4810000000007335,3.7647999999990134,2
1681,9.763990929705216,1,4096,0,1.0,-37.797243480658,0.0042479136027395725,64,0,-1,,0,0,2.999599999998992,0,3.544300000001499,7.295400000000285,4
1682,9.769795918367347,1,4096,0,1.0,-33.68474704505883,0.005472102202475071,64,0,-1,,0,0,4.974600000000606,0,6.405799999999573,13.822699999998633,3
1683,9.775600907029478,1,4096,0,1.0,-30.48737073343256,0.006225421093404293,59,0,-1,,0,0,4.181200000001439,0,5.4915999999956,14.428899999998634,2
1684,9.78140589569161,1,4096,0,1.0,-31.497602477591947,0.006106035318225622,64,0,-1,,0,0,2.6082999999985645,0,3.1769000000032577,17.62859999999833,1
1685,9.787210884353742,1,4096,0,1.0,-32.911091993176676,0.006396828219294548,66,0,-1,,0,0,4.231799999999453,0,4.814299999999605,22.475999999997498,0
1686,9.793015873015873,1,4096,0,1.0,-35.244525037712734,0.006665112916380167,65,0,-1,,0,0,4.031600000001134,0,5.8070999999984,6.215900000000829,2
1687,9.798820861678005,1,4096,0,1.0,-35.97469503218445,0.006474795751273632,65,0,-1,,0,0,4.487600000000924,0,5.406200000003025,11.601399999999984,1
1688,9.804625850340136,1,4096,0,1.0,-37.41043073165893,0.007079106289893389,65,0,-1,,0,0,4.337700000000666,0,5.603499999999428,17.33210000000085,3
1689,9.810430839002267,1,4096,0,1.0,-39.28380970565226,0.0073713636957108974,65,0,-1,,0,0,3.8333000000001505,0,4.78949999999756,7.078799999998608,2
1690,9.8162358276644,1,4096,0,1.0,-44.296862930966384,0.007423649076372385,65,0,-1,,0,0,2.8429000000009808,0,3.6570000000004654,10.784799999999706,1
1691,9.822040816326531,1,4096,0,1.0,-42.93808552201135,0.007948326878249645,65,0,-1,,0,0,3.9200000000008117,0,4.709999999999326,15.542299999999898,0
1692,9.827845804988662,1,4096,0,1.0,-43.27365267841096,0.009227661415934563,65,0,-1,,0,0,6.505100000001818,0,7.878300000001559,8.18440000000109,5
1693,9.833650793650794,1,4096,0,1.0,-46.39707247513374,,-1,0,-1,,0,0,,1,1.008899999998647,9.23699999999883,4
1694,9.839455782312925,1,4096,0,1.0,-41.6723222385543,0.010090124793350697,65,0,-1,,0,0,3.7566000000026634,0,4.658700000000238,13.928200000002278,3
1695,9.845260770975056,1,4096,0,1.0,-37.88377170325349,0.012617770582437515,65,0,-1,,0,0,2.1455999999986375,0,2.7156999999995435,10.894499999999141,2
1696,9.851065759637189,1,4096,0,1.0,-37.53003924755667,0.01764039508998394,65,0,-1,,0,0,2.6951000000003944,0,3.2436000000011234,14.080099999997486,1
1697,9.85687074829932,1,4096,0,1.0,-36.330064671093474,0.012081590481102467,65,0,-1,,0,0,3.9650999999985004,0,4.754200000000708,18.901800000001856,3
1698,9.862675736961451,1,4096,0,1.0,-36.34270717849262,0.02044486068189144,65,0,-1,,0,0,2.1607999999986305,0,2.6215000000000543,3.747699999998133,2
1699,9.868480725623582,1,4096,0,1.0,-35.52161246913448,0.015121991746127605,65,0,-1,,0,0,2.2218999999985556,0,3.202800000000394,6.968499999999267,1
1700,9.874285714285714,1,4096,0,1.0,-36.80709896645907,0.012417099438607693,65,0,-1,,0,0,2.5025000000020725,0,2.9494999999961635,9.951700000002006,0
1701,9.880090702947847,1,4096,0,1.0,-34.74611952969533,0.014805433340370655,65,0,-1,,0,0,2.8971999999996,0,3.886899999997695,4.0852000000022315,2
1702,9.885895691609978,1,4096,0,1.0,-35.1107201311708,0.013603790663182735,65,0,-1,,0,0,2.217999999999165,0,2.859300000000786,6.97890000000001,1
1703,9.891700680272109,1,4096,0,1.0,-36.17635253025507,0.01749325543642044,65,0,-1,,0,0,2.0459999999999923,0,2.440599999999904,9.463599999996575,3
1704,9.89750566893424,1,4096,0,1.0,-37.922227365401156,0.017887672409415245,65,0,-1,,0,0,3.625100000000714,0,4.414000000000584,5.476299999997991,2
1705,9.903310657596371,1,4096,0,1.0,-40.86142991859589,0.014173091389238834,65,0,-1,,0,0,2.5873999999994624,0,3.296800000001099,8.8374999999985,1
1706,9.909115646258503,1,4096,0,1.0,-43.02147292333406,0.01664286106824875,65,0,-1,,0,0,2.4055999999994526,0,2.9804000000019926,11.85350000000085,0
1707,9.914920634920636,1,4096,0,1.0,-49.60339190370049,0.013681367039680481,65,0,-1,,0,0,2.3746999999971763,0,3.402200000000022,3.5336000000008028,2
1708,9.920725623582767,1,4096,0,1.0,-51.414107706244884,0.009015973657369614,65,0,-1,,0,0,1.9968999999981918,0,2.619599999999167,6.004699999998309,1
1709,9.926530612244898,1,4096,0,1.0,-50.53256760343853,0.007514157798141241,65,0,-1,,0,0,2.8290999999995847,0,3.457900000000791,9.468800000000499,0
1710,9.93233560090703,1,4096,0,1.0,-52.87005884017783,0.006235919892787933,65,0,-1,,0,0,2.6401000000007,0,3.6209000000013702,3.818600000002448,2
1711,9.93814058956916,1,4096,0,1.0,-53.12459077996411,0.0048048184253275394,65,0,-1,,0,0,2.5660000000016225,0,3.1905000000023165,7.066200000000578,1
1712,9.943945578231293,1,4096,0,1.0,-55.51865112930727,0.004393300041556358,65,0,-1,,0,0,6.582800000000333,0,7.297399999998788,14.438699999999471,0
1713,9.949750566893425,1,4096,0,1.0,-57.15284308024258,0.0033034328371286392,64,0,-1,,0,0,3.4654000000031715,0,4.397799999999563,4.621800000002452,2
1714,9.955555555555556,1,4096,0,1.0,-55.39695661078099,0.004221586976200342,64,0,-1,,0,0,4.886499999997795,0,6.654300000001001,11.409799999999137,4
1715,9.961360544217687,1,4096,0,1.0,-55.72440687871237,0.0035122474655508995,64,0,-1,,0,0,3.4314000000001954,0,4.2416999999979055,15.73940000000107,3
1716,9.967165532879818,1,4096,0,1.0,-54.79016311049082,0.003119259374216199,64,0,-1,,0,0,2.0425999999993394,0,2.67159999999933,10.704000000000491,2
1717,9.97297052154195,1,4096,0,1.0,-55.739640124950625,0.00267180148512125,64,0,-1,,0,0,4.46240000000131,0,5.168300000001125,15.87170000000171,1
1718,9.978775510204082,1,4096,0,1.0,-59.702562092967064,0.0029342572670429945,64,0,-1,,0,0,3.9518000000029474,0,5.178000000000793,21.254400000000118,3
1719,9.984580498866213,1,4096,0,1.0,-57.444300015878,0.0030830837786197662,64,0,-1,,0,0,2.7788000000015245,0,3.75580000000042,4.7992999999983965,2
1720,9.990385487528345,1,4096,0,1.0,-54.47651810576925,0.0028905184008181095,64,0,-1,,0,0,2.13499999999911,0,2.6997999999984756,7.506200000001684,1
1721,9.996190476190476,1,4096,0,1.0,-59.308239159925606,0.0030882356222718954,64,0,-1,,0,0,5.014100000000354,0,5.508299999998911,13.033599999999979,0
1722,10.001995464852607,1,4096,0,1.0,-59.20200659678173,0.0024544016923755407,59,0,-1,,0,0,2.9484000000010724,0,3.76229999999822,4.0362999999992155,2
1723,10.00780045351474,1,4096,0,1.0,-53.61734035362712,0.002839192282408476,59,0,-1,,0,0,3.786500000000359,0,4.472299999999763,8.546399999996623,1
1724,10.013605442176871,1,4096,0,1.0,-51.40592776905738,0.004057842306792736,59,0,-1,,0,0,3.6887999999990484,0,5.280800000001307,14.00470000000098,0
1725,10.019410430839002,1,4096,0,1.0,-42.96647775252651,0.006102795246988535,59,0,-1,,0,0,2.3026000000001545,0,2.9956999999960487,3.1868000000017105,2
1726,10.025215419501134,1,4096,0,1.0,-42.613835520703816,0.005836662370711565,59,0,-1,,0,0,4.341700000001225,0,5.187700000000461,8.425500000001307,1
1727,10.031020408163265,1,4096,0,1.0,-40.17028092753548,0.006822342053055763,59,0,-1,,0,0,4.460399999999254,0,5.852099999998472,14.465300000001236,0
1728,10.036825396825396,1,4096,0,1.0,-37.34796432560809,0.006822073832154274,69,0,-1,,0,0,5.302699999997884,0,7.196800000002668,7.499799999997947,2
1729,10.042630385487529,1,4096,0,1.0,-39.8137637517621,0.008108576759696007,69,0,-1,,0,0,3.698699999997501,0,4.9829999999992935,12.607799999997837,1
1730,10.04843537414966,1,4096,0,1.0,-33.87378606713266,0.008513331413269043,72,0,-1,,0,0,2.1880999999979167,0,2.6973999999988507,15.318600000000515,3
1731,10.054240362811791,1,4096,0,1.0,-35.46646687058442,0.009103087708353996,72,0,-1,,0,0,2.6572000000015805,0,3.120800000001367,4.695300000001623,2
1732,10.060045351473923,1,4096,0,1.0,-37.46017783091031,0.010883702896535397,69,0,-1,,0,0,6.001799999999946,0,7.019400000000786,11.792699999997325,1
1733,10.065850340136054,1,4096,0,1.0,-33.79201997798083,0.012611711397767067,72,0,-1,,0,0,3.1308999999986042,0,4.056300000002011,15.957500000002511,0
1734,10.071655328798187,1,4096,0,1.0,-36.714486895277815,0.01460032258182764,72,0,-1,,0,0,3.3989999999981535,0,5.049499999998375,5.367899999999537,2
1735,10.077460317460318,1,4096,0,1.0,-32.43219759636425,0.017956988885998726,72,0,-1,,0,0,2.24229999999892,0,2.85029999999864,8.208599999999677,1
1736,10.083265306122449,1,4096,0,1.0,-35.43287940736954,0.019255002960562706,72,0,-1,,0,0,2.8922999999991816,0,3.484900000000124,11.71759999999722,0
1737,10.08907029478458,1,4096,0,1.0,-39.054781906872165,0.021983442828059196,72,0,-1,,0,0,3.9336999999974864,0,4.70319999999802,4.9119000000033,2
1738,10.094875283446711,1,4096,0,1.0,-37.31566344245384,0.030160019174218178,70,0,-1,,0,0,2.2802000000012868,0,2.971800000000968,8.026999999998452,1
1739,10.100680272108843,1,4096,0,1.0,-38.375334594588956,0.03298002853989601,70,0,-1,,0,0,2.1029000000005738,0,2.5420000000018206,10.601999999998668,3
1740,10.106485260770976,1,4096,0,1.0,-41.06469619356471,0.03599270433187485,70,0,-1,,0,0,2.4876999999996485,0,2.926200000000989,3.6768999999985397,2
1741,10.112290249433107,1,4096,0,1.0,-40.18092914544265,0.03788451850414276,70,0,-1,,0,0,2.5075999999977228,0,3.2375999999985083,6.988199999998557,1
1742,10.118095238095238,1,4096,0,1.0,-42.5625982757645,0.033483684062957764,70,0,-1,,0,0,4.3098999999990895,0,5.176499999997475,12.234199999998197,0
1743,10.12390022675737,1,4096,0,1.0,-43.41156313812399,0.028188392519950867,70,0,-1,,0,0,2.6390999999996723,0,3.3557999999977994,3.5330000000008965,2
1744,10.1297052154195,1,4096,0,1.0,-43.646676664319884,0.022840654477477074,70,0,-1,,0,0,4.688500000000317,0,5.483199999996913,9.078800000001053,1
1745,10.135510204081633,1,4096,0,1.0,-45.15228910811399,0.02182087115943432,70,0,-1,,0,0,2.782700000000915,0,3.8707999999978426,13.086200000000048,0
1746,10.141315192743765,1,4096,0,1.0,-50.98758732390152,0.015175674110651016,70,0,-1,,0,0,3.9930999999988614,0,5.340199999999129,5.564199999998465,2
1747,10.147120181405896,1,4096,0,1.0,-49.85931875843371,0.00968409888446331,70,0,-1,,0,0,3.4959999999983893,0,4.367500000000746,9.974799999998396,1
1748,10.152925170068027,1,4096,0,1.0,-51.638689687575365,0.00907303299754858,70,0,-1,,0,0,1.9361999999993884,0,2.5900000000014245,12.619499999999562,0
1749,10.158730158730158,1,4096,0,1.0,-52.741727757685425,0.009939741343259811,70,0,-1,,0,0,3.2181999999991717,0,4.128200000000248,4.314799999999508,2
1750,10.164535147392291,1,4096,0,1.0,-53.27634267083853,0.006563539616763592,70,0,-1,,0,0,2.7929000000028736,0,3.810999999995346,8.181300000000391,4
1751,10.170340136054422,1,4096,0,1.0,-52.70402797170358,0.006529575679451227,70,0,-1,,0,0,2.0154000000012218,0,2.4785000000022706,10.755100000000795,3
1752,10.176145124716554,1,4096,0,1.0,-52.654285701508826,0.006423429120332003,69,0,-1,,0,0,3.8820000000008292,0,4.333000000002585,7.256899999998012,2
1753,10.181950113378685,1,4096,0,1.0,-52.05555343478813,0.005166280549019575,64,0,-1,,0,0,2.451400000001769,0,3.324299999995617,10.668500000001302,1
1754,10.187755102040816,1,4096,0,1.0,-51.10926177262787,0.0057811373844742775,64,0,-1,,0,0,2.256899999999007,0,2.8335000000012656,13.580000000001036,0
1755,10.193560090702947,1,4096,0,1.0,-52.11390565479584,0.0047204927541315556,64,0,-1,,0,0,3.233300000001549,0,3.9768000000002246,4.32050000000217,2
1756,10.19936507936508,1,4096,0,1.0,-47.38314214817467,0.005952451378107071,64,0,-1,,0,0,2.119799999999117,0,2.669500000003211,6.998100000000562,1
1757,10.205170068027211,1,4096,0,1.0,-46.7532569535107,0.0058007994666695595,64,0,-1,,0,0,2.186900000001657,0,2.6551999999995246,9.686300000002035,0
1758,10.210975056689342,1,4096,0,1.0,-49.843837823038044,0.00346427783370018,64,0,-1,,0,0,4.276099999998451,0,5.571800000002014,5.91320000000195,2
1759,10.216780045351474,1,4096,0,1.0,-51.713184951817965,0.00323673989623785,64,0,-1,,0,0,2.056200000001951,0,3.6948999999992793,9.658300000001674,1
1760,10.222585034013605,1,4096,0,1.0,-55.34490669674459,0.0028593798633664846,64,0,-1,,0,0,2.1988000000021657,0,2.751599999999854,12.428299999999837,0
1761,10.228390022675738,1,4096,0,1.0,-56.271794468437065,0.0021328297443687916,64,0,-1,,0,0,5.605399999996763,0,9.8766000000019,10.224199999999684,5
1762,10.234195011337869,1,4096,0,1.0,-61.50992877972464,,-1,0,-1,,0,0,,1,1.1225999999986414,11.422700000000674,4
1763,10.24,1,4096,0,1.0,-64.07697942184261,0.0019697195384651423,64,0,-1,,0,0,3.497600000002876,0,4.32610000000011,15.792600000001045,3
1764,10.245804988662131,1,4096,0,1.0,-65.12795974177149,0.0018339422531425953,64,0,-1,,0,0,5.1947999999981676,0,6.485899999997713,14.712899999999252,2
1765,10.251609977324263,1,512,1,1.0,-69.56405206970418,,-1,0,-1,,0,0,,1,1.798199999999639,16.682100000000588,4
1766,10.257414965986394,1,512,0,1.0,-70.79261212373795,0.021450918167829514,59,0,-1,,0,0,2.7098999999992657,0,3.2976999999974055,20.032699999998016,3
1767,10.263219954648527,1,512,0,1.0,-73.67063731443109,0.020479591563344002,59,0,-1,,0,0,3.2965999999987616,0,3.998099999996896,8.417300000001404,2
1768,10.269024943310658,1,1024,0,1.0,-76.48905714152707,0.02000979147851467,59,0,-1,,0,0,4.990899999999243,0,5.8642999999953815,14.32439999999957,1
1769,10.27482993197279,1,1024,0,1.0,-77.64528979176019,0.019870705902576447,59,0,-1,,0,0,2.302799999998939,0,3.5117999999982885,17.982899999999802,0
1770,10.28063492063492,1,2048,0,1.0,-76.45469919177441,0.019648322835564613,59,0,-1,,0,0,2.3018999999990797,0,2.9190999999961775,3.066499999999195,2
1771,10.286439909297052,1,2048,0,1.0,-77.85225790735201,0.019756494089961052,59,0,-1,,0,0,2.584099999999978,0,3.092099999999931,6.177199999999772,1
1772,10.292244897959185,1,2048,0,1.0,-75.87925843217282,0.01978655718266964,59,0,-1,,0,0,2.9895999999993705,0,3.827399999998704,10.047199999998924,0
1773,10.298049886621316,1,2048,0,1.0,-77.5887007137049,0.019893880933523178,59,0,-1,,0,0,2.6349999999979445,0,3.371800000000036,3.6978000000011946,2
1774,10.303854875283447,1,4096,0,0.4145014659105641,-79.61689383002549,0.002445134101435542,59,0,-1,,0,0,2.5656999999981167,0,3.103500000001702,6.806099999998594,1
1775,10.309659863945578,1,4096,0,1.0,-81.41100485484046,0.0025404489133507013,59,0,-1,,0,0,4.035299999998188,0,4.745200000002114,11.630700000001326,0
1776,10.31546485260771,1,4096,0,1.0,-81.0242502771358,0.002479473128914833,59,0,-1,,0,0,2.2917999999982896,0,3.0038000000018883,3.299500000000677,2
1777,10.32126984126984,1,4096,0,0.09092225065108461,-85.60460161078198,0.0026250891387462616,59,0,-1,,0,0,2.3928999999967004,0,2.961700000003731,6.2691999999984205,1
1778,10.327074829931973,1,4096,0,0.0,-86.65883876607947,0.002624718239530921,59,0,-1,,0,0,2.47269999999844,0,3.1051000000026363,9.43330000000131,0
1779,10.332879818594105,1,4096,0,0.47245149909227746,-87.69567402547804,0.002624662360176444,59,0,-1,,0,0,2.238600000001867,0,2.8775000000003104,3.1268000000004292,2
1780,10.338684807256236,1,4096,0,0.0,-88.10470106664063,0.002632544143125415,59,0,-1,,0,0,2.7973000000010018,0,3.307500000005348,6.451399999999552,1
1781,10.344489795918367,1,4096,0,0.0,-89.02234502286848,0.0026309185195714235,59,0,-1,,0,0,2.2074999999972533,0,2.8226999999994007,9.36190000000181,0
1782,10.350294784580498,1,4096,0,0.0,-89.25556199403599,0.0026312863919883966,59,0,-1,,0,0,2.4022000000023525,0,3.111900000003942,3.2766000000030715,2
1783,10.356099773242631,1,4096,0,0.0,-87.85662118094564,0.002635719021782279,59,0,-1,,0,0,4.507499999998998,0,5.0414999999972565,8.347900000000408,1
1784,10.361904761904762,1,4096,0,0.2572118218351824,-88.35697863954728,0.002632708288729191,59,0,-1,,0,0,2.0743000000003065,0,2.634700000001544,11.047500000000099,0
1785,10.367709750566894,1,4096,0,0.0,-91.02130320678421,0.0026359029579907656,59,0,-1,,0,0,5.5416000000008125,0,6.449399999997496,6.6491000000006295,2
1786,10.373514739229025,1,4096,0,0.0,-92.59373024143176,0.00263588922098279,59,0,-1,,0,0,4.478299999998825,0,7.5130000000029895,14.315899999999715,4
1787,10.379319727891156,1,4096,0,0.0,-92.48038638800487,0.00262659159488976,59,0,-1,,0,0,3.0706999999985385,0,4.332900000001416,18.811100000000636,3
1788,10.385124716553287,1,4096,0,0.0,-92.53668856374675,0.0026251517701894045,59,0,-1,,0,0,5.3200999999987175,0,6.433699999998765,12.236399999999037,2
1789,10.39092970521542,1,4096,0,0.0,-90.6206157954671,0.0026420026551932096,59,0,-1,,0,0,2.8193000000023005,0,3.5577999999993892,15.879800000000444,1
1790,10.396734693877551,1,4096,0,0.0,-90.51261030342991,0.002640636870637536,59,0,-1,,0,0,2.5352999999981307,0,3.2807000000012465,19.25019999999833,3
1791,10.402539682539683,1,4096,0,0.0,-91.37513359580487,0.0026350708212703466,59,0,-1,,0,0,1.9527000000003625,0,2.3564000000000362,3.1223000000011325,2
1792,10.408344671201814,1,4096,0,0.0,-91.95420161968306,0.0026366126257926226,59,0,-1,,0,0,2.3386999999992497,0,2.703199999995576,5.822099999999608,1
1793,10.414149659863945,1,4096,0,0.0,-92.65153110590077,0.0026354845613241196,59,0,-1,,0,0,4.039000000002346,0,4.671899999998175,10.539299999997809,0
1794,10.419954648526078,1,4096,0,0.0,-92.62253451439489,0.0026341008488088846,59,0,-1,,0,0,2.99749999999932,0,3.767899999999713,3.9380000000015514,2
1795,10.425759637188209,1,4096,0,0.0,-94.08641806311084,0.002635311335325241,59,0,-1,,0,0,4.9586999999995385,0,5.833000000002642,9.845200000000887,1
1796,10.43156462585034,1,4096,0,0.0,-93.81189069276645,0.0026319045573472977,59,0,-1,,0,0,2.832600000001406,0,4.0565999999984115,14.074499999999546,0
1797,10.437369614512471,1,4096,0,0.0,-93.01548769113678,0.0026334410067647696,59,0,-1,,0,0,2.7612999999995225,0,3.7325999999993087,3.9228000000015584,2
1798,10.443174603174603,1,4096,0,0.0,-93.41275847080522,0.0026352962013334036,59,0,-1,,0,0,4.042299999998278,0,4.808899999996896,8.772600000000352,1
1799,10.448979591836734,1,4096,0,0.0,-92.86011613640173,0.002633838914334774,59,0,-1,,0,0,2.255899999997979,0,2.866799999999614,11.71380000000255,0
1800,10.454784580498867,1,4096,0,0.0,-90.20383141701166,0.002635321347042918,59,0,-1,,0,0,2.0448999999977957,0,2.6073000000010893,2.8578000000010206,2
1801,10.460589569160998,1,4096,0,0.0,-89.3226306801449,0.002632630756124854,59,0,-1,,0,0,2.0588000000003603,0,2.530099999997759,5.536600000002778,1
1802,10.46639455782313,1,4096,0,0.997176256121965,-86.57905295944238,0.002635935554280877,59,0,-1,,0,0,2.7842000000006806,0,3.358200000000977,8.946300000001628,0
1803,10.47219954648526,1,4096,0,0.7899787579036647,-85.31580754584337,0.0026331287808716297,59,0,-1,,0,0,5.586300000000932,0,6.65079999999918,6.873200000001134,2
1804,10.478004535147392,1,4096,0,0.8680061732543873,-86.77005509646307,0.0026331041008234024,59,0,-1,,0,0,4.20220000000171,0,5.4105000000035375,12.403700000000129,1
1805,10.483809523809525,1,4096,0,0.8409922672679758,-85.44118131273049,0.002632159972563386,59,0,-1,,0,0,2.948199999998735,0,3.9552000000036003,16.479799999999045,0
1806,10.489614512471656,1,4096,0,0.0,-90.2874245445838,0.002635620767250657,59,0,-1,,0,0,4.543099999999356,0,6.416200000000316,6.812700000001115,2
1807,10.495419501133787,1,4096,0,0.1761901453094976,-84.6266381542959,0.0026341411285102367,59,0,-1,,0,0,3.9221000000004835,0,4.71160000000026,11.517000000001332,4
1808,10.501224489795918,1,4096,0,0.0,-82.23165413767364,0.0026340309996157885,59,0,-1,,0,0,3.9011000000002127,0,4.807899999999421,16.39690000000016,3
1809,10.50702947845805,1,4096,0,1.0,-78.81840220604461,0.002636854536831379,59,0,-1,,0,0,3.702399999998107,0,5.033299999997354,12.624699999999933,2
1810,10.51283446712018,1,4096,0,1.0,-74.60764140719014,0.002640562830492854,59,0,-1,,0,0,2.4745999999993273,0,3.0280000000004748,15.676599999999041,1
1811,10.518639455782314,1,4096,0,1.0,-75.49486643405997,0.0026328510139137506,59,0,-1,,0,0,2.172699999999139,0,2.7120999999965534,18.435400000001323,0
1812,10.524444444444445,1,4096,0,0.6030614068677773,-71.89176939531225,0.0026319369208067656,59,0,-1,,0,0,1.9604000000015276,0,2.663299999994706,2.8620000000003643,2
1813,10.530249433106576,1,4096,0,1.0,-77.80339324312624,0.0026379921473562717,59,0,-1,,0,0,5.624199999999746,0,6.347200000000441,9.249399999998076,1
1814,10.536054421768707,1,512,1,1.0,-68.47827251410006,0.020636387169361115,59,0,-1,,0,0,2.267700000000872,0,3.2520000000033633,12.642100000000767,0
1815,10.541859410430838,1,512,0,1.0,-64.22213934976443,0.0203174389898777,59,0,-1,,0,0,6.210100000000551,0,7.081500000001739,7.39860000000192,2
1816,10.547664399092971,1,512,0,1.0,-56.40919364741112,0.02551698125898838,59,0,-1,,0,0,3.559899999999061,0,4.857900000001081,12.349100000001556,1
1817,10.553469387755102,1,1024,0,1.0,-53.688398909789086,0.027980906888842583,59,0,-1,,0,0,4.483900000000318,0,5.4673999999970135,17.913899999999927,0
1818,10.559274376417234,1,1024,0,1.0,-51.62847582642691,0.06317588686943054,59,0,-1,,0,0,2.364599999999939,0,3.0636000000008323,3.2993999999995083,2
1819,10.565079365079365,1,2048,0,1.0,-50.16030945465224,0.04777485877275467,59,0,-1,,0,0,2.5050999999969292,0,3.1405000000006567,6.461899999997911,1
1820,10.570884353741496,1,2048,0,1.0,-37.775298935532795,0.1397636979818344,59,0,-1,,0,0,2.0892999999979622,0,3.0272999999994,9.561900000001344,3
1821,10.576689342403627,1,2048,0,1.0,-36.78520378528531,0.17224307358264923,64,0,-1,,0,0,2.7135999999998717,0,3.181600000001339,6.065100000000712,2
1822,10.58249433106576,1,2048,0,1.0,-39.128789411752194,0.14757630228996277,64,0,-1,,0,0,2.5404999999985023,0,3.882499999996014,10.026499999998606,1
1823,10.588299319727891,1,4096,0,1.0,-33.84427822307791,0.008619090542197227,64,0,-1,,0,0,2.0054000000016003,0,2.451399999998216,12.528699999997173,0
1824,10.594104308390023,1,4096,0,1.0,-35.01762483410936,0.008439009077847004,64,0,-1,,0,0,2.7626000000005035,0,3.986499999999893,4.131400000002117,2
1825,10.599909297052154,1,4096,0,1.0,-35.32986716451497,0.010272350162267685,64,0,-1,,0,0,2.558899999996811,0,3.4330000000011296,7.157899999999273,1
1826,10.605714285714285,1,4096,0,1.0,-34.31943336931924,0.010076641105115414,64,0,-1,,0,0,2.5413000000007457,0,3.1169000000019764,10.269699999998494,0
1827,10.611519274376418,1,4096,0,1.0,-36.51969540313313,0.010531437583267689,64,0,-1,,0,0,2.081199999999228,0,2.7342000000025735,2.9152999999979556,2
1828,10.61732426303855,1,4096,0,1.0,-37.7734081954202,0.012145339511334896,64,0,-1,,0,0,2.779300000000262,0,3.2717999999967162,6.21219999999667,1
1829,10.62312925170068,1,4096,0,1.0,-36.94367614237427,0.01302917581051588,64,0,-1,,0,0,2.3032999999976767,0,2.8453999999982216,9.132900000000888,0
1830,10.628934240362812,1,4096,0,1.0,-42.21290072411915,0.01312148105353117,64,0,-1,,0,0,2.6934000000018443,0,3.4945000000021764,3.6937999999970828,2
1831,10.634739229024943,1,4096,0,1.0,-40.30112047371438,0.014520546421408653,64,0,-1,,0,0,3.5388000000011743,0,4.306799999994837,8.056700000000916,4
1832,10.640544217687076,1,4096,0,1.0,-45.51173817491573,0.015070348978042603,64,0,-1,,0,0,3.2192999999978156,0,4.226799999997866,12.39969999999957,3
1833,10.646349206349207,1,4096,0,1.0,-48.03404504248688,0.013265806250274181,64,0,-1,,0,0,2.7255999999979963,0,3.5087000000011415,10.444799999998367,2
1834,10.652154195011338,1,4096,0,1.0,-50.45920587828755,0.01647077687084675,64,0,-1,,0,0,2.2945999999990363,0,2.7644000000002222,13.23600000000269,1
1835,10.65795918367347,1,4096,0,1.0,-47.87787447413095,0.018801294267177582,64,0,-1,,0,0,3.598399999997781,0,4.22749999999894,17.5257000000002,0
1836,10.6637641723356,1,4096,0,1.0,-49.46923244636424,0.012991505675017834,64,0,-1,,0,0,2.6289000000012663,0,3.381199999999751,3.556499999998408,2
1837,10.669569160997732,1,4096,0,1.0,-48.287475404047896,0.011221080087125301,64,0,-1,,0,0,2.288599999999974,0,2.9822000000017113,6.568800000000152,1
1838,10.675374149659865,1,4096,0,1.0,-48.341258234880655,0.01257710624486208,64,0,-1,,0,0,2.3476000000002273,0,2.8176000000001977,9.427699999999817,0
1839,10.681179138321996,1,4096,0,1.0,-43.237819442522074,0.010697603225708008,64,0,-1,,0,0,2.8497999999999024,0,3.5759999999989134,3.778100000001672,2
1840,10.686984126984127,1,4096,0,1.0,-41.10383572842673,0.008041463792324066,64,0,-1,,0,0,3.8960000000010098,0,4.550400000002952,8.369099999999463,1
1841,10.692789115646258,1,4096,0,1.0,-39.67863159313208,0.008905552327632904,64,0,-1,,0,0,5.191599999999852,0,5.883900000000608,14.351000000001335,0
1842,10.69859410430839,1,4096,0,1.0,-39.96370247416592,0.007552803959697485,64,0,-1,,0,0,2.117600000001829,0,2.689400000001285,2.9730000000007806,2
1843,10.704399092970522,1,4096,0,1.0,-37.61140413211075,0.006173361092805862,64,0,-1,,0,0,2.6133000000001516,0,3.148700000004112,6.149000000000626,1
1844,10.710204081632654,1,4096,0,1.0,-37.6247239126682,0.0060487291775643826,64,0,-1,,0,0,5.797199999999947,0,6.416399999999101,12.62529999999984,0
1845,10.716009070294785,1,4096,0,1.0,-36.99581633072578,0.004220332019031048,64,0,-1,,0,0,2.5410000000007926,0,3.3002000000017517,3.5053000000004886,2
1846,10.721814058956916,1,4096,0,1.0,-33.15188532586369,0.0052633462473750114,64,0,-1,,0,0,2.1293999999976165,0,2.6157999999973924,6.125700000001899,1
1847,10.727619047619047,1,4096,0,1.0,-38.24657175303574,0.006011437624692917,64,0,-1,,0,0,2.9700000000012494,0,3.508599999999973,9.682000000001523,0
1848,10.733424036281178,1,4096,0,1.0,-37.02917641341928,0.00588294817134738,64,0,-1,,0,0,2.481800000001755,0,3.212399999998894,3.4580999999995754,2
1849,10.739229024943311,1,4096,0,1.0,-38.798582748632015,0.004842679016292095,69,0,-1,,0,0,2.2739999999998872,0,2.797599999997402,6.272400000000289,1
1850,10.745034013605443,1,4096,0,1.0,-37.89934181062115,0.0043963100761175156,64,0,-1,,0,0,2.117699999999445,0,2.5100000000009004,8.830700000000746,0
1851,10.750839002267574,1,4096,0,1.0,-35.6298871897748,0.004831693135201931,64,0,-1,,0,0,3.7748999999998034,0,4.746799999999496,4.99759999999938,2
1852,10.756643990929705,1,4096,0,1.0,-36.1079334125491,0.005248225759714842,69,0,-1,,0,0,2.7214999999998213,0,4.328200000003335,10.484399999999283,1
1853,10.762448979591836,1,4096,0,1.0,-37.71166038840955,0.004505435936152935,69,0,-1,,0,0,2.5215000000002874,0,3.196899999998948,13.7400999999997,0
1854,10.768253968253969,1,4096,0,1.0,-41.221932097646594,0.004088514018803835,69,0,-1,,0,0,2.4148000000003833,0,3.034799999998228,3.1815000000001703,2
1855,10.7740589569161,1,4096,0,1.0,-42.21265457511124,0.0036095506511628628,69,0,-1,,0,0,4.947000000001367,0,5.956799999999873,9.200100000001044,1
1856,10.779863945578231,1,4096,0,1.0,-43.702807350210726,0.0035855541937053204,69,0,-1,,0,0,3.016399999999919,0,4.0021999999986235,13.386000000000564,3
1857,10.785668934240363,1,4096,0,1.0,-47.48779261881629,0.0034142108634114265,69,0,-1,,0,0,3.5367999999991184,0,4.3314999999992665,5.605499999997932,2
1858,10.791473922902494,1,4096,0,1.0,-49.1006714141069,0.002093999646604061,69,0,-1,,0,0,3.895500000002272,0,5.068600000001311,10.812500000000114,1
1859,10.797278911564625,1,4096,0,1.0,-51.01235670052694,0.002302012871950865,69,0,-1,,0,0,3.5093000000010477,0,5.029399999997963,16.058000000001016,0
1860,10.803083900226758,1,4096,0,1.0,-52.64109760084003,0.002495607128366828,69,0,-1,,0,0,3.2016999999981977,0,3.9620000000013533,4.26829999999967,2
1861,10.80888888888889,1,4096,0,1.0,-51.50744540675923,0.0019535296596586704,69,0,-1,,0,0,4.241199999999168,0,4.896399999996248,9.150599999998121,1
1862,10.81469387755102,1,4096,0,1.0,-56.02170913520081,0.001821391168050468,69,0,-1,,0,0,2.641600000000466,0,3.8082000000017047,13.112100000000737,0
1863,10.820498866213152,1,4096,0,1.0,-56.55761387568437,0.002443258883431554,69,0,-1,,0,0,2.7541999999982636,0,3.6427999999979477,3.851000000000937,2
1864,10.826303854875283,1,4096,0,1.0,-60.04880356663385,0.0014970483025535941,64,0,-1,,0,0,4.899500000000501,0,7.861900000001754,11.978100000000325,1
1865,10.832108843537416,1,4096,0,1.0,-61.057222371046834,0.0018444062443450093,59,0,-1,,0,0,4.373199999999855,0,5.9266000000022245,18.097700000001993,0
1866,10.837913832199547,1,4096,0,1.0,-63.6136408502541,0.002297456841915846,59,0,-1,,0,0,2.7870000000014272,0,4.212899999998854,4.619699999999227,2
1867,10.843718820861678,1,4096,0,1.0,-62.46878349822893,0.002045100787654519,59,0,-1,,0,0,2.3870999999999754,0,2.8635999999977457,7.420800000002004,4
1868,10.84952380952381,1,4096,0,1.0,-63.867603806567814,0.001891999039798975,59,0,-1,,0,0,4.631599999999736,0,5.286399999999247,12.709099999998585,3
1869,10.85532879818594,1,4096,0,1.0,-66.62770854657565,0.001949349301867187,59,0,-1,,0,0,5.235599999998897,0,7.281100000000151,13.267599999998936,2
1870,10.861133786848072,1,4096,0,1.0,-70.27717544511127,0.002322470536455512,59,0,-1,,0,0,4.0410000000008495,0,5.313299999997412,18.646300000000338,1
1871,10.866938775510205,1,4096,0,1.0,-71.71304850120868,0.0024587346706539392,59,0,-1,,0,0,3.7833999999996593,0,4.910999999999888,23.682199999999654,0
1872,10.872743764172336,1,4096,0,1.0,-72.12017676353742,0.0022502599749714136,59,0,-1,,0,0,2.6502000000014903,0,4.401200000000216,4.658299999999116,2
1873,10.878548752834467,1,4096,0,1.0,-73.1586737147099,0.0025303903967142105,59,0,-1,,0,0,2.439900000002382,0,3.289399999999887,7.342200000000076,1
1874,10.884353741496598,1,4096,0,1.0,-71.34923523489861,0.0024886797182261944,59,0,-1,,0,0,3.1548000000007903,0,3.6219999999964614,10.962299999999203,0
1875,10.89015873015873,1,4096,0,1.0,-69.7390165057571,0.0026218912098556757,59,0,-1,,0,0,3.3634999999989645,0,7.053299999999041,7.217600000000601,2
1876,10.895963718820862,1,512,1,1.0,-68.98106611950138,0.021175382658839226,59,0,-1,,0,0,3.1946999999981074,0,3.968599999996769,10.751899999998926,4
1877,10.901768707482994,1,512,0,1.0,-70.02416389805687,0.021048935130238533,59,0,-1,,0,0,2.814899999997067,0,3.5843000000035374,12.60170000000116,3
1878,10.907573696145125,1,512,0,1.0,-72.18292640122904,0.020833341404795647,59,0,-1,,0,0,4.059899999997896,0,4.84170000000006,10.415599999998193,2
1879,10.913378684807256,1,1024,0,1.0,-72.00559981495458,0.02019261196255684,59,0,-1,,0,0,2.81349999999847,0,3.731500000000665,14.276100000000014,1
1880,10.919183673469387,1,1024,0,0.7007413159582103,-72.81251861563938,0.020224275067448616,59,0,-1,,0,0,2.677699999999561,0,3.1986999999986665,17.506699999998432,0
1881,10.924988662131518,1,2048,0,1.0,-71.0472077116025,0.019878165796399117,59,0,-1,,0,0,2.450300000003125,0,3.1151000000022577,3.4714999999998497,2
1882,10.930793650793651,1,2048,0,1.0,-74.60901102170665,0.01980537734925747,59,0,-1,,0,0,4.575199999997892,0,5.581100000000561,9.087300000000909,1
1883,10.936598639455783,1,2048,0,1.0,-75.2573531933935,0.01983102597296238,59,0,-1,,0,0,2.3879999999998347,0,2.9882000000007736,12.137899999999036,0
1884,10.942403628117914,1,2048,0,1.0,-78.65192553363487,0.019754473119974136,59,0,-1,,0,0,6.974400000000713,0,8.630199999998922,8.908599999998046,2
1885,10.948208616780045,1,4096,0,1.0,-76.12917599808705,0.0026074133347719908,59,0,-1,,0,0,2.9751000000004524,0,4.048099999998556,13.002300000000133,1
1886,10.954013605442176,1,4096,0,1.0,-77.5069555122116,0.0026103861164301634,59,0,-1,,0,0,2.715599999998375,0,3.3789999999989107,16.4326999999993,0
1887,10.95981859410431,1,4096,0,1.0,-78.80518266926957,0.002629361115396023,59,0,-1,,0,0,2.3741999999984387,0,3.1095999999983803,3.3162999999980514,2
1888,10.96562358276644,1,4096,0,0.8402707195514618,-78.29409409853088,0.0026265904307365417,59,0,-1,,0,0,2.36059999999938,0,2.9733000000007337,6.352299999999644,1
1889,10.971428571428572,1,4096,0,0.6796312651254877,-80.6287778685814,0.0026216981932520866,59,0,-1,,0,0,2.306499999999545,0,2.7572000000013475,9.151500000001533,3
1890,10.977233560090703,1,4096,0,1.0,-79.72379708221281,0.0026250816881656647,59,0,-1,,0,0,2.022400000001312,0,2.405100000000715,3.9282999999983303,2
1891,10.983038548752834,1,4096,0,1.0,-81.71668927502095,0.002620349172502756,59,0,-1,,0,0,3.4026999999987595,0,3.9288000000006207,7.8531999999995605,1
1892,10.988843537414965,1,4096,0,0.266077738949493,-85.54755247656111,0.0026023387908935547,59,0,-1,,0,0,2.3796000000011475,0,3.8231999999993604,11.768299999999954,0
1893,10.994648526077098,1,4096,0,0.0,-89.65981625815726,0.0026256137061864138,59,0,-1,,0,0,3.1260999999993544,0,5.175000000001262,5.507800000000174,2
1894,11.00045351473923,1,4096,0,0.0,-89.24227165716516,0.0026151053607463837,59,0,-1,,0,0,1.9923000000012792,0,2.5464000000035014,8.022700000001493,1
1895,11.00625850340136,1,4096,0,0.8639688181980084,-88.7652003096781,0.0026195505633950233,59,0,-1,,0,0,3.2586999999999477,0,3.7532999999996264,11.787099999999384,0
1896,11.012063492063492,1,4096,0,0.0,-88.21851237238786,0.002626737579703331,59,0,-1,,0,0,4.273999999998779,0,6.124600000003255,6.5200999999994735,2
1897,11.017868480725623,1,4096,0,0.4544352483578197,-89.18951332642624,0.0026295974384993315,59,0,-1,,0,0,2.8457999999993433,0,3.6359000000025787,10.131600000001129,1
1898,11.023673469387756,1,4096,0,0.0,-88.64790342898054,0.0026352813001722097,59,0,-1,,0,0,4.491999999999052,0,5.598400000003778,15.805199999999076,0
1899,11.029478458049887,1,4096,0,0.0,-90.9224945486664,0.002631216309964657,59,0,-1,,0,0,8.159200000001476,0,10.587299999997413,10.931100000000527,5
1900,11.035283446712018,1,4096,0,0.0608163901279024,-89.34975087739814,,-1,0,-1,,0,0,,1,1.0316999999986365,11.994900000001252,4
1901,11.04108843537415,1,4096,0,0.0,-93.73653943073259,0.002627502428367734,59,0,-1,,0,0,6.8274000000023705,0,7.983699999996929,20.640000000000214,3
1902,11.04689342403628,1,4096,0,0.0,-92.76949316113507,0.002637235913425684,59,0,-1,,0,0,5.34680000000165,0,7.660800000000023,22.86789999999783,5
1903,11.052698412698414,1,4096,0,0.0,-91.5975838329008,,-1,0,-1,,0,0,,1,0.8645999999998821,23.78699999999867,4
1904,11.058503401360545,1,4096,0,0.0,-93.01548769113678,0.0026307259686291218,59,0,-1,,0,0,3.184999999998439,0,3.923399999997912,27.74390000000082,3
1905,11.064308390022676,1,4096,0,0.0,-89.55873738399828,0.002633217955008149,59,0,-1,,0,0,3.4473000000012632,0,4.2703000000017255,12.14960000000076,2
1906,11.070113378684807,1,4096,0,0.0,-91.46275119353095,0.002632198855280876,59,0,-1,,0,0,4.0801000000030285,0,5.043099999998191,17.250199999999438,1
1907,11.075918367346938,1,4096,0,0.0,-92.98396551560442,0.0026365849189460278,59,0,-1,,0,0,3.2585000000011632,0,4.022999999996557,21.34709999999984,3
1908,11.08172335600907,1,4096,0,0.0,-93.88857243768805,0.0026320472825318575,59,0,-1,,0,0,3.3057000000020764,0,4.2804000000025155,6.590199999997992,2
1909,11.087528344671203,1,4096,0,0.0,-95.4551743635379,0.002635182114318013,59,0,-1,,0,0,6.261600000001977,0,7.215299999998592,13.856799999999225,1
1910,11.093333333333334,1,4096,0,0.0,-96.11286916969236,0.002631105948239565,59,0,-1,,0,0,3.436300000000614,0,4.86139999999935,18.859000000002624,0
1911,11.099138321995465,1,4096,0,0.0,-95.80152468536258,0.00263225007802248,59,0,-1,,0,0,2.1789999999981546,0,3.2864999999979716,3.4148999999992213,2
1912,11.104943310657596,1,4096,0,0.0,-95.86203353190663,0.0026317592710256577,59,0,-1,,0,0,2.964800000000878,0,3.579800000000688,6.521899999999192,1
1913,11.110748299319727,1,4096,0,0.0,-96.81175663155918,0.0026318496093153954,59,0,-1,,0,0,3.748999999999114,0,5.259300000002298,11.81720000000297,0
1914,11.11655328798186,1,4096,0,0.0,-96.31098574877738,0.002634144853800535,59,0,-1,,0,0,2.5340999999983183,0,3.2320000000005678,3.4414000000033695,2
1915,11.122358276643991,1,4096,0,0.0,-96.31098574877738,0.0026343464851379395,59,0,-1,,0,0,2.2276000000012175,0,2.725900000001502,6.2016000000006954,1
1916,11.128163265306123,1,4096,0,0.0,-97.04540980062914,0.0026338230818510056,59,0,-1,,0,0,2.28869999999759,0,2.703000000000344,8.949600000001112,0
1917,11.133968253968254,1,4096,0,0.0,-96.243937670594,0.0026335222646594048,59,0,-1,,0,0,2.166300000002508,0,2.8956000000022186,3.2212000000022556,2
1918,11.139773242630385,1,4096,0,0.0,-96.243937670594,0.002633472438901663,59,0,-1,,0,0,2.2853999999981056,0,2.788899999998762,5.927299999999747,1
1919,11.145578231292516,1,4096,0,0.0,-95.98564066195814,0.00263614347204566,59,0,-1,,0,0,2.3869999999988067,0,2.879000000000076,8.801099999999451,0
1920,11.15138321995465,1,4096,0,0.0,-96.59003495889704,0.002635759999975562,59,0,-1,,0,0,2.0560999999972296,0,2.788100000000071,2.9369999999993013,2
1921,11.15718820861678,1,4096,0,0.0,-95.86203353190663,0.00263691833242774,59,0,-1,,0,0,4.133499999998236,0,5.384899999999249,8.375100000002078,1
1922,11.162993197278912,1,4096,0,0.0,-96.243937670594,0.002633915515616536,59,0,-1,,0,0,2.1577999999990993,0,2.9359999999982733,11.40670000000199,0
1923,11.168798185941043,1,4096,0,0.0,-97.73794553660701,0.002634077100083232,59,0,-1,,0,0,2.3077999999969734,0,2.9631000000023278,3.146799999999672,2
1924,11.174603174603174,1,4096,0,0.0,-96.66269167130112,0.002634812379255891,59,0,-1,,0,0,5.354699999998047,0,6.04449999999801,9.222400000002295,1
1925,11.180408163265307,1,4096,0,0.0,-96.59003495889704,0.002635351615026593,59,0,-1,,0,0,3.8045999999987146,0,4.824899999999133,14.187199999998512,3
1926,11.186213151927438,1,4096,0,0.0,-96.04878903049143,0.0026349881663918495,59,0,-1,,0,0,3.9558999999975697,0,5.2221000000010065,8.745399999998682,2
1927,11.19201814058957,1,4096,0,0.0,-95.9233973547883,0.002634950214996934,59,0,-1,,0,0,5.449300000002211,0,6.794200000001638,15.664999999998486,1
1928,11.1978231292517,1,4096,0,0.0,-96.04878903049143,0.0026344340294599533,59,0,-1,,0,0,2.3023000000002014,0,3.0445999999990647,18.765399999999488,0
1929,11.203628117913832,1,4096,0,0.0,-96.44826950478262,0.002633850323036313,59,0,-1,,0,0,3.9289000000017893,0,4.720700000000022,4.939600000000155,2
1930,11.209433106575963,1,4096,0,0.0,-96.31098574877738,0.0026343450881540775,59,0,-1,,0,0,4.7394999999994525,0,6.424200000001434,11.466099999999813,1
1931,11.215238095238096,1,4096,0,0.0,-95.98564066195814,0.0026343439240008593,59,0,-1,,0,0,2.53280000000089,0,3.296600000005867,14.843200000001389,0
1932,11.221043083900227,1,4096,0,0.0,-96.96612043264099,0.0026345858350396156,59,0,-1,,0,0,2.1756999999986704,0,2.872899999999845,3.1281000000014103,2
1933,11.226848072562358,1,4096,0,0.0,-96.96612043264099,0.0026342864148318768,59,0,-1,,0,0,4.988100000002049,0,6.186500000001871,9.344200000001024,1
1934,11.23265306122449,1,4096,0,0.0,-96.96612043264099,0.002634460339322686,59,0,-1,,0,0,2.3260000000000502,0,3.033999999999537,12.4645000000001,0
1935,11.23845804988662,1,4096,0,0.0,-96.59003495889704,0.0026342112105339766,59,0,-1,,0,0,4.54159999999959,0,5.744599999999878,6.025199999999842,2
1936,11.244263038548754,1,4096,0,0.0,-97.04540980062914,0.0026338279712945223,59,0,-1,,0,0,3.477400000001296,0,4.572700000000651,10.639900000001035,4
1937,11.250068027210885,1,4096,0,0.0,-96.37908519400071,0.0026347122620791197,59,0,-1,,0,0,2.1684999999997956,0,2.657000000002796,13.346300000002032,3
1938,11.255873015873016,1,4096,0,0.0,-95.74184731756222,0.0026343564968556166,59,0,-1,,0,0,3.783899999998397,0,4.907799999998019,8.277099999997262,2
1939,11.261678004535147,1,4096,0,0.0,-93.58964910516109,0.0026348927058279514,59,0,-1,,0,0,4.145799999999866,0,5.363599999999025,13.772599999999358,1
1940,11.267482993197278,1,4096,0,0.21606296408246786,-88.43340729306858,0.002633695024996996,59,0,-1,,0,0,3.088099999999372,0,3.7897000000022274,17.653899999999112,0
1941,11.27328798185941,1,4096,0,1.0,-86.20073308242716,0.0026362400967627764,59,0,-1,,0,0,4.808300000000543,0,7.0926000000000045,7.4553999999977805,2
1942,11.279092970521543,1,4096,0,1.0,-82.43440812930322,0.002630600705742836,59,0,-1,,0,0,2.0100999999996816,0,2.7028999999956227,10.18399999999886,1
1943,11.284897959183674,1,4096,0,1.0,-80.55095739229591,0.0026394957676529884,59,0,-1,,0,0,2.4080999999966934,0,2.9199999999995896,13.034599999997454,0
1944,11.290702947845805,1,4096,0,1.0,-74.45603315103922,0.0026384738739579916,59,0,-1,,0,0,4.783899999999619,0,7.126299999999475,7.433400000000034,2
1945,11.296507936507936,1,4096,0,1.0,-76.61693083756971,0.0026299015153199434,59,0,-1,,0,0,2.905699999999456,0,3.745099999996171,11.209700000001988,1
1946,11.302312925170067,1,4096,0,1.0,-79.34495713893207,0.0026339481119066477,59,0,-1,,0,0,2.3002999999981455,0,2.871299999998911,14.141500000000917,0
1947,11.3081179138322,1,4096,0,1.0,-79.83644040170347,0.002637505531311035,59,0,-1,,0,0,3.656899999999297,0,4.5250000000010004,4.855100000000334,5
1948,11.313922902494332,1,4096,0,0.6008157165063928,-83.39709597396215,,-1,0,-1,,0,0,,1,0.52960000000013,5.402899999999988,4
1949,11.319727891156463,1,4096,0,0.8190228339739497,-83.34217664828657,0.002633081516250968,59,0,-1,,0,0,2.4577000000007843,0,2.9240000000001487,8.362699999999279,3
1950,11.325532879818594,1,4096,0,1.0,-78.2095834396171,0.002633161609992385,59,0,-1,,0,0,4.764500000000282,0,5.500599999997746,9.582300000001709,2
1951,11.331337868480725,1,4096,0,1.0,-74.12513639266604,0.002635330194607377,59,0,-1,,0,0,2.4836999999990894,0,3.0803000000041436,12.711699999996995,1
1952,11.337142857142856,1,512,1,1.0,-66.50149806372752,0.020930852741003036,59,0,-1,,0,0,5.9391000000026395,0,6.56399999999735,19.327000000000538,0
1953,11.34294784580499,1,512,0,1.0,-61.21378784876907,0.034296706318855286,59,0,-1,,0,0,2.9342999999997232,0,4.292599999999425,4.6128000000003055,2
1954,11.34875283446712,1,512,0,1.0,-47.16239555150828,0.5364481210708618,59,0,-1,,0,0,3.4917000000014298,0,4.49389999999994,8.594099999999827,1
1955,11.354557823129252,1,1024,0,1.0,-38.41101437060559,0.5567646026611328,59,1,59,,0,0,2.525300000002062,0,3.2233000000019274,11.774800000001306,0
1956,11.360362811791383,1,1024,0,1.0,-35.31188273703142,0.5451056957244873,72,1,59,,0,0,2.1188999999992575,0,3.3107000000001108,3.710899999997963,2
1957,11.366167800453514,1,2048,0,1.0,-32.150771004215585,0.14914767444133759,59,1,59,,0,0,3.317799999997817,0,3.9343000000009454,7.575800000001465,1
1958,11.371972789115647,1,2048,0,1.0,-32.036387843956675,0.14186255633831024,59,0,-1,,0,0,2.1644999999992365,0,2.7113999999990313,10.333899999999119,0
1959,11.377777777777778,1,2048,0,1.0,-30.463917977472022,0.1862850934267044,74,0,-1,,0,0,3.595000000000681,0,4.4966999999971335,4.68829999999798,2
1960,11.38358276643991,1,2048,0,1.0,-28.916296264745,0.26818662881851196,74,1,74,,0,0,3.0757000000001256,0,3.836899999999588,8.56849999999909,1
1961,11.38938775510204,1,4096,0,1.0,-28.723045191273666,0.01067024003714323,75,1,74,,0,0,4.8279000000022165,0,5.451599999997114,14.088900000000848,3
1962,11.395192743764172,1,4096,0,1.0,-29.65029915968183,0.011967000551521778,75,0,-1,,0,0,4.034300000000712,0,4.909500000000122,5.335800000001001,2
1963,11.400997732426303,1,4096,0,1.0,-30.98540708349575,0.014253713190555573,75,0,-1,,0,0,2.128100000000188,0,2.832600000001406,8.221900000002336,1
1964,11.406802721088436,1,4096,0,1.0,-33.04581292334017,0.01865832321345806,75,0,-1,,0,0,3.0943000000007714,0,3.7458999999984144,12.03689999999824,0
1965,11.412607709750567,1,4096,0,1.0,-33.17250366591741,0.02739245817065239,75,0,-1,,0,0,5.582300000000373,0,7.492800000001409,7.930099999999385,2
1966,11.418412698412698,1,4096,0,1.0,-35.27887362026671,0.03887202590703964,75,0,-1,,0,0,5.029900000000254,0,6.584500000002436,14.588700000000898,1
1967,11.42421768707483,1,4096,0,1.0,-37.01543166299568,0.06281112134456635,75,0,-1,,0,0,4.387600000001157,0,6.856100000000254,21.560600000000818,0
1968,11.43002267573696,1,4096,0,1.0,-40.87529490327291,0.1108858734369278,75,0,-1,,0,0,7.254199999998434,0,8.902200000001415,9.296599999998989,5
1969,11.435827664399094,1,4096,0,1.0,-41.25241745740807,,-1,0,-1,,0,0,,1,1.4655999999995117,10.905299999997453,4
1970,11.441632653061225,1,4096,0,1.0,-43.38762249261887,0.2364085465669632,75,0,-1,,0,0,4.366799999999671,0,5.714400000002229,16.74859999999967,3
1971,11.447437641723356,1,4096,0,1.0,-44.8925860836014,0.2440444380044937,75,1,75,,0,0,7.2989000000021065,0,8.992700000000298,18.45339999999851,5
1972,11.453242630385487,1,4096,0,1.0,-46.5501928615025,,75,1,75,,0,0,,1,0.8093000000002348,19.316299999999842,4
1973,11.459047619047618,1,4096,0,1.0,-49.666349291613514,0.18953706324100494,75,1,75,,0,0,3.3779999999978827,0,4.177100000003264,23.52769999999893,3
1974,11.464852607709751,1,4096,0,1.0,-50.591698251567756,0.14130055904388428,75,1,75,,0,0,2.5674999999978354,0,3.2929999999993242,11.224899999998428,2
1975,11.470657596371883,1,4096,0,1.0,-46.35196917886725,0.08626667410135269,63,0,-1,,0,0,4.151300000000191,0,5.295600000000178,16.740500000000935,1
1976,11.476462585034014,1,4096,0,1.0,-45.39659885621503,0.0705888643860817,63,0,-1,,0,0,2.2836000000019396,0,3.057299999998264,19.856300000000715,0
1977,11.482267573696145,1,4096,0,1.0,-46.49403250964632,0.06117445230484009,63,0,-1,,0,0,3.1548000000007903,0,4.037499999999028,4.371100000000183,2
1978,11.488072562358276,1,4096,0,1.0,-46.18076013086467,0.03658201918005943,63,0,-1,,0,0,3.1482999999994377,0,3.9276000000008082,8.344499999999755,1
1979,11.493877551020407,1,4096,0,1.0,-47.83094818386527,0.023790769279003143,63,0,-1,,0,0,4.203799999999092,0,5.274199999998785,13.745499999998856,0
1980,11.49968253968254,1,4096,0,1.0,-49.763261207920706,0.016037849709391594,63,0,-1,,0,0,4.743999999998749,0,6.623499999999893,6.7517999999999745,2
1981,11.505487528344672,1,4096,0,1.0,-45.24126695539228,0.018411751836538315,63,0,-1,,0,0,5.083700000000135,0,7.2215000000035445,12.908499999998213,1
1982,11.511292517006803,1,4096,0,1.0,-47.446496496445015,0.012171512469649315,63,0,-1,,0,0,3.5938000000008685,0,4.690000000000083,17.66489999999976,3
1983,11.517097505668934,1,4096,0,1.0,-49.46609742695536,0.014924110844731331,63,0,-1,,0,0,3.053200000000089,0,3.8582000000033645,7.232699999999426,2
1984,11.522902494331065,1,4096,0,1.0,-50.47342067708078,0.008951916359364986,63,0,-1,,0,0,4.62140000000133,0,5.541300000000859,12.839999999997076,1
1985,11.528707482993198,1,4096,0,1.0,-51.12800845165134,0.008798029273748398,63,0,-1,,0,0,2.895599999998666,0,3.8031000000025017,16.73849999999888,3
1986,11.53451247165533,1,4096,0,1.0,-52.337921899593454,0.006700205150991678,64,0,-1,,0,0,2.9970999999981984,0,3.5644000000019105,5.085700000002191,2
1987,11.54031746031746,1,4096,0,1.0,-53.634657883527055,0.006869832053780556,64,0,-1,,0,0,2.61289999999903,0,3.1216000000000577,8.223600000000886,1
1988,11.546122448979592,1,4096,0,1.0,-54.63740531144997,0.0058661228977143764,64,0,-1,,0,0,3.7650000000013506,0,4.454600000002529,12.714500000001294,0
1989,11.551927437641723,1,4096,0,1.0,-56.235532716964485,0.004768191371113062,64,0,-1,,0,0,4.298200000000918,0,5.265999999998883,5.55750000000188,2
1990,11.557732426303854,1,4096,0,1.0,-59.41614098654681,0.003384112846106291,64,0,-1,,0,0,2.169699999999608,0,3.27959999999905,8.961700000000405,1
1991,11.563537414965987,1,4096,0,1.0,-57.69436005295283,0.0031013311818242073,64,0,-1,,0,0,2.8687999999981173,0,3.4135999999982403,12.415700000001806,0
1992,11.569342403628118,1,4096,0,1.0,-59.898816863171206,0.002481581410393119,64,0,-1,,0,0,7.162799999999692,0,8.830599999999578,9.094300000000999,2
1993,11.57514739229025,1,4096,0,1.0,-52.107732884199,0.0021451162174344063,64,0,-1,,0,0,5.659599999997766,0,7.559199999999322,16.840699999999487,4
1994,11.58095238095238,1,4096,0,1.0,-53.86443094874827,0.0021062251180410385,64,0,-1,,0,0,3.9413000000010356,0,5.0822000000039225,22.022799999998455,3
1995,11.586757369614512,1,4096,0,1.0,-52.412180221008114,0.0022528585977852345,64,0,-1,,0,0,4.95210000000057,0,7.015400000000227,16.329500000001218,2
1996,11.592562358276645,1,4096,0,1.0,-50.53787371910466,0.0021445690654218197,64,0,-1,,0,0,2.3854000000014253,0,3.322700000001788,19.697199999999526,1
1997,11.598367346938776,1,4096,0,1.0,-48.256528558937376,0.002137086121365428,64,0,-1,,0,0,2.5551000000021418,0,3.279899999999003,23.025399999998086,3
1998,11.604172335600907,1,4096,0,1.0,-50.83153530314851,0.0021367608569562435,64,0,-1,,0,0,3.79260000000059,0,4.413199999998341,6.907200000000557,2
1999,11.609977324263038,1,4096,0,1.0,-48.258479103030545,0.0021003445144742727,64,0,-1,,0,0,2.653699999999759,0,3.4731999999984,10.528499999999497,1
2000,11.61578231292517,1,4096,0,1.0,-42.77995858681205,0.0042869397439062595,64,0,-1,,0,0,3.1476000000019155,0,3.729499999998609,14.322999999997421,0
2001,11.6215873015873,1,4096,0,1.0,-41.14527538669894,0.006068179849535227,64,0,-1,,0,0,3.3077000000005796,0,4.190899999997555,4.394699999998863,2
2002,11.627392290249434,1,4096,0,1.0,-37.55952527438448,0.007353901397436857,64,0,-1,,0,0,4.678999999999434,0,6.883699999999493,11.421800000000815,1
2003,11.633197278911565,1,4096,0,1.0,-36.28606855296853,0.00723105575889349,64,0,-1,,0,0,3.5664000000004137,0,4.645700000001085,16.1882999999996,0
2004,11.639002267573696,1,4096,0,1.0,-37.277416741785885,0.008614903315901756,69,0,-1,,0,0,4.1092000000020334,0,7.8582999999987635,8.091900000000152,2
2005,11.644807256235827,1,4096,0,1.0,-37.832799827172686,0.01074079517275095,72,0,-1,,0,0,3.6026000000006775,0,4.591100000002513,11.026300000001044,4
2006,11.650612244897959,1,4096,0,1.0,-36.986485245891664,0.011947119608521461,72,0,-1,,0,0,3.2219000000033304,0,3.984400000000221,15.040299999999007,3
2007,11.656417233560092,1,4096,0,1.0,-38.47867670851356,0.014985327608883381,72,0,-1,,0,0,4.0981000000002155,0,5.103499999997041,12.709300000000923,2
2008,11.662222222222223,1,4096,0,1.0,-40.144584892314874,0.016930025070905685,72,0,-1,,0,0,2.532500000000937,0,3.1813999999990017,15.89440000000053,1
2009,11.668027210884354,1,4096,0,1.0,-42.814735478944144,0.018028883263468742,72,0,-1,,0,0,2.275499999999653,0,2.6957000000003006,18.60770000000045,0
2010,11.673832199546485,1,4096,0,1.0,-46.599530671498044,0.017940660938620567,72,0,-1,,0,0,4.71979999999661,0,6.957200000002217,7.24830000000054,2
2011,11.679637188208616,1,4096,0,1.0,-45.924780346168276,0.021005578339099884,71,0,-1,,0,0,2.617600000000664,0,3.363999999997702,10.671399999999664,1
2012,11.685442176870747,1,4096,0,1.0,-49.06727897424642,0.02216287888586521,71,0,-1,,0,0,2.4353999999995324,0,3.068800000001204,13.800500000002103,0
2013,11.69124716553288,1,4096,0,1.0,-49.01840155300483,0.02277706190943718,71,0,-1,,0,0,5.903299999999945,0,7.346000000001851,7.498299999998181,2
2014,11.697052154195012,1,4096,0,1.0,-50.02633026924524,0.020349422469735146,71,0,-1,,0,0,3.18460000000087,0,4.359699999998412,11.961899999999304,1
2015,11.702857142857143,1,4096,0,1.0,-52.11115341105372,0.0158881526440382,71,0,-1,,0,0,2.380000000002269,0,2.938300000003835,14.967299999998573,0
2016,11.708662131519274,1,4096,0,1.0,-51.84970081725771,0.010513574816286564,71,0,-1,,0,0,2.4927999999988515,0,3.23969999999818,3.557499999999436,2
2017,11.714467120181405,1,4096,0,1.0,-54.29904748639308,,-1,0,-1,,0,0,,1,0.9525000000003558,4.537799999997816,4
2018,11.720272108843538,1,4096,0,1.0,-51.13899844461273,0.010631345212459564,72,0,-1,,0,0,2.2343999999989705,0,2.7052000000011844,7.295500000001454,3
2019,11.72607709750567,1,4096,0,1.0,-46.540909389952745,0.012442965991795063,72,0,-1,,0,0,4.001399999999933,0,4.545299999996644,7.799699999999632,2
2020,11.7318820861678,1,4096,0,1.0,-44.92266289122374,0.01012574601918459,71,0,-1,,0,0,2.6619999999972777,0,3.9391000000001952,11.926299999998946,1
2021,11.737687074829932,1,4096,0,1.0,-40.73172326938589,0.012203274294734001,71,0,-1,,0,0,1.9824000000028263,0,2.4866000000010047,14.492000000000616,0
