frame,time_s,visible_window,detected_onset,target_onset,model_onset_probability,model_onset,target_pitch,predicted_active,predicted_pitch,baseline_pitch,onset_gate_pitch,harmonic_gate_pitch,harmonic_veto
0,0.005804988662131519,4096,0,0,0.027445415034890175,0,-1,0,59,-1,-1,-1,0
1,0.011609977324263039,4096,0,0,0.027500299736857414,0,-1,0,59,-1,-1,-1,0
2,0.017414965986394557,4096,0,0,0.027432305738329887,0,-1,0,59,-1,-1,-1,0
3,0.023219954648526078,4096,0,0,0.02744985744357109,0,-1,0,59,-1,-1,-1,0
4,0.029024943310657598,4096,0,0,0.02763337828218937,0,-1,0,59,-1,-1,-1,0
5,0.034829931972789115,4096,0,0,0.028132982552051544,0,-1,0,59,-1,-1,-1,0
6,0.040634920634920635,4096,0,0,0.02834942564368248,0,-1,0,59,-1,-1,-1,0
7,0.046439909297052155,4096,0,0,0.027661720290780067,0,-1,0,59,-1,-1,-1,0
8,0.052244897959183675,4096,0,0,0.02761184796690941,0,-1,0,59,-1,-1,-1,0
9,0.058049886621315196,4096,0,0,0.027375448495149612,0,-1,0,59,-1,-1,-1,0
10,0.06385487528344672,4096,0,0,0.027542997151613235,0,-1,0,59,-1,-1,-1,0
11,0.06965986394557823,4096,0,0,0.02721010521054268,0,-1,0,59,-1,-1,-1,0
12,0.07546485260770976,4096,0,0,0.026960022747516632,0,-1,0,59,-1,-1,-1,0
13,0.08126984126984127,4096,0,0,0.02716943249106407,0,-1,0,59,-1,-1,-1,0
14,0.08707482993197278,4096,0,0,0.027261406183242798,0,-1,0,59,-1,-1,-1,0
15,0.09287981859410431,4096,0,0,0.027169251814484596,0,-1,0,59,-1,-1,-1,0
16,0.09868480725623582,4096,0,0,0.02707689441740513,0,-1,0,59,-1,-1,-1,0
17,0.10448979591836735,4096,0,0,0.0275571309030056,0,-1,0,59,-1,-1,-1,0
18,0.11029478458049886,4096,0,0,0.027571478858590126,0,-1,0,59,-1,-1,-1,0
19,0.11609977324263039,4096,0,0,0.02699797786772251,0,-1,0,59,-1,-1,-1,0
20,0.1219047619047619,4096,0,0,0.02678079903125763,0,-1,0,59,-1,-1,-1,0
21,0.12770975056689343,4096,0,0,0.027436042204499245,0,-1,0,59,-1,-1,-1,0
22,0.13351473922902493,4096,0,0,0.02790261059999466,0,-1,0,59,-1,-1,-1,0
23,0.13931972789115646,4096,0,0,0.02787364274263382,0,-1,0,59,-1,-1,-1,0
24,0.14512471655328799,4096,0,0,0.02719035930931568,0,-1,0,59,-1,-1,-1,0
25,0.1509297052154195,4096,0,0,0.027115166187286377,0,-1,0,59,-1,-1,-1,0
26,0.156734693877551,4096,0,0,0.026931652799248695,0,-1,0,59,-1,-1,-1,0
27,0.16253968253968254,4096,0,0,0.02680225856602192,0,-1,0,59,-1,-1,-1,0
28,0.16834467120181407,4096,0,0,0.026685889810323715,0,-1,0,59,-1,-1,-1,0
29,0.17414965986394557,4096,0,0,0.026657601818442345,0,-1,0,59,-1,-1,-1,0
30,0.1799546485260771,4096,0,0,0.02690245397388935,0,-1,0,59,-1,-1,-1,0
31,0.18575963718820862,4096,0,0,0.02681751362979412,0,-1,0,59,-1,-1,-1,0
32,0.19156462585034015,4096,0,0,0.02693847380578518,0,-1,0,59,-1,-1,-1,0
33,0.19736961451247165,4096,0,0,0.027386978268623352,0,-1,0,59,-1,-1,-1,0
34,0.20317460317460317,4096,0,0,0.027669783681631088,0,-1,0,59,-1,-1,-1,0
35,0.2089795918367347,4096,0,0,0.02741536870598793,0,-1,0,59,-1,-1,-1,0
36,0.2147845804988662,4096,0,0,0.02758403681218624,0,-1,0,59,-1,-1,-1,0
37,0.22058956916099773,4096,0,0,0.027873726561665535,0,-1,0,59,-1,-1,-1,0
38,0.22639455782312926,4096,0,0,0.027417298406362534,0,-1,0,59,-1,-1,-1,0
39,0.23219954648526078,4096,0,0,0.02717781625688076,0,-1,0,59,-1,-1,-1,0
40,0.23800453514739228,4096,0,0,0.027469275519251823,0,-1,0,59,-1,-1,-1,0
41,0.2438095238095238,4096,0,0,0.027368929237127304,0,-1,0,59,-1,-1,-1,0
42,0.24961451247165534,4096,0,0,0.02742590941488743,0,-1,0,59,-1,-1,-1,0
43,0.25541950113378686,4096,0,0,0.02794262208044529,0,-1,0,59,-1,-1,-1,0
44,0.2612244897959184,4096,0,0,0.027541527524590492,0,-1,0,59,-1,-1,-1,0
45,0.26702947845804986,4096,0,0,0.027227278798818588,0,-1,0,59,-1,-1,-1,0
46,0.2728344671201814,4096,0,0,0.027079898864030838,0,-1,0,59,-1,-1,-1,0
47,0.2786394557823129,4096,0,0,0.027013329789042473,0,-1,0,59,-1,-1,-1,0
48,0.28444444444444444,4096,0,0,0.027155844494700432,0,-1,0,59,-1,-1,-1,0
49,0.29024943310657597,4096,0,0,0.027571972459554672,0,-1,0,59,-1,-1,-1,0
50,0.2960544217687075,4096,0,0,0.026867356151342392,0,-1,0,59,-1,-1,-1,0
51,0.301859410430839,4096,0,0,0.026800487190485,0,-1,0,59,-1,-1,-1,0
52,0.3076643990929705,4096,0,0,0.027040446177124977,0,-1,0,59,-1,-1,-1,0
53,0.313469387755102,4096,0,0,0.027268677949905396,0,-1,0,59,-1,-1,-1,0
54,0.31927437641723355,4096,0,0,0.027607016265392303,0,-1,0,59,-1,-1,-1,0
55,0.3250793650793651,4096,0,0,0.02726367674767971,0,-1,0,59,-1,-1,-1,0
56,0.3308843537414966,4096,0,0,0.027082735672593117,0,-1,0,59,-1,-1,-1,0
57,0.33668934240362813,4096,0,0,0.02758074924349785,0,-1,0,59,-1,-1,-1,0
58,0.34249433106575966,4096,0,0,0.028006302192807198,0,-1,0,59,-1,-1,-1,0
59,0.34829931972789113,4096,0,0,0.0277663953602314,0,-1,0,59,-1,-1,-1,0
60,0.35410430839002266,4096,0,0,0.027326298877596855,0,-1,0,59,-1,-1,-1,0
61,0.3599092970521542,4096,0,0,0.027345627546310425,0,-1,0,59,-1,-1,-1,0
62,0.3657142857142857,4096,0,0,0.027358490973711014,0,-1,0,59,-1,-1,-1,0
63,0.37151927437641724,4096,0,0,0.027421623468399048,0,-1,0,59,-1,-1,-1,0
64,0.37732426303854877,4096,0,0,0.027146410197019577,0,-1,0,59,-1,-1,-1,0
65,0.3831292517006803,4096,0,0,0.02713489718735218,0,-1,0,59,-1,-1,-1,0
66,0.38893424036281177,4096,0,0,0.0272434763610363,0,-1,0,59,-1,-1,-1,0
67,0.3947392290249433,4096,0,0,0.02699468843638897,0,-1,0,59,-1,-1,-1,0
68,0.4005442176870748,4096,0,0,0.02751660905778408,0,-1,0,59,-1,-1,-1,0
69,0.40634920634920635,4096,0,0,0.027521731331944466,0,-1,0,59,-1,-1,-1,0
70,0.4121541950113379,4096,0,0,0.02695268765091896,0,-1,0,59,-1,-1,-1,0
71,0.4179591836734694,4096,0,0,0.0272209532558918,0,-1,0,59,-1,-1,-1,0
72,0.42376417233560093,4096,0,0,0.027726583182811737,0,-1,0,59,-1,-1,-1,0
73,0.4295691609977324,4096,0,0,0.027757981792092323,0,-1,0,59,-1,-1,-1,0
74,0.43537414965986393,4096,0,0,0.027630316093564034,0,-1,0,59,-1,-1,-1,0
75,0.44117913832199546,4096,0,0,0.028051676228642464,0,-1,0,59,-1,-1,-1,0
76,0.446984126984127,4096,0,0,0.027903852984309196,0,-1,0,59,-1,-1,-1,0
77,0.4527891156462585,4096,0,0,0.027536541223526,0,-1,0,59,-1,-1,-1,0
78,0.45859410430839004,4096,0,0,0.027409382164478302,0,-1,0,59,-1,-1,-1,0
79,0.46439909297052157,4096,0,0,0.027539849281311035,0,-1,0,59,-1,-1,-1,0
80,0.47020408163265304,4096,0,0,0.02746419608592987,0,-1,0,59,-1,-1,-1,0
81,0.47600907029478456,4096,0,0,0.027348410338163376,0,-1,0,59,-1,-1,-1,0
82,0.4818140589569161,4096,0,0,0.027458636090159416,0,-1,0,59,-1,-1,-1,0
83,0.4876190476190476,4096,0,0,0.027623608708381653,0,-1,0,59,-1,-1,-1,0
84,0.49342403628117915,4096,0,0,0.027645355090498924,0,-1,0,59,-1,-1,-1,0
85,0.4992290249433107,4096,0,0,0.02718503400683403,0,-1,0,59,-1,-1,-1,0
86,0.5050340136054422,4096,0,0,0.027409201487898827,0,-1,0,59,-1,-1,-1,0
87,0.5108390022675737,4096,0,0,0.027775928378105164,0,-1,0,59,-1,-1,-1,0
88,0.5166439909297053,4096,0,0,0.027621351182460785,0,-1,0,59,-1,-1,-1,0
89,0.5224489795918368,4096,0,0,0.02738558128476143,0,-1,0,59,-1,-1,-1,0
90,0.5282539682539683,4096,0,0,0.027099082246422768,0,-1,0,59,-1,-1,-1,0
91,0.5340589569160997,4096,0,0,0.027135375887155533,0,-1,0,59,-1,-1,-1,0
92,0.5398639455782313,4096,0,0,0.02720966562628746,0,-1,0,59,-1,-1,-1,0
93,0.5456689342403628,4096,0,0,0.027316374704241753,0,-1,0,59,-1,-1,-1,0
94,0.5514739229024943,4096,0,0,0.02754485420882702,0,-1,0,59,-1,-1,-1,0
95,0.5572789115646258,4096,0,0,0.027444524690508842,0,-1,0,59,-1,-1,-1,0
96,0.5630839002267574,4096,0,0,0.027364283800125122,0,-1,0,59,-1,-1,-1,0
97,0.5688888888888889,4096,0,0,0.028666727244853973,0,-1,0,59,-1,-1,-1,0
98,0.5746938775510204,4096,0,0,0.03110262006521225,0,-1,0,59,-1,-1,-1,0
99,0.5804988662131519,4096,0,0,0.03310990706086159,0,-1,0,59,-1,-1,-1,0
100,0.5863038548752835,4096,0,0,0.035399965941905975,0,-1,0,59,-1,-1,-1,0
101,0.592108843537415,4096,0,0,0.03551291301846504,0,-1,0,59,-1,-1,-1,0
102,0.5979138321995465,4096,0,0,0.03426036238670349,0,-1,0,72,-1,-1,-1,0
103,0.603718820861678,4096,0,0,0.03353745862841606,0,-1,0,72,-1,-1,-1,0
104,0.6095238095238096,4096,0,0,0.03330187872052193,0,-1,0,72,-1,-1,-1,0
105,0.615328798185941,4096,0,0,0.03308138623833656,0,-1,0,72,-1,-1,-1,0
106,0.6211337868480725,4096,0,0,0.03127390891313553,0,-1,0,72,-1,-1,-1,0
107,0.626938775510204,4096,0,0,0.029398668557405472,0,-1,0,72,-1,-1,-1,0
108,0.6327437641723356,4096,0,0,0.028206612914800644,0,-1,0,72,-1,-1,-1,0
109,0.6385487528344671,4096,0,0,0.5936809182167053,1,-1,0,72,-1,-1,-1,0
110,0.6443537414965986,4096,0,0,0.6953095197677612,1,66,0,72,-1,-1,-1,0
111,0.6501587301587302,4096,0,0,0.7807884812355042,1,66,0,72,-1,-1,-1,0
112,0.6559637188208617,4096,0,1,0.7635847926139832,1,66,0,67,-1,-1,-1,0
113,0.6617687074829932,4096,0,0,0.6881466507911682,1,66,0,66,-1,-1,-1,0
114,0.6675736961451247,4096,0,0,0.5866153240203857,1,66,0,66,-1,-1,-1,0
115,0.6733786848072563,4096,0,0,0.6101545691490173,1,66,0,66,-1,-1,-1,0
116,0.6791836734693878,4096,0,0,0.5824023485183716,0,66,0,66,-1,-1,-1,0
117,0.6849886621315193,4096,0,0,0.44082504510879517,0,66,0,66,-1,-1,-1,0
118,0.6907936507936508,4096,0,0,0.4807268977165222,0,66,0,66,-1,-1,-1,0
119,0.6965986394557823,4096,0,0,0.5127981901168823,0,66,0,66,-1,-1,-1,0
120,0.7024036281179138,4096,0,0,0.5281567573547363,0,66,1,66,-1,-1,-1,0
121,0.7082086167800453,4096,0,0,0.5040168166160583,0,66,1,66,66,66,66,0
122,0.7140136054421768,4096,0,0,0.5071382522583008,0,66,1,66,66,66,66,0
123,0.7198185941043084,4096,0,0,0.45027849078178406,0,66,1,66,66,66,66,0
124,0.7256235827664399,4096,0,0,0.41922104358673096,0,66,1,66,66,66,66,0
125,0.7314285714285714,4096,0,0,0.4208024740219116,0,66,1,66,66,66,66,0
126,0.737233560090703,4096,0,0,0.4706030786037445,0,66,1,66,66,66,66,0
127,0.7430385487528345,4096,0,0,0.4779987931251526,0,66,1,66,66,66,66,0
128,0.748843537414966,4096,0,0,0.42651334404945374,0,66,1,66,66,66,66,0
129,0.7546485260770975,4096,0,0,0.3934954106807709,0,66,1,66,66,66,66,0
130,0.7604535147392291,4096,0,0,0.396743506193161,0,66,1,66,66,66,66,0
131,0.7662585034013606,4096,0,0,0.5080162286758423,0,66,1,66,66,66,66,0
132,0.7720634920634921,4096,0,0,0.48619359731674194,0,66,1,66,66,66,66,0
133,0.7778684807256235,4096,0,0,0.5195484757423401,0,66,1,66,66,66,66,0
134,0.7836734693877551,4096,0,0,0.4727792739868164,0,66,1,66,66,66,66,0
135,0.7894784580498866,4096,0,0,0.46148112416267395,0,66,1,66,66,66,66,0
136,0.7952834467120181,4096,0,0,0.47236397862434387,0,66,1,66,66,66,66,0
137,0.8010884353741496,4096,0,0,0.444030225276947,0,66,1,66,66,66,66,0
138,0.8068934240362812,4096,0,0,0.4790951907634735,0,66,1,66,66,66,66,0
139,0.8126984126984127,4096,0,0,0.40605050325393677,0,66,1,66,66,66,66,0
140,0.8185034013605442,4096,0,0,0.36561501026153564,0,66,1,66,66,66,66,0
141,0.8243083900226758,4096,0,0,0.4191230535507202,0,66,1,66,66,66,66,0
142,0.8301133786848073,4096,0,0,0.46215924620628357,0,66,1,66,66,66,66,0
143,0.8359183673469388,4096,0,0,0.45133429765701294,0,66,1,66,66,66,66,0
144,0.8417233560090703,4096,0,0,0.4217384457588196,0,66,1,66,66,66,66,0
145,0.8475283446712019,4096,0,0,0.3214711844921112,0,66,1,66,66,66,66,0
146,0.8533333333333334,4096,0,0,0.2801174819469452,0,66,1,66,66,66,66,0
147,0.8591383219954648,4096,0,0,0.19310447573661804,0,-1,1,66,66,66,66,0
148,0.8649433106575963,4096,0,0,0.07453243434429169,0,-1,0,66,66,66,66,0
149,0.8707482993197279,4096,0,0,0.038247428834438324,0,-1,0,66,-1,-1,-1,0
150,0.8765532879818594,4096,0,0,0.03232817351818085,0,-1,0,66,-1,-1,-1,0
151,0.8823582766439909,4096,0,0,0.03190649300813675,0,-1,0,66,-1,-1,-1,0
152,0.8881632653061224,4096,0,0,0.03249464929103851,0,-1,0,66,-1,-1,-1,0
153,0.893968253968254,4096,0,0,0.6181581020355225,1,-1,0,66,-1,-1,-1,0
154,0.8997732426303855,4096,0,0,0.7293665409088135,1,64,0,66,-1,-1,-1,0
155,0.905578231292517,4096,0,0,0.7565315961837769,1,64,0,64,-1,-1,-1,0
156,0.9113832199546485,4096,0,1,0.7776630520820618,1,64,0,64,-1,-1,-1,0
157,0.9171882086167801,4096,0,0,0.7412397265434265,1,64,0,64,-1,-1,-1,0
158,0.9229931972789116,4096,0,0,0.7329109311103821,1,64,0,64,-1,-1,-1,0
159,0.9287981859410431,4096,0,0,0.7402554154396057,1,64,0,64,-1,-1,-1,0
160,0.9346031746031747,4096,0,0,0.6706610918045044,1,64,0,64,-1,-1,-1,0
161,0.9404081632653061,4096,0,0,0.6794059872627258,1,64,0,64,-1,-1,-1,0
162,0.9462131519274376,4096,0,0,0.6248193979263306,1,64,0,64,-1,-1,-1,0
163,0.9520181405895691,4096,0,0,0.5993717312812805,1,64,0,64,-1,-1,-1,0
164,0.9578231292517007,4096,0,0,0.5774639844894409,0,64,1,64,-1,-1,-1,0
165,0.9636281179138322,4096,0,0,0.5386351943016052,0,64,1,64,64,64,64,0
166,0.9694331065759637,4096,0,0,0.5595497488975525,0,64,1,64,64,64,64,0
167,0.9752380952380952,4096,0,0,0.5961042046546936,1,64,1,64,64,64,64,0
168,0.9810430839002268,4096,0,0,0.5797163844108582,0,64,1,64,64,64,64,0
169,0.9868480725623583,4096,0,0,0.6081692576408386,1,64,1,64,64,64,64,0
170,0.9926530612244898,4096,0,0,0.621820330619812,1,64,1,64,64,64,64,0
171,0.9984580498866213,4096,0,0,0.5970762968063354,1,64,1,64,64,64,64,0
172,1.0042630385487528,512,1,0,0.5749235153198242,0,64,1,64,64,64,64,0
173,1.0100680272108844,512,0,0,0.5640414357185364,0,64,1,64,64,64,64,0
174,1.0158730158730158,512,0,0,0.5877912044525146,1,64,1,64,64,64,64,0
175,1.0216780045351475,1024,0,0,0.5822768211364746,0,64,1,64,64,64,64,0
176,1.0274829931972789,1024,0,0,0.5154314041137695,0,64,1,64,64,64,64,0
177,1.0332879818594105,2048,0,0,0.58653324842453,1,64,1,64,64,64,64,0
178,1.039092970521542,2048,0,0,0.5959473848342896,1,64,1,64,64,64,64,0
179,1.0448979591836736,2048,0,0,0.5938191413879395,1,64,1,64,64,64,64,0
180,1.050702947845805,2048,0,0,0.5788906216621399,0,64,1,64,64,64,64,0
181,1.0565079365079366,4096,0,0,0.588494062423706,1,64,1,64,64,64,64,0
182,1.062312925170068,4096,0,0,0.5714336633682251,0,64,1,64,64,64,64,0
183,1.0681179138321995,4096,0,0,0.534724771976471,0,64,1,64,64,64,64,0
184,1.073922902494331,4096,0,0,0.5067991018295288,0,64,1,64,64,64,64,0
185,1.0797278911564625,4096,0,0,0.5232507586479187,0,64,1,64,64,64,64,0
186,1.0855328798185941,4096,0,0,0.5090521574020386,0,64,1,64,64,64,64,0
187,1.0913378684807256,4096,0,0,0.4421742260456085,0,64,1,64,64,64,64,0
188,1.0971428571428572,4096,0,0,0.5068784356117249,0,64,1,64,64,64,64,0
189,1.1029478458049886,4096,0,0,0.5228731632232666,0,64,1,64,64,64,64,0
190,1.1087528344671203,4096,0,0,0.5089403390884399,0,64,1,64,64,64,64,0
191,1.1145578231292517,4096,0,0,0.5110601186752319,0,64,1,64,64,64,64,0
192,1.1203628117913833,4096,0,0,0.48199567198753357,0,64,1,64,64,64,64,0
193,1.1261678004535147,4096,0,0,0.5028951168060303,0,64,1,64,64,64,64,0
194,1.1319727891156464,4096,0,0,0.48140913248062134,0,64,1,64,64,64,64,0
195,1.1377777777777778,4096,0,0,0.4152882993221283,0,64,1,64,64,64,64,0
196,1.1435827664399092,4096,0,0,0.33469223976135254,0,64,1,64,64,64,64,0
197,1.1493877551020408,4096,0,0,0.28261563181877136,0,64,1,64,64,64,64,0
198,1.1551927437641722,4096,0,0,0.31876346468925476,0,64,1,64,64,64,64,0
199,1.1609977324263039,4096,0,0,0.30064481496810913,0,64,1,64,64,64,64,0
200,1.1668027210884353,4096,0,0,0.22531923651695251,0,64,1,64,64,64,64,0
201,1.172607709750567,4096,0,0,0.3888826072216034,0,64,1,64,64,64,64,0
202,1.1784126984126984,4096,0,0,0.39000406861305237,0,64,1,64,64,64,64,0
203,1.18421768707483,4096,0,0,0.4368729591369629,0,-1,1,64,64,64,64,0
204,1.1900226757369614,4096,0,0,0.4338974356651306,0,-1,1,64,64,64,64,0
205,1.195827664399093,4096,0,0,0.4444942772388458,0,-1,1,64,64,64,64,0
206,1.2016326530612245,4096,0,0,0.398105263710022,0,-1,1,63,64,64,64,0
207,1.207437641723356,4096,0,0,0.4215940535068512,0,-1,1,63,63,64,64,0
208,1.2132426303854875,4096,0,0,0.41383811831474304,0,-1,0,63,63,64,64,0
209,1.2190476190476192,4096,0,0,0.3936108946800232,0,-1,1,63,63,64,64,0
210,1.2248526077097506,4096,0,0,0.40928536653518677,0,-1,1,63,63,64,64,0
211,1.230657596371882,4096,0,0,0.394483745098114,0,-1,0,62,63,64,64,0
212,1.2364625850340136,4096,0,0,0.3966387212276459,0,-1,0,62,-1,-1,-1,0
213,1.242267573696145,4096,0,0,0.3978729546070099,0,-1,1,62,-1,-1,-1,0
214,1.2480725623582767,4096,0,0,0.4051513075828552,0,-1,1,62,62,62,62,0
215,1.253877551020408,4096,0,0,0.42953038215637207,0,62,1,62,62,62,62,0
216,1.2596825396825397,4096,0,0,0.3761749863624573,0,62,1,62,62,62,62,0
217,1.2654875283446712,4096,0,0,0.3882434666156769,0,62,1,62,62,62,62,0
218,1.2712925170068028,4096,0,0,0.3925212323665619,0,62,1,62,62,62,62,0
219,1.2770975056689342,4096,0,0,0.3719029128551483,0,62,1,62,62,62,62,0
220,1.2829024943310658,4096,0,0,0.3876893222332001,0,62,1,62,62,62,62,0
221,1.2887074829931973,4096,0,0,0.36870065331459045,0,62,1,62,62,62,62,0
222,1.294512471655329,4096,0,0,0.39499858021736145,0,62,1,62,62,62,62,0
223,1.3003174603174603,4096,0,0,0.360721230506897,0,62,1,62,62,62,62,0
224,1.3061224489795917,4096,0,0,0.3926016092300415,0,62,1,62,62,62,62,0
225,1.3119274376417234,4096,0,0,0.4003598690032959,0,62,1,62,62,62,62,0
226,1.3177324263038548,4096,0,0,0.3564860224723816,0,62,1,62,62,62,62,0
227,1.3235374149659864,4096,0,0,0.3887328505516052,0,62,1,62,62,62,62,0
228,1.3293424036281178,4096,0,0,0.3836635649204254,0,62,1,62,62,62,62,0
229,1.3351473922902495,4096,0,0,0.34147968888282776,0,62,1,62,62,62,62,0
230,1.340952380952381,4096,0,0,0.37470632791519165,0,62,1,62,62,62,62,0
231,1.3467573696145125,4096,0,0,0.3314802050590515,0,62,1,62,62,62,62,0
232,1.352562358276644,4096,0,0,0.3745567500591278,0,62,1,62,62,62,62,0
233,1.3583673469387756,4096,0,0,0.35098597407341003,0,62,1,62,62,62,62,0
234,1.364172335600907,4096,0,0,0.426578164100647,0,62,1,62,62,62,62,0
235,1.3699773242630386,4096,0,0,0.3946760892868042,0,62,1,62,62,62,62,0
236,1.37578231292517,4096,0,0,0.27097606658935547,0,62,1,62,62,62,62,0
237,1.3815873015873017,4096,0,0,0.18503965437412262,0,62,1,62,62,62,62,0
238,1.3873922902494331,4096,0,0,0.06048379838466644,0,62,0,62,62,62,62,0
239,1.3931972789115645,4096,0,0,0.032904259860515594,0,62,0,62,-1,-1,-1,0
240,1.3990022675736962,4096,0,0,0.030169541016221046,0,62,0,62,-1,-1,-1,0
241,1.4048072562358276,4096,0,0,0.027843791991472244,0,62,0,62,-1,-1,-1,0
242,1.4106122448979592,4096,0,0,0.027108704671263695,0,62,0,62,-1,-1,-1,0
243,1.4164172335600906,4096,0,0,0.027115756645798683,0,62,0,62,-1,-1,-1,0
244,1.4222222222222223,4096,0,0,0.02692798152565956,0,-1,0,62,-1,-1,-1,0
245,1.4280272108843537,4096,0,0,0.027091296389698982,0,-1,0,62,-1,-1,-1,0
246,1.4338321995464853,4096,0,0,0.0274015162140131,0,-1,0,62,-1,-1,-1,0
247,1.4396371882086167,4096,0,0,0.027705783024430275,0,-1,0,62,-1,-1,-1,0
248,1.4454421768707484,4096,0,0,0.027713382616639137,0,-1,0,62,-1,-1,-1,0
249,1.4512471655328798,4096,0,0,0.027586113661527634,0,-1,0,62,-1,-1,-1,0
250,1.4570521541950114,4096,0,0,0.027184221893548965,0,-1,0,62,-1,-1,-1,0
251,1.4628571428571429,4096,0,0,0.027659732848405838,0,-1,0,59,-1,-1,-1,0
252,1.4686621315192743,4096,0,0,0.027887942269444466,0,-1,0,59,-1,-1,-1,0
253,1.474467120181406,4096,0,0,0.028200766071677208,0,-1,0,59,-1,-1,-1,0
254,1.4802721088435373,4096,0,0,0.028131233528256416,0,-1,0,59,-1,-1,-1,0
255,1.486077097505669,4096,0,0,0.02801661379635334,0,-1,0,59,-1,-1,-1,0
256,1.4918820861678004,4096,0,0,0.028164220973849297,0,-1,0,59,-1,-1,-1,0
257,1.497687074829932,4096,0,0,0.02749153971672058,0,-1,0,59,-1,-1,-1,0
258,1.5034920634920634,4096,0,0,0.027691055089235306,0,-1,0,59,-1,-1,-1,0
259,1.509297052154195,4096,0,0,0.02790060080587864,0,-1,0,59,-1,-1,-1,0
260,1.5151020408163265,4096,0,0,0.027539288625121117,0,-1,0,59,-1,-1,-1,0
261,1.5209070294784581,4096,0,0,0.027095384895801544,0,-1,0,59,-1,-1,-1,0
262,1.5267120181405895,4096,0,0,0.027224937453866005,0,-1,0,59,-1,-1,-1,0
263,1.5325170068027212,4096,0,0,0.027260109782218933,0,-1,0,59,-1,-1,-1,0
264,1.5383219954648526,4096,0,0,0.02763986773788929,0,-1,0,59,-1,-1,-1,0
265,1.5441269841269842,4096,0,0,0.02953755483031273,0,-1,0,59,-1,-1,-1,0
266,1.5499319727891157,512,1,0,0.03305139020085335,0,-1,1,49,-1,-1,-1,0
267,1.555736961451247,512,0,0,0.16415151953697205,0,-1,1,49,49,49,49,0
268,1.5615419501133787,512,0,0,0.3582099378108978,0,61,1,60,49,49,49,0
269,1.5673469387755101,1024,0,0,0.3511202931404114,0,61,1,61,49,49,49,0
270,1.5731519274376418,1024,0,1,0.38911595940589905,0,61,1,61,61,49,49,1
271,1.5789569160997732,2048,0,0,0.34649109840393066,0,61,1,61,61,49,49,1
272,1.5847619047619048,2048,0,0,0.39907604455947876,0,61,1,61,61,49,49,1
273,1.5905668934240362,2048,0,0,0.41802701354026794,0,61,1,61,61,49,49,1
274,1.5963718820861679,2048,0,0,0.37495604157447815,0,61,1,61,61,49,49,1
275,1.6021768707482993,4096,0,0,0.39429810643196106,0,61,0,61,61,49,49,0
276,1.607981859410431,4096,0,0,0.3812021315097809,0,61,0,61,-1,-1,-1,0
277,1.6137868480725623,4096,0,0,0.41183826327323914,0,61,0,61,-1,-1,-1,0
278,1.619591836734694,4096,0,0,0.4176896810531616,0,61,1,61,-1,-1,-1,0
279,1.6253968253968254,4096,0,0,0.34634527564048767,0,61,1,61,61,61,61,0
280,1.6312018140589568,4096,0,0,0.34546026587486267,0,61,1,61,61,61,61,0
281,1.6370068027210884,4096,0,0,0.334369033575058,0,61,1,61,61,61,61,0
282,1.6428117913832199,4096,0,0,0.35210302472114563,0,61,1,61,61,61,61,0
283,1.6486167800453515,4096,0,0,0.3615562617778778,0,61,1,61,61,61,61,0
284,1.654421768707483,4096,0,0,0.3187691867351532,0,61,1,61,61,61,61,0
285,1.6602267573696146,4096,0,0,0.38251087069511414,0,61,1,61,61,61,61,0
286,1.666031746031746,4096,0,0,0.3614342212677002,0,61,1,61,61,61,61,0
287,1.6718367346938776,4096,0,0,0.37901923060417175,0,61,1,61,61,61,61,0
288,1.677641723356009,4096,0,0,0.3726048767566681,0,61,1,61,61,61,61,0
289,1.6834467120181407,4096,0,0,0.3222213387489319,0,61,1,61,61,61,61,0
290,1.689251700680272,4096,0,0,0.3632987439632416,0,61,1,61,61,61,61,0
291,1.6950566893424037,4096,0,0,0.3506906032562256,0,61,1,61,61,61,61,0
292,1.7008616780045351,4096,0,0,0.34099629521369934,0,61,1,61,61,61,61,0
293,1.7066666666666668,4096,0,0,0.34216970205307007,0,61,1,61,61,61,61,0
294,1.7124716553287982,4096,0,0,0.3444961905479431,0,61,1,61,61,61,61,0
295,1.7182766439909296,4096,0,0,0.37173011898994446,0,61,1,61,61,61,61,0
296,1.7240816326530612,4096,0,0,0.35489019751548767,0,61,1,61,61,61,61,0
297,1.7298866213151927,4096,0,0,0.3044237494468689,0,61,1,61,61,61,61,0
298,1.7356916099773243,4096,0,0,0.3361763060092926,0,61,1,61,61,61,61,0
299,1.7414965986394557,4096,0,0,0.33470240235328674,0,61,1,61,61,61,61,0
300,1.7473015873015874,4096,0,0,0.3597790002822876,0,61,1,61,61,61,61,0
301,1.7531065759637188,4096,0,0,0.363493949174881,0,61,1,61,61,61,61,0
302,1.7589115646258504,4096,0,0,0.31599169969558716,0,61,1,61,61,61,61,0
303,1.7647165532879818,4096,0,0,0.3571055829524994,0,61,1,61,61,61,61,0
304,1.7705215419501135,4096,0,0,0.32546916604042053,0,61,1,61,61,61,61,0
305,1.7763265306122449,4096,0,0,0.31819549202919006,0,61,1,61,61,61,61,0
306,1.7821315192743765,4096,0,0,0.3151014745235443,0,61,1,61,61,61,61,0
307,1.787936507936508,4096,0,0,0.32552796602249146,0,61,1,61,61,61,61,0
308,1.7937414965986394,4096,0,0,0.38345909118652344,0,61,1,61,61,61,61,0
309,1.799546485260771,4096,0,0,0.36273255944252014,0,61,1,61,61,61,61,0
310,1.8053514739229024,4096,0,0,0.31587478518486023,0,61,1,61,61,61,61,0
311,1.811156462585034,4096,0,0,0.30169400572776794,0,61,1,61,61,61,61,0
312,1.8169614512471655,4096,0,0,0.31714776158332825,0,61,1,61,61,61,61,0
313,1.822766439909297,4096,0,0,0.345147967338562,0,61,1,61,61,61,61,0
314,1.8285714285714285,4096,0,0,0.3434837758541107,0,61,1,61,61,61,61,0
315,1.8343764172335602,4096,0,0,0.30705174803733826,0,61,1,61,61,61,61,0
316,1.8401814058956916,4096,0,0,0.3412567377090454,0,61,1,61,61,61,61,0
317,1.8459863945578232,4096,0,0,0.3214414417743683,0,61,1,61,61,61,61,0
318,1.8517913832199546,4096,0,0,0.3308188021183014,0,61,1,61,61,61,61,0
319,1.8575963718820863,4096,0,0,0.32046642899513245,0,61,1,61,61,61,61,0
320,1.8634013605442177,4096,0,0,0.30651918053627014,0,61,1,61,61,61,61,0
321,1.8692063492063493,4096,0,0,0.35623323917388916,0,61,1,61,61,61,61,0
322,1.8750113378684807,4096,0,0,0.3282046616077423,0,61,1,61,61,61,61,0
323,1.8808163265306121,4096,0,0,0.30585038661956787,0,61,1,61,61,61,61,0
324,1.8866213151927438,4096,0,0,0.290572851896286,0,61,1,61,61,61,61,0
325,1.8924263038548752,4096,0,0,0.3105468153953552,0,61,1,61,61,61,61,0
326,1.8982312925170068,4096,0,0,0.3418731391429901,0,61,1,61,61,61,61,0
327,1.9040362811791383,4096,0,0,0.3292485177516937,0,61,1,61,61,61,61,0
328,1.90984126984127,4096,0,0,0.3046715557575226,0,61,1,61,61,61,61,0
329,1.9156462585034013,4096,0,0,0.3390686511993408,0,61,1,61,61,61,61,0
330,1.921451247165533,4096,0,0,0.31537672877311707,0,61,1,61,61,61,61,0
331,1.9272562358276644,4096,0,0,0.3168332874774933,0,61,1,61,61,61,61,0
332,1.933061224489796,4096,0,0,0.304598867893219,0,61,1,61,61,61,61,0
333,1.9388662131519274,4096,0,0,0.31029194593429565,0,61,1,61,61,61,61,0
334,1.944671201814059,4096,0,0,0.35433074831962585,0,61,1,61,61,61,61,0
335,1.9504761904761905,4096,0,0,0.31574583053588867,0,61,1,61,61,61,61,0
336,1.956281179138322,4096,0,0,0.2944736182689667,0,61,1,61,61,61,61,0
337,1.9620861678004535,4096,0,0,0.29072415828704834,0,61,1,61,61,61,61,0
338,1.967891156462585,4096,0,0,0.3154379427433014,0,61,1,61,61,61,61,0
339,1.9736961451247166,4096,0,0,0.3456634283065796,0,61,1,61,61,61,61,0
340,1.979501133786848,4096,0,0,0.32056546211242676,0,61,1,61,61,61,61,0
341,1.9853061224489796,4096,0,0,0.3008440434932709,0,61,1,61,61,61,61,0
342,1.991111111111111,4096,0,0,0.3296414613723755,0,61,1,61,61,61,61,0
343,1.9969160997732427,4096,0,0,0.3107589781284332,0,61,1,61,61,61,61,0
344,2.0027210884353743,4096,0,0,0.3137933909893036,0,61,1,61,61,61,61,0
345,2.0085260770975055,4096,0,0,0.30154165625572205,0,61,1,61,61,61,61,0
346,2.014331065759637,4096,0,0,0.30610689520835876,0,61,1,61,61,61,61,0
347,2.020136054421769,4096,0,0,0.3459962010383606,0,61,1,61,61,61,61,0
348,2.0259410430839004,4096,0,0,0.3084161579608917,0,61,1,61,61,61,61,0
349,2.0317460317460316,4096,0,0,0.28981533646583557,0,61,1,61,61,61,61,0
350,2.0375510204081633,4096,0,0,0.2869969308376312,0,61,1,61,61,61,61,0
351,2.043356009070295,4096,0,0,0.3113465905189514,0,61,1,61,61,61,61,0
352,2.049160997732426,4096,0,0,0.34292858839035034,0,61,1,61,61,61,61,0
353,2.0549659863945577,4096,0,0,0.3107612431049347,0,61,1,61,61,61,61,0
354,2.0607709750566894,4096,0,0,0.3014899492263794,0,61,1,61,61,61,61,0
355,2.066575963718821,4096,0,0,0.32334932684898376,0,61,1,61,61,61,61,0
356,2.072380952380952,4096,0,0,0.3052414655685425,0,61,1,61,61,61,61,0
357,2.078185941043084,4096,0,0,0.3060888350009918,0,61,1,61,61,61,61,0
358,2.0839909297052155,4096,0,0,0.29089346528053284,0,61,1,61,61,61,61,0
359,2.089795918367347,4096,0,0,0.3094521164894104,0,61,1,61,61,61,61,0
360,2.0956009070294783,4096,0,0,0.34445300698280334,0,61,1,61,61,61,61,0
361,2.10140589569161,4096,0,0,0.30672967433929443,0,61,1,61,61,61,61,0
362,2.1072108843537416,4096,0,0,0.28806596994400024,0,61,1,61,61,61,61,0
363,2.1130158730158732,4096,0,0,0.2819007635116577,0,61,1,61,61,61,61,0
364,2.1188208616780044,4096,0,0,0.305815190076828,0,61,1,61,61,61,61,0
365,2.124625850340136,4096,0,0,0.3357740342617035,0,61,1,61,61,61,61,0
366,2.1304308390022677,4096,0,0,0.297744482755661,0,61,1,61,61,61,61,0
367,2.136235827664399,4096,0,0,0.2963106632232666,0,61,1,61,61,61,61,0
368,2.1420408163265305,4096,0,0,0.3197833299636841,0,61,1,61,61,61,61,0
369,2.147845804988662,4096,0,0,0.3064763844013214,0,61,1,61,61,61,61,0
370,2.153650793650794,4096,0,0,0.3087819516658783,0,61,1,61,61,61,61,0
371,2.159455782312925,4096,0,0,0.2840592563152313,0,61,1,61,61,61,61,0
372,2.1652607709750566,4096,0,0,0.30154287815093994,0,61,1,61,61,61,61,0
373,2.1710657596371883,4096,0,0,0.3352932929992676,0,61,1,61,61,61,61,0
374,2.17687074829932,4096,0,0,0.29691919684410095,0,61,1,61,61,61,61,0
375,2.182675736961451,4096,0,0,0.2794651985168457,0,61,1,61,61,61,61,0
376,2.1884807256235828,4096,0,0,0.2756071984767914,0,61,1,61,61,61,61,0
377,2.1942857142857144,4096,0,0,0.2986445724964142,0,61,1,61,61,61,61,0
378,2.2000907029478456,4096,0,0,0.3303435444831848,0,61,1,61,61,61,61,0
379,2.2058956916099772,4096,0,0,0.285961389541626,0,61,1,61,61,61,61,0
380,2.211700680272109,4096,0,0,0.2919042706489563,0,61,1,61,61,61,61,0
381,2.2175056689342405,4096,0,0,0.31500181555747986,0,61,1,61,61,61,61,0
382,2.2233106575963717,4096,0,0,0.30260977149009705,0,61,1,61,61,61,61,0
383,2.2291156462585033,4096,0,0,0.305210679769516,0,61,1,61,61,61,61,0
384,2.234920634920635,4096,0,0,0.27466192841529846,0,61,1,61,61,61,61,0
385,2.2407256235827666,4096,0,0,0.2985623776912689,0,61,1,61,61,61,61,0
386,2.246530612244898,4096,0,0,0.3259473741054535,0,61,1,61,61,61,61,0
387,2.2523356009070294,4096,0,0,0.29142218828201294,0,61,1,61,61,61,61,0
388,2.258140589569161,4096,0,0,0.2754920721054077,0,61,1,61,61,61,61,0
389,2.2639455782312927,4096,0,0,0.27071988582611084,0,61,1,61,61,61,61,0
390,2.269750566893424,4096,0,0,0.2963619530200958,0,61,1,61,61,61,61,0
391,2.2755555555555556,4096,0,0,0.3217967748641968,0,61,0,61,61,61,61,0
392,2.281360544217687,4096,0,0,0.27153295278549194,0,61,1,61,61,61,61,0
393,2.2871655328798184,4096,0,0,0.2649034559726715,0,61,0,61,61,61,61,0
394,2.29297052154195,4096,0,0,0.2019578367471695,0,61,1,61,61,61,61,0
395,2.2987755102040817,4096,0,0,0.0917021706700325,0,61,0,61,61,61,61,0
396,2.3045804988662133,4096,0,0,0.05717238038778305,0,61,0,61,-1,-1,-1,0
397,2.3103854875283445,4096,0,0,0.032172512263059616,0,61,0,61,-1,-1,-1,0
398,2.316190476190476,4096,0,0,0.030240049585700035,0,61,0,61,-1,-1,-1,0
399,2.3219954648526078,4096,0,0,0.02821124717593193,0,61,0,61,-1,-1,-1,0
400,2.3278004535147394,4096,0,0,0.027692029252648354,0,61,0,61,-1,-1,-1,0
401,2.3336054421768706,4096,0,0,0.02753174491226673,0,-1,0,61,-1,-1,-1,0
402,2.3394104308390022,4096,0,0,0.02745109237730503,0,-1,0,61,-1,-1,-1,0
403,2.345215419501134,4096,0,0,0.027943938970565796,0,-1,0,61,-1,-1,-1,0
404,2.3510204081632655,4096,0,0,0.02789219468832016,0,-1,0,61,-1,-1,-1,0
405,2.3568253968253967,4096,0,0,0.027827253565192223,0,-1,0,61,-1,-1,-1,0
406,2.3626303854875284,4096,0,0,0.028172878548502922,0,-1,0,61,-1,-1,-1,0
407,2.36843537414966,4096,0,0,0.02819671481847763,0,-1,0,59,-1,-1,-1,0
408,2.374240362811791,4096,0,0,0.02833177149295807,0,-1,0,59,-1,-1,-1,0
409,2.380045351473923,4096,0,0,0.027974756434559822,0,-1,0,59,-1,-1,-1,0
410,2.3858503401360545,4096,0,0,0.028184358030557632,0,-1,0,59,-1,-1,-1,0
411,2.391655328798186,4096,0,0,0.028306717053055763,0,-1,0,59,-1,-1,-1,0
412,2.3974603174603173,4096,0,0,0.028027301654219627,0,-1,0,59,-1,-1,-1,0
413,2.403265306122449,4096,0,0,0.02780437096953392,0,-1,0,59,-1,-1,-1,0
414,2.4090702947845806,4096,0,0,0.027655387297272682,0,-1,0,59,-1,-1,-1,0
415,2.414875283446712,4096,0,0,0.027589598670601845,0,-1,0,59,-1,-1,-1,0
416,2.4206802721088434,4096,0,0,0.027506574988365173,0,-1,0,59,-1,-1,-1,0
417,2.426485260770975,4096,0,0,0.027917923405766487,0,-1,0,59,-1,-1,-1,0
418,2.4322902494331067,4096,0,0,0.027714651077985764,0,-1,0,59,-1,-1,-1,0
419,2.4380952380952383,4096,0,0,0.028673281893134117,0,-1,0,59,-1,-1,-1,0
420,2.4439002267573695,512,1,0,0.03470058739185333,0,-1,1,49,-1,-1,-1,0
421,2.449705215419501,512,0,0,0.06550366431474686,0,-1,1,49,49,49,49,0
422,2.455510204081633,512,0,0,0.42573049664497375,0,-1,1,58,49,49,49,0
423,2.461315192743764,1024,0,0,0.45403289794921875,0,59,1,59,49,49,49,0
424,2.4671201814058956,1024,0,0,0.5177068710327148,0,59,1,59,59,49,49,0
425,2.4729251700680273,2048,0,1,0.572915256023407,0,59,1,59,59,49,49,0
426,2.478730158730159,2048,0,0,0.5581893920898438,0,59,1,59,59,49,49,0
427,2.48453514739229,2048,0,0,0.4212981164455414,0,59,1,59,59,49,49,0
428,2.4903401360544217,2048,0,0,0.5590534806251526,0,59,1,59,59,49,49,0
429,2.4961451247165534,4096,0,0,0.5126980543136597,0,59,0,59,59,49,49,0
430,2.501950113378685,4096,0,0,0.5310725569725037,0,59,0,59,-1,-1,-1,0
431,2.507755102040816,4096,0,0,0.4023955166339874,0,59,0,59,-1,-1,-1,0
432,2.513560090702948,4096,0,0,0.47710391879081726,0,59,0,59,-1,-1,-1,0
433,2.5193650793650795,4096,0,0,0.5743215680122375,0,59,1,59,-1,-1,-1,0
434,2.5251700680272107,4096,0,0,0.49179354310035706,0,59,1,59,59,59,59,0
435,2.5309750566893423,4096,0,0,0.46758443117141724,0,59,1,59,59,59,59,0
436,2.536780045351474,4096,0,0,0.36588573455810547,0,59,1,59,59,59,59,0
437,2.5425850340136056,4096,0,0,0.4545881748199463,0,59,1,59,59,59,59,0
438,2.5483900226757368,4096,0,0,0.40544256567955017,0,59,1,59,59,59,59,0
439,2.5541950113378684,4096,0,0,0.40433269739151,0,59,1,59,59,59,59,0
440,2.56,4096,0,0,0.4003097712993622,0,59,1,59,59,59,59,0
441,2.5658049886621317,4096,0,0,0.41160842776298523,0,59,1,59,59,59,59,0
442,2.571609977324263,4096,0,0,0.43244558572769165,0,59,1,59,59,59,59,0
443,2.5774149659863945,4096,0,0,0.34912121295928955,0,59,1,59,59,59,59,0
444,2.583219954648526,4096,0,0,0.43209749460220337,0,59,1,59,59,59,59,0
445,2.589024943310658,4096,0,0,0.3803715109825134,0,59,1,59,59,59,59,0
446,2.594829931972789,4096,0,0,0.4009007513523102,0,59,1,59,59,59,59,0
447,2.6006349206349206,4096,0,0,0.3849840462207794,0,59,1,59,59,59,59,0
448,2.6064399092970523,4096,0,0,0.3668287694454193,0,59,1,59,59,59,59,0
449,2.6122448979591835,4096,0,0,0.4259554445743561,0,59,1,59,59,59,59,0
450,2.618049886621315,4096,0,0,0.38240283727645874,0,59,1,59,59,59,59,0
451,2.6238548752834467,4096,0,0,0.4625757038593292,0,59,1,59,59,59,59,0
452,2.6296598639455784,4096,0,0,0.38223400712013245,0,59,1,59,59,59,59,0
453,2.6354648526077096,4096,0,0,0.35989585518836975,0,59,1,59,59,59,59,0
454,2.641269841269841,4096,0,0,0.3951883316040039,0,59,1,59,59,59,59,0
455,2.647074829931973,4096,0,0,0.4130394756793976,0,59,1,59,59,59,59,0
456,2.6528798185941045,4096,0,0,0.43447044491767883,0,59,1,59,59,59,59,0
457,2.6586848072562357,4096,0,0,0.3332556188106537,0,59,1,59,59,59,59,0
458,2.6644897959183673,4096,0,0,0.3928065299987793,0,59,0,59,59,59,59,0
459,2.670294784580499,4096,0,0,0.2916070222854614,0,59,0,59,-1,-1,-1,0
460,2.6760997732426306,4096,0,0,0.25432246923446655,0,59,0,59,-1,-1,-1,0
461,2.681904761904762,4096,0,0,0.07501469552516937,0,59,0,59,-1,-1,-1,0
462,2.6877097505668934,4096,0,0,0.03359154239296913,0,59,0,59,-1,-1,-1,0
463,2.693514739229025,4096,0,0,0.027623051777482033,0,59,0,59,-1,-1,-1,0
464,2.6993197278911563,4096,0,0,0.02721363678574562,0,59,0,59,-1,-1,-1,0
465,2.705124716553288,4096,0,0,0.02788444049656391,0,-1,0,59,-1,-1,-1,0
466,2.7109297052154195,4096,0,0,0.029484540224075317,0,-1,0,59,-1,-1,-1,0
467,2.716734693877551,4096,0,0,0.03074783831834793,0,-1,0,59,-1,-1,-1,0
468,2.7225396825396824,512,1,0,0.03517690673470497,0,-1,1,49,-1,-1,-1,0
469,2.728344671201814,512,0,0,0.18749861419200897,0,-1,1,49,49,49,49,0
470,2.7341496598639456,512,0,0,0.2686583697795868,0,61,1,60,49,49,49,0
471,2.7399546485260773,1024,0,0,0.28633758425712585,0,61,1,61,49,49,49,0
472,2.7457596371882085,1024,0,1,0.282898873090744,0,61,1,61,61,49,49,1
473,2.75156462585034,2048,0,0,0.28685852885246277,0,61,1,61,61,49,49,1
474,2.7573696145124718,2048,0,0,0.3325355052947998,0,61,1,61,61,49,49,1
475,2.7631746031746034,2048,0,0,0.3179257810115814,0,61,1,61,61,49,49,1
476,2.7689795918367346,2048,0,0,0.2816550135612488,0,61,1,61,61,49,49,1
477,2.7747845804988662,4096,0,0,0.27829858660697937,0,61,0,61,61,49,49,0
478,2.780589569160998,4096,0,0,0.28308209776878357,0,61,0,61,-1,-1,-1,0
479,2.786394557823129,4096,0,0,0.3224796950817108,0,61,0,61,-1,-1,-1,0
480,2.7921995464852607,4096,0,0,0.3223809599876404,0,61,0,61,-1,-1,-1,0
481,2.7980045351473923,4096,0,0,0.2845904529094696,0,61,0,61,-1,-1,-1,0
482,2.803809523809524,4096,0,0,0.2979240417480469,0,61,0,61,-1,-1,-1,0
483,2.809614512471655,4096,0,0,0.29490700364112854,0,61,1,61,-1,-1,-1,0
484,2.815419501133787,4096,0,0,0.3017992675304413,0,61,1,61,61,61,61,0
485,2.8212244897959184,4096,0,0,0.30297258496284485,0,61,1,61,61,61,61,0
486,2.82702947845805,4096,0,0,0.27701207995414734,0,61,1,61,61,61,61,0
487,2.8328344671201813,4096,0,0,0.3126959502696991,0,61,1,61,61,61,61,0
488,2.838639455782313,4096,0,0,0.292277991771698,0,61,1,61,61,61,61,0
489,2.8444444444444446,4096,0,0,0.29037562012672424,0,61,1,61,61,61,61,0
490,2.8502494331065757,4096,0,0,0.27361106872558594,0,61,1,61,61,61,61,0
491,2.8560544217687074,4096,0,0,0.25665006041526794,0,61,1,61,61,61,61,0
492,2.861859410430839,4096,0,0,0.30867475271224976,0,61,1,61,61,61,61,0
493,2.8676643990929707,4096,0,0,0.2713882625102997,0,61,1,61,61,61,61,0
494,2.873469387755102,4096,0,0,0.26361003518104553,0,61,1,61,61,61,61,0
495,2.8792743764172335,4096,0,0,0.2514554262161255,0,61,1,61,61,61,61,0
496,2.885079365079365,4096,0,0,0.2571065127849579,0,61,1,61,61,61,61,0
497,2.8908843537414968,4096,0,0,0.3118937015533447,0,61,1,61,61,61,61,0
498,2.896689342403628,4096,0,0,0.2753629684448242,0,61,1,61,61,61,61,0
499,2.9024943310657596,4096,0,0,0.24775360524654388,0,61,1,61,61,61,61,0
500,2.9082993197278912,4096,0,0,0.23987826704978943,0,61,1,61,61,61,61,0
501,2.914104308390023,4096,0,0,0.24495156109333038,0,61,1,61,61,61,61,0
502,2.919909297052154,4096,0,0,0.2946869730949402,0,61,1,61,61,61,61,0
503,2.9257142857142857,4096,0,0,0.25885066390037537,0,61,1,61,61,61,61,0
504,2.9315192743764173,4096,0,0,0.23264357447624207,0,61,1,61,61,61,61,0
505,2.9373242630385485,4096,0,0,0.24309714138507843,0,61,1,61,61,61,61,0
506,2.94312925170068,4096,0,0,0.24396495521068573,0,61,1,61,61,61,61,0
507,2.948934240362812,4096,0,0,0.27886655926704407,0,61,1,61,61,61,61,0
508,2.9547392290249435,4096,0,0,0.2502840757369995,0,-1,1,61,61,61,61,0
509,2.9605442176870747,4096,0,0,0.2268102467060089,0,-1,1,61,61,61,61,0
510,2.9663492063492063,4096,0,0,0.2543046474456787,0,-1,1,61,61,61,61,0
511,2.972154195011338,4096,0,0,0.21824604272842407,0,-1,1,61,61,61,61,0
512,2.9779591836734696,4096,0,0,0.10608667135238647,0,62,0,61,61,61,61,0
513,2.9837641723356008,4096,0,0,0.031189393252134323,0,62,0,61,-1,-1,-1,0
514,2.9895691609977324,4096,0,1,0.026952993124723434,0,62,0,61,-1,-1,-1,0
515,2.995374149659864,4096,0,0,0.027674579992890358,0,62,0,61,-1,-1,-1,0
516,3.0011791383219957,4096,0,0,0.02757491171360016,0,62,0,61,-1,-1,-1,0
517,3.006984126984127,512,1,0,0.031765904277563095,0,62,1,59,-1,-1,-1,0
518,3.0127891156462585,512,0,0,0.08210650086402893,0,62,1,49,-1,-1,-1,0
519,3.01859410430839,512,0,0,0.191188246011734,0,62,1,61,-1,-1,-1,0
520,3.0243990929705213,1024,0,0,0.17734770476818085,0,62,1,62,-1,-1,-1,0
521,3.030204081632653,1024,0,0,0.13648857176303864,0,62,1,62,62,62,62,0
522,3.0360090702947846,2048,0,0,0.15883862972259521,0,62,1,62,62,62,62,0
523,3.0418140589569163,2048,0,0,0.1369221806526184,0,62,1,62,62,62,62,0
524,3.0476190476190474,2048,0,0,0.13544639945030212,0,-1,1,62,62,62,62,0
525,3.053424036281179,2048,0,0,0.13133475184440613,0,-1,1,62,62,62,62,0
526,3.0592290249433107,4096,0,0,0.13093814253807068,0,-1,0,62,62,62,62,0
527,3.0650340136054424,4096,0,0,0.1356540024280548,0,-1,0,62,-1,-1,-1,0
528,3.0708390022675736,4096,0,0,0.11976462602615356,0,-1,0,62,-1,-1,-1,0
529,3.076643990929705,4096,0,0,0.15044406056404114,0,-1,0,62,-1,-1,-1,0
530,3.082448979591837,4096,0,0,0.13605117797851562,0,-1,0,62,-1,-1,-1,0
531,3.0882539682539685,4096,0,0,0.12019257247447968,0,-1,0,62,-1,-1,-1,0
532,3.0940589569160997,4096,0,0,0.13545215129852295,0,-1,0,62,-1,-1,-1,0
533,3.0998639455782313,4096,0,0,0.1153750792145729,0,-1,0,62,-1,-1,-1,0
534,3.105668934240363,4096,0,0,0.11956461519002914,0,-1,0,62,-1,-1,-1,0
535,3.111473922902494,4096,0,0,0.11094743758440018,0,-1,0,62,-1,-1,-1,0
536,3.1172789115646258,4096,0,0,0.12006973475217819,0,-1,0,62,-1,-1,-1,0
537,3.1230839002267574,4096,0,0,0.1196339800953865,0,-1,0,62,-1,-1,-1,0
538,3.128888888888889,4096,0,0,0.10533387213945389,0,-1,0,62,-1,-1,-1,0
539,3.1346938775510202,4096,0,0,0.1358821988105774,0,-1,0,62,-1,-1,-1,0
540,3.140498866213152,4096,0,0,0.11582030355930328,0,-1,0,62,-1,-1,-1,0
541,3.1463038548752835,4096,0,0,0.10606002062559128,0,-1,0,62,-1,-1,-1,0
542,3.152108843537415,4096,0,0,0.12098927050828934,0,-1,0,62,-1,-1,-1,0
543,3.1579138321995464,4096,0,0,0.10591587424278259,0,-1,0,62,-1,-1,-1,0
544,3.163718820861678,4096,0,0,0.10193084925413132,0,-1,0,62,-1,-1,-1,0
545,3.1695238095238096,4096,0,0,0.0865652859210968,0,-1,0,62,-1,-1,-1,0
546,3.175328798185941,4096,0,0,0.07008761912584305,0,-1,0,62,-1,-1,-1,0
547,3.1811337868480725,4096,0,0,0.04567151516675949,0,-1,0,62,-1,-1,-1,0
548,3.186938775510204,4096,0,0,0.0365104041993618,0,-1,0,62,-1,-1,-1,0
549,3.1927437641723357,4096,0,0,0.03247010335326195,0,-1,0,62,-1,-1,-1,0
550,3.198548752834467,4096,0,0,0.029675694182515144,0,-1,0,62,-1,-1,-1,0
551,3.2043537414965986,4096,0,0,0.028806118294596672,0,-1,0,62,-1,-1,-1,0
552,3.21015873015873,4096,0,0,0.02791781723499298,0,-1,0,62,-1,-1,-1,0
553,3.215963718820862,4096,0,0,0.02751186303794384,0,-1,0,62,-1,-1,-1,0
554,3.221768707482993,4096,0,0,0.028195327147841454,0,-1,0,62,-1,-1,-1,0
555,3.2275736961451247,4096,0,0,0.028310073539614677,0,-1,0,62,-1,-1,-1,0
556,3.2333786848072563,4096,0,0,0.028259603306651115,0,-1,0,62,-1,-1,-1,0
557,3.239183673469388,4096,0,0,0.028438212350010872,0,-1,0,62,-1,-1,-1,0
558,3.244988662131519,4096,0,0,0.028720950707793236,0,-1,0,62,-1,-1,-1,0
559,3.250793650793651,4096,0,0,0.028516240417957306,0,-1,0,61,-1,-1,-1,0
560,3.2565986394557824,4096,0,0,0.02771112695336342,0,-1,0,59,-1,-1,-1,0
561,3.2624036281179136,4096,0,0,0.02783239632844925,0,-1,0,59,-1,-1,-1,0
562,3.2682086167800453,4096,0,0,0.027726806700229645,0,-1,0,59,-1,-1,-1,0
563,3.274013605442177,4096,0,0,0.02716495469212532,0,-1,0,59,-1,-1,-1,0
564,3.2798185941043085,4096,0,0,0.027004623785614967,0,-1,0,59,-1,-1,-1,0
565,3.2856235827664397,4096,0,0,0.026920892298221588,0,-1,0,59,-1,-1,-1,0
566,3.2914285714285714,4096,0,0,0.026930229738354683,0,-1,0,59,-1,-1,-1,0
567,3.297233560090703,4096,0,0,0.02754070982336998,0,-1,0,59,-1,-1,-1,0
568,3.3030385487528346,4096,0,0,0.027660682797431946,0,-1,0,59,-1,-1,-1,0
569,3.308843537414966,4096,0,0,0.0271687600761652,0,-1,0,59,-1,-1,-1,0
570,3.3146485260770975,4096,0,0,0.027568252757191658,0,-1,0,59,-1,-1,-1,0
571,3.320453514739229,4096,0,0,0.028755050152540207,0,-1,0,59,-1,-1,-1,0
572,3.3262585034013608,4096,0,0,0.029877783730626106,0,-1,0,59,-1,-1,-1,0
573,3.332063492063492,4096,0,0,0.029998892918229103,0,-1,0,59,-1,-1,-1,0
574,3.3378684807256236,4096,0,0,0.030462369322776794,0,-1,0,59,-1,-1,-1,0
575,3.3436734693877552,4096,0,0,0.030161984264850616,0,-1,0,59,-1,-1,-1,0
576,3.3494784580498864,4096,0,0,0.028954368084669113,0,-1,0,59,-1,-1,-1,0
577,3.355283446712018,4096,0,0,0.02896723337471485,0,-1,0,59,-1,-1,-1,0
578,3.3610884353741497,4096,0,0,0.02902047708630562,0,-1,0,59,-1,-1,-1,0
579,3.3668934240362813,4096,0,0,0.028697095811367035,0,-1,0,59,-1,-1,-1,0
580,3.3726984126984125,4096,0,0,0.029167111963033676,0,-1,0,59,-1,-1,-1,0
581,3.378503401360544,4096,0,0,0.029032442718744278,0,-1,0,59,-1,-1,-1,0
582,3.384308390022676,4096,0,0,0.028566399589180946,0,-1,0,59,-1,-1,-1,0
583,3.3901133786848074,4096,0,0,0.028848079964518547,0,-1,0,59,-1,-1,-1,0
584,3.3959183673469386,4096,0,0,0.028177067637443542,0,-1,0,59,-1,-1,-1,0
585,3.4017233560090703,4096,0,0,0.028251782059669495,0,-1,0,59,-1,-1,-1,0
586,3.407528344671202,512,1,0,0.24397358298301697,0,-1,1,49,-1,-1,-1,0
587,3.4133333333333336,512,0,0,0.34616440534591675,0,64,1,64,-1,-1,-1,0
588,3.4191383219954647,512,0,0,0.34552401304244995,0,64,1,64,64,64,64,0
589,3.4249433106575964,1024,0,1,0.3367515206336975,0,64,1,64,64,64,64,0
590,3.430748299319728,1024,0,0,0.3250752389431,0,64,1,64,64,64,64,0
591,3.436553287981859,2048,0,0,0.3487399220466614,0,64,1,64,64,64,64,0
592,3.442358276643991,2048,0,0,0.38141822814941406,0,64,1,64,64,64,64,0
593,3.4481632653061225,2048,0,0,0.38464128971099854,0,64,1,64,64,64,64,0
594,3.453968253968254,2048,0,0,0.35379502177238464,0,64,1,64,64,64,64,0
595,3.4597732426303853,4096,0,0,0.3576136529445648,0,64,0,64,64,64,64,0
596,3.465578231292517,4096,0,0,0.3553161025047302,0,64,0,64,-1,-1,-1,0
597,3.4713832199546486,4096,0,0,0.3437396287918091,0,64,0,64,-1,-1,-1,0
598,3.4771882086167802,4096,0,0,0.3311649262905121,0,64,0,64,-1,-1,-1,0
599,3.4829931972789114,4096,0,0,0.3047372102737427,0,64,1,64,-1,-1,-1,0
600,3.488798185941043,4096,0,0,0.3148016929626465,0,64,1,64,64,64,64,0
601,3.4946031746031747,4096,0,0,0.3179665505886078,0,64,1,64,64,64,64,0
602,3.500408163265306,4096,0,0,0.34964418411254883,0,64,1,64,64,64,64,0
603,3.5062131519274375,4096,0,0,0.3520708978176117,0,64,1,64,64,64,64,0
604,3.512018140589569,4096,0,0,0.3687623143196106,0,64,1,64,64,64,64,0
605,3.517823129251701,4096,0,0,0.3370765149593353,0,64,1,64,64,64,64,0
606,3.523628117913832,4096,0,0,0.3482205867767334,0,64,1,64,64,64,64,0
607,3.5294331065759637,4096,0,0,0.3459804654121399,0,64,1,64,64,64,64,0
608,3.5352380952380953,4096,0,0,0.34574073553085327,0,64,1,64,64,64,64,0
609,3.541043083900227,4096,0,0,0.3228256106376648,0,64,1,64,64,64,64,0
610,3.546848072562358,4096,0,0,0.31021013855934143,0,64,1,64,64,64,64,0
611,3.5526530612244898,4096,0,0,0.3127920627593994,0,64,1,64,64,64,64,0
612,3.5584580498866214,4096,0,0,0.30362173914909363,0,64,1,64,64,64,64,0
613,3.564263038548753,4096,0,0,0.3069968819618225,0,64,1,64,64,64,64,0
614,3.5700680272108842,4096,0,0,0.35351067781448364,0,64,1,64,64,64,64,0
615,3.575873015873016,4096,0,0,0.36344894766807556,0,64,1,64,64,64,64,0
616,3.5816780045351475,4096,0,0,0.3515711724758148,0,64,1,64,64,64,64,0
617,3.5874829931972787,4096,0,0,0.33121457695961,0,64,1,64,64,64,64,0
618,3.5932879818594103,4096,0,0,0.3528083264827728,0,64,1,64,64,64,64,0
619,3.599092970521542,4096,0,0,0.3518120348453522,0,64,1,64,64,64,64,0
620,3.6048979591836736,4096,0,0,0.3280884623527527,0,64,1,64,64,64,64,0
621,3.610702947845805,4096,0,0,0.29801392555236816,0,64,1,64,64,64,64,0
622,3.6165079365079364,4096,0,0,0.30113866925239563,0,64,1,64,64,64,64,0
623,3.622312925170068,4096,0,0,0.29603898525238037,0,64,1,64,64,64,64,0
624,3.6281179138321997,4096,0,0,0.29605117440223694,0,64,1,64,64,64,64,0
625,3.633922902494331,4096,0,0,0.32709166407585144,0,64,1,64,64,64,64,0
626,3.6397278911564626,4096,0,0,0.35411468148231506,0,64,1,64,64,64,64,0
627,3.645532879818594,4096,0,0,0.3453904390335083,0,64,1,64,64,64,64,0
628,3.651337868480726,4096,0,0,0.32414528727531433,0,64,1,64,64,64,64,0
629,3.657142857142857,4096,0,0,0.338590532541275,0,64,1,64,64,64,64,0
630,3.6629478458049887,4096,0,0,0.33811014890670776,0,64,1,64,64,64,64,0
631,3.6687528344671203,4096,0,0,0.3303791880607605,0,64,1,64,64,64,64,0
632,3.6745578231292515,4096,0,0,0.30361783504486084,0,64,1,64,64,64,64,0
633,3.680362811791383,4096,0,0,0.2915860414505005,0,64,1,64,64,64,64,0
634,3.6861678004535148,4096,0,0,0.2861361801624298,0,64,1,64,64,64,64,0
635,3.6919727891156464,4096,0,0,0.2884725034236908,0,64,1,64,64,64,64,0
636,3.6977777777777776,4096,0,0,0.2914626896381378,0,64,1,64,64,64,64,0
637,3.7035827664399092,4096,0,0,0.3070777654647827,0,64,1,64,64,64,64,0
638,3.709387755102041,4096,0,0,0.340837299823761,0,64,1,64,64,64,64,0
639,3.7151927437641725,4096,0,0,0.34040358662605286,0,64,1,64,64,64,64,0
640,3.7209977324263037,4096,0,0,0.3252151608467102,0,64,1,64,64,64,64,0
641,3.7268027210884354,4096,0,0,0.3053278625011444,0,64,1,64,64,64,64,0
642,3.732607709750567,4096,0,0,0.32912877202033997,0,64,1,64,64,64,64,0
643,3.7384126984126986,4096,0,0,0.3272467851638794,0,64,1,64,64,64,64,0
644,3.74421768707483,4096,0,0,0.31702783703804016,0,64,1,64,64,64,64,0
645,3.7500226757369615,4096,0,0,0.29704761505126953,0,64,1,64,64,64,64,0
646,3.755827664399093,4096,0,0,0.28071311116218567,0,64,1,64,64,64,64,0
647,3.7616326530612243,4096,0,0,0.2795228064060211,0,64,1,64,64,64,64,0
648,3.767437641723356,4096,0,0,0.27677202224731445,0,64,1,64,64,64,64,0
649,3.7732426303854876,4096,0,0,0.2835962772369385,0,64,1,64,64,64,64,0
650,3.779047619047619,4096,0,0,0.30719009041786194,0,64,1,64,64,64,64,0
651,3.7848526077097504,4096,0,0,0.32658904790878296,0,64,1,64,64,64,64,0
652,3.790657596371882,4096,0,0,0.32932624220848083,0,64,1,64,64,64,64,0
653,3.7964625850340137,4096,0,0,0.3023052215576172,0,64,1,64,64,64,64,0
654,3.8022675736961453,4096,0,0,0.30866438150405884,0,64,1,64,64,64,64,0
655,3.8080725623582765,4096,0,0,0.32650911808013916,0,64,1,64,64,64,64,0
656,3.813877551020408,4096,0,0,0.31847047805786133,0,64,1,64,64,64,64,0
657,3.81968253968254,4096,0,0,0.29808861017227173,0,64,1,64,64,64,64,0
658,3.825487528344671,4096,0,0,0.2802460789680481,0,64,1,64,64,64,64,0
659,3.8312925170068026,4096,0,0,0.2750459611415863,0,64,1,64,64,64,64,0
660,3.8370975056689343,4096,0,0,0.2763385772705078,0,64,1,64,64,64,64,0
661,3.842902494331066,4096,0,0,0.2803378105163574,0,64,1,64,64,64,64,0
662,3.848707482993197,4096,0,0,0.2966381311416626,0,64,1,64,64,64,64,0
663,3.8545124716553287,4096,0,0,0.31656593084335327,0,64,1,64,64,64,64,0
664,3.8603174603174604,4096,0,0,0.32556626200675964,0,64,1,64,64,64,64,0
665,3.866122448979592,4096,0,0,0.31058910489082336,0,64,1,64,64,64,64,0
666,3.871927437641723,4096,0,0,0.29693591594696045,0,64,1,64,64,64,64,0
667,3.877732426303855,4096,0,0,0.3145779073238373,0,64,1,64,64,64,64,0
668,3.8835374149659865,4096,0,0,0.323224812746048,0,64,1,64,64,64,64,0
669,3.889342403628118,4096,0,0,0.31088557839393616,0,64,1,64,64,64,64,0
670,3.8951473922902493,4096,0,0,0.2896747887134552,0,64,1,64,64,64,64,0
671,3.900952380952381,4096,0,0,0.27503129839897156,0,64,1,64,64,64,64,0
672,3.9067573696145126,4096,0,0,0.2670287787914276,0,64,1,64,64,64,64,0
673,3.912562358276644,4096,0,0,0.27007046341896057,0,64,1,64,64,64,64,0
674,3.9183673469387754,4096,0,0,0.2756451368331909,0,64,1,64,64,64,64,0
675,3.924172335600907,4096,0,0,0.29253679513931274,0,64,1,64,64,64,64,0
676,3.9299773242630387,4096,0,0,0.31284746527671814,0,64,1,64,64,64,64,0
677,3.93578231292517,4096,0,0,0.31941425800323486,0,64,1,64,64,64,64,0
678,3.9415873015873015,4096,0,0,0.3071437478065491,0,64,1,64,64,64,64,0
679,3.947392290249433,4096,0,0,0.2923097610473633,0,64,1,64,64,64,64,0
680,3.953197278911565,4096,0,0,0.3124144375324249,0,64,1,64,64,64,64,0
681,3.959002267573696,4096,0,0,0.31846097111701965,0,64,1,64,64,64,64,0
682,3.9648072562358276,4096,0,0,0.3089064061641693,0,64,1,64,64,64,64,0
683,3.9706122448979593,4096,0,0,0.2875804007053375,0,64,1,64,64,64,64,0
684,3.976417233560091,4096,0,0,0.2734193801879883,0,64,1,64,64,64,64,0
685,3.982222222222222,4096,0,0,0.2664864659309387,0,64,1,64,64,64,64,0
686,3.9880272108843537,4096,0,0,0.2688637971878052,0,64,1,64,64,64,64,0
687,3.9938321995464854,4096,0,0,0.2696880102157593,0,64,1,64,64,64,64,0
688,3.9996371882086166,4096,0,0,0.2846231758594513,0,64,1,64,64,64,64,0
689,4.005442176870749,4096,0,0,0.3017750382423401,0,64,1,64,64,64,64,0
690,4.01124716553288,4096,0,0,0.3063623607158661,0,64,1,64,64,64,64,0
691,4.017052154195011,4096,0,0,0.29628872871398926,0,64,1,64,64,64,64,0
692,4.022857142857143,4096,0,0,0.284446656703949,0,64,1,64,64,64,64,0
693,4.028662131519274,4096,0,0,0.3067874312400818,0,64,1,64,64,64,64,0
694,4.0344671201814055,4096,0,0,0.3116967976093292,0,64,1,64,64,64,64,0
695,4.040272108843538,4096,0,0,0.3030737638473511,0,64,1,64,64,64,64,0
696,4.046077097505669,4096,0,0,0.27800431847572327,0,64,1,64,64,64,64,0
697,4.051882086167801,4096,0,0,0.2606314420700073,0,64,1,64,64,64,64,0
698,4.057687074829932,4096,0,0,0.2568378448486328,0,64,1,64,64,64,64,0
699,4.063492063492063,4096,0,0,0.25707554817199707,0,64,1,64,64,64,64,0
700,4.069297052154195,4096,0,0,0.2583293616771698,0,64,1,64,64,64,64,0
701,4.0751020408163265,4096,0,0,0.2734929025173187,0,64,1,64,64,64,64,0
702,4.080907029478458,4096,0,0,0.28502655029296875,0,64,1,64,64,64,64,0
703,4.08671201814059,4096,0,0,0.28653013706207275,0,64,1,64,64,64,64,0
704,4.092517006802721,4096,0,0,0.2673593759536743,0,64,1,64,64,64,64,0
705,4.098321995464852,4096,0,0,0.2677012085914612,0,64,1,64,64,64,64,0
706,4.104126984126984,4096,0,0,0.2821404039859772,0,64,1,64,64,64,64,0
707,4.1099319727891155,4096,0,0,0.2680083215236664,0,64,1,64,64,64,64,0
708,4.115736961451248,4096,0,0,0.22862370312213898,0,64,1,64,64,64,64,0
709,4.121541950113379,4096,0,0,0.18102909624576569,0,64,1,64,64,64,64,0
710,4.12734693877551,4096,0,0,0.14030323922634125,0,64,1,64,64,64,64,0
711,4.133151927437642,4096,0,0,0.11458832770586014,0,64,1,64,64,64,64,0
712,4.138956916099773,4096,0,0,0.10126394033432007,0,64,1,64,64,64,64,0
713,4.144761904761904,4096,0,0,0.09088532626628876,0,64,1,64,64,64,64,0
714,4.1505668934240365,4096,0,0,0.06835619360208511,0,64,0,64,64,64,64,0
715,4.156371882086168,4096,0,0,0.043606944382190704,0,64,0,64,-1,-1,-1,0
716,4.162176870748299,4096,0,0,0.03260141238570213,0,64,0,64,-1,-1,-1,0
717,4.167981859410431,4096,0,0,0.02888146974146366,0,64,0,64,-1,-1,-1,0
718,4.173786848072562,4096,0,0,0.027985163033008575,0,64,0,64,-1,-1,-1,0
719,4.179591836734694,4096,0,0,0.027392186224460602,0,64,0,64,-1,-1,-1,0
720,4.1853968253968254,4096,0,0,0.027205608785152435,0,64,0,64,-1,-1,-1,0
721,4.191201814058957,4096,0,0,0.026840277016162872,0,64,0,64,-1,-1,-1,0
722,4.197006802721089,4096,0,0,0.026848861947655678,0,64,0,64,-1,-1,-1,0
723,4.20281179138322,4096,0,0,0.027079463005065918,0,-1,0,64,-1,-1,-1,0
724,4.208616780045351,4096,0,0,0.027470078319311142,0,-1,0,64,-1,-1,-1,0
725,4.214421768707483,4096,0,0,0.027383826673030853,0,-1,0,64,-1,-1,-1,0
726,4.220226757369614,4096,0,0,0.02729536034166813,0,-1,0,64,-1,-1,-1,0
727,4.2260317460317465,4096,0,0,0.02735166624188423,0,-1,0,64,-1,-1,-1,0
728,4.231836734693878,4096,0,0,0.027425618842244148,0,-1,0,72,-1,-1,-1,0
729,4.237641723356009,4096,0,0,0.02796335332095623,0,-1,0,59,-1,-1,-1,0
730,4.243446712018141,4096,0,0,0.027745604515075684,0,-1,0,59,-1,-1,-1,0
731,4.249251700680272,4096,0,0,0.02760791964828968,0,-1,0,59,-1,-1,-1,0
732,4.255056689342403,4096,0,0,0.02757915109395981,0,-1,0,59,-1,-1,-1,0
733,4.260861678004535,4096,0,0,0.027171796187758446,0,-1,0,59,-1,-1,-1,0
734,4.266666666666667,4096,0,0,0.026962731033563614,0,-1,0,59,-1,-1,-1,0
735,4.272471655328798,4096,0,0,0.027131209149956703,0,-1,0,59,-1,-1,-1,0
736,4.27827664399093,4096,0,0,0.027936531230807304,0,-1,0,59,-1,-1,-1,0
737,4.284081632653061,4096,0,0,0.02809702605009079,0,-1,0,59,-1,-1,-1,0
738,4.289886621315193,4096,0,0,0.027331970632076263,0,-1,0,59,-1,-1,-1,0
739,4.295691609977324,4096,0,0,0.02732408046722412,0,-1,0,59,-1,-1,-1,0
740,4.3014965986394555,4096,0,0,0.027611495926976204,0,-1,0,59,-1,-1,-1,0
741,4.307301587301588,4096,0,0,0.02775774523615837,0,-1,0,59,-1,-1,-1,0
742,4.313106575963719,4096,0,0,0.027868183329701424,0,-1,0,59,-1,-1,-1,0
743,4.31891156462585,4096,0,0,0.027782628312706947,0,-1,0,59,-1,-1,-1,0
744,4.324716553287982,4096,0,0,0.027491681277751923,0,-1,0,59,-1,-1,-1,0
745,4.330521541950113,4096,0,0,0.027170302346348763,0,-1,0,59,-1,-1,-1,0
746,4.3363265306122445,4096,0,0,0.027106361463665962,0,-1,0,59,-1,-1,-1,0
747,4.342131519274377,4096,0,0,0.02736998349428177,0,-1,0,59,-1,-1,-1,0
748,4.347936507936508,4096,0,0,0.027569200843572617,0,-1,0,59,-1,-1,-1,0
749,4.35374149659864,4096,0,0,0.027666717767715454,0,-1,0,59,-1,-1,-1,0
750,4.359546485260771,4096,0,0,0.027304140850901604,0,-1,0,59,-1,-1,-1,0
751,4.365351473922902,4096,0,0,0.026942765340209007,0,-1,0,59,-1,-1,-1,0
752,4.371156462585034,4096,0,0,0.02736079879105091,0,-1,0,59,-1,-1,-1,0
753,4.3769614512471655,4096,0,0,0.02752993069589138,0,-1,0,59,-1,-1,-1,0
754,4.382766439909297,4096,0,0,0.027761394158005714,0,-1,0,59,-1,-1,-1,0
755,4.388571428571429,4096,0,0,0.02779981680214405,0,-1,0,59,-1,-1,-1,0
756,4.39437641723356,4096,0,0,0.02730611525475979,0,-1,0,59,-1,-1,-1,0
757,4.400181405895691,4096,0,0,0.027487562969326973,0,-1,0,59,-1,-1,-1,0
758,4.405986394557823,4096,0,0,0.027586625888943672,0,-1,0,59,-1,-1,-1,0
759,4.4117913832199545,4096,0,0,0.02724440023303032,0,-1,0,59,-1,-1,-1,0
760,4.4175963718820865,4096,0,0,0.027619004249572754,0,-1,0,59,-1,-1,-1,0
761,4.423401360544218,4096,0,0,0.027874184772372246,0,-1,0,59,-1,-1,-1,0
762,4.429206349206349,4096,0,0,0.028031842783093452,0,-1,0,59,-1,-1,-1,0
763,4.435011337868481,4096,0,0,0.02788911759853363,0,-1,0,59,-1,-1,-1,0
764,4.440816326530612,4096,0,0,0.027795027941465378,0,-1,0,59,-1,-1,-1,0
765,4.446621315192743,4096,0,0,0.0276543740183115,0,-1,0,59,-1,-1,-1,0
766,4.4524263038548755,4096,0,0,0.02704382687807083,0,-1,0,59,-1,-1,-1,0
767,4.458231292517007,4096,0,0,0.027275672182440758,0,-1,0,59,-1,-1,-1,0
768,4.464036281179139,4096,0,0,0.027204064652323723,0,-1,0,59,-1,-1,-1,0
769,4.46984126984127,4096,0,0,0.027106568217277527,0,-1,0,59,-1,-1,-1,0
770,4.475646258503401,4096,0,0,0.027909161522984505,0,-1,0,59,-1,-1,-1,0
771,4.481451247165533,4096,0,0,0.027535798028111458,0,-1,0,59,-1,-1,-1,0
772,4.487256235827664,4096,0,0,0.027344942092895508,0,-1,0,59,-1,-1,-1,0
773,4.493061224489796,4096,0,0,0.02780340053141117,0,-1,0,59,-1,-1,-1,0
774,4.498866213151928,4096,0,0,0.02801506221294403,0,-1,0,59,-1,-1,-1,0
775,4.504671201814059,4096,0,0,0.028014998883008957,0,-1,0,59,-1,-1,-1,0
776,4.51047619047619,4096,0,0,0.027750149369239807,0,-1,0,59,-1,-1,-1,0
777,4.516281179138322,4096,0,0,0.027861706912517548,0,-1,0,59,-1,-1,-1,0
778,4.522086167800453,4096,0,0,0.028515717014670372,0,-1,0,59,-1,-1,-1,0
779,4.527891156462585,4096,0,0,0.028122223913669586,0,-1,0,59,-1,-1,-1,0
780,4.533696145124717,4096,0,0,0.027866408228874207,0,-1,0,59,-1,-1,-1,0
781,4.539501133786848,4096,0,0,0.028032327070832253,0,-1,0,59,-1,-1,-1,0
782,4.54530612244898,4096,0,0,0.02751498855650425,0,-1,0,59,-1,-1,-1,0
783,4.551111111111111,4096,0,0,0.027532223612070084,0,-1,0,59,-1,-1,-1,0
784,4.556916099773242,4096,0,0,0.027446269989013672,0,-1,0,59,-1,-1,-1,0
785,4.562721088435374,4096,0,0,0.02701769955456257,0,-1,0,59,-1,-1,-1,0
786,4.568526077097506,4096,0,0,0.027046941220760345,0,-1,0,59,-1,-1,-1,0
787,4.574331065759637,4096,0,0,0.027878059074282646,0,-1,0,59,-1,-1,-1,0
788,4.580136054421769,4096,0,0,0.027620118111371994,0,-1,0,59,-1,-1,-1,0
789,4.5859410430839,4096,0,0,0.027343066409230232,0,-1,0,59,-1,-1,-1,0
790,4.591746031746032,4096,0,0,0.02747292071580887,0,-1,0,59,-1,-1,-1,0
791,4.597551020408163,4096,0,0,0.02733699232339859,0,-1,0,59,-1,-1,-1,0
792,4.6033560090702945,4096,0,0,0.027638670057058334,0,-1,0,59,-1,-1,-1,0
793,4.609160997732427,4096,0,0,0.027955221012234688,0,-1,0,59,-1,-1,-1,0
794,4.614965986394558,4096,0,0,0.027684424072504044,0,-1,0,59,-1,-1,-1,0
795,4.620770975056689,4096,0,0,0.02715936489403248,0,-1,0,59,-1,-1,-1,0
796,4.626575963718821,4096,0,0,0.026886753737926483,0,-1,0,59,-1,-1,-1,0
797,4.632380952380952,4096,0,0,0.02755337953567505,0,-1,0,59,-1,-1,-1,0
798,4.6381859410430835,4096,0,0,0.027497457340359688,0,-1,0,59,-1,-1,-1,0
799,4.6439909297052155,4096,0,0,0.02747415564954281,0,-1,0,59,-1,-1,-1,0
800,4.649795918367347,4096,0,0,0.027564378455281258,0,-1,0,59,-1,-1,-1,0
801,4.655600907029479,4096,0,0,0.0276020560413599,0,-1,0,59,-1,-1,-1,0
802,4.66140589569161,4096,0,0,0.027627913281321526,0,-1,0,59,-1,-1,-1,0
803,4.667210884353741,4096,0,0,0.027502506971359253,0,-1,0,59,-1,-1,-1,0
804,4.673015873015873,4096,0,0,0.027774112299084663,0,-1,0,59,-1,-1,-1,0
805,4.6788208616780045,4096,0,0,0.027533788233995438,0,-1,0,59,-1,-1,-1,0
806,4.684625850340136,4096,0,0,0.027479082345962524,0,-1,0,59,-1,-1,-1,0
807,4.690430839002268,4096,0,0,0.02750443108379841,0,-1,0,59,-1,-1,-1,0
808,4.696235827664399,4096,0,0,0.027137188240885735,0,-1,0,59,-1,-1,-1,0
809,4.702040816326531,4096,0,0,0.02680594101548195,0,-1,0,59,-1,-1,-1,0
810,4.707845804988662,4096,0,0,0.027050502598285675,0,-1,0,59,-1,-1,-1,0
811,4.713650793650793,4096,0,0,0.02738189697265625,0,-1,0,59,-1,-1,-1,0
812,4.7194557823129255,4096,0,0,0.027692830190062523,0,-1,0,59,-1,-1,-1,0
813,4.725260770975057,4096,0,0,0.027998019009828568,0,-1,0,59,-1,-1,-1,0
814,4.731065759637188,4096,0,0,0.02897661179304123,0,-1,0,59,-1,-1,-1,0
815,4.73687074829932,4096,0,0,0.029529133811593056,0,-1,0,59,-1,-1,-1,0
816,4.742675736961451,4096,0,0,0.029045894742012024,0,-1,0,59,-1,-1,-1,0
817,4.748480725623582,4096,0,0,0.027845798060297966,0,-1,0,59,-1,-1,-1,0
818,4.7542857142857144,4096,0,0,0.02767850086092949,0,-1,0,59,-1,-1,-1,0
819,4.760090702947846,4096,0,0,0.02961607091128826,0,-1,0,59,-1,-1,-1,0
820,4.765895691609978,512,1,0,0.03524332493543625,0,-1,1,49,-1,-1,-1,0
821,4.771700680272109,512,0,0,0.05082868039608002,0,-1,1,49,49,49,49,0
822,4.77750566893424,512,0,0,0.0956076979637146,0,-1,1,49,49,49,49,0
823,4.783310657596372,1024,0,0,0.11400087177753448,0,-1,1,53,49,49,49,0
824,4.789115646258503,1024,0,0,0.09157363325357437,0,-1,1,53,53,49,49,0
825,4.794920634920635,2048,0,0,0.07062861323356628,0,-1,1,67,53,49,49,0
826,4.800725623582767,2048,0,0,0.04674858599901199,0,-1,1,67,67,49,49,0
827,4.806530612244898,2048,0,0,0.03528083115816116,0,-1,1,67,67,49,49,0
828,4.812335600907029,2048,0,0,0.029883485287427902,0,-1,0,67,67,49,49,0
829,4.818140589569161,4096,0,0,0.635183572769165,1,-1,0,72,-1,-1,-1,0
830,4.823945578231292,4096,0,0,0.8637452721595764,1,64,0,72,-1,-1,-1,0
831,4.829750566893424,4096,0,0,0.8508132696151733,1,64,0,67,-1,-1,-1,0
832,4.835555555555556,4096,0,1,0.8843775987625122,1,64,0,67,-1,-1,-1,0
833,4.841360544217687,4096,0,0,0.8541602492332458,1,64,0,67,-1,-1,-1,0
834,4.847165532879819,4096,0,0,0.8490353226661682,1,64,0,64,-1,-1,-1,0
835,4.85297052154195,4096,0,0,0.7717849016189575,1,64,0,64,-1,-1,-1,0
836,4.858775510204081,4096,0,0,0.7223065495491028,1,64,0,64,-1,-1,-1,0
837,4.864580498866213,4096,0,0,0.693574845790863,1,64,0,64,-1,-1,-1,0
838,4.8703854875283445,4096,0,0,0.7017512321472168,1,64,0,64,-1,-1,-1,0
839,4.876190476190477,4096,0,0,0.6793953776359558,1,64,0,64,-1,-1,-1,0
840,4.881995464852608,4096,0,0,0.5921655297279358,1,64,0,64,-1,-1,-1,0
841,4.887800453514739,4096,0,0,0.5103127360343933,0,64,1,64,-1,-1,-1,0
842,4.893605442176871,4096,0,0,0.5950812697410583,1,64,1,64,64,64,64,0
843,4.899410430839002,4096,0,0,0.5869197249412537,1,64,1,64,64,64,64,0
844,4.9052154195011335,4096,0,0,0.5325918793678284,0,64,1,64,64,64,64,0
845,4.911020408163266,4096,0,0,0.3527304232120514,0,64,1,64,64,64,64,0
846,4.916825396825397,4096,0,0,0.4532477557659149,0,64,1,64,64,64,64,0
847,4.922630385487528,4096,0,0,0.46281129121780396,0,64,1,64,64,64,64,0
848,4.92843537414966,4096,0,0,0.5278067588806152,0,64,1,64,64,64,64,0
849,4.934240362811791,4096,0,0,0.5438474416732788,0,64,1,64,64,64,64,0
850,4.940045351473923,4096,0,0,0.5383310914039612,0,64,1,64,64,64,64,0
851,4.9458503401360545,4096,0,0,0.5988821983337402,1,64,1,64,64,64,64,0
852,4.951655328798186,4096,0,0,0.6678025126457214,1,64,1,64,64,64,64,0
853,4.957460317460318,4096,0,0,0.6909036636352539,1,64,1,64,64,64,64,0
854,4.963265306122449,4096,0,0,0.706874430179596,1,64,1,64,64,64,64,0
855,4.96907029478458,4096,0,0,0.7494450211524963,1,64,1,64,64,64,64,0
856,4.974875283446712,4096,0,0,0.6727096438407898,1,64,1,64,64,64,64,0
857,4.9806802721088435,4096,0,0,0.7391346096992493,1,64,1,64,64,64,64,0
858,4.986485260770975,4096,0,0,0.7511314153671265,1,64,1,64,64,64,64,0
859,4.992290249433107,4096,0,0,0.7396483421325684,1,64,1,64,64,64,64,0
860,4.998095238095238,4096,0,0,0.7331721782684326,1,64,1,64,64,64,64,0
861,5.00390022675737,4096,0,0,0.6826444864273071,1,64,1,64,64,64,64,0
862,5.009705215419501,4096,0,0,0.6615887880325317,1,64,1,64,64,64,64,0
863,5.015510204081632,4096,0,0,0.6640939116477966,1,64,1,64,64,64,64,0
864,5.0213151927437645,4096,0,0,0.6591817140579224,1,64,1,64,64,64,64,0
865,5.027120181405896,4096,0,0,0.69801926612854,1,64,1,64,64,64,64,0
866,5.032925170068027,4096,0,0,0.6838775277137756,1,64,1,64,64,64,64,0
867,5.038730158730159,4096,0,0,0.6162737011909485,1,64,1,64,64,64,64,0
868,5.04453514739229,4096,0,0,0.7866854667663574,1,64,1,64,64,64,64,0
869,5.050340136054421,4096,0,0,0.8471564650535583,1,64,1,64,64,64,64,0
870,5.056145124716553,4096,0,0,0.8193765878677368,1,-1,1,64,64,64,64,0
871,5.061950113378685,4096,0,0,0.7796083688735962,1,-1,1,64,64,64,64,0
872,5.067755102040817,4096,0,0,0.6687189340591431,1,-1,1,64,64,64,64,0
873,5.073560090702948,4096,0,0,0.5867661237716675,1,-1,1,64,64,64,64,0
874,5.079365079365079,4096,0,0,0.5096681714057922,0,-1,1,64,64,64,64,0
875,5.085170068027211,4096,0,0,0.43021857738494873,0,-1,1,64,64,64,64,0
876,5.090975056689342,4096,0,0,0.4402974247932434,0,-1,1,64,64,64,64,0
877,5.0967800453514736,4096,0,0,0.5222783088684082,0,-1,1,64,64,64,64,0
878,5.102585034013606,4096,0,0,0.5749900937080383,0,-1,1,64,64,64,64,0
879,5.108390022675737,4096,0,0,0.46926718950271606,0,-1,1,64,64,64,64,0
880,5.114195011337869,4096,0,0,0.322504460811615,0,-1,1,64,64,64,64,0
881,5.12,4096,0,0,0.33070477843284607,0,-1,1,64,64,64,64,0
882,5.125804988662131,4096,0,0,0.288636714220047,0,-1,1,64,64,64,64,0
883,5.131609977324263,4096,0,0,0.33815887570381165,0,-1,0,63,64,64,64,0
884,5.137414965986395,4096,0,0,0.2691591680049896,0,-1,0,63,-1,-1,-1,0
885,5.143219954648526,4096,0,0,0.2987050414085388,0,-1,0,63,-1,-1,-1,0
886,5.149024943310658,4096,0,0,0.30042457580566406,0,-1,0,63,-1,-1,-1,0
887,5.154829931972789,4096,0,0,0.2983304262161255,0,-1,0,63,-1,-1,-1,0
888,5.16063492063492,4096,0,0,0.3229708969593048,0,-1,0,62,-1,-1,-1,0
889,5.166439909297052,4096,0,0,0.2833637595176697,0,-1,0,62,-1,-1,-1,0
890,5.1722448979591835,4096,0,0,0.32144084572792053,0,62,0,62,-1,-1,-1,0
891,5.178049886621316,4096,0,0,0.30649569630622864,0,62,0,62,-1,-1,-1,0
892,5.183854875283447,4096,0,0,0.299454927444458,0,62,0,62,-1,-1,-1,0
893,5.189659863945578,4096,0,0,0.3096219301223755,0,62,0,62,-1,-1,-1,0
894,5.19546485260771,4096,0,0,0.24381108582019806,0,62,0,62,-1,-1,-1,0
895,5.201269841269841,4096,0,0,0.1844513714313507,0,62,0,62,-1,-1,-1,0
896,5.2070748299319725,4096,0,0,0.0795690268278122,0,62,0,62,-1,-1,-1,0
897,5.2128798185941045,4096,0,0,0.028007417917251587,0,62,0,62,-1,-1,-1,0
898,5.218684807256236,4096,0,0,0.0277762021869421,0,-1,0,62,-1,-1,-1,0
899,5.224489795918367,4096,0,0,0.028017867356538773,0,-1,0,62,-1,-1,-1,0
900,5.230294784580499,4096,0,0,0.02792529948055744,0,-1,0,62,-1,-1,-1,0
901,5.23609977324263,4096,0,0,0.0283088069409132,0,-1,0,62,-1,-1,-1,0
902,5.241904761904762,4096,0,0,0.028296206146478653,0,-1,0,62,-1,-1,-1,0
903,5.2477097505668935,512,1,0,0.031549014151096344,0,-1,1,59,-1,-1,-1,0
904,5.253514739229025,512,0,0,0.1763446182012558,0,-1,1,49,-1,-1,-1,0
905,5.259319727891157,512,0,0,0.34218430519104004,0,61,1,61,-1,-1,-1,0
906,5.265124716553288,1024,0,0,0.31171268224716187,0,61,1,61,61,61,61,0
907,5.270929705215419,1024,0,1,0.2921927869319916,0,61,1,61,61,61,61,0
908,5.276734693877551,2048,0,0,0.26696154475212097,0,61,1,61,61,61,61,0
909,5.282539682539682,2048,0,0,0.25477275252342224,0,61,1,61,61,61,61,0
910,5.288344671201814,2048,0,0,0.3147001564502716,0,61,1,61,61,61,61,0
911,5.294149659863946,2048,0,0,0.2815525233745575,0,61,1,61,61,61,61,0
912,5.299954648526077,4096,0,0,0.2655543088912964,0,61,0,61,61,61,61,0
913,5.305759637188209,4096,0,0,0.2558082342147827,0,61,0,61,-1,-1,-1,0
914,5.31156462585034,4096,0,0,0.26701992750167847,0,61,0,61,-1,-1,-1,0
915,5.317369614512471,4096,0,0,0.3143150210380554,0,61,0,61,-1,-1,-1,0
916,5.3231746031746034,4096,0,0,0.3014417290687561,0,61,0,61,-1,-1,-1,0
917,5.328979591836735,4096,0,0,0.26857203245162964,0,61,0,61,-1,-1,-1,0
918,5.334784580498866,4096,0,0,0.26766645908355713,0,61,1,61,-1,-1,-1,0
919,5.340589569160998,4096,0,0,0.27046331763267517,0,61,1,61,61,61,61,0
920,5.346394557823129,4096,0,0,0.280950665473938,0,61,1,61,61,61,61,0
921,5.352199546485261,4096,0,0,0.2640427052974701,0,61,1,61,61,61,61,0
922,5.358004535147392,4096,0,0,0.24980716407299042,0,61,1,61,61,61,61,0
923,5.363809523809524,4096,0,0,0.2714768350124359,0,61,1,61,61,61,61,0
924,5.369614512471656,4096,0,0,0.25648221373558044,0,61,1,61,61,61,61,0
925,5.375419501133787,4096,0,0,0.264895498752594,0,61,1,61,61,61,61,0
926,5.381224489795918,4096,0,0,0.2609019875526428,0,61,1,61,61,61,61,0
927,5.38702947845805,4096,0,0,0.24854238331317902,0,61,1,61,61,61,61,0
928,5.392834467120181,4096,0,0,0.2850662171840668,0,61,1,61,61,61,61,0
929,5.3986394557823125,4096,0,0,0.24096854031085968,0,61,1,61,61,61,61,0
930,5.404444444444445,4096,0,0,0.23072543740272522,0,61,1,61,61,61,61,0
931,5.410249433106576,4096,0,0,0.20211835205554962,0,61,1,61,61,61,61,0
932,5.416054421768708,4096,0,0,0.14570988714694977,0,61,1,61,61,61,61,0
933,5.421859410430839,4096,0,0,0.09550648927688599,0,61,0,61,61,61,61,0
934,5.42766439909297,4096,0,0,0.03730590268969536,0,61,0,61,-1,-1,-1,0
935,5.433469387755102,4096,0,0,0.029022814705967903,0,61,0,61,-1,-1,-1,0
936,5.4392743764172335,4096,0,0,0.027832532301545143,0,61,0,61,-1,-1,-1,0
937,5.445079365079365,4096,0,0,0.027022099122405052,0,61,0,61,-1,-1,-1,0
938,5.450884353741497,4096,0,0,0.02714391052722931,0,-1,0,61,-1,-1,-1,0
939,5.456689342403628,4096,0,0,0.028470303863286972,0,-1,0,61,-1,-1,-1,0
940,5.462494331065759,4096,0,0,0.030391821637749672,0,-1,0,61,-1,-1,-1,0
941,5.468299319727891,512,1,0,0.03340718522667885,0,-1,1,49,-1,-1,-1,0
942,5.4741043083900225,512,0,0,0.1455305814743042,0,-1,1,49,49,49,49,0
943,5.479909297052155,512,0,0,0.2640645205974579,0,59,1,59,49,49,49,0
944,5.485714285714286,1024,0,0,0.2650281488895416,0,59,1,59,59,49,49,0
945,5.491519274376417,1024,0,1,0.24977250397205353,0,59,1,59,59,49,49,0
946,5.497324263038549,2048,0,0,0.23802603781223297,0,59,1,59,59,49,49,0
947,5.50312925170068,2048,0,0,0.2611236870288849,0,59,1,59,59,49,49,0
948,5.508934240362811,2048,0,0,0.27331453561782837,0,59,1,59,59,49,49,0
949,5.5147392290249435,2048,0,0,0.24402907490730286,0,59,1,59,59,49,49,0
950,5.520544217687075,4096,0,0,0.22477996349334717,0,59,0,59,59,49,49,0
951,5.526349206349207,4096,0,0,0.22470855712890625,0,59,0,59,-1,-1,-1,0
952,5.532154195011338,4096,0,0,0.21854032576084137,0,59,0,59,-1,-1,-1,0
953,5.537959183673469,4096,0,0,0.22340211272239685,0,59,0,59,-1,-1,-1,0
954,5.543764172335601,4096,0,0,0.24690671265125275,0,59,0,59,-1,-1,-1,0
955,5.5495691609977325,4096,0,0,0.25157949328422546,0,59,0,59,-1,-1,-1,0
956,5.555374149659864,4096,0,0,0.23391488194465637,0,59,0,59,-1,-1,-1,0
957,5.561179138321996,4096,0,0,0.23761068284511566,0,59,0,59,-1,-1,-1,0
958,5.566984126984127,4096,0,0,0.24322083592414856,0,59,0,59,-1,-1,-1,0
959,5.572789115646258,4096,0,0,0.21199874579906464,0,59,0,59,-1,-1,-1,0
960,5.57859410430839,4096,0,0,0.21288879215717316,0,59,0,59,-1,-1,-1,0
961,5.584399092970521,4096,0,0,0.2126213014125824,0,59,0,59,-1,-1,-1,0
962,5.5902040816326535,4096,0,0,0.19156531989574432,0,59,0,59,-1,-1,-1,0
963,5.596009070294785,4096,0,0,0.18218113481998444,0,59,0,59,-1,-1,-1,0
964,5.601814058956916,4096,0,0,0.21213077008724213,0,59,0,59,-1,-1,-1,0
965,5.607619047619048,4096,0,0,0.17554105818271637,0,59,0,59,-1,-1,-1,0
966,5.613424036281179,4096,0,0,0.16093434393405914,0,59,0,59,-1,-1,-1,0
967,5.61922902494331,4096,0,0,0.1544768214225769,0,59,0,59,-1,-1,-1,0
968,5.625034013605442,4096,0,0,0.16457249224185944,0,59,0,59,-1,-1,-1,0
969,5.630839002267574,4096,0,0,0.1546405702829361,0,59,0,59,-1,-1,-1,0
970,5.636643990929705,4096,0,0,0.15457065403461456,0,59,0,59,-1,-1,-1,0
971,5.642448979591837,4096,0,0,0.18851561844348907,0,59,0,59,-1,-1,-1,0
972,5.648253968253968,4096,0,0,0.14876128733158112,0,59,0,59,-1,-1,-1,0
973,5.6540589569161,4096,0,0,0.1400533765554428,0,-1,0,59,-1,-1,-1,0
974,5.659863945578231,4096,0,0,0.14721107482910156,0,-1,0,59,-1,-1,-1,0
975,5.6656689342403626,4096,0,0,0.13878600299358368,0,-1,0,59,-1,-1,-1,0
976,5.671473922902495,4096,0,0,0.12192297726869583,0,-1,0,59,-1,-1,-1,0
977,5.677278911564626,4096,0,0,0.12020141631364822,0,-1,0,59,-1,-1,-1,0
978,5.683083900226757,4096,0,0,0.14593064785003662,0,-1,0,59,-1,-1,-1,0
979,5.688888888888889,4096,0,0,0.12638826668262482,0,-1,0,59,-1,-1,-1,0
980,5.69469387755102,4096,0,0,0.13404417037963867,0,-1,0,59,-1,-1,-1,0
981,5.7004988662131515,4096,0,0,0.12370388209819794,0,-1,0,59,-1,-1,-1,0
982,5.706303854875284,4096,0,0,0.09494755417108536,0,-1,0,59,-1,-1,-1,0
983,5.712108843537415,4096,0,0,0.06787368655204773,0,-1,0,59,-1,-1,-1,0
984,5.717913832199547,4096,0,0,0.05986761301755905,0,-1,0,59,-1,-1,-1,0
985,5.723718820861678,4096,0,0,0.05294787883758545,0,-1,0,59,-1,-1,-1,0
986,5.729523809523809,4096,0,0,0.03913477063179016,0,-1,0,59,-1,-1,-1,0
987,5.735328798185941,4096,0,0,0.03766961768269539,0,-1,0,59,-1,-1,-1,0
988,5.7411337868480725,4096,0,0,0.03183653950691223,0,-1,0,59,-1,-1,-1,0
989,5.746938775510204,4096,0,0,0.03102104924619198,0,-1,0,59,-1,-1,-1,0
990,5.752743764172336,4096,0,0,0.02800082415342331,0,-1,0,59,-1,-1,-1,0
991,5.758548752834467,4096,0,0,0.028376443311572075,0,-1,0,59,-1,-1,-1,0
992,5.764353741496599,4096,0,0,0.028085030615329742,0,-1,0,59,-1,-1,-1,0
993,5.77015873015873,4096,0,0,0.027725715190172195,0,-1,0,59,-1,-1,-1,0
994,5.7759637188208615,4096,0,0,0.029097910970449448,0,-1,0,59,-1,-1,-1,0
995,5.7817687074829935,4096,0,0,0.02900538593530655,0,-1,0,59,-1,-1,-1,0
996,5.787573696145125,512,1,0,0.28286150097846985,0,-1,1,49,-1,-1,-1,0
997,5.793378684807256,512,0,0,0.3706192374229431,0,-1,1,49,49,49,49,0
998,5.799183673469388,512,0,0,0.24928557872772217,0,-1,1,57,49,49,49,0
999,5.804988662131519,1024,0,0,0.30504289269447327,0,-1,1,57,57,49,49,0
1000,5.81079365079365,1024,0,0,0.32831913232803345,0,-1,1,57,57,49,49,0
1001,5.8165986394557825,2048,0,0,0.3289504945278168,0,-1,1,57,57,49,49,0
1002,5.822403628117914,2048,0,0,0.25453346967697144,0,-1,1,57,57,49,49,0
1003,5.828208616780046,2048,0,0,0.329179972410202,0,-1,1,57,57,49,49,0
1004,5.834013605442177,2048,0,0,0.3299259841442108,0,-1,1,57,57,49,49,0
1005,5.839818594104308,4096,0,0,0.3019849956035614,0,-1,0,57,57,49,49,0
1006,5.84562358276644,4096,0,0,0.2915450632572174,0,-1,0,57,-1,-1,-1,0
1007,5.851428571428571,4096,0,0,0.35459744930267334,0,-1,0,57,-1,-1,-1,0
1008,5.857233560090703,4096,0,0,0.398851603269577,0,-1,1,57,-1,-1,-1,0
1009,5.863038548752835,4096,0,0,0.2672773599624634,0,-1,1,57,57,57,57,0
1010,5.868843537414966,4096,0,0,0.31665515899658203,0,-1,1,57,57,57,57,0
1011,5.874648526077097,4096,0,0,0.3135911822319031,0,-1,1,57,57,57,57,0
1012,5.880453514739229,4096,0,0,0.3383887708187103,0,-1,1,57,57,57,57,0
1013,5.88625850340136,4096,0,0,0.28441181778907776,0,-1,1,57,57,57,57,0
1014,5.8920634920634924,4096,0,0,0.31892678141593933,0,-1,1,57,57,57,57,0
1015,5.897868480725624,4096,0,0,0.35420000553131104,0,-1,1,57,57,57,57,0
1016,5.903673469387755,4096,0,0,0.2623319625854492,0,-1,1,57,57,57,57,0
1017,5.909478458049887,4096,0,0,0.2802683413028717,0,-1,1,57,57,57,57,0
1018,5.915283446712018,4096,0,0,0.3204139769077301,0,-1,1,57,57,57,57,0
1019,5.921088435374149,4096,0,0,0.32638534903526306,0,-1,1,57,57,57,57,0
1020,5.926893424036281,4096,0,0,0.2642173767089844,0,-1,1,57,57,57,57,0
1021,5.932698412698413,4096,0,0,0.2922041118144989,0,-1,1,57,57,57,57,0
1022,5.938503401360544,4096,0,0,0.2884807884693146,0,-1,1,57,57,57,57,0
1023,5.944308390022676,4096,0,0,0.2777622640132904,0,-1,1,57,57,57,57,0
1024,5.950113378684807,4096,0,0,0.25893351435661316,0,-1,1,57,57,57,57,0
1025,5.955918367346939,4096,0,0,0.2872461974620819,0,-1,1,57,57,57,57,0
1026,5.96172335600907,4096,0,0,0.31664177775382996,0,-1,1,57,57,57,57,0
1027,5.9675283446712015,4096,0,0,0.2301044911146164,0,-1,1,57,57,57,57,0
1028,5.973333333333334,4096,0,0,0.2462242990732193,0,-1,1,57,57,57,57,0
1029,5.979138321995465,4096,0,0,0.2770679295063019,0,-1,1,57,57,57,57,0
1030,5.984943310657596,4096,0,0,0.2686430513858795,0,-1,1,57,57,57,57,0
1031,5.990748299319728,4096,0,0,0.22864660620689392,0,-1,1,57,57,57,57,0
1032,5.996553287981859,4096,0,0,0.25472787022590637,0,-1,1,57,57,57,57,0
1033,6.002358276643991,4096,0,0,0.2606929838657379,0,-1,1,57,57,57,57,0
1034,6.0081632653061225,4096,0,0,0.22161854803562164,0,-1,1,57,57,57,57,0
1035,6.013968253968254,4096,0,0,0.2215641438961029,0,-1,1,57,57,57,57,0
1036,6.019773242630386,4096,0,0,0.2616170346736908,0,-1,1,57,57,57,57,0
1037,6.025578231292517,4096,0,0,0.25777488946914673,0,-1,1,57,57,57,57,0
1038,6.031383219954648,4096,0,0,0.18406400084495544,0,-1,1,57,57,57,57,0
1039,6.03718820861678,4096,0,0,0.2070370614528656,0,-1,1,57,57,57,57,0
1040,6.0429931972789115,4096,0,0,0.19030050933361053,0,-1,1,57,57,57,57,0
1041,6.048798185941043,4096,0,0,0.11814796924591064,0,-1,1,57,57,57,57,0
1042,6.054603174603175,4096,0,0,0.06911292672157288,0,-1,1,57,57,57,57,0
1043,6.060408163265306,4096,0,0,0.04896697402000427,0,-1,1,57,57,57,57,0
1044,6.066213151927438,4096,0,0,0.03714605048298836,0,-1,1,57,57,57,57,0
1045,6.072018140589569,4096,0,0,0.031024130061268806,0,-1,0,57,57,57,57,0
1046,6.0778231292517,4096,0,0,0.030114611610770226,0,-1,0,57,-1,-1,-1,0
1047,6.0836281179138325,4096,0,0,0.02883855812251568,0,-1,0,57,-1,-1,-1,0
1048,6.089433106575964,4096,0,0,0.028276603668928146,0,-1,0,57,-1,-1,-1,0
1049,6.095238095238095,4096,0,0,0.027316562831401825,0,-1,0,57,-1,-1,-1,0
1050,6.101043083900227,4096,0,0,0.027163278311491013,0,-1,0,57,-1,-1,-1,0
1051,6.106848072562358,4096,0,0,0.027513831853866577,0,-1,0,57,-1,-1,-1,0
1052,6.112653061224489,4096,0,0,0.027798457071185112,0,-1,0,57,-1,-1,-1,0
1053,6.1184580498866215,4096,0,0,0.027842912822961807,0,-1,0,57,-1,-1,-1,0
1054,6.124263038548753,4096,0,0,0.02749110572040081,0,-1,0,56,-1,-1,-1,0
1055,6.130068027210885,4096,0,0,0.028872832655906677,0,-1,0,59,-1,-1,-1,0
1056,6.135873015873016,4096,0,0,0.030164021998643875,0,-1,0,59,-1,-1,-1,0
1057,6.141678004535147,4096,0,0,0.03003551997244358,0,-1,0,59,-1,-1,-1,0
1058,6.147482993197279,512,1,0,0.05143268033862114,0,-1,1,49,-1,-1,-1,0
1059,6.15328798185941,512,0,0,0.138509601354599,0,-1,1,59,-1,-1,-1,0
1060,6.159092970521542,512,0,0,0.23872214555740356,0,59,1,59,59,59,59,0
1061,6.164897959183674,1024,0,0,0.20111757516860962,0,59,1,59,59,59,59,0
1062,6.170702947845805,1024,0,1,0.1854586899280548,0,59,1,59,59,59,59,0
1063,6.176507936507937,2048,0,0,0.19065728783607483,0,59,1,59,59,59,59,0
1064,6.182312925170068,2048,0,0,0.19101029634475708,0,59,1,59,59,59,59,0
1065,6.188117913832199,2048,0,0,0.20303194224834442,0,59,1,59,59,59,59,0
1066,6.193922902494331,2048,0,0,0.22086180746555328,0,59,1,59,59,59,59,0
1067,6.199727891156463,4096,0,0,0.18974119424819946,0,59,0,59,59,59,59,0
1068,6.205532879818594,4096,0,0,0.17013148963451385,0,59,0,59,-1,-1,-1,0
1069,6.211337868480726,4096,0,0,0.1833014190196991,0,59,0,59,-1,-1,-1,0
1070,6.217142857142857,4096,0,0,0.18359176814556122,0,59,0,59,-1,-1,-1,0
1071,6.222947845804988,4096,0,0,0.18448536098003387,0,59,0,59,-1,-1,-1,0
1072,6.22875283446712,4096,0,0,0.19084572792053223,0,59,0,59,-1,-1,-1,0
1073,6.2345578231292516,4096,0,0,0.1937904804944992,0,59,0,59,-1,-1,-1,0
1074,6.240362811791384,4096,0,0,0.171592578291893,0,59,0,59,-1,-1,-1,0
1075,6.246167800453515,4096,0,0,0.17310020327568054,0,59,0,59,-1,-1,-1,0
1076,6.251972789115646,4096,0,0,0.17467571794986725,0,59,0,59,-1,-1,-1,0
1077,6.257777777777778,4096,0,0,0.14915944635868073,0,59,0,59,-1,-1,-1,0
1078,6.263582766439909,4096,0,0,0.12989521026611328,0,59,0,59,-1,-1,-1,0
1079,6.2693877551020405,4096,0,0,0.14592085778713226,0,59,0,59,-1,-1,-1,0
1080,6.275192743764173,4096,0,0,0.1695607304573059,0,59,0,59,-1,-1,-1,0
1081,6.280997732426304,4096,0,0,0.13928788900375366,0,59,0,59,-1,-1,-1,0
1082,6.286802721088435,4096,0,0,0.1435418576002121,0,-1,0,59,-1,-1,-1,0
1083,6.292607709750567,4096,0,0,0.13049161434173584,0,-1,0,59,-1,-1,-1,0
1084,6.298412698412698,4096,0,0,0.12444346398115158,0,-1,0,59,-1,-1,-1,0
1085,6.30421768707483,4096,0,0,0.11998689919710159,0,-1,0,59,-1,-1,-1,0
1086,6.3100226757369615,4096,0,0,0.12073446065187454,0,-1,0,59,-1,-1,-1,0
1087,6.315827664399093,4096,0,0,0.12113772332668304,0,-1,0,59,-1,-1,-1,0
1088,6.321632653061225,4096,0,0,0.10930262506008148,0,-1,0,59,-1,-1,-1,0
1089,6.327437641723356,4096,0,0,0.13888466358184814,0,-1,0,59,-1,-1,-1,0
1090,6.333242630385487,4096,0,0,0.11635209619998932,0,-1,0,59,-1,-1,-1,0
1091,6.339047619047619,4096,0,0,0.10817404836416245,0,-1,0,59,-1,-1,-1,0
1092,6.3448526077097505,4096,0,0,0.10439827293157578,0,-1,0,59,-1,-1,-1,0
1093,6.350657596371882,4096,0,0,0.09724215418100357,0,-1,0,59,-1,-1,-1,0
1094,6.356462585034014,4096,0,0,0.09963482618331909,0,-1,0,59,-1,-1,-1,0
1095,6.362267573696145,4096,0,0,0.06707928329706192,0,-1,0,59,-1,-1,-1,0
1096,6.368072562358277,4096,0,0,0.0488923154771328,0,-1,0,59,-1,-1,-1,0
1097,6.373877551020408,4096,0,0,0.02951979823410511,0,-1,0,59,-1,-1,-1,0
1098,6.379682539682539,4096,0,0,0.027713928371667862,0,-1,0,59,-1,-1,-1,0
1099,6.3854875283446715,4096,0,0,0.027328701689839363,0,-1,0,59,-1,-1,-1,0
1100,6.391292517006803,4096,0,0,0.02717423439025879,0,-1,0,59,-1,-1,-1,0
1101,6.397097505668934,4096,0,0,0.02714645490050316,0,-1,0,59,-1,-1,-1,0
1102,6.402902494331066,4096,0,0,0.027851838618516922,0,-1,0,59,-1,-1,-1,0
1103,6.408707482993197,4096,0,0,0.02748495154082775,0,-1,0,59,-1,-1,-1,0
1104,6.414512471655329,4096,0,0,0.02795396000146866,0,-1,0,59,-1,-1,-1,0
1105,6.42031746031746,512,1,0,0.047838132828474045,0,-1,1,59,-1,-1,-1,0
1106,6.426122448979592,512,0,0,0.1473463773727417,0,-1,1,59,59,59,59,0
1107,6.431927437641724,512,0,0,0.22323541343212128,0,61,1,61,59,59,59,0
1108,6.437732426303855,1024,0,0,0.19538763165473938,0,61,1,61,61,59,59,0
1109,6.443537414965986,1024,0,1,0.18300214409828186,0,61,1,61,61,59,59,0
1110,6.449342403628118,2048,0,0,0.16676557064056396,0,61,1,61,61,59,59,0
1111,6.455147392290249,2048,0,0,0.18069873750209808,0,61,1,61,61,59,59,0
1112,6.460952380952381,2048,0,0,0.17246651649475098,0,61,1,61,61,59,59,0
1113,6.466757369614513,2048,0,0,0.16333244740962982,0,61,1,61,61,59,59,0
1114,6.472562358276644,4096,0,0,0.19638366997241974,0,61,0,61,61,59,59,0
1115,6.478367346938776,4096,0,0,0.1671808511018753,0,61,0,61,-1,-1,-1,0
1116,6.484172335600907,4096,0,0,0.1634671837091446,0,61,0,61,-1,-1,-1,0
1117,6.489977324263038,4096,0,0,0.16286700963974,0,61,0,61,-1,-1,-1,0
1118,6.49578231292517,4096,0,0,0.1574072539806366,0,61,0,61,-1,-1,-1,0
1119,6.501587301587302,4096,0,0,0.19920606911182404,0,61,0,61,-1,-1,-1,0
1120,6.507392290249433,4096,0,0,0.17427505552768707,0,61,0,61,-1,-1,-1,0
1121,6.513197278911565,4096,0,0,0.15503495931625366,0,61,0,61,-1,-1,-1,0
1122,6.519002267573696,4096,0,0,0.14830581843852997,0,61,0,61,-1,-1,-1,0
1123,6.524807256235827,4096,0,0,0.1520932912826538,0,61,0,61,-1,-1,-1,0
1124,6.530612244897959,4096,0,0,0.1882399469614029,0,61,0,61,-1,-1,-1,0
1125,6.5364172335600905,4096,0,0,0.16364364326000214,0,61,0,61,-1,-1,-1,0
1126,6.542222222222223,4096,0,0,0.1434093564748764,0,61,0,61,-1,-1,-1,0
1127,6.548027210884354,4096,0,0,0.13038624823093414,0,61,0,61,-1,-1,-1,0
1128,6.553832199546485,4096,0,0,0.13469259440898895,0,61,0,61,-1,-1,-1,0
1129,6.559637188208617,4096,0,0,0.17889437079429626,0,61,0,61,-1,-1,-1,0
1130,6.565442176870748,4096,0,0,0.1478947550058365,0,61,0,61,-1,-1,-1,0
1131,6.5712471655328795,4096,0,0,0.1288841813802719,0,61,0,61,-1,-1,-1,0
1132,6.5770521541950115,4096,0,0,0.132409930229187,0,61,0,61,-1,-1,-1,0
1133,6.582857142857143,4096,0,0,0.12993364036083221,0,61,0,61,-1,-1,-1,0
1134,6.588662131519274,4096,0,0,0.1512680947780609,0,61,0,61,-1,-1,-1,0
1135,6.594467120181406,4096,0,0,0.13178491592407227,0,61,1,61,-1,-1,-1,0
1136,6.600272108843537,4096,0,0,0.1186242625117302,0,61,0,61,-1,-1,-1,0
1137,6.606077097505669,4096,0,0,0.13564662635326385,0,61,0,61,-1,-1,-1,0
1138,6.6118820861678005,4096,0,0,0.11804825812578201,0,61,0,61,-1,-1,-1,0
1139,6.617687074829932,4096,0,0,0.12222327291965485,0,61,0,61,-1,-1,-1,0
1140,6.623492063492064,4096,0,0,0.1143181100487709,0,61,1,61,-1,-1,-1,0
1141,6.629297052154195,4096,0,0,0.11296891421079636,0,61,0,61,-1,-1,-1,0
1142,6.635102040816326,4096,0,0,0.13984908163547516,0,61,0,61,-1,-1,-1,0
1143,6.640907029478458,4096,0,0,0.08172449469566345,0,61,0,61,-1,-1,-1,0
1144,6.646712018140589,4096,0,0,0.03607455641031265,0,61,0,61,-1,-1,-1,0
1145,6.6525170068027215,4096,0,0,0.028979195281863213,0,61,0,61,-1,-1,-1,0
1146,6.658321995464853,4096,0,0,0.027407348155975342,0,61,0,61,-1,-1,-1,0
1147,6.664126984126984,4096,0,0,0.02785865217447281,0,-1,0,61,-1,-1,-1,0
1148,6.669931972789116,4096,0,0,0.02814001776278019,0,-1,0,61,-1,-1,-1,0
1149,6.675736961451247,4096,0,0,0.027945667505264282,0,-1,0,61,-1,-1,-1,0
1150,6.681541950113378,4096,0,0,0.027733631432056427,0,-1,0,61,-1,-1,-1,0
1151,6.6873469387755105,4096,0,0,0.027404116466641426,0,-1,0,61,-1,-1,-1,0
1152,6.693151927437642,512,1,0,0.029324643313884735,0,-1,1,59,-1,-1,-1,0
1153,6.698956916099773,512,0,0,0.14872419834136963,0,-1,1,49,-1,-1,-1,0
1154,6.704761904761905,512,0,0,0.300680011510849,0,62,1,61,-1,-1,-1,0
1155,6.710566893424036,1024,0,0,0.3121045231819153,0,62,1,62,-1,-1,-1,0
1156,6.716371882086168,1024,0,1,0.2539401948451996,0,62,1,62,62,62,62,0
1157,6.722176870748299,2048,0,0,0.2987699508666992,0,62,1,62,62,62,62,0
1158,6.727981859410431,2048,0,0,0.28799235820770264,0,62,1,62,62,62,62,0
1159,6.733786848072563,2048,0,0,0.25993403792381287,0,62,1,62,62,62,62,0
1160,6.739591836734694,2048,0,0,0.28285783529281616,0,62,1,62,62,62,62,0
1161,6.745396825396825,4096,0,0,0.2534245252609253,0,62,0,62,62,62,62,0
1162,6.751201814058957,4096,0,0,0.2632806599140167,0,62,0,62,-1,-1,-1,0
1163,6.757006802721088,4096,0,0,0.26059630513191223,0,62,0,62,-1,-1,-1,0
1164,6.7628117913832195,4096,0,0,0.25990086793899536,0,62,0,62,-1,-1,-1,0
1165,6.768616780045352,4096,0,0,0.28957560658454895,0,62,0,62,-1,-1,-1,0
1166,6.774421768707483,4096,0,0,0.24778291583061218,0,62,0,62,-1,-1,-1,0
1167,6.780226757369615,4096,0,0,0.2952935993671417,0,62,0,62,-1,-1,-1,0
1168,6.786031746031746,4096,0,0,0.281121164560318,0,62,0,62,-1,-1,-1,0
1169,6.791836734693877,4096,0,0,0.2539742887020111,0,62,0,62,-1,-1,-1,0
1170,6.797641723356009,4096,0,0,0.2689543068408966,0,62,0,62,-1,-1,-1,0
1171,6.8034467120181406,4096,0,0,0.24748797714710236,0,62,0,62,-1,-1,-1,0
1172,6.809251700680272,4096,0,0,0.2576889395713806,0,62,0,62,-1,-1,-1,0
1173,6.815056689342404,4096,0,0,0.24586284160614014,0,62,0,62,-1,-1,-1,0
1174,6.820861678004535,4096,0,0,0.25306814908981323,0,62,0,62,-1,-1,-1,0
1175,6.826666666666667,4096,0,0,0.2682046890258789,0,62,0,62,-1,-1,-1,0
1176,6.832471655328798,4096,0,0,0.2280052900314331,0,62,0,62,-1,-1,-1,0
1177,6.8382766439909295,4096,0,0,0.28322580456733704,0,62,0,62,-1,-1,-1,0
1178,6.844081632653062,4096,0,0,0.25784435868263245,0,62,0,62,-1,-1,-1,0
1179,6.849886621315193,4096,0,0,0.23178918659687042,0,62,0,62,-1,-1,-1,0
1180,6.855691609977324,4096,0,0,0.24920667707920074,0,62,0,62,-1,-1,-1,0
1181,6.861496598639456,4096,0,0,0.22494512796401978,0,62,0,62,-1,-1,-1,0
1182,6.867301587301587,4096,0,0,0.2351606786251068,0,62,0,62,-1,-1,-1,0
1183,6.873106575963718,4096,0,0,0.2266879677772522,0,62,0,62,-1,-1,-1,0
1184,6.8789115646258505,4096,0,0,0.23545584082603455,0,62,0,62,-1,-1,-1,0
1185,6.884716553287982,4096,0,0,0.23840683698654175,0,62,0,62,-1,-1,-1,0
1186,6.890521541950114,4096,0,0,0.201283261179924,0,62,0,62,-1,-1,-1,0
1187,6.896326530612245,4096,0,0,0.24306611716747284,0,62,0,62,-1,-1,-1,0
1188,6.902131519274376,4096,0,0,0.2110656052827835,0,62,0,62,-1,-1,-1,0
1189,6.907936507936508,4096,0,0,0.2028956264257431,0,62,0,62,-1,-1,-1,0
1190,6.9137414965986395,4096,0,0,0.19294580817222595,0,62,0,62,-1,-1,-1,0
1191,6.919546485260771,4096,0,0,0.18943965435028076,0,62,0,62,-1,-1,-1,0
1192,6.925351473922903,4096,0,0,0.2032923847436905,0,62,0,62,-1,-1,-1,0
1193,6.931156462585034,4096,0,0,0.16831837594509125,0,62,0,62,-1,-1,-1,0
1194,6.936961451247165,4096,0,0,0.2187819927930832,0,62,0,62,-1,-1,-1,0
1195,6.942766439909297,4096,0,0,0.19566315412521362,0,62,0,62,-1,-1,-1,0
1196,6.948571428571428,4096,0,0,0.1833527386188507,0,62,0,62,-1,-1,-1,0
1197,6.9543764172335605,4096,0,0,0.18469583988189697,0,62,0,62,-1,-1,-1,0
1198,6.960181405895692,4096,0,0,0.18083691596984863,0,62,0,62,-1,-1,-1,0
1199,6.965986394557823,4096,0,0,0.20388512313365936,0,62,0,62,-1,-1,-1,0
1200,6.971791383219955,4096,0,0,0.17548449337482452,0,62,0,62,-1,-1,-1,0
1201,6.977596371882086,4096,0,0,0.21867156028747559,0,62,0,62,-1,-1,-1,0
1202,6.983401360544217,4096,0,0,0.2094162553548813,0,62,0,62,-1,-1,-1,0
1203,6.989206349206349,4096,0,0,0.18415318429470062,0,62,0,62,-1,-1,-1,0
1204,6.995011337868481,4096,0,0,0.20272116363048553,0,62,0,62,-1,-1,-1,0
1205,7.000816326530612,4096,0,0,0.18249250948429108,0,62,0,62,-1,-1,-1,0
1206,7.006621315192744,4096,0,0,0.18909934163093567,0,62,0,62,-1,-1,-1,0
1207,7.012426303854875,4096,0,0,0.17323267459869385,0,62,0,62,-1,-1,-1,0
1208,7.018231292517007,4096,0,0,0.18795664608478546,0,62,0,62,-1,-1,-1,0
1209,7.024036281179138,4096,0,0,0.19343425333499908,0,62,0,62,-1,-1,-1,0
1210,7.02984126984127,4096,0,0,0.16096697747707367,0,62,0,62,-1,-1,-1,0
1211,7.035646258503402,4096,0,0,0.2059503048658371,0,62,0,62,-1,-1,-1,0
1212,7.041451247165533,4096,0,0,0.1777341663837433,0,62,0,62,-1,-1,-1,0
1213,7.047256235827664,4096,0,0,0.162781223654747,0,62,0,62,-1,-1,-1,0
1214,7.053061224489796,4096,0,0,0.17723114788532257,0,62,0,62,-1,-1,-1,0
1215,7.058866213151927,4096,0,0,0.1617335081100464,0,62,0,62,-1,-1,-1,0
1216,7.064671201814059,4096,0,0,0.17181426286697388,0,62,0,62,-1,-1,-1,0
1217,7.070476190476191,4096,0,0,0.14731931686401367,0,62,0,62,-1,-1,-1,0
1218,7.076281179138322,4096,0,0,0.17504574358463287,0,62,0,62,-1,-1,-1,0
1219,7.082086167800454,4096,0,0,0.17350533604621887,0,62,0,62,-1,-1,-1,0
1220,7.087891156462585,4096,0,0,0.14487208425998688,0,62,0,62,-1,-1,-1,0
1221,7.093696145124716,4096,0,0,0.1745852828025818,0,62,0,62,-1,-1,-1,0
1222,7.099501133786848,4096,0,0,0.1475820690393448,0,62,0,62,-1,-1,-1,0
1223,7.1053061224489795,4096,0,0,0.14516456425189972,0,62,0,62,-1,-1,-1,0
1224,7.111111111111111,4096,0,0,0.1391727775335312,0,62,0,62,-1,-1,-1,0
1225,7.116916099773243,4096,0,0,0.1440165787935257,0,62,0,62,-1,-1,-1,0
1226,7.122721088435374,4096,0,0,0.14724645018577576,0,62,0,62,-1,-1,-1,0
1227,7.128526077097506,4096,0,0,0.1275237500667572,0,62,0,62,-1,-1,-1,0
1228,7.134331065759637,4096,0,0,0.16757164895534515,0,62,0,62,-1,-1,-1,0
1229,7.1401360544217685,4096,0,0,0.14053970575332642,0,62,0,62,-1,-1,-1,0
1230,7.1459410430839005,4096,0,0,0.13063856959342957,0,62,0,62,-1,-1,-1,0
1231,7.151746031746032,4096,0,0,0.13755258917808533,0,62,0,62,-1,-1,-1,0
1232,7.157551020408163,4096,0,0,0.12754638493061066,0,62,0,62,-1,-1,-1,0
1233,7.163356009070295,4096,0,0,0.13506971299648285,0,62,0,62,-1,-1,-1,0
1234,7.169160997732426,4096,0,0,0.11900145560503006,0,62,0,62,-1,-1,-1,0
1235,7.174965986394557,4096,0,0,0.14519302546977997,0,62,0,62,-1,-1,-1,0
1236,7.1807709750566895,4096,0,0,0.1392175257205963,0,62,0,62,-1,-1,-1,0
1237,7.186575963718821,4096,0,0,0.1259685754776001,0,62,0,62,-1,-1,-1,0
1238,7.192380952380953,4096,0,0,0.13425712287425995,0,62,0,62,-1,-1,-1,0
1239,7.198185941043084,4096,0,0,0.09147416055202484,0,62,0,62,-1,-1,-1,0
1240,7.203990929705215,4096,0,0,0.0688939169049263,0,62,0,62,-1,-1,-1,0
1241,7.209795918367347,4096,0,0,0.055484458804130554,0,62,0,62,-1,-1,-1,0
1242,7.215600907029478,4096,0,0,0.035532258450984955,0,62,0,62,-1,-1,-1,0
1243,7.22140589569161,4096,0,0,0.030015854164958,0,62,0,62,-1,-1,-1,0
1244,7.227210884353742,4096,0,0,0.02866082452237606,0,62,0,62,-1,-1,-1,0
1245,7.233015873015873,4096,0,0,0.027450622990727425,0,62,0,62,-1,-1,-1,0
1246,7.238820861678004,4096,0,0,0.02836686559021473,0,62,0,62,-1,-1,-1,0
1247,7.244625850340136,4096,0,0,0.029153907671570778,0,62,0,62,-1,-1,-1,0
1248,7.250430839002267,4096,0,0,0.029333926737308502,0,62,0,62,-1,-1,-1,0
1249,7.2562358276643995,4096,0,0,0.028563788160681725,0,62,0,62,-1,-1,-1,0
1250,7.262040816326531,4096,0,0,0.028691601008176804,0,62,0,62,-1,-1,-1,0
1251,7.267845804988662,4096,0,0,0.02853493206202984,0,-1,0,61,-1,-1,-1,0
1252,7.273650793650794,4096,0,0,0.030603254213929176,0,-1,0,61,-1,-1,-1,0
1253,7.279455782312925,4096,0,0,0.031474076211452484,0,-1,0,61,-1,-1,-1,0
1254,7.285260770975056,4096,0,0,0.03685725852847099,0,-1,0,59,-1,-1,-1,0
1255,7.291065759637188,4096,0,0,0.03512420505285263,0,-1,0,59,-1,-1,-1,0
1256,7.29687074829932,4096,0,0,0.027745870873332024,0,-1,0,59,-1,-1,-1,0
1257,7.302675736961452,4096,0,0,0.027498068287968636,0,-1,0,59,-1,-1,-1,0
1258,7.308480725623583,4096,0,0,0.02872799150645733,0,-1,0,59,-1,-1,-1,0
1259,7.314285714285714,4096,0,0,0.028578704223036766,0,-1,0,59,-1,-1,-1,0
1260,7.320090702947846,4096,0,0,0.028626834973692894,0,-1,0,59,-1,-1,-1,0
1261,7.325895691609977,4096,0,0,0.028261298313736916,0,-1,0,59,-1,-1,-1,0
1262,7.3317006802721085,4096,0,0,0.028393125161528587,0,-1,0,59,-1,-1,-1,0
1263,7.337505668934241,4096,0,0,0.02993203140795231,0,-1,0,59,-1,-1,-1,0
1264,7.343310657596372,4096,0,0,0.030763965100049973,0,-1,0,59,-1,-1,-1,0
1265,7.349115646258503,4096,0,0,0.02914687804877758,0,-1,0,59,-1,-1,-1,0
1266,7.354920634920635,4096,0,0,0.029415404424071312,0,-1,0,59,-1,-1,-1,0
1267,7.360725623582766,4096,0,0,0.03002714365720749,0,-1,0,59,-1,-1,-1,0
1268,7.366530612244898,4096,0,0,0.028433768078684807,0,-1,0,59,-1,-1,-1,0
1269,7.3723356009070296,4096,0,0,0.027863390743732452,0,-1,0,59,-1,-1,-1,0
1270,7.378140589569161,4096,0,0,0.028138352558016777,0,-1,0,59,-1,-1,-1,0
1271,7.383945578231293,4096,0,0,0.02816254459321499,0,-1,0,59,-1,-1,-1,0
1272,7.389750566893424,4096,0,0,0.028715258464217186,0,-1,0,59,-1,-1,-1,0
1273,7.395555555555555,4096,0,0,0.02879774011671543,0,-1,0,59,-1,-1,-1,0
1274,7.401360544217687,4096,0,0,0.02810354344546795,0,-1,0,59,-1,-1,-1,0
1275,7.4071655328798185,4096,0,0,0.027449162676930428,0,-1,0,59,-1,-1,-1,0
1276,7.41297052154195,4096,0,0,0.02752491645514965,0,-1,0,59,-1,-1,-1,0
1277,7.418775510204082,4096,0,0,0.027593879029154778,0,-1,0,59,-1,-1,-1,0
1278,7.424580498866213,4096,0,0,0.027684906497597694,0,-1,0,59,-1,-1,-1,0
1279,7.430385487528345,4096,0,0,0.02744337171316147,0,-1,0,59,-1,-1,-1,0
1280,7.436190476190476,4096,0,0,0.027600083500146866,0,-1,0,59,-1,-1,-1,0
1281,7.441995464852607,4096,0,0,0.0274035707116127,0,-1,0,59,-1,-1,-1,0
1282,7.4478004535147395,4096,0,0,0.02690260484814644,0,-1,0,59,-1,-1,-1,0
1283,7.453605442176871,4096,0,0,0.027236362919211388,0,-1,0,59,-1,-1,-1,0
1284,7.459410430839002,4096,0,0,0.02793235331773758,0,-1,0,59,-1,-1,-1,0
1285,7.465215419501134,4096,0,0,0.02754964493215084,0,-1,0,59,-1,-1,-1,0
1286,7.471020408163265,4096,0,0,0.027123652398586273,0,-1,0,59,-1,-1,-1,0
1287,7.476825396825397,4096,0,0,0.027112774550914764,0,-1,0,59,-1,-1,-1,0
1288,7.4826303854875285,4096,0,0,0.026868510991334915,0,-1,0,59,-1,-1,-1,0
1289,7.48843537414966,4096,0,0,0.027324335649609566,0,-1,0,59,-1,-1,-1,0
1290,7.494240362811792,4096,0,0,0.02778080850839615,0,-1,0,59,-1,-1,-1,0
1291,7.500045351473923,4096,0,0,0.027596157044172287,0,-1,0,59,-1,-1,-1,0
1292,7.505850340136054,4096,0,0,0.0275472030043602,0,-1,0,59,-1,-1,-1,0
1293,7.511655328798186,4096,0,0,0.027560928836464882,0,-1,0,59,-1,-1,-1,0
1294,7.517460317460317,4096,0,0,0.02761654183268547,0,-1,0,59,-1,-1,-1,0
1295,7.523265306122449,4096,0,0,0.02759549953043461,0,-1,0,59,-1,-1,-1,0
1296,7.529070294784581,4096,0,0,0.027608240023255348,0,-1,0,59,-1,-1,-1,0
1297,7.534875283446712,4096,0,0,0.027680477127432823,0,-1,0,59,-1,-1,-1,0
1298,7.540680272108844,4096,0,0,0.027905045077204704,0,-1,0,59,-1,-1,-1,0
1299,7.546485260770975,4096,0,0,0.027654852718114853,0,-1,0,59,-1,-1,-1,0
1300,7.552290249433106,4096,0,0,0.02770903892815113,0,-1,0,59,-1,-1,-1,0
1301,7.558095238095238,4096,0,0,0.02769879624247551,0,-1,0,59,-1,-1,-1,0
1302,7.56390022675737,4096,0,0,0.027532421052455902,0,-1,0,59,-1,-1,-1,0
1303,7.569705215419501,4096,0,0,0.027306072413921356,0,-1,0,59,-1,-1,-1,0
1304,7.575510204081633,4096,0,0,0.027422429993748665,0,-1,0,59,-1,-1,-1,0
1305,7.581315192743764,4096,0,0,0.027671191841363907,0,-1,0,59,-1,-1,-1,0
1306,7.587120181405895,4096,0,0,0.027186643332242966,0,-1,0,59,-1,-1,-1,0
1307,7.592925170068027,4096,0,0,0.027276376262307167,0,-1,0,59,-1,-1,-1,0
1308,7.598730158730159,4096,0,0,0.02722528576850891,0,-1,0,59,-1,-1,-1,0
1309,7.604535147392291,4096,0,0,0.02707238681614399,0,-1,0,59,-1,-1,-1,0
1310,7.610340136054422,4096,0,0,0.027209477499127388,0,-1,0,59,-1,-1,-1,0
1311,7.616145124716553,4096,0,0,0.027614044025540352,0,-1,0,59,-1,-1,-1,0
1312,7.621950113378685,4096,0,0,0.02794411964714527,0,-1,0,59,-1,-1,-1,0
1313,7.627755102040816,4096,0,0,0.027562487870454788,0,-1,0,59,-1,-1,-1,0
1314,7.6335600907029475,4096,0,0,0.027214931324124336,0,-1,0,59,-1,-1,-1,0
1315,7.63936507936508,4096,0,0,0.027451155707240105,0,-1,0,59,-1,-1,-1,0
1316,7.645170068027211,4096,0,0,0.027998948469758034,0,-1,0,59,-1,-1,-1,0
1317,7.650975056689342,4096,0,0,0.02777601219713688,0,-1,0,59,-1,-1,-1,0
1318,7.656780045351474,4096,0,0,0.027561724185943604,0,-1,0,59,-1,-1,-1,0
1319,7.662585034013605,4096,0,0,0.027421927079558372,0,-1,0,59,-1,-1,-1,0
1320,7.668390022675737,4096,0,0,0.027448272332549095,0,-1,0,59,-1,-1,-1,0
1321,7.6741950113378685,4096,0,0,0.027436451986432076,0,-1,0,59,-1,-1,-1,0
1322,7.68,4096,0,0,0.027491310611367226,0,-1,0,59,-1,-1,-1,0
1323,7.685804988662132,4096,0,0,0.028000064194202423,0,-1,0,59,-1,-1,-1,0
1324,7.691609977324263,4096,0,0,0.027973918244242668,0,-1,0,59,-1,-1,-1,0
1325,7.697414965986394,4096,0,0,0.02776387892663479,0,-1,0,59,-1,-1,-1,0
1326,7.703219954648526,4096,0,0,0.02760199084877968,0,-1,0,59,-1,-1,-1,0
1327,7.7090249433106575,4096,0,0,0.027742667123675346,0,-1,0,59,-1,-1,-1,0
1328,7.7148299319727895,4096,0,0,0.02740505337715149,0,-1,0,59,-1,-1,-1,0
1329,7.720634920634921,4096,0,0,0.027639886364340782,0,-1,0,59,-1,-1,-1,0
1330,7.726439909297052,4096,0,0,0.02798869088292122,0,-1,0,59,-1,-1,-1,0
1331,7.732244897959184,4096,0,0,0.02797665446996689,0,-1,0,59,-1,-1,-1,0
1332,7.738049886621315,4096,0,0,0.02774365060031414,0,-1,0,59,-1,-1,-1,0
1333,7.743854875283446,4096,0,0,0.027758201584219933,0,-1,0,59,-1,-1,-1,0
1334,7.7496598639455785,4096,0,0,0.027880869805812836,0,-1,0,59,-1,-1,-1,0
1335,7.75546485260771,4096,0,0,0.02774754911661148,0,-1,0,59,-1,-1,-1,0
1336,7.761269841269841,4096,0,0,0.027738315984606743,0,-1,0,59,-1,-1,-1,0
1337,7.767074829931973,4096,0,0,0.027873337268829346,0,-1,0,59,-1,-1,-1,0
1338,7.772879818594104,4096,0,0,0.027837248519062996,0,-1,0,59,-1,-1,-1,0
1339,7.778684807256236,4096,0,0,0.02791662886738777,0,-1,0,59,-1,-1,-1,0
1340,7.784489795918367,4096,0,0,0.028057949617505074,0,-1,0,59,-1,-1,-1,0
1341,7.790294784580499,4096,0,0,0.027722254395484924,0,-1,0,59,-1,-1,-1,0
1342,7.796099773242631,4096,0,0,0.027852723374962807,0,-1,0,59,-1,-1,-1,0
1343,7.801904761904762,4096,0,0,0.028337089344859123,0,-1,0,59,-1,-1,-1,0
1344,7.807709750566893,4096,0,0,0.027695689350366592,0,-1,0,59,-1,-1,-1,0
1345,7.813514739229025,4096,0,0,0.026928510516881943,0,-1,0,59,-1,-1,-1,0
1346,7.819319727891156,4096,0,0,0.027558082714676857,0,-1,0,59,-1,-1,-1,0
1347,7.825124716553288,4096,0,0,0.027959957718849182,0,-1,0,59,-1,-1,-1,0
1348,7.83092970521542,4096,0,0,0.027742911130189896,0,-1,0,59,-1,-1,-1,0
1349,7.836734693877551,4096,0,0,0.02722827158868313,0,-1,0,59,-1,-1,-1,0
1350,7.842539682539683,4096,0,0,0.027243684977293015,0,-1,0,59,-1,-1,-1,0
1351,7.848344671201814,4096,0,0,0.027785005047917366,0,-1,0,59,-1,-1,-1,0
1352,7.854149659863945,4096,0,0,0.028200360015034676,0,-1,0,59,-1,-1,-1,0
1353,7.859954648526077,4096,0,0,0.027564741671085358,0,-1,0,59,-1,-1,-1,0
1354,7.865759637188209,4096,0,0,0.02712995558977127,0,-1,0,59,-1,-1,-1,0
1355,7.87156462585034,4096,0,0,0.027234409004449844,0,-1,0,59,-1,-1,-1,0
1356,7.877369614512472,4096,0,0,0.026869991794228554,0,-1,0,59,-1,-1,-1,0
1357,7.883174603174603,4096,0,0,0.027461392804980278,0,-1,0,59,-1,-1,-1,0
1358,7.888979591836734,4096,0,0,0.027945974841713905,0,-1,0,59,-1,-1,-1,0
1359,7.894784580498866,4096,0,0,0.027478521689772606,0,-1,0,59,-1,-1,-1,0
1360,7.9005895691609975,4096,0,0,0.026969993487000465,0,-1,0,59,-1,-1,-1,0
1361,7.90639455782313,4096,0,0,0.027047736570239067,0,-1,0,59,-1,-1,-1,0
1362,7.912199546485261,4096,0,0,0.027123719453811646,0,-1,0,59,-1,-1,-1,0
1363,7.918004535147392,4096,0,0,0.027778346091508865,0,-1,0,59,-1,-1,-1,0
1364,7.923809523809524,4096,0,0,0.027653757482767105,0,-1,0,59,-1,-1,-1,0
1365,7.929614512471655,4096,0,0,0.02743287943303585,0,-1,0,59,-1,-1,-1,0
1366,7.9354195011337865,512,1,0,0.027565758675336838,0,-1,0,59,-1,-1,-1,0
1367,7.9412244897959186,512,0,0,0.027911247685551643,0,-1,0,59,-1,-1,-1,0
1368,7.94702947845805,512,0,0,0.02742980420589447,0,-1,0,59,-1,-1,-1,0
1369,7.952834467120182,1024,0,0,0.027471506968140602,0,-1,0,59,-1,-1,-1,0
1370,7.958639455782313,1024,0,0,0.02821209654211998,0,-1,0,59,-1,-1,-1,0
1371,7.964444444444444,2048,0,0,0.028789740055799484,0,-1,0,59,-1,-1,-1,0
1372,7.970249433106576,2048,0,0,0.03508763015270233,0,-1,1,59,-1,-1,-1,0
1373,7.9760544217687075,2048,0,0,0.5908496379852295,1,-1,1,59,59,59,59,0
1374,7.981859410430839,2048,0,0,0.669592022895813,1,61,1,49,59,59,59,0
1375,7.987664399092971,4096,0,0,0.7080252170562744,1,61,0,59,59,59,59,0
1376,7.993469387755102,4096,0,1,0.6291929483413696,1,61,0,61,-1,-1,-1,0
1377,7.999274376417233,4096,0,0,0.6214349269866943,1,61,0,61,-1,-1,-1,0
1378,8.005079365079364,4096,0,0,0.6259222030639648,1,61,0,61,-1,-1,-1,0
1379,8.010884353741497,4096,0,0,0.6080302596092224,1,61,0,61,-1,-1,-1,0
1380,8.016689342403629,4096,0,0,0.553917407989502,0,61,1,61,-1,-1,-1,0
1381,8.02249433106576,4096,0,0,0.5789554119110107,0,61,1,61,61,61,61,0
1382,8.028299319727891,4096,0,0,0.536792516708374,0,61,1,61,61,61,61,0
1383,8.034104308390022,4096,0,0,0.5733758807182312,0,61,1,61,61,61,61,0
1384,8.039909297052155,4096,0,0,0.4612114131450653,0,61,1,61,61,61,61,0
1385,8.045714285714286,4096,0,0,0.39221832156181335,0,61,1,61,61,61,61,0
1386,8.051519274376417,4096,0,0,0.3899281620979309,0,61,1,61,61,61,61,0
1387,8.057324263038549,4096,0,0,0.36333975195884705,0,61,1,61,61,61,61,0
1388,8.06312925170068,4096,0,0,0.3395599126815796,0,61,1,61,61,61,61,0
1389,8.068934240362811,4096,0,0,0.30666396021842957,0,61,1,61,61,61,61,0
1390,8.074739229024944,4096,0,0,0.30157122015953064,0,61,1,61,61,61,61,0
1391,8.080544217687075,4096,0,0,0.33268576860427856,0,61,1,61,61,61,61,0
1392,8.086349206349206,4096,0,0,0.3183909058570862,0,61,1,61,61,61,61,0
1393,8.092154195011338,4096,0,0,0.36626702547073364,0,61,1,61,61,61,61,0
1394,8.097959183673469,4096,0,0,0.373030424118042,0,61,1,61,61,61,61,0
1395,8.103764172335602,4096,0,0,0.3966752290725708,0,61,1,61,61,61,61,0
1396,8.109569160997733,4096,0,0,0.3872886002063751,0,61,1,61,61,61,61,0
1397,8.115374149659864,4096,0,0,0.276132196187973,0,61,1,61,61,61,61,0
1398,8.121179138321995,4096,0,0,0.2744368016719818,0,61,1,61,61,61,61,0
1399,8.126984126984127,4096,0,0,0.253689706325531,0,61,1,61,61,61,61,0
1400,8.132789115646258,4096,0,0,0.2830367684364319,0,61,1,61,61,61,61,0
1401,8.13859410430839,4096,0,0,0.33201342821121216,0,61,1,61,61,61,61,0
1402,8.144399092970522,4096,0,0,0.3528198003768921,0,61,1,61,61,61,61,0
1403,8.150204081632653,4096,0,0,0.2818123698234558,0,61,1,61,61,61,61,0
1404,8.156009070294784,4096,0,0,0.38116294145584106,0,62,1,61,61,61,61,0
1405,8.161814058956915,4096,0,0,0.3867381811141968,0,62,1,61,61,61,61,0
1406,8.167619047619048,4096,0,1,0.07630247622728348,0,62,1,61,61,61,61,0
1407,8.17342403628118,4096,0,0,0.02934820018708706,0,62,1,61,61,61,61,0
1408,8.17922902494331,4096,0,0,0.028718087822198868,0,62,0,61,61,61,61,0
1409,8.185034013605442,512,1,0,0.030384529381990433,0,62,1,59,61,61,61,0
1410,8.190839002267573,512,0,0,0.031248170882463455,0,62,1,59,59,61,61,0
1411,8.196643990929704,512,0,0,0.03004080057144165,0,62,1,59,59,61,61,0
1412,8.202448979591837,1024,0,0,0.029090838506817818,0,62,1,59,59,61,61,0
1413,8.208253968253969,1024,0,0,0.03011758252978325,0,62,1,59,59,61,61,0
1414,8.2140589569161,2048,0,0,0.20527127385139465,0,62,1,59,59,61,61,0
1415,8.219863945578231,2048,0,0,0.30414387583732605,0,62,1,59,59,61,61,0
1416,8.225668934240362,2048,0,0,0.35991594195365906,0,62,1,62,59,61,61,0
1417,8.231473922902495,2048,0,0,0.3620978593826294,0,62,1,62,62,61,61,0
1418,8.237278911564626,4096,0,0,0.32066816091537476,0,62,0,62,62,61,61,0
1419,8.243083900226758,4096,0,0,0.3357461094856262,0,62,0,62,-1,-1,-1,0
1420,8.248888888888889,4096,0,0,0.31487134099006653,0,62,0,62,-1,-1,-1,0
1421,8.25469387755102,4096,0,0,0.31961768865585327,0,62,0,62,-1,-1,-1,0
1422,8.260498866213151,4096,0,0,0.32920119166374207,0,62,0,62,-1,-1,-1,0
1423,8.266303854875284,4096,0,0,0.3000327944755554,0,62,0,62,-1,-1,-1,0
1424,8.272108843537415,4096,0,0,0.34891998767852783,0,62,0,62,-1,-1,-1,0
1425,8.277913832199546,4096,0,0,0.30621832609176636,0,62,0,62,-1,-1,-1,0
1426,8.283718820861678,4096,0,0,0.3459530472755432,0,62,0,62,-1,-1,-1,0
1427,8.289523809523809,4096,0,0,0.35316434502601624,0,62,0,62,-1,-1,-1,0
1428,8.295328798185942,4096,0,0,0.31174278259277344,0,62,0,62,-1,-1,-1,0
1429,8.301133786848073,4096,0,0,0.3324127495288849,0,62,0,62,-1,-1,-1,0
1430,8.306938775510204,4096,0,0,0.30889809131622314,0,62,0,62,-1,-1,-1,0
1431,8.312743764172335,4096,0,0,0.3128093481063843,0,62,0,62,-1,-1,-1,0
1432,8.318548752834467,4096,0,0,0.31817638874053955,0,62,0,62,-1,-1,-1,0
1433,8.324353741496598,4096,0,0,0.29837703704833984,0,62,0,62,-1,-1,-1,0
1434,8.33015873015873,4096,0,0,0.33606743812561035,0,62,0,62,-1,-1,-1,0
1435,8.335963718820862,4096,0,0,0.3014163076877594,0,62,0,62,-1,-1,-1,0
1436,8.341768707482993,4096,0,0,0.3415538966655731,0,62,0,62,-1,-1,-1,0
1437,8.347573696145124,4096,0,0,0.33091607689857483,0,62,1,62,-1,-1,-1,0
1438,8.353378684807256,4096,0,0,0.29766619205474854,0,62,0,62,-1,-1,-1,0
1439,8.359183673469389,4096,0,0,0.32064124941825867,0,62,1,62,-1,-1,-1,0
1440,8.36498866213152,4096,0,0,0.17730712890625,0,62,0,62,-1,-1,-1,0
1441,8.370793650793651,4096,0,0,0.06895482540130615,0,62,0,62,-1,-1,-1,0
1442,8.376598639455782,4096,0,0,0.03090500272810459,0,62,0,62,-1,-1,-1,0
1443,8.382403628117913,4096,0,0,0.026941802352666855,0,62,0,62,-1,-1,-1,0
1444,8.388208616780044,4096,0,0,0.027510235086083412,0,-1,0,62,-1,-1,-1,0
1445,8.394013605442177,4096,0,0,0.0274033285677433,0,-1,0,62,-1,-1,-1,0
1446,8.399818594104309,4096,0,0,0.02805912122130394,0,-1,0,62,-1,-1,-1,0
1447,8.40562358276644,4096,0,0,0.029510194435715675,0,-1,0,62,-1,-1,-1,0
1448,8.411428571428571,512,1,0,0.03160037845373154,0,-1,1,59,-1,-1,-1,0
1449,8.417233560090702,512,0,0,0.15192291140556335,0,-1,1,49,-1,-1,-1,0
1450,8.423038548752835,512,0,0,0.29678332805633545,0,64,1,45,-1,-1,-1,0
1451,8.428843537414966,1024,0,0,0.3207874000072479,0,64,1,64,-1,-1,-1,0
1452,8.434648526077098,1024,0,1,0.30929702520370483,0,64,1,64,64,64,64,0
1453,8.440453514739229,2048,0,0,0.3193247616291046,0,64,1,64,64,64,64,0
1454,8.44625850340136,2048,0,0,0.3140731453895569,0,64,1,64,64,64,64,0
1455,8.452063492063493,2048,0,0,0.2755938172340393,0,64,1,64,64,64,64,0
1456,8.457868480725624,2048,0,0,0.27237674593925476,0,64,1,64,64,64,64,0
1457,8.463673469387755,4096,0,0,0.2823094427585602,0,64,0,64,64,64,64,0
1458,8.469478458049887,4096,0,0,0.3046371638774872,0,64,0,64,-1,-1,-1,0
1459,8.475283446712018,4096,0,0,0.3007887005805969,0,64,0,64,-1,-1,-1,0
1460,8.481088435374149,4096,0,0,0.2830188572406769,0,64,0,64,-1,-1,-1,0
1461,8.486893424036282,4096,0,0,0.28754863142967224,0,64,0,64,-1,-1,-1,0
1462,8.492698412698413,4096,0,0,0.28769317269325256,0,64,0,64,-1,-1,-1,0
1463,8.498503401360544,4096,0,0,0.2979130148887634,0,64,1,64,-1,-1,-1,0
1464,8.504308390022675,4096,0,0,0.3048803210258484,0,64,1,64,64,64,64,0
1465,8.510113378684807,4096,0,0,0.30071377754211426,0,64,1,64,64,64,64,0
1466,8.51591836734694,4096,0,0,0.25855594873428345,0,64,1,64,64,64,64,0
1467,8.52172335600907,4096,0,0,0.2680922746658325,0,64,1,64,64,64,64,0
1468,8.527528344671202,4096,0,0,0.2479305863380432,0,64,1,64,64,64,64,0
1469,8.533333333333333,4096,0,0,0.1715472936630249,0,64,1,64,64,64,64,0
1470,8.539138321995464,4096,0,0,0.10995366424322128,0,64,0,64,64,64,64,0
1471,8.544943310657596,4096,0,0,0.1090986430644989,0,64,0,64,-1,-1,-1,0
1472,8.550748299319729,4096,0,0,0.07234874367713928,0,64,0,64,-1,-1,-1,0
1473,8.55655328798186,4096,0,0,0.051956165581941605,0,64,0,64,-1,-1,-1,0
1474,8.562358276643991,4096,0,0,0.04421456903219223,0,64,0,64,-1,-1,-1,0
1475,8.568163265306122,4096,0,0,0.04605124890804291,0,64,0,64,-1,-1,-1,0
1476,8.573968253968253,4096,0,0,0.055248286575078964,0,64,0,64,-1,-1,-1,0
1477,8.579773242630386,4096,0,0,0.04970382899045944,0,64,0,64,-1,-1,-1,0
1478,8.585578231292518,4096,0,0,0.03596855327486992,0,64,0,63,-1,-1,-1,0
1479,8.591383219954649,4096,0,0,0.03032808005809784,0,-1,0,63,-1,-1,-1,0
1480,8.59718820861678,4096,0,0,0.027437174692749977,0,-1,0,63,-1,-1,-1,0
1481,8.602993197278911,4096,0,0,0.0287790410220623,0,-1,0,63,-1,-1,-1,0
1482,8.608798185941042,512,1,0,0.03093947283923626,0,-1,1,59,-1,-1,-1,0
1483,8.614603174603175,512,0,0,0.032564301043748856,0,-1,1,49,-1,-1,-1,0
1484,8.620408163265306,512,0,0,0.03610264137387276,0,-1,1,49,49,49,49,0
1485,8.626213151927438,1024,0,0,0.038502566516399384,0,-1,1,72,49,49,49,0
1486,8.632018140589569,1024,0,0,0.04104089364409447,0,-1,1,72,72,49,49,0
1487,8.6378231292517,2048,0,0,0.048538222908973694,0,-1,1,72,72,49,49,0
1488,8.643628117913833,2048,0,0,0.043764449656009674,0,-1,1,72,72,49,49,0
1489,8.649433106575964,2048,0,0,0.6011564135551453,1,-1,1,72,72,72,72,0
1490,8.655238095238095,2048,0,0,0.7683483958244324,1,66,1,67,72,72,72,0
1491,8.661043083900227,4096,0,0,0.8639445304870605,1,66,0,72,72,72,72,0
1492,8.666848072562358,4096,0,1,0.9273430109024048,1,66,0,67,-1,-1,-1,0
1493,8.672653061224489,4096,0,0,0.9574089646339417,1,66,0,66,-1,-1,-1,0
1494,8.678458049886622,4096,0,0,0.9509292244911194,1,66,0,66,-1,-1,-1,0
1495,8.684263038548753,4096,0,0,0.9363650679588318,1,66,0,66,-1,-1,-1,0
1496,8.690068027210884,4096,0,0,0.9245553016662598,1,66,0,66,-1,-1,-1,0
1497,8.695873015873016,4096,0,0,0.8473894596099854,1,66,0,66,-1,-1,-1,0
1498,8.701678004535147,4096,0,0,0.8350568413734436,1,66,0,66,-1,-1,-1,0
1499,8.70748299319728,4096,0,0,0.7080298066139221,1,66,0,66,-1,-1,-1,0
1500,8.713287981859411,4096,0,0,0.5304715037345886,0,66,0,66,-1,-1,-1,0
1501,8.719092970521542,4096,0,0,0.454814612865448,0,66,1,66,-1,-1,-1,0
1502,8.724897959183673,4096,0,0,0.507387638092041,0,66,1,66,66,66,66,0
1503,8.730702947845804,4096,0,0,0.529499888420105,0,66,1,66,66,66,66,0
1504,8.736507936507936,4096,0,0,0.4509313404560089,0,66,1,66,66,66,66,0
1505,8.742312925170069,4096,0,0,0.3074697256088257,0,66,1,66,66,66,66,0
1506,8.7481179138322,4096,0,0,0.27912482619285583,0,66,1,66,66,66,66,0
1507,8.753922902494331,4096,0,0,0.32763734459877014,0,66,1,66,66,66,66,0
1508,8.759727891156462,4096,0,0,0.4089944660663605,0,66,1,66,66,66,66,0
1509,8.765532879818593,4096,0,0,0.4405983090400696,0,66,1,66,66,66,66,0
1510,8.771337868480726,4096,0,0,0.4770960211753845,0,66,1,66,66,66,66,0
1511,8.777142857142858,4096,0,0,0.43792837858200073,0,66,1,66,66,66,66,0
1512,8.782947845804989,4096,0,0,0.2893415093421936,0,66,1,66,66,66,66,0
1513,8.78875283446712,4096,0,0,0.2448490411043167,0,66,1,66,66,66,66,0
1514,8.794557823129251,4096,0,0,0.22914639115333557,0,66,1,66,66,66,66,0
1515,8.800362811791382,4096,0,0,0.23178893327713013,0,66,1,66,66,66,66,0
1516,8.806167800453515,4096,0,0,0.32334014773368835,0,66,1,66,66,66,66,0
1517,8.811972789115647,4096,0,0,0.46489450335502625,0,66,1,66,66,66,66,0
1518,8.817777777777778,4096,0,0,0.47037994861602783,0,66,1,66,66,66,66,0
1519,8.823582766439909,4096,0,0,0.5266538858413696,0,66,1,66,66,66,66,0
1520,8.82938775510204,4096,0,0,0.5068221092224121,0,66,1,66,66,66,66,0
1521,8.835192743764173,4096,0,0,0.5048968195915222,0,66,1,66,66,66,66,0
1522,8.840997732426304,4096,0,0,0.5205773711204529,0,67,1,66,66,66,66,0
1523,8.846802721088435,4096,0,0,0.5893688797950745,1,67,1,66,66,66,66,0
1524,8.852607709750567,4096,0,1,0.5558328628540039,0,67,1,66,66,66,66,0
1525,8.858412698412698,4096,0,0,0.5356226563453674,0,67,1,66,66,66,66,0
1526,8.864217687074829,4096,0,0,0.46642643213272095,0,67,1,66,66,66,66,0
1527,8.870022675736962,4096,0,0,0.5562466979026794,0,67,1,66,66,66,66,0
1528,8.875827664399093,4096,0,0,0.5471374988555908,0,67,1,66,66,66,66,0
1529,8.881632653061224,4096,0,0,0.5529264211654663,0,67,1,66,66,66,66,0
1530,8.887437641723356,4096,0,0,0.49092262983322144,0,67,1,66,66,66,66,0
1531,8.893242630385487,4096,0,0,0.48833101987838745,0,67,1,66,66,66,66,0
1532,8.89904761904762,4096,0,0,0.49881747364997864,0,67,1,66,66,66,66,0
1533,8.904852607709751,4096,0,0,0.615879237651825,1,67,1,66,66,66,66,0
1534,8.910657596371882,4096,0,0,0.6605287194252014,1,67,1,66,66,66,66,0
1535,8.916462585034013,4096,0,0,0.7160338759422302,1,67,1,66,66,66,66,0
1536,8.922267573696145,4096,0,0,0.7400064468383789,1,67,1,66,66,66,66,0
1537,8.928072562358278,4096,0,0,0.755765438079834,1,67,1,66,66,66,66,0
1538,8.933877551020409,4096,0,0,0.6816284656524658,1,67,1,67,66,66,66,0
1539,8.93968253968254,4096,0,0,0.6425679922103882,1,67,1,67,67,67,67,0
1540,8.945487528344671,4096,0,0,0.5324414968490601,0,67,1,67,67,67,67,0
1541,8.951292517006802,4096,0,0,0.3739137351512909,0,67,1,67,67,67,67,0
1542,8.957097505668933,4096,0,0,0.3064602315425873,0,67,1,67,67,67,67,0
1543,8.962902494331066,4096,0,0,0.3714526891708374,0,67,1,67,67,67,67,0
1544,8.968707482993198,4096,0,0,0.35138723254203796,0,67,1,67,67,67,67,0
1545,8.974512471655329,4096,0,0,0.31098371744155884,0,67,1,67,67,67,67,0
1546,8.98031746031746,4096,0,0,0.4012288451194763,0,67,1,67,67,67,67,0
1547,8.986122448979591,4096,0,0,0.33595776557922363,0,67,1,67,67,67,67,0
1548,8.991927437641724,4096,0,0,0.2802853286266327,0,67,1,67,67,67,67,0
1549,8.997732426303855,4096,0,0,0.1894705444574356,0,67,1,67,67,67,67,0
1550,9.003537414965987,4096,0,0,0.17690041661262512,0,67,1,67,67,67,67,0
1551,9.009342403628118,4096,0,0,0.258598655462265,0,67,1,67,67,67,67,0
1552,9.015147392290249,4096,0,0,0.34051695466041565,0,67,1,67,67,67,67,0
1553,9.02095238095238,4096,0,0,0.3208792209625244,0,67,1,67,67,67,67,0
1554,9.026757369614513,4096,0,0,0.40631720423698425,0,67,1,67,67,67,67,0
1555,9.032562358276644,4096,0,0,0.30417105555534363,0,67,1,67,67,67,67,0
1556,9.038367346938776,4096,0,0,0.3147338926792145,0,67,1,67,67,67,67,0
1557,9.044172335600907,4096,0,0,0.3845377266407013,0,67,1,67,67,67,67,0
1558,9.049977324263038,4096,0,0,0.3962803781032562,0,67,1,67,67,67,67,0
1559,9.05578231292517,4096,0,0,0.2719518542289734,0,67,1,67,67,67,67,0
1560,9.061587301587302,4096,0,0,0.16232796013355255,0,67,1,67,67,67,67,0
1561,9.067392290249433,4096,0,0,0.07162541896104813,0,-1,1,67,67,67,67,0
1562,9.073197278911564,4096,0,0,0.057399529963731766,0,-1,0,67,67,67,67,0
1563,9.079002267573696,4096,0,0,0.05236214026808739,0,-1,0,67,-1,-1,-1,0
1564,9.084807256235827,4096,0,0,0.05111242085695267,0,-1,0,67,-1,-1,-1,0
1565,9.09061224489796,4096,0,0,0.048697054386138916,0,-1,0,67,-1,-1,-1,0
1566,9.096417233560091,4096,0,0,0.04866374656558037,0,-1,0,67,-1,-1,-1,0
1567,9.102222222222222,4096,0,0,0.04761054739356041,0,-1,0,67,-1,-1,-1,0
1568,9.108027210884353,4096,0,0,0.4507380425930023,0,-1,0,67,-1,-1,-1,0
1569,9.113832199546485,4096,0,0,0.4718617796897888,0,66,0,67,-1,-1,-1,0
1570,9.119637188208618,4096,0,0,0.5022792816162109,0,66,0,67,-1,-1,-1,0
1571,9.125442176870749,4096,0,1,0.5703045725822449,0,66,0,67,-1,-1,-1,0
1572,9.13124716553288,4096,0,0,0.5482349991798401,0,66,0,67,-1,-1,-1,0
1573,9.137052154195011,4096,0,0,0.5595781803131104,0,66,0,67,-1,-1,-1,0
1574,9.142857142857142,4096,0,0,0.5559995174407959,0,66,0,66,-1,-1,-1,0
1575,9.148662131519274,4096,0,0,0.5603980422019958,0,66,0,66,-1,-1,-1,0
1576,9.154467120181407,4096,0,0,0.5707067847251892,0,66,0,66,-1,-1,-1,0
1577,9.160272108843538,4096,0,0,0.5688053965568542,0,66,0,66,-1,-1,-1,0
1578,9.166077097505669,4096,0,0,0.5554488897323608,0,66,0,66,-1,-1,-1,0
1579,9.1718820861678,4096,0,0,0.5729967951774597,0,66,1,66,-1,-1,-1,0
1580,9.177687074829931,4096,0,0,0.5639974474906921,0,66,1,66,66,66,66,0
1581,9.183492063492064,4096,0,0,0.5229781270027161,0,66,1,66,66,66,66,0
1582,9.189297052154195,4096,0,0,0.5197591781616211,0,66,1,66,66,66,66,0
1583,9.195102040816327,4096,0,0,0.5192803144454956,0,66,1,66,66,66,66,0
1584,9.200907029478458,4096,0,0,0.5035938024520874,0,66,1,66,66,66,66,0
1585,9.206712018140589,4096,0,0,0.4462526738643646,0,66,1,66,66,66,66,0
1586,9.21251700680272,4096,0,0,0.47114938497543335,0,66,1,66,66,66,66,0
1587,9.218321995464853,4096,0,0,0.4595673978328705,0,66,1,66,66,66,66,0
1588,9.224126984126984,4096,0,0,0.4287368953227997,0,66,1,66,66,66,66,0
1589,9.229931972789116,4096,0,0,0.41730308532714844,0,66,1,66,66,66,66,0
1590,9.235736961451247,4096,0,0,0.4107486605644226,0,66,1,66,66,66,66,0
1591,9.241541950113378,4096,0,0,0.43829530477523804,0,66,1,66,66,66,66,0
1592,9.247346938775511,4096,0,0,0.4086510241031647,0,66,1,66,66,66,66,0
1593,9.253151927437642,4096,0,0,0.4254821538925171,0,66,1,66,66,66,66,0
1594,9.258956916099773,4096,0,0,0.4488309323787689,0,66,1,66,66,66,66,0
1595,9.264761904761905,4096,0,0,0.44253668189048767,0,66,1,66,66,66,66,0
1596,9.270566893424036,4096,0,0,0.41564974188804626,0,66,1,66,66,66,66,0
1597,9.276371882086167,4096,0,0,0.40926140546798706,0,66,1,66,66,66,66,0
1598,9.2821768707483,4096,0,0,0.418533056974411,0,66,1,66,66,66,66,0
1599,9.287981859410431,4096,0,0,0.41520529985427856,0,66,1,66,66,66,66,0
1600,9.293786848072562,4096,0,0,0.39982596039772034,0,66,1,66,66,66,66,0
1601,9.299591836734693,4096,0,0,0.4104776382446289,0,66,1,66,66,66,66,0
1602,9.305396825396825,4096,0,0,0.4065951406955719,0,66,1,66,66,66,66,0
1603,9.311201814058958,4096,0,0,0.37581637501716614,0,66,1,66,66,66,66,0
1604,9.317006802721089,4096,0,0,0.36333879828453064,0,66,1,66,66,66,66,0
1605,9.32281179138322,4096,0,0,0.3627746105194092,0,66,1,66,66,66,66,0
1606,9.328616780045351,4096,0,0,0.3716101348400116,0,66,1,66,66,66,66,0
1607,9.334421768707482,4096,0,0,0.33586394786834717,0,66,1,66,66,66,66,0
1608,9.340226757369615,4096,0,0,0.34168770909309387,0,66,1,66,66,66,66,0
1609,9.346031746031747,4096,0,0,0.35368871688842773,0,66,1,66,66,66,66,0
1610,9.351836734693878,4096,0,0,0.3381543755531311,0,66,1,66,66,66,66,0
1611,9.357641723356009,4096,0,0,0.32299861311912537,0,66,1,66,66,66,66,0
1612,9.36344671201814,4096,0,0,0.31639596819877625,0,66,1,66,66,66,66,0
1613,9.369251700680271,4096,0,0,0.3416654169559479,0,66,1,66,66,66,66,0
1614,9.375056689342404,4096,0,0,0.3555178940296173,0,66,1,66,66,66,66,0
1615,9.380861678004536,4096,0,0,0.33208638429641724,0,66,1,66,66,66,66,0
1616,9.386666666666667,4096,0,0,0.32607007026672363,0,66,1,66,66,66,66,0
1617,9.392471655328798,4096,0,0,0.3237322270870209,0,66,1,66,66,66,66,0
1618,9.398276643990929,4096,0,0,0.23364920914173126,0,66,1,66,66,66,66,0
1619,9.404081632653062,4096,0,0,0.11361219733953476,0,66,1,66,66,66,66,0
1620,9.409886621315193,4096,0,0,0.06297928839921951,0,66,1,66,66,66,66,0
1621,9.415691609977324,4096,0,0,0.040353599935770035,0,66,1,66,66,66,66,0
1622,9.421496598639456,4096,0,0,0.03222986310720444,0,66,0,66,66,66,66,0
1623,9.427301587301587,4096,0,0,0.030346957966685295,0,66,0,66,-1,-1,-1,0
1624,9.433106575963718,4096,0,0,0.029205551370978355,0,66,0,66,-1,-1,-1,0
1625,9.438911564625851,4096,0,0,0.028159204870462418,0,66,0,66,-1,-1,-1,0
1626,9.444716553287982,512,1,0,0.03416448459029198,0,66,1,49,-1,-1,-1,0
1627,9.450521541950113,512,0,0,0.2819211483001709,0,-1,1,49,49,49,49,0
1628,9.456326530612245,512,0,0,0.2853943407535553,0,-1,1,64,49,49,49,0
1629,9.462131519274376,1024,0,0,0.32514235377311707,0,65,1,65,49,49,49,0
1630,9.467936507936509,1024,0,0,0.30790314078330994,0,65,1,65,65,49,49,0
1631,9.47374149659864,2048,0,1,0.315106064081192,0,65,1,65,65,49,49,0
1632,9.479546485260771,2048,0,0,0.3111511468887329,0,65,1,65,65,49,49,0
1633,9.485351473922902,2048,0,0,0.31607210636138916,0,65,1,65,65,49,49,0
1634,9.491156462585034,2048,0,0,0.3193124532699585,0,65,1,65,65,49,49,0
1635,9.496961451247165,4096,0,0,0.32011404633522034,0,65,0,65,65,49,49,0
1636,9.502766439909298,4096,0,0,0.31473273038864136,0,65,0,65,-1,-1,-1,0
1637,9.508571428571429,4096,0,0,0.31012943387031555,0,65,0,65,-1,-1,-1,0
1638,9.51437641723356,4096,0,0,0.30554983019828796,0,65,0,65,-1,-1,-1,0
1639,9.520181405895691,4096,0,0,0.3054192364215851,0,65,1,65,-1,-1,-1,0
1640,9.525986394557822,4096,0,0,0.29980477690696716,0,65,1,65,65,65,65,0
1641,9.531791383219955,4096,0,0,0.28711962699890137,0,65,1,65,65,65,65,0
1642,9.537596371882087,4096,0,0,0.2747178375720978,0,65,1,65,65,65,65,0
1643,9.543401360544218,4096,0,0,0.26768770813941956,0,65,1,65,65,65,65,0
1644,9.549206349206349,4096,0,0,0.27279579639434814,0,65,1,65,65,65,65,0
1645,9.55501133786848,4096,0,0,0.2883848547935486,0,65,1,65,65,65,65,0
1646,9.560816326530611,4096,0,0,0.30233269929885864,0,65,1,65,65,65,65,0
1647,9.566621315192744,4096,0,0,0.30779337882995605,0,65,1,65,65,65,65,0
1648,9.572426303854876,4096,0,0,0.31361332535743713,0,65,1,65,65,65,65,0
1649,9.578231292517007,4096,0,0,0.3153109550476074,0,65,1,65,65,65,65,0
1650,9.584036281179138,4096,0,0,0.31837591528892517,0,65,1,65,65,65,65,0
1651,9.58984126984127,4096,0,0,0.3167027235031128,0,65,1,65,65,65,65,0
1652,9.595646258503402,4096,0,0,0.31408950686454773,0,65,1,65,65,65,65,0
1653,9.601451247165533,4096,0,0,0.31061315536499023,0,65,1,65,65,65,65,0
1654,9.607256235827665,4096,0,0,0.30811914801597595,0,65,1,65,65,65,65,0
1655,9.613061224489796,4096,0,0,0.30888330936431885,0,65,1,65,65,65,65,0
1656,9.618866213151927,4096,0,0,0.3077813386917114,0,65,1,65,65,65,65,0
1657,9.624671201814058,4096,0,0,0.3025743067264557,0,65,1,65,65,65,65,0
1658,9.630476190476191,4096,0,0,0.29523712396621704,0,65,1,65,65,65,65,0
1659,9.636281179138322,4096,0,0,0.28759127855300903,0,65,1,65,65,65,65,0
1660,9.642086167800453,4096,0,0,0.28091752529144287,0,65,1,65,65,65,65,0
1661,9.647891156462585,4096,0,0,0.27853941917419434,0,65,1,65,65,65,65,0
1662,9.653696145124716,4096,0,0,0.27449509501457214,0,65,1,65,65,65,65,0
1663,9.659501133786849,4096,0,0,0.2702694833278656,0,65,1,65,65,65,65,0
1664,9.66530612244898,4096,0,0,0.2676572799682617,0,65,1,65,65,65,65,0
1665,9.671111111111111,4096,0,0,0.26833871006965637,0,65,1,65,65,65,65,0
1666,9.676916099773242,4096,0,0,0.273866206407547,0,65,1,65,65,65,65,0
1667,9.682721088435374,4096,0,0,0.2804258465766907,0,65,1,65,65,65,65,0
1668,9.688526077097505,4096,0,0,0.28625282645225525,0,65,1,65,65,65,65,0
1669,9.694331065759638,4096,0,0,0.22881193459033966,0,65,1,65,65,65,65,0
1670,9.700136054421769,4096,0,0,0.10679182410240173,0,65,1,65,65,65,65,0
1671,9.7059410430839,4096,0,0,0.04951157048344612,0,65,1,65,65,65,65,0
1672,9.711746031746031,4096,0,0,0.034735504537820816,0,65,0,65,65,65,65,0
1673,9.717551020408163,4096,0,0,0.030864905565977097,0,65,0,65,-1,-1,-1,0
1674,9.723356009070296,4096,0,0,0.028981413692235947,0,65,0,65,-1,-1,-1,0
1675,9.729160997732427,4096,0,0,0.028289133682847023,0,65,0,65,-1,-1,-1,0
1676,9.734965986394558,4096,0,0,0.02783339098095894,0,65,0,65,-1,-1,-1,0
1677,9.740770975056689,4096,0,0,0.02918313443660736,0,65,0,65,-1,-1,-1,0
1678,9.74657596371882,4096,0,0,0.0294108297675848,0,-1,0,65,-1,-1,-1,0
1679,9.752380952380953,4096,0,0,0.02858472615480423,0,-1,0,65,-1,-1,-1,0
1680,9.758185941043084,4096,0,0,0.02901596948504448,0,-1,0,65,-1,-1,-1,0
1681,9.763990929705216,4096,0,0,0.029063362628221512,0,-1,0,65,-1,-1,-1,0
1682,9.769795918367347,4096,0,0,0.028155207633972168,0,-1,0,65,-1,-1,-1,0
1683,9.775600907029478,4096,0,0,0.02834765799343586,0,-1,0,72,-1,-1,-1,0
1684,9.78140589569161,4096,0,0,0.028259510174393654,0,-1,0,72,-1,-1,-1,0
1685,9.787210884353742,4096,0,0,0.027887962758541107,0,-1,0,59,-1,-1,-1,0
1686,9.793015873015873,4096,0,0,0.027842223644256592,0,-1,0,59,-1,-1,-1,0
1687,9.798820861678005,4096,0,0,0.027683520689606667,0,-1,0,59,-1,-1,-1,0
1688,9.804625850340136,4096,0,0,0.027514906600117683,0,-1,0,59,-1,-1,-1,0
1689,9.810430839002267,4096,0,0,0.028365617617964745,0,-1,0,59,-1,-1,-1,0
1690,9.8162358276644,4096,0,0,0.02989879436790943,0,-1,0,59,-1,-1,-1,0
1691,9.822040816326531,4096,0,0,0.030249731615185738,0,-1,0,59,-1,-1,-1,0
1692,9.827845804988662,4096,0,0,0.030397526919841766,0,-1,0,59,-1,-1,-1,0
1693,9.833650793650794,4096,0,0,0.030194487422704697,0,-1,0,59,-1,-1,-1,0
1694,9.839455782312925,4096,0,0,0.02932182513177395,0,-1,0,59,-1,-1,-1,0
1695,9.845260770975056,4096,0,0,0.028423646464943886,0,-1,0,59,-1,-1,-1,0
1696,9.851065759637189,512,1,0,0.1649763435125351,0,-1,1,59,-1,-1,-1,0
1697,9.85687074829932,512,0,0,0.38986027240753174,0,-1,1,53,-1,-1,-1,0
1698,9.862675736961451,512,0,0,0.4081742763519287,0,66,1,66,-1,-1,-1,0
1699,9.868480725623582,1024,0,0,0.41153714060783386,0,66,1,66,66,66,66,0
1700,9.874285714285714,1024,0,1,0.43175894021987915,0,66,1,66,66,66,66,0
1701,9.880090702947847,2048,0,0,0.41523662209510803,0,66,1,66,66,66,66,0
1702,9.885895691609978,2048,0,0,0.39049217104911804,0,66,1,66,66,66,66,0
1703,9.891700680272109,2048,0,0,0.38448166847229004,0,66,1,66,66,66,66,0
1704,9.89750566893424,2048,0,0,0.3890695869922638,0,66,1,66,66,66,66,0
1705,9.903310657596371,4096,0,0,0.3881693184375763,0,66,0,66,66,66,66,0
1706,9.909115646258503,4096,0,0,0.37972524762153625,0,66,0,66,-1,-1,-1,0
1707,9.914920634920636,4096,0,0,0.4096389710903168,0,66,0,66,-1,-1,-1,0
1708,9.920725623582767,4096,0,0,0.41509249806404114,0,66,0,66,-1,-1,-1,0
1709,9.926530612244898,4096,0,0,0.3884201645851135,0,66,0,66,-1,-1,-1,0
1710,9.93233560090703,4096,0,0,0.3739950358867645,0,66,1,66,-1,-1,-1,0
1711,9.93814058956916,4096,0,0,0.38363149762153625,0,66,1,66,66,66,66,0
1712,9.943945578231293,4096,0,0,0.4032439887523651,0,66,1,66,66,66,66,0
1713,9.949750566893425,4096,0,0,0.3834465742111206,0,66,1,66,66,66,66,0
1714,9.955555555555556,4096,0,0,0.3882964551448822,0,66,1,66,66,66,66,0
1715,9.961360544217687,4096,0,0,0.39516690373420715,0,66,1,66,66,66,66,0
1716,9.967165532879818,4096,0,0,0.3777470290660858,0,66,1,66,66,66,66,0
1717,9.97297052154195,4096,0,0,0.3591650724411011,0,66,1,66,66,66,66,0
1718,9.978775510204082,4096,0,0,0.36142781376838684,0,66,1,66,66,66,66,0
1719,9.984580498866213,4096,0,0,0.3919777274131775,0,66,1,66,66,66,66,0
1720,9.990385487528345,4096,0,0,0.3844696581363678,0,66,1,66,66,66,66,0
1721,9.996190476190476,4096,0,0,0.36679160594940186,0,66,1,66,66,66,66,0
1722,10.001995464852607,4096,0,0,0.3915713131427765,0,66,1,66,66,66,66,0
1723,10.00780045351474,4096,0,0,0.3813568651676178,0,66,1,66,66,66,66,0
1724,10.013605442176871,4096,0,0,0.34545469284057617,0,66,1,66,66,66,66,0
1725,10.019410430839002,4096,0,0,0.34076282382011414,0,66,1,66,66,66,66,0
1726,10.025215419501134,4096,0,0,0.3652285635471344,0,66,1,66,66,66,66,0
1727,10.031020408163265,4096,0,0,0.36533623933792114,0,66,1,66,66,66,66,0
1728,10.036825396825396,4096,0,0,0.3499401807785034,0,66,1,66,66,66,66,0
1729,10.042630385487529,4096,0,0,0.36704307794570923,0,66,1,66,66,66,66,0
1730,10.04843537414966,4096,0,0,0.3629056513309479,0,66,1,66,66,66,66,0
1731,10.054240362811791,4096,0,0,0.3280649781227112,0,66,1,66,66,66,66,0
1732,10.060045351473923,4096,0,0,0.31821030378341675,0,66,1,66,66,66,66,0
1733,10.065850340136054,4096,0,0,0.32617008686065674,0,66,1,66,66,66,66,0
1734,10.071655328798187,4096,0,0,0.34080323576927185,0,66,1,66,66,66,66,0
1735,10.077460317460318,4096,0,0,0.3250185549259186,0,66,1,66,66,66,66,0
1736,10.083265306122449,4096,0,0,0.3243057429790497,0,66,1,66,66,66,66,0
1737,10.08907029478458,4096,0,0,0.3414267301559448,0,66,1,66,66,66,66,0
1738,10.094875283446711,4096,0,0,0.319130539894104,0,66,1,66,66,66,66,0
1739,10.100680272108843,4096,0,0,0.23409615457057953,0,66,1,66,66,66,66,0
1740,10.106485260770976,4096,0,0,0.0862964391708374,0,66,1,66,66,66,66,0
1741,10.112290249433107,4096,0,0,0.05161987617611885,0,66,1,66,66,66,66,0
1742,10.118095238095238,4096,0,0,0.03886584937572479,0,66,1,66,66,66,66,0
1743,10.12390022675737,4096,0,0,0.030353860929608345,0,66,0,66,66,66,66,0
1744,10.1297052154195,4096,0,0,0.02898823842406273,0,66,0,66,-1,-1,-1,0
1745,10.135510204081633,4096,0,0,0.02857774868607521,0,66,0,66,-1,-1,-1,0
1746,10.141315192743765,4096,0,0,0.028678033500909805,0,66,0,66,-1,-1,-1,0
1747,10.147120181405896,512,1,0,0.028727339580655098,0,66,0,59,-1,-1,-1,0
1748,10.152925170068027,512,0,0,0.029205026105046272,0,-1,1,59,-1,-1,-1,0
1749,10.158730158730158,512,0,0,0.029364824295043945,0,-1,1,59,59,59,59,0
1750,10.164535147392291,1024,0,0,0.027225090190768242,0,-1,0,59,59,59,59,0
1751,10.170340136054422,1024,0,0,0.0270348209887743,0,-1,0,59,-1,-1,-1,0
1752,10.176145124716554,2048,0,0,0.027803625911474228,0,-1,0,59,-1,-1,-1,0
1753,10.181950113378685,2048,0,0,0.02771816775202751,0,-1,0,59,-1,-1,-1,0
1754,10.187755102040816,2048,0,0,0.02745111845433712,0,-1,0,59,-1,-1,-1,0
1755,10.193560090702947,2048,0,0,0.02732257917523384,0,-1,0,59,-1,-1,-1,0
1756,10.19936507936508,4096,0,0,0.027884284034371376,0,-1,0,72,-1,-1,-1,0
1757,10.205170068027211,4096,0,0,0.027986636385321617,0,-1,0,59,-1,-1,-1,0
1758,10.210975056689342,4096,0,0,0.0273649450391531,0,-1,0,59,-1,-1,-1,0
1759,10.216780045351474,4096,0,0,0.02733735740184784,0,-1,0,59,-1,-1,-1,0
1760,10.222585034013605,4096,0,0,0.028137728571891785,0,-1,0,59,-1,-1,-1,0
1761,10.228390022675738,4096,0,0,0.028214959427714348,0,-1,0,59,-1,-1,-1,0
1762,10.234195011337869,4096,0,0,0.028294723480939865,0,-1,0,59,-1,-1,-1,0
1763,10.24,4096,0,0,0.028643455356359482,0,-1,0,59,-1,-1,-1,0
1764,10.245804988662131,4096,0,0,0.028790045529603958,0,-1,0,59,-1,-1,-1,0
1765,10.251609977324263,4096,0,0,0.029756294563412666,0,-1,0,59,-1,-1,-1,0
1766,10.257414965986394,4096,0,0,0.029553940519690514,0,-1,0,59,-1,-1,-1,0
1767,10.263219954648527,512,1,0,0.031157055869698524,0,-1,1,59,-1,-1,-1,0
1768,10.269024943310658,512,0,0,0.44892221689224243,0,-1,1,59,59,59,59,0
1769,10.27482993197279,512,0,0,0.43311557173728943,0,70,1,70,59,59,59,0
1770,10.28063492063492,1024,0,0,0.4271669089794159,0,70,1,70,70,59,59,0
1771,10.286439909297052,1024,0,1,0.3609204888343811,0,70,1,70,70,59,59,0
1772,10.292244897959185,2048,0,0,0.3277265727519989,0,70,1,70,70,59,59,0
1773,10.298049886621316,2048,0,0,0.4194588363170624,0,70,1,70,70,59,59,0
1774,10.303854875283447,2048,0,0,0.4898756146430969,0,70,1,70,70,59,59,0
1775,10.309659863945578,2048,0,0,0.4429320693016052,0,70,1,70,70,59,59,0
1776,10.31546485260771,4096,0,0,0.42883288860321045,0,70,0,70,70,59,59,0
1777,10.32126984126984,4096,0,0,0.4429377615451813,0,70,1,70,70,59,59,0
1778,10.327074829931973,4096,0,0,0.39761972427368164,0,70,1,70,70,59,59,0
1779,10.332879818594105,4096,0,0,0.4358065724372864,0,70,1,70,70,59,59,0
1780,10.338684807256236,4096,0,0,0.448781281709671,0,70,1,70,70,59,59,0
1781,10.344489795918367,4096,0,0,0.3708760142326355,0,70,1,70,70,59,59,0
1782,10.350294784580498,4096,0,0,0.3398658335208893,0,70,1,70,70,59,59,0
1783,10.356099773242631,4096,0,0,0.3430079519748688,0,70,1,70,70,59,59,0
1784,10.361904761904762,4096,0,0,0.35529211163520813,0,70,1,70,70,59,59,0
1785,10.367709750566894,4096,0,0,0.3952381908893585,0,70,1,70,70,59,59,0
1786,10.373514739229025,4096,0,0,0.4097622036933899,0,70,1,70,70,59,59,0
1787,10.379319727891156,4096,0,0,0.397172749042511,0,70,1,70,70,59,59,0
1788,10.385124716553287,4096,0,0,0.3658292889595032,0,70,1,70,70,59,59,0
1789,10.39092970521542,4096,0,0,0.39458245038986206,0,70,1,70,70,59,59,0
1790,10.396734693877551,4096,0,0,0.41928374767303467,0,70,1,70,70,59,59,0
1791,10.402539682539683,4096,0,0,0.420388787984848,0,70,1,70,70,59,59,0
1792,10.408344671201814,4096,0,0,0.4008619487285614,0,70,1,70,70,59,59,0
1793,10.414149659863945,4096,0,0,0.3636782169342041,0,70,1,70,70,59,59,0
1794,10.419954648526078,4096,0,0,0.3371606767177582,0,70,1,70,70,59,59,0
1795,10.425759637188209,4096,0,0,0.34067249298095703,0,70,1,70,70,59,59,0
1796,10.43156462585034,4096,0,0,0.36216413974761963,0,70,1,70,70,59,59,0
1797,10.437369614512471,4096,0,0,0.3298087418079376,0,70,1,70,70,59,59,0
1798,10.443174603174603,4096,0,0,0.30758264660835266,0,70,1,70,70,59,59,0
1799,10.448979591836734,4096,0,0,0.3134477734565735,0,70,1,70,70,59,59,0
1800,10.454784580498867,4096,0,0,0.3104316294193268,0,70,1,70,70,59,59,0
1801,10.460589569160998,4096,0,0,0.34252864122390747,0,70,1,70,70,59,59,0
1802,10.46639455782313,4096,0,0,0.3647298812866211,0,70,1,70,70,59,59,0
1803,10.47219954648526,4096,0,0,0.31530341506004333,0,70,1,70,70,59,59,0
1804,10.478004535147392,4096,0,0,0.3061267137527466,0,70,1,70,70,59,59,0
1805,10.483809523809525,4096,0,0,0.3199394643306732,0,70,1,70,70,59,59,0
1806,10.489614512471656,4096,0,0,0.27496537566185,0,70,1,70,70,59,59,0
1807,10.495419501133787,4096,0,0,0.2611294686794281,0,70,1,70,70,59,59,0
1808,10.501224489795918,4096,0,0,0.28835856914520264,0,70,1,70,70,59,59,0
1809,10.50702947845805,4096,0,0,0.30923229455947876,0,70,1,70,70,59,59,0
1810,10.51283446712018,4096,0,0,0.3352680802345276,0,70,1,70,70,59,59,0
1811,10.518639455782314,4096,0,0,0.3471894860267639,0,70,1,70,70,59,59,0
1812,10.524444444444445,4096,0,0,0.3051614761352539,0,70,1,70,70,59,59,0
1813,10.530249433106576,4096,0,0,0.2910136580467224,0,70,1,70,70,59,59,0
1814,10.536054421768707,4096,0,0,0.1652209311723709,0,70,1,70,70,59,59,0
1815,10.541859410430838,4096,0,0,0.05589946731925011,0,70,1,70,70,59,59,0
1816,10.547664399092971,4096,0,0,0.03226727992296219,0,70,1,70,70,59,59,0
1817,10.553469387755102,4096,0,0,0.028472566977143288,0,70,0,70,70,59,59,0
1818,10.559274376417234,4096,0,0,0.028102567419409752,0,70,0,70,-1,-1,-1,0
1819,10.565079365079365,4096,0,0,0.027649231255054474,0,70,0,70,-1,-1,-1,0
1820,10.570884353741496,4096,0,0,0.027390899136662483,0,-1,0,70,-1,-1,-1,0
1821,10.576689342403627,4096,0,0,0.027743041515350342,0,-1,0,70,-1,-1,-1,0
1822,10.58249433106576,4096,0,0,0.027176475152373314,0,-1,0,69,-1,-1,-1,0
1823,10.588299319727891,4096,0,0,0.027036897838115692,0,-1,0,69,-1,-1,-1,0
1824,10.594104308390023,4096,0,0,0.026901019737124443,0,-1,0,69,-1,-1,-1,0
1825,10.599909297052154,4096,0,0,0.026830608025193214,0,-1,0,69,-1,-1,-1,0
1826,10.605714285714285,4096,0,0,0.02691112458705902,0,-1,0,69,-1,-1,-1,0
1827,10.611519274376418,4096,0,0,0.02724314294755459,0,-1,0,69,-1,-1,-1,0
1828,10.61732426303855,4096,0,0,0.027985598891973495,0,-1,0,72,-1,-1,-1,0
1829,10.62312925170068,4096,0,0,0.028820347040891647,0,-1,0,59,-1,-1,-1,0
1830,10.628934240362812,4096,0,0,0.028094766661524773,0,-1,0,59,-1,-1,-1,0
1831,10.634739229024943,4096,0,0,0.02772986702620983,0,-1,0,59,-1,-1,-1,0
1832,10.640544217687076,4096,0,0,0.027952635660767555,0,-1,0,59,-1,-1,-1,0
1833,10.646349206349207,4096,0,0,0.028747379779815674,0,-1,0,59,-1,-1,-1,0
1834,10.652154195011338,4096,0,0,0.029226800426840782,0,-1,0,59,-1,-1,-1,0
1835,10.65795918367347,4096,0,0,0.029429107904434204,0,-1,0,59,-1,-1,-1,0
1836,10.6637641723356,4096,0,0,0.028766822069883347,0,-1,0,59,-1,-1,-1,0
1837,10.669569160997732,512,1,0,0.388985276222229,0,-1,1,59,-1,-1,-1,0
1838,10.675374149659865,512,0,0,0.32548829913139343,0,73,1,73,-1,-1,-1,0
1839,10.681179138321996,512,0,0,0.28579264879226685,0,73,1,73,73,73,73,0
1840,10.686984126984127,1024,0,1,0.28208041191101074,0,73,1,73,73,73,73,0
1841,10.692789115646258,1024,0,0,0.2772897183895111,0,73,1,73,73,73,73,0
1842,10.69859410430839,2048,0,0,0.22661010921001434,0,73,1,73,73,73,73,0
1843,10.704399092970522,2048,0,0,0.23298147320747375,0,73,1,73,73,73,73,0
1844,10.710204081632654,2048,0,0,0.2657982110977173,0,73,1,73,73,73,73,0
1845,10.716009070294785,2048,0,0,0.30741050839424133,0,73,1,73,73,73,73,0
1846,10.721814058956916,4096,0,0,0.31002745032310486,0,73,0,73,73,73,73,0
1847,10.727619047619047,4096,0,0,0.3667703866958618,0,73,0,73,-1,-1,-1,0
1848,10.733424036281178,4096,0,0,0.37310153245925903,0,73,0,73,-1,-1,-1,0
1849,10.739229024943311,4096,0,0,0.30717453360557556,0,73,0,73,-1,-1,-1,0
1850,10.745034013605443,4096,0,0,0.25800272822380066,0,73,0,73,-1,-1,-1,0
1851,10.750839002267574,4096,0,0,0.218968465924263,0,73,0,73,-1,-1,-1,0
1852,10.756643990929705,4096,0,0,0.2650326192378998,0,73,1,73,-1,-1,-1,0
1853,10.762448979591836,4096,0,0,0.2526435852050781,0,73,1,73,73,73,73,0
1854,10.768253968253969,4096,0,0,0.2336990386247635,0,73,1,73,73,73,73,0
1855,10.7740589569161,4096,0,0,0.2318565547466278,0,73,1,73,73,73,73,0
1856,10.779863945578231,4096,0,0,0.26708516478538513,0,73,1,73,73,73,73,0
1857,10.785668934240363,4096,0,0,0.3082684576511383,0,73,1,73,73,73,73,0
1858,10.791473922902494,4096,0,0,0.3200877606868744,0,73,1,73,73,73,73,0
1859,10.797278911564625,4096,0,0,0.31938353180885315,0,73,1,73,73,73,73,0
1860,10.803083900226758,4096,0,0,0.2965935170650482,0,73,1,73,73,73,73,0
1861,10.80888888888889,4096,0,0,0.2897028923034668,0,73,1,73,73,73,73,0
1862,10.81469387755102,4096,0,0,0.2810971438884735,0,73,1,73,73,73,73,0
1863,10.820498866213152,4096,0,0,0.2676562964916229,0,73,1,73,73,73,73,0
1864,10.826303854875283,4096,0,0,0.2766188681125641,0,73,1,73,73,73,73,0
1865,10.832108843537416,4096,0,0,0.2897842526435852,0,73,0,73,73,73,73,0
1866,10.837913832199547,4096,0,0,0.2795521020889282,0,73,0,73,-1,-1,-1,0
1867,10.843718820861678,4096,0,0,0.1881847083568573,0,73,0,73,-1,-1,-1,0
1868,10.84952380952381,4096,0,0,0.0753181204199791,0,73,0,73,-1,-1,-1,0
1869,10.85532879818594,4096,0,0,0.040442243218421936,0,73,0,73,-1,-1,-1,0
1870,10.861133786848072,4096,0,0,0.03138476610183716,0,73,0,73,-1,-1,-1,0
1871,10.866938775510205,4096,0,0,0.028153954073786736,0,73,0,73,-1,-1,-1,0
1872,10.872743764172336,4096,0,0,0.027288589626550674,0,73,0,73,-1,-1,-1,0
1873,10.878548752834467,4096,0,0,0.027311081066727638,0,-1,0,73,-1,-1,-1,0
1874,10.884353741496598,4096,0,0,0.02793210931122303,0,-1,0,73,-1,-1,-1,0
1875,10.89015873015873,4096,0,0,0.027974359691143036,0,-1,0,73,-1,-1,-1,0
1876,10.895963718820862,4096,0,0,0.027333416044712067,0,-1,0,72,-1,-1,-1,0
1877,10.901768707482994,4096,0,0,0.027469314634799957,0,-1,0,72,-1,-1,-1,0
1878,10.907573696145125,512,1,0,0.028740469366312027,0,-1,0,59,-1,-1,-1,0
1879,10.913378684807256,512,0,0,0.02872377634048462,0,-1,0,59,-1,-1,-1,0
1880,10.919183673469387,512,0,0,0.028199587017297745,0,-1,0,59,-1,-1,-1,0
1881,10.924988662131518,1024,0,0,0.027852343395352364,0,-1,0,59,-1,-1,-1,0
1882,10.930793650793651,1024,0,0,0.02757658064365387,0,-1,0,59,-1,-1,-1,0
1883,10.936598639455783,2048,0,0,0.027532994747161865,0,-1,0,59,-1,-1,-1,0
1884,10.942403628117914,2048,0,0,0.027828259393572807,0,-1,0,59,-1,-1,-1,0
1885,10.948208616780045,2048,0,0,0.028617708012461662,0,-1,0,59,-1,-1,-1,0
1886,10.954013605442176,2048,0,0,0.029803114011883736,0,-1,0,59,-1,-1,-1,0
1887,10.95981859410431,4096,0,0,0.028989307582378387,0,-1,0,59,-1,-1,-1,0
1888,10.96562358276644,4096,0,0,0.028233112767338753,0,-1,0,59,-1,-1,-1,0
1889,10.971428571428572,4096,0,0,0.02834799513220787,0,-1,0,59,-1,-1,-1,0
1890,10.977233560090703,4096,0,0,0.028584878891706467,0,-1,0,59,-1,-1,-1,0
1891,10.983038548752834,4096,0,0,0.02854207530617714,0,-1,0,59,-1,-1,-1,0
1892,10.988843537414965,4096,0,0,0.02908039651811123,0,-1,0,59,-1,-1,-1,0
1893,10.994648526077098,4096,0,0,0.028704358264803886,0,-1,0,59,-1,-1,-1,0
1894,11.00045351473923,4096,0,0,0.028035208582878113,0,-1,0,59,-1,-1,-1,0
1895,11.00625850340136,4096,0,0,0.028077710419893265,0,-1,0,59,-1,-1,-1,0
1896,11.012063492063492,4096,0,0,0.027550870552659035,0,-1,0,59,-1,-1,-1,0
1897,11.017868480725623,512,1,0,0.45421379804611206,0,-1,1,59,-1,-1,-1,0
1898,11.023673469387756,512,0,0,0.36028411984443665,0,76,1,76,-1,-1,-1,0
1899,11.029478458049887,512,0,0,0.41501936316490173,0,76,1,76,76,76,76,0
1900,11.035283446712018,1024,0,1,0.3672611117362976,0,76,1,76,76,76,76,0
1901,11.04108843537415,1024,0,0,0.3889278769493103,0,76,1,76,76,76,76,0
1902,11.04689342403628,2048,0,0,0.4473158121109009,0,76,1,76,76,76,76,0
1903,11.052698412698414,2048,0,0,0.39368098974227905,0,76,1,76,76,76,76,0
1904,11.058503401360545,2048,0,0,0.37301400303840637,0,76,1,76,76,76,76,0
1905,11.064308390022676,2048,0,0,0.3723921477794647,0,76,1,76,76,76,76,0
1906,11.070113378684807,4096,0,0,0.42948809266090393,0,76,0,76,76,76,76,0
1907,11.075918367346938,4096,0,0,0.38152000308036804,0,76,0,76,-1,-1,-1,0
1908,11.08172335600907,4096,0,0,0.3700511157512665,0,76,0,76,-1,-1,-1,0
1909,11.087528344671203,4096,0,0,0.3684440851211548,0,76,0,76,-1,-1,-1,0
1910,11.093333333333334,4096,0,0,0.373995304107666,0,76,0,76,-1,-1,-1,0
1911,11.099138321995465,4096,0,0,0.3418448269367218,0,76,1,76,-1,-1,-1,0
1912,11.104943310657596,4096,0,0,0.37044399976730347,0,76,1,76,76,76,76,0
1913,11.110748299319727,4096,0,0,0.416352778673172,0,76,1,76,76,76,76,0
1914,11.11655328798186,4096,0,0,0.34601330757141113,0,76,1,76,76,76,76,0
1915,11.122358276643991,4096,0,0,0.3330206573009491,0,76,1,76,76,76,76,0
1916,11.128163265306123,4096,0,0,0.32394716143608093,0,76,1,76,76,76,76,0
1917,11.133968253968254,4096,0,0,0.35445117950439453,0,76,1,76,76,76,76,0
1918,11.139773242630385,4096,0,0,0.3346182703971863,0,76,1,76,76,76,76,0
1919,11.145578231292516,4096,0,0,0.31064194440841675,0,76,1,76,76,76,76,0
1920,11.15138321995465,4096,0,0,0.30841904878616333,0,76,1,76,76,76,76,0
1921,11.15718820861678,4096,0,0,0.31157055497169495,0,76,1,76,76,76,76,0
1922,11.162993197278912,4096,0,0,0.2842336595058441,0,76,1,76,76,76,76,0
1923,11.168798185941043,4096,0,0,0.3076840937137604,0,76,1,76,76,76,76,0
1924,11.174603174603174,4096,0,0,0.34153446555137634,0,76,1,76,76,76,76,0
1925,11.180408163265307,4096,0,0,0.3033016622066498,0,76,1,76,76,76,76,0
1926,11.186213151927438,4096,0,0,0.2963227331638336,0,76,1,76,76,76,76,0
1927,11.19201814058957,4096,0,0,0.31124964356422424,0,76,1,76,76,76,76,0
1928,11.1978231292517,4096,0,0,0.30520087480545044,0,76,1,76,76,76,76,0
1929,11.203628117913832,4096,0,0,0.30903559923171997,0,76,1,76,76,76,76,0
1930,11.209433106575963,4096,0,0,0.3454534411430359,0,76,1,76,76,76,76,0
1931,11.215238095238096,4096,0,0,0.30500954389572144,0,76,1,76,76,76,76,0
1932,11.221043083900227,4096,0,0,0.3008638918399811,0,76,1,76,76,76,76,0
1933,11.226848072562358,4096,0,0,0.30925458669662476,0,76,1,76,76,76,76,0
1934,11.23265306122449,4096,0,0,0.3151746094226837,0,76,1,76,76,76,76,0
1935,11.23845804988662,4096,0,0,0.3078777492046356,0,76,1,76,76,76,76,0
1936,11.244263038548754,4096,0,0,0.3371370732784271,0,76,1,76,76,76,76,0
1937,11.250068027210885,4096,0,0,0.30458447337150574,0,76,1,76,76,76,76,0
1938,11.255873015873016,4096,0,0,0.2955107092857361,0,76,1,76,76,76,76,0
1939,11.261678004535147,4096,0,0,0.29477933049201965,0,76,1,76,76,76,76,0
1940,11.267482993197278,4096,0,0,0.3177068531513214,0,76,1,76,76,76,76,0
1941,11.27328798185941,4096,0,0,0.32053640484809875,0,76,1,76,76,76,76,0
1942,11.279092970521543,4096,0,0,0.2866566777229309,0,76,1,76,76,76,76,0
1943,11.284897959183674,4096,0,0,0.27916160225868225,0,76,1,76,76,76,76,0
1944,11.290702947845805,4096,0,0,0.29534974694252014,0,76,1,76,76,76,76,0
1945,11.296507936507936,4096,0,0,0.300052672624588,0,76,1,76,76,76,76,0
1946,11.302312925170067,4096,0,0,0.29449617862701416,0,76,1,76,76,76,76,0
1947,11.3081179138322,4096,0,0,0.3019008934497833,0,76,1,76,76,76,76,0
1948,11.313922902494332,4096,0,0,0.28076985478401184,0,76,1,76,76,76,76,0
1949,11.319727891156463,4096,0,0,0.29064875841140747,0,76,1,76,76,76,76,0
1950,11.325532879818594,4096,0,0,0.2792576253414154,0,76,1,76,76,76,76,0
1951,11.331337868480725,4096,0,0,0.3002834618091583,0,76,1,76,76,76,76,0
1952,11.337142857142856,4096,0,0,0.3206007778644562,0,76,1,76,76,76,76,0
1953,11.34294784580499,4096,0,0,0.2865679860115051,0,76,1,76,76,76,76,0
1954,11.34875283446712,4096,0,0,0.27842652797698975,0,76,1,76,76,76,76,0
1955,11.354557823129252,4096,0,0,0.2802654206752777,0,76,1,76,76,76,76,0
1956,11.360362811791383,4096,0,0,0.3042733669281006,0,76,1,76,76,76,76,0
1957,11.366167800453514,4096,0,0,0.2998943626880646,0,76,1,76,76,76,76,0
1958,11.371972789115647,4096,0,0,0.29055672883987427,0,76,1,76,76,76,76,0
1959,11.377777777777778,4096,0,0,0.2761935293674469,0,76,1,76,76,76,76,0
1960,11.38358276643991,4096,0,0,0.2842976450920105,0,76,1,76,76,76,76,0
1961,11.38938775510204,4096,0,0,0.2761934697628021,0,76,1,76,76,76,76,0
1962,11.395192743764172,4096,0,0,0.30088213086128235,0,76,1,76,76,76,76,0
1963,11.400997732426303,4096,0,0,0.30972424149513245,0,76,1,76,76,76,76,0
1964,11.406802721088436,4096,0,0,0.28433099389076233,0,76,0,76,76,76,76,0
1965,11.412607709750567,4096,0,0,0.27215999364852905,0,76,1,76,76,76,76,0
1966,11.418412698412698,4096,0,0,0.2948974668979645,0,76,1,76,76,76,76,0
1967,11.42421768707483,4096,0,0,0.27324676513671875,0,76,1,76,76,76,76,0
1968,11.43002267573696,4096,0,0,0.296799898147583,0,76,1,76,76,76,76,0
1969,11.435827664399094,4096,0,0,0.3161088824272156,0,76,0,76,76,76,76,0
1970,11.441632653061225,4096,0,0,0.2768121659755707,0,76,0,76,-1,-1,-1,0
1971,11.447437641723356,4096,0,0,0.2744843065738678,0,76,1,76,-1,-1,-1,0
1972,11.453242630385487,4096,0,0,0.29143741726875305,0,76,1,76,76,76,76,0
1973,11.459047619047618,4096,0,0,0.2901495099067688,0,76,1,76,76,76,76,0
1974,11.464852607709751,4096,0,0,0.2939583659172058,0,76,1,76,76,76,76,0
1975,11.470657596371883,4096,0,0,0.2943006455898285,0,76,0,76,76,76,76,0
1976,11.476462585034014,4096,0,0,0.27361544966697693,0,76,0,76,-1,-1,-1,0
1977,11.482267573696145,4096,0,0,0.2742408514022827,0,76,0,76,-1,-1,-1,0
1978,11.488072562358276,4096,0,0,0.27555930614471436,0,76,1,76,-1,-1,-1,0
1979,11.493877551020407,4096,0,0,0.28625985980033875,0,76,1,76,76,76,76,0
1980,11.49968253968254,4096,0,0,0.28870338201522827,0,76,0,76,76,76,76,0
1981,11.505487528344672,4096,0,0,0.2705283463001251,0,76,0,76,-1,-1,-1,0
1982,11.511292517006803,4096,0,0,0.2623312771320343,0,76,0,76,-1,-1,-1,0
1983,11.517097505668934,4096,0,0,0.27564436197280884,0,76,0,76,-1,-1,-1,0
1984,11.522902494331065,4096,0,0,0.2661401033401489,0,76,1,76,-1,-1,-1,0
1985,11.528707482993198,4096,0,0,0.2811702787876129,0,76,0,76,-1,-1,-1,0
1986,11.53451247165533,4096,0,0,0.2653181552886963,0,76,0,76,-1,-1,-1,0
1987,11.54031746031746,4096,0,0,0.23162946105003357,0,76,0,76,-1,-1,-1,0
1988,11.546122448979592,4096,0,0,0.2551009953022003,0,76,0,76,-1,-1,-1,0
1989,11.551927437641723,4096,0,0,0.24781665205955505,0,76,0,76,-1,-1,-1,0
1990,11.557732426303854,4096,0,0,0.048757027834653854,0,76,0,76,-1,-1,-1,0
1991,11.563537414965987,4096,0,0,0.027392961084842682,0,76,0,76,-1,-1,-1,0
1992,11.569342403628118,4096,0,0,0.02749497815966606,0,76,0,76,-1,-1,-1,0
1993,11.57514739229025,4096,0,0,0.027349047362804413,0,-1,0,76,-1,-1,-1,0
1994,11.58095238095238,4096,0,0,0.027353569865226746,0,-1,0,76,-1,-1,-1,0
1995,11.586757369614512,4096,0,0,0.027999311685562134,0,-1,0,76,-1,-1,-1,0
1996,11.592562358276645,4096,0,0,0.028563834726810455,0,-1,0,76,-1,-1,-1,0
1997,11.598367346938776,4096,0,0,0.029275579378008842,0,-1,0,76,-1,-1,-1,0
1998,11.604172335600907,4096,0,0,0.029773438349366188,0,-1,0,76,-1,-1,-1,0
1999,11.609977324263038,4096,0,0,0.029614174738526344,0,-1,0,76,-1,-1,-1,0
2000,11.61578231292517,4096,0,0,0.02880190871655941,0,-1,0,76,-1,-1,-1,0
2001,11.6215873015873,4096,0,0,0.029150495305657387,0,-1,0,72,-1,-1,-1,0
2002,11.627392290249434,512,1,0,0.5131524205207825,0,-1,1,59,-1,-1,-1,0
2003,11.633197278911565,512,0,0,0.42517876625061035,0,74,1,74,-1,-1,-1,0
2004,11.639002267573696,512,0,0,0.43583405017852783,0,74,1,74,74,74,74,0
2005,11.644807256235827,1024,0,1,0.4478120505809784,0,74,1,74,74,74,74,0
2006,11.650612244897959,1024,0,0,0.4763893783092499,0,74,1,74,74,74,74,0
2007,11.656417233560092,2048,0,0,0.4204176962375641,0,74,1,74,74,74,74,0
2008,11.662222222222223,2048,0,0,0.4469887614250183,0,74,1,74,74,74,74,0
2009,11.668027210884354,2048,0,0,0.45706331729888916,0,74,1,74,74,74,74,0
2010,11.673832199546485,2048,0,0,0.3931749761104584,0,74,1,74,74,74,74,0
2011,11.679637188208616,4096,0,0,0.4724985659122467,0,74,0,74,74,74,74,0
2012,11.685442176870747,4096,0,0,0.4105526804924011,0,74,0,74,-1,-1,-1,0
2013,11.69124716553288,4096,0,0,0.39897626638412476,0,74,1,74,-1,-1,-1,0
2014,11.697052154195012,4096,0,0,0.44872432947158813,0,74,1,74,74,74,74,0
2015,11.702857142857143,4096,0,0,0.3768213391304016,0,74,1,74,74,74,74,0
2016,11.708662131519274,4096,0,0,0.43579936027526855,0,74,1,74,74,74,74,0
2017,11.714467120181405,4096,0,0,0.4110927879810333,0,74,1,74,74,74,74,0
2018,11.720272108843538,4096,0,0,0.3880380392074585,0,74,1,74,74,74,74,0
2019,11.72607709750567,4096,0,0,0.42863428592681885,0,74,1,74,74,74,74,0
2020,11.7318820861678,4096,0,0,0.4032682776451111,0,74,1,74,74,74,74,0
2021,11.737687074829932,4096,0,0,0.4445241093635559,0,74,1,74,74,74,74,0
2022,11.743492063492063,4096,0,0,0.4137043058872223,0,74,1,74,74,74,74,0
2023,11.749297052154194,4096,0,0,0.4408905506134033,0,74,1,74,74,74,74,0
2024,11.755102040816327,4096,0,0,0.4985211491584778,0,74,1,74,74,74,74,0
2025,11.760907029478458,4096,0,0,0.5004591345787048,0,73,1,74,74,74,74,0
2026,11.76671201814059,4096,0,0,0.44161561131477356,0,73,1,74,74,74,74,0
2027,11.77251700680272,4096,0,1,0.4646480083465576,0,73,1,74,74,74,74,0
2028,11.778321995464852,4096,0,0,0.45991185307502747,0,73,1,74,74,74,74,0
2029,11.784126984126985,4096,0,0,0.45885035395622253,0,73,1,74,74,74,74,0
2030,11.789931972789116,4096,0,0,0.5020734071731567,0,73,1,74,74,74,74,0
2031,11.795736961451247,4096,0,0,0.5117937326431274,0,73,1,74,74,74,74,0
2032,11.801541950113378,4096,0,0,0.5187751650810242,0,73,1,74,74,74,74,0
2033,11.80734693877551,4096,0,0,0.4447111487388611,0,73,1,74,74,74,74,0
2034,11.81315192743764,4096,0,0,0.34269386529922485,0,73,1,74,74,74,74,0
2035,11.818956916099774,4096,0,0,0.2935413718223572,0,73,1,74,74,74,74,0
2036,11.824761904761905,4096,0,0,0.28703993558883667,0,73,0,73,74,74,74,0
2037,11.830566893424036,4096,0,0,0.3073507845401764,0,73,0,73,-1,-1,-1,0
2038,11.836371882086167,4096,0,0,0.3178442120552063,0,73,0,73,-1,-1,-1,0
2039,11.842176870748299,4096,0,0,0.35670480132102966,0,73,0,73,-1,-1,-1,0
2040,11.847981859410432,4096,0,0,0.37930357456207275,0,73,0,73,-1,-1,-1,0
2041,11.853786848072563,4096,0,0,0.40899330377578735,0,73,0,73,-1,-1,-1,0
2042,11.859591836734694,4096,0,0,0.41025257110595703,0,73,0,73,-1,-1,-1,0
2043,11.865396825396825,4096,0,0,0.4106842875480652,0,73,0,73,-1,-1,-1,0
2044,11.871201814058956,4096,0,0,0.4157488942146301,0,73,0,73,-1,-1,-1,0
2045,11.877006802721088,4096,0,0,0.38074183464050293,0,73,0,73,-1,-1,-1,0
2046,11.88281179138322,4096,0,0,0.3898596465587616,0,73,0,73,-1,-1,-1,0
2047,11.888616780045352,4096,0,0,0.3629187047481537,0,73,0,73,-1,-1,-1,0
2048,11.894421768707483,4096,0,0,0.3111189305782318,0,73,0,73,-1,-1,-1,0
2049,11.900226757369614,4096,0,0,0.30381688475608826,0,73,0,73,-1,-1,-1,0
2050,11.906031746031745,4096,0,0,0.276029497385025,0,73,0,73,-1,-1,-1,0
2051,11.911836734693878,4096,0,0,0.25846028327941895,0,73,0,73,-1,-1,-1,0
2052,11.91764172335601,4096,0,0,0.25565654039382935,0,73,0,73,-1,-1,-1,0
2053,11.92344671201814,4096,0,0,0.2530895471572876,0,73,0,73,-1,-1,-1,0
2054,11.929251700680272,4096,0,0,0.25793078541755676,0,-1,0,73,-1,-1,-1,0
2055,11.935056689342403,4096,0,0,0.26793932914733887,0,-1,0,73,-1,-1,-1,0
2056,11.940861678004536,4096,0,0,0.2560509443283081,0,74,0,73,-1,-1,-1,0
2057,11.946666666666667,4096,0,0,0.2585616409778595,0,74,0,73,-1,-1,-1,0
2058,11.952471655328798,4096,0,1,0.25283098220825195,0,74,0,73,-1,-1,-1,0
2059,11.95827664399093,4096,0,0,0.25982317328453064,0,74,0,74,-1,-1,-1,0
2060,11.96408163265306,4096,0,0,0.2701140344142914,0,74,0,74,-1,-1,-1,0
2061,11.969886621315192,4096,0,0,0.26344209909439087,0,74,0,74,-1,-1,-1,0
2062,11.975691609977325,4096,0,0,0.2636489272117615,0,74,0,74,-1,-1,-1,0
2063,11.981496598639456,4096,0,0,0.257146954536438,0,74,1,74,-1,-1,-1,0
2064,11.987301587301587,4096,0,0,0.26485419273376465,0,74,1,74,74,74,74,0
2065,11.993106575963719,4096,0,0,0.27586907148361206,0,74,1,74,74,74,74,0
2066,11.99891156462585,4096,0,0,0.2643771469593048,0,74,1,74,74,74,74,0
2067,12.004716553287983,4096,0,0,0.2607060372829437,0,74,1,74,74,74,74,0
2068,12.010521541950114,4096,0,0,0.25815945863723755,0,74,1,74,74,74,74,0
2069,12.016326530612245,4096,0,0,0.26750561594963074,0,74,1,74,74,74,74,0
2070,12.022131519274376,4096,0,0,0.2751847505569458,0,74,1,74,74,74,74,0
2071,12.027936507936507,4096,0,0,0.26272353529930115,0,74,1,74,74,74,74,0
2072,12.033741496598639,4096,0,0,0.264499694108963,0,74,1,74,74,74,74,0
2073,12.039546485260772,4096,0,0,0.2640814781188965,0,74,1,74,74,74,74,0
2074,12.045351473922903,4096,0,0,0.26829829812049866,0,74,1,74,74,74,74,0
2075,12.051156462585034,4096,0,0,0.2771792709827423,0,74,1,74,74,74,74,0
2076,12.056961451247165,4096,0,0,0.26310834288597107,0,74,1,74,74,74,74,0
2077,12.062766439909296,4096,0,0,0.2621862292289734,0,74,1,74,74,74,74,0
2078,12.06857142857143,4096,0,0,0.26230189204216003,0,74,1,74,74,74,74,0
2079,12.07437641723356,4096,0,0,0.2693624496459961,0,74,1,74,74,74,74,0
2080,12.080181405895692,4096,0,0,0.2794622480869293,0,74,1,74,74,74,74,0
2081,12.085986394557823,4096,0,0,0.2592602074146271,0,74,1,74,74,74,74,0
2082,12.091791383219954,4096,0,0,0.26099786162376404,0,74,1,74,74,74,74,0
2083,12.097596371882085,4096,0,0,0.2652537226676941,0,74,1,74,74,74,74,0
2084,12.103401360544218,4096,0,0,0.27239903807640076,0,74,1,74,74,74,74,0
2085,12.10920634920635,4096,0,0,0.2802692651748657,0,74,1,74,74,74,74,0
2086,12.11501133786848,4096,0,0,0.2605535686016083,0,74,1,74,74,74,74,0
2087,12.120816326530612,4096,0,0,0.26567506790161133,0,74,1,74,74,74,74,0
2088,12.126621315192743,4096,0,0,0.2690710127353668,0,74,1,74,74,74,74,0
2089,12.132426303854876,4096,0,0,0.27150022983551025,0,74,1,74,74,74,74,0
2090,12.138231292517007,4096,0,0,0.2805684804916382,0,-1,1,74,74,74,74,0
2091,12.144036281179138,4096,0,0,0.23996520042419434,0,-1,1,74,74,74,74,0
2092,12.14984126984127,4096,0,0,0.40856415033340454,0,-1,1,74,74,74,74,0
2093,12.1556462585034,4096,0,0,0.4472963213920593,0,73,1,74,74,74,74,0
2094,12.161451247165532,4096,0,0,0.40597203373908997,0,73,0,74,74,74,74,0
2095,12.167256235827665,4096,0,1,0.33396196365356445,0,73,1,74,74,74,74,0
2096,12.173061224489796,4096,0,0,0.34322482347488403,0,73,1,74,74,74,74,0
2097,12.178866213151927,4096,0,0,0.36365628242492676,0,73,0,74,74,74,74,0
2098,12.184671201814059,4096,0,0,0.3145752549171448,0,73,0,74,-1,-1,-1,0
2099,12.19047619047619,4096,0,0,0.25762659311294556,0,73,0,74,-1,-1,-1,0
2100,12.196281179138323,4096,0,0,0.2650687098503113,0,73,0,74,-1,-1,-1,0
2101,12.202086167800454,4096,0,0,0.3032248020172119,0,73,0,73,-1,-1,-1,0
2102,12.207891156462585,4096,0,0,0.37550437450408936,0,73,0,73,-1,-1,-1,0
2103,12.213696145124716,4096,0,0,0.437100350856781,0,73,0,73,-1,-1,-1,0
2104,12.219501133786848,4096,0,0,0.4386691153049469,0,73,0,73,-1,-1,-1,0
2105,12.225306122448979,4096,0,0,0.4178583025932312,0,73,0,73,-1,-1,-1,0
2106,12.231111111111112,4096,0,0,0.3984373211860657,0,73,0,73,-1,-1,-1,0
2107,12.236916099773243,4096,0,0,0.40417593717575073,0,73,0,73,-1,-1,-1,0
2108,12.242721088435374,4096,0,0,0.43697047233581543,0,73,0,73,-1,-1,-1,0
2109,12.248526077097505,4096,0,0,0.3744528591632843,0,73,0,73,-1,-1,-1,0
2110,12.254331065759636,4096,0,0,0.33961284160614014,0,73,0,73,-1,-1,-1,0
2111,12.26013605442177,4096,0,0,0.31279614567756653,0,73,0,73,-1,-1,-1,0
2112,12.2659410430839,4096,0,0,0.349822998046875,0,73,0,73,-1,-1,-1,0
2113,12.271746031746032,4096,0,0,0.3656827211380005,0,73,0,73,-1,-1,-1,0
2114,12.277551020408163,4096,0,0,0.352629154920578,0,73,0,73,-1,-1,-1,0
2115,12.283356009070294,4096,0,0,0.35089588165283203,0,73,0,73,-1,-1,-1,0
2116,12.289160997732425,4096,0,0,0.37751659750938416,0,73,0,73,-1,-1,-1,0
2117,12.294965986394558,4096,0,0,0.40276169776916504,0,73,0,73,-1,-1,-1,0
2118,12.30077097505669,4096,0,0,0.3578193485736847,0,73,0,73,-1,-1,-1,0
2119,12.30657596371882,4096,0,0,0.13496455550193787,0,73,0,73,-1,-1,-1,0
2120,12.312380952380952,4096,0,0,0.03962880000472069,0,73,0,73,-1,-1,-1,0
2121,12.318185941043083,4096,0,0,0.028454843908548355,0,73,0,73,-1,-1,-1,0
2122,12.323990929705216,4096,0,0,0.027484452351927757,0,73,0,73,-1,-1,-1,0
2123,12.329795918367347,4096,0,0,0.028310157358646393,0,73,0,73,-1,-1,-1,0
2124,12.335600907029479,4096,0,0,0.028452834114432335,0,-1,0,73,-1,-1,-1,0
2125,12.34140589569161,4096,0,0,0.027938121929764748,0,-1,0,73,-1,-1,-1,0
2126,12.347210884353741,512,1,0,0.20645739138126373,0,-1,1,59,-1,-1,-1,0
2127,12.353015873015874,512,0,0,0.2890128791332245,0,71,1,58,-1,-1,-1,0
2128,12.358820861678005,512,0,0,0.2819841802120209,0,71,1,65,-1,-1,-1,0
2129,12.364625850340136,1024,0,1,0.2725673019886017,0,71,1,70,-1,-1,-1,0
2130,12.370430839002267,1024,0,0,0.2595089077949524,0,71,1,71,-1,-1,-1,0
2131,12.376235827664399,2048,0,0,0.2742806673049927,0,71,1,71,71,71,71,0
2132,12.38204081632653,2048,0,0,0.2849092185497284,0,71,1,71,71,71,71,0
2133,12.387845804988663,2048,0,0,0.2933773100376129,0,71,1,71,71,71,71,0
2134,12.393650793650794,2048,0,0,0.2772611677646637,0,71,1,71,71,71,71,0
2135,12.399455782312925,4096,0,0,0.2853555679321289,0,71,0,71,71,71,71,0
2136,12.405260770975056,4096,0,0,0.27791133522987366,0,71,0,71,-1,-1,-1,0
2137,12.411065759637188,4096,0,0,0.26182955503463745,0,71,0,71,-1,-1,-1,0
2138,12.41687074829932,4096,0,0,0.2728521227836609,0,71,0,71,-1,-1,-1,0
2139,12.422675736961452,4096,0,0,0.28339147567749023,0,71,0,71,-1,-1,-1,0
2140,12.428480725623583,4096,0,0,0.2736414670944214,0,71,0,71,-1,-1,-1,0
2141,12.434285714285714,4096,0,0,0.2655229866504669,0,71,0,71,-1,-1,-1,0
2142,12.440090702947845,4096,0,0,0.27128690481185913,0,71,0,71,-1,-1,-1,0
2143,12.445895691609977,4096,0,0,0.2648709714412689,0,71,0,71,-1,-1,-1,0
2144,12.45170068027211,4096,0,0,0.2544904053211212,0,71,0,71,-1,-1,-1,0
2145,12.45750566893424,4096,0,0,0.27135390043258667,0,71,0,71,-1,-1,-1,0
2146,12.463310657596372,4096,0,0,0.2831965684890747,0,71,0,71,-1,-1,-1,0
2147,12.469115646258503,4096,0,0,0.2642170786857605,0,71,0,71,-1,-1,-1,0
2148,12.474920634920634,4096,0,0,0.266244113445282,0,71,0,71,-1,-1,-1,0
2149,12.480725623582767,4096,0,0,0.2740018665790558,0,71,0,71,-1,-1,-1,0
2150,12.486530612244898,4096,0,0,0.26386380195617676,0,71,0,71,-1,-1,-1,0
2151,12.49233560090703,4096,0,0,0.26629921793937683,0,71,0,71,-1,-1,-1,0
2152,12.49814058956916,4096,0,0,0.28958550095558167,0,71,0,71,-1,-1,-1,0
2153,12.503945578231292,4096,0,0,0.29367032647132874,0,71,0,71,-1,-1,-1,0
2154,12.509750566893423,4096,0,0,0.2697848975658417,0,71,0,71,-1,-1,-1,0
2155,12.515555555555556,4096,0,0,0.28144851326942444,0,71,0,71,-1,-1,-1,0
2156,12.521360544217687,4096,0,0,0.2824344336986542,0,71,0,71,-1,-1,-1,0
2157,12.527165532879819,4096,0,0,0.23975339531898499,0,71,0,71,-1,-1,-1,0
2158,12.53297052154195,4096,0,0,0.1651538610458374,0,71,0,71,-1,-1,-1,0
2159,12.538775510204081,4096,0,0,0.08747830986976624,0,71,0,71,-1,-1,-1,0
2160,12.544580498866214,4096,0,0,0.05506289005279541,0,71,0,71,-1,-1,-1,0
2161,12.550385487528345,4096,0,0,0.08111085742712021,0,71,0,71,-1,-1,-1,0
2162,12.556190476190476,4096,0,0,0.316983163356781,0,71,0,71,-1,-1,-1,0
2163,12.561995464852608,4096,0,0,0.3125074505805969,0,-1,0,71,-1,-1,-1,0
2164,12.567800453514739,4096,0,0,0.3071891665458679,0,-1,0,71,-1,-1,-1,0
2165,12.57360544217687,4096,0,0,0.3054077625274658,0,-1,0,71,-1,-1,-1,0
2166,12.579410430839003,4096,0,0,0.3241322636604309,0,-1,0,67,-1,-1,-1,0
2167,12.585215419501134,4096,0,0,0.312340646982193,0,66,0,67,-1,-1,-1,0
2168,12.591020408163265,4096,0,0,0.2887449562549591,0,66,0,67,-1,-1,-1,0
2169,12.596825396825396,4096,0,0,0.3199651837348938,0,66,0,65,-1,-1,-1,0
2170,12.602630385487528,4096,0,0,0.3150634169578552,0,66,0,65,-1,-1,-1,0
2171,12.60843537414966,4096,0,0,0.3039800226688385,0,66,0,66,-1,-1,-1,0
2172,12.614240362811792,4096,0,0,0.2991221845149994,0,66,0,66,-1,-1,-1,0
2173,12.620045351473923,4096,0,0,0.32378721237182617,0,66,1,66,-1,-1,-1,0
2174,12.625850340136054,4096,0,0,0.3196924030780792,0,66,1,66,66,66,66,0
2175,12.631655328798185,4096,0,0,0.294912725687027,0,66,1,66,66,66,66,0
2176,12.637460317460317,4096,0,0,0.3151896893978119,0,66,1,66,66,66,66,0
2177,12.64326530612245,4096,0,0,0.31157514452934265,0,66,1,66,66,66,66,0
2178,12.64907029478458,4096,0,0,0.29235389828681946,0,66,1,66,66,66,66,0
2179,12.654875283446712,4096,0,0,0.2843789756298065,0,66,1,66,66,66,66,0
2180,12.660680272108843,4096,0,0,0.3087162375450134,0,66,1,66,66,66,66,0
2181,12.666485260770974,4096,0,0,0.3093761205673218,0,66,1,66,66,66,66,0
2182,12.672290249433107,4096,0,0,0.2862258851528168,0,66,1,66,66,66,66,0
2183,12.678095238095239,4096,0,0,0.30881550908088684,0,66,1,66,66,66,66,0
2184,12.68390022675737,4096,0,0,0.30998432636260986,0,66,1,66,66,66,66,0
2185,12.689705215419501,4096,0,0,0.29417935013771057,0,66,1,66,66,66,66,0
2186,12.695510204081632,4096,0,0,0.27829068899154663,0,66,1,66,66,66,66,0
2187,12.701315192743763,4096,0,0,0.3048540949821472,0,66,1,66,66,66,66,0
2188,12.707120181405896,4096,0,0,0.30941152572631836,0,66,1,66,66,66,66,0
2189,12.712925170068027,4096,0,0,0.28964751958847046,0,66,1,66,66,66,66,0
2190,12.718730158730159,4096,0,0,0.3068532943725586,0,66,1,66,66,66,66,0
2191,12.72453514739229,4096,0,0,0.29842478036880493,0,66,1,66,66,66,66,0
2192,12.730340136054421,4096,0,0,0.28490662574768066,0,66,1,66,66,66,66,0
2193,12.736145124716554,4096,0,0,0.2875845730304718,0,66,1,66,66,66,66,0
2194,12.741950113378685,4096,0,0,0.30833902955055237,0,66,1,66,66,66,66,0
2195,12.747755102040816,4096,0,0,0.2993355095386505,0,66,1,66,66,66,66,0
2196,12.753560090702948,4096,0,0,0.27673399448394775,0,-1,1,66,66,66,66,0
2197,12.759365079365079,4096,0,0,0.3150138556957245,0,64,1,66,66,66,66,0
2198,12.765170068027212,4096,0,0,0.31885915994644165,0,64,1,66,66,66,66,0
2199,12.770975056689343,4096,0,1,0.32454046607017517,0,64,1,66,66,66,66,0
2200,12.776780045351474,4096,0,0,0.3242032527923584,0,64,1,66,66,66,66,0
2201,12.782585034013605,4096,0,0,0.3260914981365204,0,64,1,66,66,66,66,0
2202,12.788390022675737,4096,0,0,0.3204871118068695,0,64,1,65,66,66,66,0
2203,12.794195011337868,4096,0,0,0.3076607882976532,0,64,1,65,65,66,66,0
2204,12.8,4096,0,0,0.30150583386421204,0,64,1,65,65,66,66,0
2205,12.805804988662132,4096,0,0,0.2828167974948883,0,64,1,65,65,66,66,0
2206,12.811609977324263,4096,0,0,0.2602136433124542,0,64,1,65,65,66,66,0
2207,12.817414965986394,4096,0,0,0.2742772698402405,0,64,1,65,65,66,66,0
2208,12.823219954648525,4096,0,0,0.28029578924179077,0,64,1,65,65,66,66,0
2209,12.829024943310658,4096,0,0,0.2871207296848297,0,64,1,65,65,66,66,0
2210,12.83482993197279,4096,0,0,0.2838250696659088,0,64,1,64,65,66,66,0
2211,12.84063492063492,4096,0,0,0.27965131402015686,0,64,1,64,64,66,66,0
2212,12.846439909297052,4096,0,0,0.2712758779525757,0,64,1,64,64,66,66,0
2213,12.852244897959183,4096,0,0,0.26028889417648315,0,64,1,64,64,66,66,0
2214,12.858049886621314,4096,0,0,0.2752295732498169,0,64,1,64,64,66,66,0
2215,12.863854875283447,4096,0,0,0.28700023889541626,0,64,1,64,64,66,66,0
2216,12.869659863945579,4096,0,0,0.28823405504226685,0,64,1,64,64,66,66,0
2217,12.87546485260771,4096,0,0,0.27911755442619324,0,64,1,64,64,66,66,0
2218,12.881269841269841,4096,0,0,0.25673043727874756,0,64,1,64,64,66,66,0
2219,12.887074829931972,4096,0,0,0.23950783908367157,0,64,1,64,64,66,66,0
2220,12.892879818594105,4096,0,0,0.2502176761627197,0,64,1,64,64,66,66,0
2221,12.898684807256236,4096,0,0,0.26887381076812744,0,64,0,64,64,66,66,0
2222,12.904489795918368,4096,0,0,0.27759215235710144,0,64,0,64,-1,-1,-1,0
2223,12.910294784580499,4096,0,0,0.271712988615036,0,64,0,64,-1,-1,-1,0
2224,12.91609977324263,4096,0,0,0.26395952701568604,0,64,0,64,-1,-1,-1,0
2225,12.921904761904761,4096,0,0,0.25601765513420105,0,64,1,64,-1,-1,-1,0
2226,12.927709750566894,4096,0,0,0.24802441895008087,0,64,1,64,64,64,64,0
2227,12.933514739229025,4096,0,0,0.2645948529243469,0,64,1,64,64,64,64,0
2228,12.939319727891156,4096,0,0,0.2754570543766022,0,64,1,64,64,64,64,0
2229,12.945124716553288,4096,0,0,0.27591291069984436,0,64,1,64,64,64,64,0
2230,12.950929705215419,4096,0,0,0.2629902958869934,0,64,1,64,64,64,64,0
2231,12.956734693877552,4096,0,0,0.2337859869003296,0,64,1,64,64,64,64,0
2232,12.962539682539683,4096,0,0,0.2246217280626297,0,64,1,64,64,64,64,0
2233,12.968344671201814,4096,0,0,0.23991191387176514,0,64,1,64,64,64,64,0
2234,12.974149659863945,4096,0,0,0.25702008605003357,0,64,0,64,64,64,64,0
2235,12.979954648526077,4096,0,0,0.2623884677886963,0,64,0,64,-1,-1,-1,0
2236,12.985759637188208,4096,0,0,0.25551286339759827,0,64,0,64,-1,-1,-1,0
2237,12.99156462585034,4096,0,0,0.2488476037979126,0,64,0,64,-1,-1,-1,0
2238,12.997369614512472,4096,0,0,0.2358996421098709,0,64,0,64,-1,-1,-1,0
2239,13.003174603174603,4096,0,0,0.23206143081188202,0,64,1,64,-1,-1,-1,0
2240,13.008979591836734,4096,0,0,0.154489666223526,0,64,1,64,64,64,64,0
2241,13.014784580498866,4096,0,0,0.04285711422562599,0,64,0,64,64,64,64,0
2242,13.020589569160999,4096,0,0,0.029199955984950066,0,64,0,64,-1,-1,-1,0
2243,13.02639455782313,4096,0,0,0.02871343493461609,0,64,0,64,-1,-1,-1,0
2244,13.032199546485261,4096,0,0,0.029309069737792015,0,64,0,64,-1,-1,-1,0
2245,13.038004535147392,512,1,0,0.03268314525485039,0,-1,1,59,-1,-1,-1,0
2246,13.043809523809523,512,0,0,0.03227708116173744,0,-1,1,49,-1,-1,-1,0
2247,13.049614512471654,512,0,0,0.028566665947437286,0,-1,1,59,-1,-1,-1,0
2248,13.055419501133787,1024,0,0,0.02777085453271866,0,-1,0,59,-1,-1,-1,0
2249,13.061224489795919,1024,0,0,0.028674064204096794,0,-1,0,59,-1,-1,-1,0
2250,13.06702947845805,2048,0,0,0.02886274643242359,0,-1,0,59,-1,-1,-1,0
2251,13.072834467120181,2048,0,0,0.02844664640724659,0,-1,0,59,-1,-1,-1,0
2252,13.078639455782312,2048,0,0,0.02764011174440384,0,-1,0,59,-1,-1,-1,0
2253,13.084444444444445,2048,0,0,0.027854131534695625,0,-1,0,59,-1,-1,-1,0
2254,13.090249433106576,4096,0,0,0.06874483078718185,0,-1,0,72,-1,-1,-1,0
2255,13.096054421768708,4096,0,0,0.16478894650936127,0,-1,0,59,-1,-1,-1,0
2256,13.101859410430839,4096,0,0,0.19473141431808472,0,-1,0,59,-1,-1,-1,0
2257,13.10766439909297,4096,0,0,0.19494816660881042,0,-1,0,72,-1,-1,-1,0
2258,13.113469387755101,4096,0,0,0.2070784866809845,0,-1,0,72,-1,-1,-1,0
2259,13.119274376417234,4096,0,0,0.1932583749294281,0,-1,0,66,-1,-1,-1,0
2260,13.125079365079365,4096,0,0,0.18209268152713776,0,-1,0,66,-1,-1,-1,0
2261,13.130884353741497,4096,0,0,0.20846232771873474,0,-1,0,66,-1,-1,-1,0
2262,13.136689342403628,4096,0,0,0.20290905237197876,0,-1,0,66,-1,-1,-1,0
2263,13.142494331065759,4096,0,0,0.17809157073497772,0,-1,0,66,-1,-1,-1,0
2264,13.148299319727892,4096,0,0,0.18050898611545563,0,-1,0,66,-1,-1,-1,0
2265,13.154104308390023,4096,0,0,0.19299690425395966,0,-1,0,66,-1,-1,-1,0
2266,13.159909297052154,4096,0,0,0.17230090498924255,0,-1,0,66,-1,-1,-1,0
2267,13.165714285714285,4096,0,0,0.16283077001571655,0,-1,0,66,-1,-1,-1,0
2268,13.171519274376417,4096,0,0,0.19300973415374756,0,-1,0,66,-1,-1,-1,0
2269,13.177324263038548,4096,0,0,0.1714966893196106,0,-1,0,66,-1,-1,-1,0
2270,13.18312925170068,4096,0,0,0.11442333459854126,0,-1,0,66,-1,-1,-1,0
2271,13.188934240362812,4096,0,0,0.06735020875930786,0,-1,0,66,-1,-1,-1,0
2272,13.194739229024943,4096,0,0,0.04054201766848564,0,-1,0,66,-1,-1,-1,0
2273,13.200544217687074,4096,0,0,0.03139070048928261,0,-1,0,66,-1,-1,-1,0
2274,13.206349206349206,4096,0,0,0.02801668830215931,0,-1,0,66,-1,-1,-1,0
2275,13.212154195011339,4096,0,0,0.027917612344026566,0,-1,0,66,-1,-1,-1,0
2276,13.21795918367347,4096,0,0,0.028444938361644745,0,-1,0,66,-1,-1,-1,0
2277,13.223764172335601,4096,0,0,0.02741064317524433,0,-1,0,66,-1,-1,-1,0
2278,13.229569160997732,4096,0,0,0.02721863053739071,0,-1,0,66,-1,-1,-1,0
2279,13.235374149659863,4096,0,0,0.02734837308526039,0,-1,0,66,-1,-1,-1,0
2280,13.241179138321996,4096,0,0,0.027369927614927292,0,-1,0,66,-1,-1,-1,0
2281,13.246984126984128,4096,0,0,0.027659829705953598,0,-1,0,66,-1,-1,-1,0
2282,13.252789115646259,4096,0,0,0.027962900698184967,0,-1,0,66,-1,-1,-1,0
2283,13.25859410430839,4096,0,0,0.028170684352517128,0,-1,0,66,-1,-1,-1,0
2284,13.264399092970521,4096,0,0,0.028079623356461525,0,-1,0,72,-1,-1,-1,0
2285,13.270204081632652,4096,0,0,0.027549808844923973,0,-1,0,72,-1,-1,-1,0
2286,13.276009070294785,4096,0,0,0.02774498425424099,0,-1,0,59,-1,-1,-1,0
2287,13.281814058956916,4096,0,0,0.027722198516130447,0,-1,0,59,-1,-1,-1,0
2288,13.287619047619048,4096,0,0,0.02761487103998661,0,-1,0,59,-1,-1,-1,0
2289,13.293424036281179,4096,0,0,0.02763536386191845,0,-1,0,59,-1,-1,-1,0
2290,13.29922902494331,4096,0,0,0.02761518955230713,0,-1,0,59,-1,-1,-1,0
2291,13.305034013605443,4096,0,0,0.02705913968384266,0,-1,0,59,-1,-1,-1,0
2292,13.310839002267574,4096,0,0,0.027263270691037178,0,-1,0,59,-1,-1,-1,0
2293,13.316643990929705,4096,0,0,0.026815826073288918,0,-1,0,59,-1,-1,-1,0
2294,13.322448979591837,4096,0,0,0.026664428412914276,0,-1,0,59,-1,-1,-1,0
2295,13.328253968253968,4096,0,0,0.026995884254574776,0,-1,0,59,-1,-1,-1,0
2296,13.334058956916099,4096,0,0,0.02738601341843605,0,-1,0,59,-1,-1,-1,0
2297,13.339863945578232,4096,0,0,0.027258897200226784,0,-1,0,59,-1,-1,-1,0
2298,13.345668934240363,4096,0,0,0.027374710887670517,0,-1,0,59,-1,-1,-1,0
2299,13.351473922902494,4096,0,0,0.02719768136739731,0,-1,0,59,-1,-1,-1,0
2300,13.357278911564626,4096,0,0,0.027608048170804977,0,-1,0,59,-1,-1,-1,0
2301,13.363083900226757,4096,0,0,0.027606528252363205,0,-1,0,59,-1,-1,-1,0
2302,13.36888888888889,4096,0,0,0.027909498661756516,0,-1,0,59,-1,-1,-1,0
2303,13.374693877551021,4096,0,0,0.028022868558764458,0,-1,0,59,-1,-1,-1,0
2304,13.380498866213152,4096,0,0,0.02748873457312584,0,-1,0,59,-1,-1,-1,0
2305,13.386303854875283,4096,0,0,0.027483291923999786,0,-1,0,59,-1,-1,-1,0
2306,13.392108843537414,4096,0,0,0.026715122163295746,0,-1,0,59,-1,-1,-1,0
2307,13.397913832199546,4096,0,0,0.02726622484624386,0,-1,0,59,-1,-1,-1,0
2308,13.403718820861679,4096,0,0,0.02847486361861229,0,-1,0,59,-1,-1,-1,0
2309,13.40952380952381,512,1,0,0.029011225327849388,0,-1,0,59,-1,-1,-1,0
2310,13.415328798185941,512,0,0,0.02975705824792385,0,-1,0,59,-1,-1,-1,0
2311,13.421133786848072,512,0,0,0.028723834082484245,0,-1,0,59,-1,-1,-1,0
2312,13.426938775510203,1024,0,0,0.027844971045851707,0,-1,0,59,-1,-1,-1,0
2313,13.432743764172336,1024,0,0,0.02774812839925289,0,-1,0,59,-1,-1,-1,0
2314,13.438548752834468,2048,0,0,0.028977731242775917,0,-1,0,59,-1,-1,-1,0
2315,13.444353741496599,2048,0,0,0.029701532796025276,0,-1,0,59,-1,-1,-1,0
2316,13.45015873015873,2048,0,0,0.037418536841869354,0,-1,1,59,-1,-1,-1,0
2317,13.455963718820861,2048,0,0,0.3443252742290497,0,-1,1,59,59,59,59,0
2318,13.461768707482992,4096,0,0,0.3099425435066223,0,62,0,59,59,59,59,0
2319,13.467573696145125,4096,0,0,0.2770332396030426,0,62,0,59,-1,-1,-1,0
2320,13.473378684807257,4096,0,1,0.3513255715370178,0,62,0,62,-1,-1,-1,0
2321,13.479183673469388,4096,0,0,0.32175207138061523,0,62,0,62,-1,-1,-1,0
2322,13.484988662131519,4096,0,0,0.3137083351612091,0,62,0,62,-1,-1,-1,0
2323,13.49079365079365,4096,0,0,0.32990550994873047,0,62,0,62,-1,-1,-1,0
2324,13.496598639455783,4096,0,0,0.29057228565216064,0,62,0,62,-1,-1,-1,0
2325,13.502403628117914,4096,0,0,0.3373345732688904,0,62,0,62,-1,-1,-1,0
2326,13.508208616780045,4096,0,0,0.3083978593349457,0,62,0,62,-1,-1,-1,0
2327,13.514013605442177,4096,0,0,0.32899340987205505,0,62,0,62,-1,-1,-1,0
2328,13.519818594104308,4096,0,0,0.32824331521987915,0,62,0,62,-1,-1,-1,0
2329,13.525623582766439,4096,0,0,0.2714947462081909,0,62,1,62,-1,-1,-1,0
2330,13.531428571428572,4096,0,0,0.34427210688591003,0,62,1,62,62,62,62,0
2331,13.537233560090703,4096,0,0,0.3189238905906677,0,62,1,62,62,62,62,0
2332,13.543038548752834,4096,0,0,0.3137173652648926,0,62,1,62,62,62,62,0
2333,13.548843537414966,4096,0,0,0.32718709111213684,0,62,1,62,62,62,62,0
2334,13.554648526077097,4096,0,0,0.28534311056137085,0,62,1,62,62,62,62,0
2335,13.56045351473923,4096,0,0,0.32067567110061646,0,62,1,62,62,62,62,0
2336,13.566258503401361,4096,0,0,0.3052672743797302,0,62,1,62,62,62,62,0
2337,13.572063492063492,4096,0,0,0.3216203451156616,0,62,1,62,62,62,62,0
2338,13.577868480725623,4096,0,0,0.3115641474723816,0,62,1,62,62,62,62,0
2339,13.583673469387755,4096,0,0,0.2686365246772766,0,62,1,62,62,62,62,0
2340,13.589478458049886,4096,0,0,0.32642167806625366,0,62,1,62,62,62,62,0
2341,13.595283446712019,4096,0,0,0.30512353777885437,0,62,1,62,62,62,62,0
2342,13.60108843537415,4096,0,0,0.3024255037307739,0,62,1,62,62,62,62,0
2343,13.606893424036281,4096,0,0,0.3115384578704834,0,62,1,62,62,62,62,0
2344,13.612698412698412,4096,0,0,0.2789044678211212,0,62,1,62,62,62,62,0
2345,13.618503401360543,4096,0,0,0.3119404911994934,0,62,1,62,62,62,62,0
2346,13.624308390022676,4096,0,0,0.3027310073375702,0,62,1,62,62,62,62,0
2347,13.630113378684808,4096,0,0,0.3133333921432495,0,62,1,62,62,62,62,0
2348,13.635918367346939,4096,0,0,0.29306095838546753,0,62,1,62,62,62,62,0
2349,13.64172335600907,4096,0,0,0.2578912377357483,0,62,0,62,62,62,62,0
2350,13.647528344671201,4096,0,0,0.2877776622772217,0,62,0,62,-1,-1,-1,0
2351,13.653333333333334,4096,0,0,0.23318493366241455,0,-1,0,62,-1,-1,-1,0
2352,13.659138321995465,4096,0,0,0.21678413450717926,0,-1,0,62,-1,-1,-1,0
2353,13.664943310657597,4096,0,0,0.19202153384685516,0,-1,0,62,-1,-1,-1,0
2354,13.670748299319728,4096,0,0,0.16052907705307007,0,-1,0,62,-1,-1,-1,0
2355,13.676553287981859,4096,0,0,0.15957365930080414,0,-1,0,62,-1,-1,-1,0
2356,13.68235827664399,4096,0,0,0.13248223066329956,0,-1,0,62,-1,-1,-1,0
2357,13.688163265306123,4096,0,0,0.13981930911540985,0,-1,0,62,-1,-1,-1,0
2358,13.693968253968254,4096,0,0,0.13154247403144836,0,-1,0,62,-1,-1,-1,0
2359,13.699773242630386,4096,0,0,0.12590846419334412,0,-1,0,62,-1,-1,-1,0
2360,13.705578231292517,4096,0,0,0.11889435350894928,0,-1,0,62,-1,-1,-1,0
2361,13.711383219954648,4096,0,0,0.11239542812108994,0,-1,0,62,-1,-1,-1,0
2362,13.717188208616781,4096,0,0,0.13190330564975739,0,-1,0,62,-1,-1,-1,0
2363,13.722993197278912,4096,0,0,0.11177925020456314,0,-1,0,62,-1,-1,-1,0
2364,13.728798185941043,4096,0,0,0.11737062782049179,0,-1,0,62,-1,-1,-1,0
2365,13.734603174603174,4096,0,0,0.12225041538476944,0,-1,0,62,-1,-1,-1,0
2366,13.740408163265306,4096,0,0,0.11702796071767807,0,-1,0,62,-1,-1,-1,0
2367,13.746213151927437,4096,0,0,0.11219529062509537,0,-1,0,62,-1,-1,-1,0
2368,13.75201814058957,4096,0,0,0.10736726224422455,0,-1,0,62,-1,-1,-1,0
2369,13.757823129251701,4096,0,0,0.12770667672157288,0,-1,0,62,-1,-1,-1,0
2370,13.763628117913832,4096,0,0,0.11362335830926895,0,-1,0,62,-1,-1,-1,0
2371,13.769433106575963,4096,0,0,0.1247788593173027,0,-1,0,62,-1,-1,-1,0
2372,13.775238095238095,4096,0,0,0.130451500415802,0,-1,0,62,-1,-1,-1,0
2373,13.781043083900228,4096,0,0,0.12211142480373383,0,-1,0,62,-1,-1,-1,0
2374,13.786848072562359,4096,0,0,0.1282026469707489,0,-1,0,62,-1,-1,-1,0
2375,13.79265306122449,4096,0,0,0.12499342858791351,0,-1,0,62,-1,-1,-1,0
2376,13.798458049886621,4096,0,0,0.1457214057445526,0,-1,0,62,-1,-1,-1,0
2377,13.804263038548752,4096,0,0,0.13257484138011932,0,-1,0,62,-1,-1,-1,0
2378,13.810068027210884,4096,0,0,0.1452960968017578,0,-1,0,62,-1,-1,-1,0
2379,13.815873015873017,4096,0,0,0.15860554575920105,0,-1,0,62,-1,-1,-1,0
2380,13.821678004535148,4096,0,0,0.1450785994529724,0,-1,0,62,-1,-1,-1,0
2381,13.827482993197279,4096,0,0,0.16126428544521332,0,-1,0,62,-1,-1,-1,0
2382,13.83328798185941,4096,0,0,0.16874009370803833,0,-1,1,62,-1,-1,-1,0
2383,13.839092970521541,4096,0,0,0.19092614948749542,0,-1,0,62,-1,-1,-1,0
2384,13.844897959183674,4096,0,0,0.18224234879016876,0,-1,0,62,-1,-1,-1,0
2385,13.850702947845805,4096,0,0,0.18833547830581665,0,-1,0,62,-1,-1,-1,0
2386,13.856507936507937,4096,0,0,0.2241808921098709,0,-1,0,62,-1,-1,-1,0
2387,13.862312925170068,4096,0,0,0.20366518199443817,0,-1,1,62,-1,-1,-1,0
2388,13.868117913832199,4096,0,0,0.23407119512557983,0,-1,0,62,-1,-1,-1,0
2389,13.87392290249433,4096,0,0,0.22501496970653534,0,-1,1,62,-1,-1,-1,0
2390,13.879727891156463,4096,0,0,0.15027067065238953,0,-1,0,62,-1,-1,-1,0
2391,13.885532879818594,4096,0,0,0.07619041949510574,0,-1,0,62,-1,-1,-1,0
2392,13.891337868480726,4096,0,0,0.03527494892477989,0,-1,0,62,-1,-1,-1,0
2393,13.897142857142857,4096,0,0,0.034807875752449036,0,-1,0,62,-1,-1,-1,0
2394,13.902947845804988,4096,0,0,0.037492331117391586,0,-1,0,62,-1,-1,-1,0
2395,13.908752834467121,4096,0,0,0.0382891446352005,0,-1,0,62,-1,-1,-1,0
2396,13.914557823129252,4096,0,0,0.03539403900504112,0,-1,0,62,-1,-1,-1,0
2397,13.920362811791383,4096,0,0,0.030971506610512733,0,-1,0,62,-1,-1,-1,0
2398,13.926167800453515,4096,0,0,0.0281758401542902,0,-1,0,62,-1,-1,-1,0
2399,13.931972789115646,4096,0,0,0.027196286246180534,0,-1,0,62,-1,-1,-1,0
2400,13.937777777777777,4096,0,0,0.02782261185348034,0,-1,0,62,-1,-1,-1,0
2401,13.94358276643991,512,1,0,0.21864064037799835,0,-1,1,59,-1,-1,-1,0
2402,13.949387755102041,512,0,0,0.6586751341819763,1,61,1,49,-1,-1,-1,0
2403,13.955192743764172,512,0,0,0.7102205753326416,1,61,1,61,-1,-1,-1,0
2404,13.960997732426303,1024,0,1,0.7417532205581665,1,61,1,61,61,61,61,0
2405,13.966802721088435,1024,0,0,0.6697041392326355,1,61,1,61,61,61,61,0
2406,13.972607709750568,2048,0,0,0.7057739496231079,1,61,1,61,61,61,61,0
2407,13.978412698412699,2048,0,0,0.7272450923919678,1,61,1,61,61,61,61,0
2408,13.98421768707483,2048,0,0,0.6999537348747253,1,61,1,61,61,61,61,0
2409,13.990022675736961,2048,0,0,0.7440299391746521,1,61,1,61,61,61,61,0
2410,13.995827664399092,4096,0,0,0.7187068462371826,1,61,0,61,61,61,61,0
2411,14.001632653061224,4096,0,0,0.7216441035270691,1,61,1,61,61,61,61,0
2412,14.007437641723357,4096,0,0,0.6751238703727722,1,61,1,61,61,61,61,0
2413,14.013242630385488,4096,0,0,0.5906858444213867,1,61,1,61,61,61,61,0
2414,14.019047619047619,4096,0,0,0.6231771111488342,1,61,1,61,61,61,61,0
2415,14.02485260770975,4096,0,0,0.566949188709259,0,61,1,61,61,61,61,0
2416,14.030657596371881,4096,0,0,0.487695574760437,0,61,1,61,61,61,61,0
2417,14.036462585034014,4096,0,0,0.5453764200210571,0,61,1,61,61,61,61,0
2418,14.042267573696146,4096,0,0,0.5284669399261475,0,61,1,61,61,61,61,0
2419,14.048072562358277,4096,0,0,0.597327470779419,1,61,1,61,61,61,61,0
2420,14.053877551020408,4096,0,0,0.5342875123023987,0,61,1,61,61,61,61,0
2421,14.05968253968254,4096,0,0,0.5026090145111084,0,61,1,61,61,61,61,0
2422,14.065487528344672,4096,0,0,0.5449297428131104,0,61,1,61,61,61,61,0
2423,14.071292517006803,4096,0,0,0.5041872262954712,0,61,1,61,61,61,61,0
2424,14.077097505668934,4096,0,0,0.5051223039627075,0,61,1,61,61,61,61,0
2425,14.082902494331066,4096,0,0,0.4366220533847809,0,61,1,61,61,61,61,0
2426,14.088707482993197,4096,0,0,0.4739629626274109,0,61,1,61,61,61,61,0
2427,14.094512471655328,4096,0,0,0.49920010566711426,0,61,1,61,61,61,61,0
2428,14.100317460317461,4096,0,0,0.44667404890060425,0,61,1,61,61,61,61,0
2429,14.106122448979592,4096,0,0,0.46798619627952576,0,61,1,61,61,61,61,0
2430,14.111927437641723,4096,0,0,0.4190562069416046,0,61,1,61,61,61,61,0
2431,14.117732426303855,4096,0,0,0.5018826723098755,0,61,1,61,61,61,61,0
2432,14.123537414965986,4096,0,0,0.5227403044700623,0,61,1,61,61,61,61,0
2433,14.129342403628119,4096,0,0,0.4955955147743225,0,61,1,61,61,61,61,0
2434,14.13514739229025,4096,0,0,0.4957238435745239,0,61,1,61,61,61,61,0
2435,14.140952380952381,4096,0,0,0.45967933535575867,0,61,1,61,61,61,61,0
2436,14.146757369614512,4096,0,0,0.48717233538627625,0,61,1,61,61,61,61,0
2437,14.152562358276644,4096,0,0,0.5064221620559692,0,61,1,61,61,61,61,0
2438,14.158367346938775,4096,0,0,0.4929860532283783,0,61,1,61,61,61,61,0
2439,14.164172335600908,4096,0,0,0.4879874587059021,0,61,1,61,61,61,61,0
2440,14.169977324263039,4096,0,0,0.5328563451766968,0,61,1,61,61,61,61,0
2441,14.17578231292517,4096,0,0,0.5026237368583679,0,61,1,61,61,61,61,0
2442,14.181587301587301,4096,0,0,0.4944457709789276,0,61,1,61,61,61,61,0
2443,14.187392290249432,4096,0,0,0.4406522810459137,0,61,1,61,61,61,61,0
2444,14.193197278911565,4096,0,0,0.348254919052124,0,61,1,61,61,61,61,0
2445,14.199002267573697,4096,0,0,0.34858831763267517,0,61,1,61,61,61,61,0
2446,14.204807256235828,4096,0,0,0.3217010498046875,0,61,1,61,61,61,61,0
2447,14.210612244897959,4096,0,0,0.32332780957221985,0,-1,1,61,61,61,61,0
2448,14.21641723356009,4096,0,0,0.26498478651046753,0,-1,1,61,61,61,61,0
2449,14.222222222222221,4096,0,0,0.35442012548446655,0,-1,1,61,61,61,61,0
2450,14.228027210884354,4096,0,0,0.3688209056854248,0,-1,1,61,61,61,61,0
2451,14.233832199546486,4096,0,0,0.3220694661140442,0,-1,1,61,61,61,61,0
2452,14.239637188208617,4096,0,0,0.3516392111778259,0,-1,1,62,61,61,61,0
2453,14.245442176870748,4096,0,0,0.30780673027038574,0,-1,1,62,62,61,61,0
2454,14.25124716553288,4096,0,0,0.343295156955719,0,-1,1,62,62,61,61,0
2455,14.257052154195012,4096,0,0,0.3272732198238373,0,-1,1,62,62,61,61,0
2456,14.262857142857143,4096,0,0,0.3311293125152588,0,-1,1,62,62,61,61,0
2457,14.268662131519275,4096,0,0,0.3566328287124634,0,-1,1,62,62,61,61,0
2458,14.274467120181406,4096,0,0,0.2684271037578583,0,-1,1,62,62,61,61,0
2459,14.280272108843537,4096,0,0,0.3376101553440094,0,-1,1,62,62,61,61,0
2460,14.286077097505668,4096,0,0,0.33627113699913025,0,-1,1,62,62,61,61,0
2461,14.291882086167801,4096,0,0,0.3199613690376282,0,-1,1,62,62,61,61,0
2462,14.297687074829932,4096,0,0,0.31537923216819763,0,-1,1,62,62,61,61,0
2463,14.303492063492063,4096,0,0,0.29170849919319153,0,-1,1,62,62,61,61,0
2464,14.309297052154195,4096,0,0,0.33907240629196167,0,-1,1,62,62,61,61,0
2465,14.315102040816326,4096,0,0,0.2815435528755188,0,-1,1,62,62,61,61,0
2466,14.320907029478459,4096,0,0,0.33030059933662415,0,-1,1,62,62,61,61,0
2467,14.32671201814059,4096,0,0,0.34468621015548706,0,-1,1,62,62,61,61,0
2468,14.332517006802721,4096,0,0,0.29941973090171814,0,-1,1,62,62,61,61,0
2469,14.338321995464852,4096,0,0,0.3464488685131073,0,-1,1,62,62,61,61,0
2470,14.344126984126984,4096,0,0,0.3325061798095703,0,-1,1,62,62,61,61,0
2471,14.349931972789115,4096,0,0,0.3621238172054291,0,-1,1,62,62,61,61,0
2472,14.355736961451248,4096,0,0,0.34410732984542847,0,-1,1,62,62,61,61,0
2473,14.361541950113379,4096,0,0,0.2928023040294647,0,-1,1,62,62,61,61,0
2474,14.36734693877551,4096,0,0,0.2751048505306244,0,-1,1,62,62,61,61,0
2475,14.373151927437641,4096,0,0,0.16844607889652252,0,-1,1,62,62,61,61,0
2476,14.378956916099773,4096,0,0,0.08312220126390457,0,-1,1,62,62,61,61,0
2477,14.384761904761906,4096,0,0,0.037824846804142,0,-1,1,62,62,61,61,0
2478,14.390566893424037,4096,0,0,0.03000890091061592,0,-1,0,62,62,61,61,0
2479,14.396371882086168,4096,0,0,0.029033437371253967,0,-1,0,62,-1,-1,-1,0
2480,14.402176870748299,4096,0,0,0.028799794614315033,0,-1,0,62,-1,-1,-1,0
2481,14.40798185941043,4096,0,0,0.028194257989525795,0,-1,0,62,-1,-1,-1,0
2482,14.413786848072561,4096,0,0,0.028021113947033882,0,-1,0,62,-1,-1,-1,0
2483,14.419591836734694,4096,0,0,0.028143947944045067,0,-1,0,62,-1,-1,-1,0
2484,14.425396825396826,512,1,0,0.04004673287272453,0,-1,1,49,-1,-1,-1,0
2485,14.431201814058957,512,0,0,0.41103845834732056,0,-1,1,62,-1,-1,-1,0
2486,14.437006802721088,512,0,0,0.4140278398990631,0,64,1,64,-1,-1,-1,0
2487,14.44281179138322,1024,0,0,0.39476537704467773,0,64,1,64,64,64,64,0
2488,14.448616780045352,1024,0,1,0.3750319182872772,0,64,1,64,64,64,64,0
2489,14.454421768707483,2048,0,0,0.35074737668037415,0,64,1,64,64,64,64,0
2490,14.460226757369615,2048,0,0,0.3665178418159485,0,64,1,64,64,64,64,0
2491,14.466031746031746,2048,0,0,0.35690468549728394,0,64,1,64,64,64,64,0
2492,14.471836734693877,2048,0,0,0.3001919984817505,0,64,1,64,64,64,64,0
2493,14.477641723356008,4096,0,0,0.3237951695919037,0,64,0,64,64,64,64,0
2494,14.483446712018141,4096,0,0,0.347726434469223,0,64,0,64,-1,-1,-1,0
2495,14.489251700680272,4096,0,0,0.3554108142852783,0,64,0,64,-1,-1,-1,0
2496,14.495056689342404,4096,0,0,0.3651237487792969,0,64,0,64,-1,-1,-1,0
2497,14.500861678004535,4096,0,0,0.3564838767051697,0,64,1,64,-1,-1,-1,0
2498,14.506666666666666,4096,0,0,0.3471841514110565,0,64,1,64,64,64,64,0
2499,14.512471655328799,4096,0,0,0.3587610423564911,0,64,1,64,64,64,64,0
2500,14.51827664399093,4096,0,0,0.33962181210517883,0,64,1,64,64,64,64,0
2501,14.524081632653061,4096,0,0,0.34702199697494507,0,64,1,64,64,64,64,0
2502,14.529886621315192,4096,0,0,0.34111854434013367,0,64,1,64,64,64,64,0
2503,14.535691609977324,4096,0,0,0.29828518629074097,0,64,1,64,64,64,64,0
2504,14.541496598639457,4096,0,0,0.31572070717811584,0,64,1,64,64,64,64,0
2505,14.547301587301588,4096,0,0,0.3409986197948456,0,64,1,64,64,64,64,0
2506,14.553106575963719,4096,0,0,0.3583711087703705,0,64,1,64,64,64,64,0
2507,14.55891156462585,4096,0,0,0.3617666959762573,0,64,1,64,64,64,64,0
2508,14.564716553287981,4096,0,0,0.3657892346382141,0,64,1,64,64,64,64,0
2509,14.570521541950113,4096,0,0,0.3496648967266083,0,64,1,64,64,64,64,0
2510,14.576326530612246,4096,0,0,0.34734803438186646,0,64,1,64,64,64,64,0
2511,14.582131519274377,4096,0,0,0.3400985896587372,0,64,1,64,64,64,64,0
2512,14.587936507936508,4096,0,0,0.33962658047676086,0,64,1,64,64,64,64,0
2513,14.59374149659864,4096,0,0,0.32078757882118225,0,64,1,64,64,64,64,0
2514,14.59954648526077,4096,0,0,0.2827136516571045,0,64,1,64,64,64,64,0
2515,14.605351473922903,4096,0,0,0.33570826053619385,0,64,1,64,64,64,64,0
2516,14.611156462585035,4096,0,0,0.3414918780326843,0,64,1,64,64,64,64,0
2517,14.616961451247166,4096,0,0,0.057494696229696274,0,64,1,64,64,64,64,0
2518,14.622766439909297,4096,0,0,0.04440801590681076,0,64,0,64,64,64,64,0
2519,14.628571428571428,4096,0,0,0.043975330889225006,0,64,0,64,-1,-1,-1,0
2520,14.63437641723356,4096,0,0,0.048670221120119095,0,-1,0,64,-1,-1,-1,0
2521,14.640181405895692,4096,0,0,0.05204886943101883,0,-1,0,64,-1,-1,-1,0
2522,14.645986394557823,4096,0,0,0.0518464632332325,0,-1,0,64,-1,-1,-1,0
2523,14.651791383219955,4096,0,0,0.050644807517528534,0,-1,0,64,-1,-1,-1,0
2524,14.657596371882086,4096,0,0,0.050244685262441635,0,-1,0,64,-1,-1,-1,0
2525,14.663401360544217,4096,0,0,0.07898493856191635,0,-1,0,64,-1,-1,-1,0
2526,14.66920634920635,4096,0,0,0.6870432496070862,1,64,0,64,-1,-1,-1,0
2527,14.675011337868481,4096,0,0,0.5670631527900696,0,64,0,64,-1,-1,-1,0
2528,14.680816326530612,4096,0,1,0.5265951752662659,0,64,0,64,-1,-1,-1,0
2529,14.686621315192744,4096,0,0,0.5471309423446655,0,64,0,64,-1,-1,-1,0
2530,14.692426303854875,4096,0,0,0.43273696303367615,0,64,0,64,-1,-1,-1,0
2531,14.698231292517006,4096,0,0,0.4176817536354065,0,64,0,64,-1,-1,-1,0
2532,14.704036281179139,4096,0,0,0.4283667206764221,0,64,0,64,-1,-1,-1,0
2533,14.70984126984127,4096,0,0,0.4597071409225464,0,64,1,64,-1,-1,-1,0
2534,14.715646258503401,4096,0,0,0.3791106045246124,0,64,0,64,-1,-1,-1,0
2535,14.721451247165533,4096,0,0,0.3394414484500885,0,64,0,64,-1,-1,-1,0
2536,14.727256235827664,4096,0,0,0.35170474648475647,0,64,1,64,-1,-1,-1,0
2537,14.733061224489797,4096,0,0,0.3919859528541565,0,64,1,64,64,64,64,0
2538,14.738866213151928,4096,0,0,0.3227630853652954,0,64,1,64,64,64,64,0
2539,14.744671201814059,4096,0,0,0.26812490820884705,0,64,1,64,64,64,64,0
2540,14.75047619047619,4096,0,0,0.2701650857925415,0,64,1,64,64,64,64,0
2541,14.756281179138321,4096,0,0,0.2501264810562134,0,64,1,64,64,64,64,0
2542,14.762086167800453,4096,0,0,0.26330992579460144,0,64,1,64,64,64,64,0
2543,14.767891156462586,4096,0,0,0.26022884249687195,0,64,1,64,64,64,64,0
2544,14.773696145124717,4096,0,0,0.2963210344314575,0,64,1,64,64,64,64,0
2545,14.779501133786848,4096,0,0,0.31231120228767395,0,64,1,64,64,64,64,0
2546,14.78530612244898,4096,0,0,0.3125534653663635,0,64,1,64,64,64,64,0
2547,14.79111111111111,4096,0,0,0.35954028367996216,0,64,1,64,64,64,64,0
2548,14.796916099773243,4096,0,0,0.3853622376918793,0,64,1,64,64,64,64,0
2549,14.802721088435375,4096,0,0,0.35003769397735596,0,64,1,64,64,64,64,0
2550,14.808526077097506,4096,0,0,0.3091825246810913,0,64,1,64,64,64,64,0
2551,14.814331065759637,4096,0,0,0.3308764696121216,0,64,1,64,64,64,64,0
2552,14.820136054421768,4096,0,0,0.3101753294467926,0,64,1,64,64,64,64,0
2553,14.8259410430839,4096,0,0,0.27348092198371887,0,64,1,64,64,64,64,0
2554,14.831746031746032,4096,0,0,0.29918545484542847,0,64,1,64,64,64,64,0
2555,14.837551020408164,4096,0,0,0.32008567452430725,0,64,1,64,64,64,64,0
2556,14.843356009070295,4096,0,0,0.33946484327316284,0,64,1,64,64,64,64,0
2557,14.849160997732426,4096,0,0,0.3525185286998749,0,64,1,64,64,64,64,0
2558,14.854965986394557,4096,0,0,0.3775162696838379,0,64,1,64,64,64,64,0
2559,14.86077097505669,4096,0,0,0.3684079647064209,0,64,1,64,64,64,64,0
2560,14.866575963718821,4096,0,0,0.3497063219547272,0,64,1,64,64,64,64,0
2561,14.872380952380952,4096,0,0,0.36389070749282837,0,64,1,64,64,64,64,0
2562,14.878185941043084,4096,0,0,0.4857030212879181,0,-1,1,64,64,64,64,0
2563,14.883990929705215,4096,0,0,0.44748878479003906,0,62,1,64,64,64,64,0
2564,14.889795918367346,4096,0,0,0.5199731588363647,0,62,1,64,64,64,64,0
2565,14.895600907029479,4096,0,1,0.629740834236145,1,62,1,63,64,64,64,0
2566,14.90140589569161,4096,0,0,0.6507532000541687,1,62,1,63,63,63,63,0
2567,14.907210884353741,4096,0,0,0.6959747672080994,1,62,1,63,63,63,63,0
2568,14.913015873015873,4096,0,0,0.8306336998939514,1,62,1,63,63,63,63,0
2569,14.918820861678004,4096,0,0,0.8815650343894958,1,62,1,63,63,63,63,0
2570,14.924625850340137,4096,0,0,0.7376196980476379,1,62,1,63,63,63,63,0
2571,14.930430839002268,4096,0,0,0.6625176072120667,1,62,1,63,63,63,63,0
2572,14.9362358276644,4096,0,0,0.6301162838935852,1,62,1,63,63,63,63,0
2573,14.94204081632653,4096,0,0,0.6546521186828613,1,62,1,63,63,63,63,0
2574,14.947845804988662,4096,0,0,0.6132944226264954,1,62,1,63,63,63,63,0
2575,14.953650793650795,4096,0,0,0.5371094942092896,0,62,1,63,63,63,63,0
2576,14.959455782312926,4096,0,0,0.49651506543159485,0,62,1,62,63,63,63,0
2577,14.965260770975057,4096,0,0,0.5766955018043518,0,62,1,62,62,63,63,0
2578,14.971065759637188,4096,0,0,0.5743892788887024,0,62,1,62,62,63,63,0
2579,14.97687074829932,4096,0,0,0.5364056825637817,0,62,1,62,62,63,63,0
2580,14.98267573696145,4096,0,0,0.5037569403648376,0,62,1,62,62,63,63,0
2581,14.988480725623583,4096,0,0,0.48369336128234863,0,62,1,62,62,63,63,0
2582,14.994285714285715,4096,0,0,0.5234380960464478,0,62,1,62,62,63,63,0
2583,15.000090702947846,4096,0,0,0.5120149850845337,0,62,1,62,62,63,63,0
2584,15.005895691609977,4096,0,0,0.44860851764678955,0,62,1,62,62,63,63,0
2585,15.011700680272108,4096,0,0,0.4310316741466522,0,62,1,62,62,63,63,0
2586,15.017505668934241,4096,0,0,0.41224440932273865,0,62,1,62,62,63,63,0
2587,15.023310657596372,4096,0,0,0.4697962999343872,0,62,1,62,62,63,63,0
2588,15.029115646258504,4096,0,0,0.46415644884109497,0,62,1,62,62,63,63,0
2589,15.034920634920635,4096,0,0,0.4369364082813263,0,62,1,62,62,63,63,0
2590,15.040725623582766,4096,0,0,0.41529709100723267,0,62,1,62,62,63,63,0
2591,15.046530612244897,4096,0,0,0.4342246949672699,0,62,1,62,62,63,63,0
2592,15.05233560090703,4096,0,0,0.4362209439277649,0,62,1,62,62,63,63,0
2593,15.058140589569161,4096,0,0,0.4275728762149811,0,62,1,62,62,63,63,0
2594,15.063945578231293,4096,0,0,0.3755122125148773,0,62,1,62,62,63,63,0
2595,15.069750566893424,4096,0,0,0.31486833095550537,0,62,1,62,62,63,63,0
2596,15.075555555555555,4096,0,0,0.29421505331993103,0,62,0,62,62,63,63,0
2597,15.081360544217688,4096,0,0,0.2945244014263153,0,62,0,62,-1,-1,-1,0
2598,15.087165532879819,4096,0,0,0.2569487690925598,0,-1,0,62,-1,-1,-1,0
2599,15.09297052154195,4096,0,0,0.21985766291618347,0,-1,0,63,-1,-1,-1,0
2600,15.098775510204081,4096,0,0,0.19460302591323853,0,-1,0,63,-1,-1,-1,0
2601,15.104580498866213,4096,0,0,0.16562245786190033,0,-1,0,63,-1,-1,-1,0
2602,15.110385487528344,4096,0,0,0.15452206134796143,0,-1,0,63,-1,-1,-1,0
2603,15.116190476190477,4096,0,0,0.15282830595970154,0,-1,0,63,-1,-1,-1,0
2604,15.121995464852608,4096,0,0,0.17405328154563904,0,-1,0,64,-1,-1,-1,0
2605,15.12780045351474,4096,0,0,0.23181664943695068,0,-1,0,64,-1,-1,-1,0
2606,15.13360544217687,4096,0,0,0.4261336326599121,0,-1,0,64,-1,-1,-1,0
2607,15.139410430839002,4096,0,0,0.38459551334381104,0,62,0,64,-1,-1,-1,0
2608,15.145215419501135,4096,0,0,0.42756128311157227,0,62,0,64,-1,-1,-1,0
2609,15.151020408163266,4096,0,1,0.41733992099761963,0,62,0,64,-1,-1,-1,0
2610,15.156825396825397,4096,0,0,0.4441361427307129,0,62,0,63,-1,-1,-1,0
2611,15.162630385487528,4096,0,0,0.44743621349334717,0,62,0,63,-1,-1,-1,0
2612,15.16843537414966,4096,0,0,0.39135637879371643,0,62,0,63,-1,-1,-1,0
2613,15.17424036281179,4096,0,0,0.4219225347042084,0,62,0,63,-1,-1,-1,0
2614,15.180045351473924,4096,0,0,0.398830771446228,0,62,0,63,-1,-1,-1,0
2615,15.185850340136055,4096,0,0,0.36018720269203186,0,62,0,62,-1,-1,-1,0
2616,15.191655328798186,4096,0,0,0.3836716413497925,0,62,0,62,-1,-1,-1,0
2617,15.197460317460317,4096,0,0,0.37200918793678284,0,62,0,62,-1,-1,-1,0
2618,15.203265306122448,4096,0,0,0.40106111764907837,0,62,1,62,-1,-1,-1,0
2619,15.209070294784581,4096,0,0,0.36685770750045776,0,62,1,62,62,62,62,0
2620,15.214875283446712,4096,0,0,0.3784697651863098,0,62,1,62,62,62,62,0
2621,15.220680272108844,4096,0,0,0.3621561825275421,0,62,1,62,62,62,62,0
2622,15.226485260770975,4096,0,0,0.3256394863128662,0,62,1,62,62,62,62,0
2623,15.232290249433106,4096,0,0,0.35794907808303833,0,62,1,62,62,62,62,0
2624,15.238095238095237,4096,0,0,0.339677631855011,0,62,1,62,62,62,62,0
2625,15.24390022675737,4096,0,0,0.35639819502830505,0,62,1,62,62,62,62,0
2626,15.249705215419501,4096,0,0,0.34857019782066345,0,62,1,62,62,62,62,0
2627,15.255510204081633,4096,0,0,0.3643628656864166,0,62,1,62,62,62,62,0
2628,15.261315192743764,4096,0,0,0.3735997974872589,0,62,1,62,62,62,62,0
2629,15.267120181405895,4096,0,0,0.3532470762729645,0,62,1,62,62,62,62,0
2630,15.272925170068028,4096,0,0,0.3552045226097107,0,62,1,62,62,62,62,0
2631,15.27873015873016,4096,0,0,0.3280726969242096,0,62,1,62,62,62,62,0
2632,15.28453514739229,4096,0,0,0.3090091943740845,0,62,1,62,62,62,62,0
2633,15.290340136054422,4096,0,0,0.3500610589981079,0,62,1,62,62,62,62,0
2634,15.296145124716553,4096,0,0,0.37986570596694946,0,62,1,62,62,62,62,0
2635,15.301950113378684,4096,0,0,0.38235390186309814,0,62,1,62,62,62,62,0
2636,15.307755102040817,4096,0,0,0.3314869999885559,0,62,1,62,62,62,62,0
2637,15.313560090702948,4096,0,0,0.35406258702278137,0,62,1,62,62,62,62,0
2638,15.31936507936508,4096,0,0,0.3566347062587738,0,62,1,62,62,62,62,0
2639,15.32517006802721,4096,0,0,0.3303958773612976,0,62,1,62,62,62,62,0
2640,15.330975056689342,4096,0,0,0.40085282921791077,0,62,1,62,62,62,62,0
2641,15.336780045351475,4096,0,0,0.43752142786979675,0,61,1,62,62,62,62,0
2642,15.342585034013606,4096,0,0,0.435659259557724,0,61,1,62,62,62,62,0
2643,15.348390022675737,4096,0,1,0.45026227831840515,0,61,1,62,62,62,62,0
2644,15.354195011337868,4096,0,0,0.4152275621891022,0,61,1,62,62,62,62,0
2645,15.36,4096,0,0,0.3589572310447693,0,61,1,62,62,62,62,0
2646,15.365804988662132,4096,0,0,0.4612976312637329,0,61,1,62,62,62,62,0
2647,15.371609977324264,4096,0,0,0.472603440284729,0,61,1,61,62,62,62,0
2648,15.377414965986395,4096,0,0,0.39762499928474426,0,61,1,61,61,62,62,0
2649,15.383219954648526,4096,0,0,0.4022684693336487,0,61,1,61,61,62,62,0
2650,15.389024943310657,4096,0,0,0.38149431347846985,0,61,1,61,61,62,62,0
2651,15.394829931972788,4096,0,0,0.41361233592033386,0,61,1,61,61,62,62,0
2652,15.400634920634921,4096,0,0,0.42396193742752075,0,61,1,61,61,62,62,0
2653,15.406439909297053,4096,0,0,0.3933744430541992,0,61,1,61,61,62,62,0
2654,15.412244897959184,4096,0,0,0.46406084299087524,0,61,1,61,61,62,62,0
2655,15.418049886621315,4096,0,0,0.41703200340270996,0,61,1,61,61,62,62,0
2656,15.423854875283446,4096,0,0,0.39125391840934753,0,61,1,61,61,62,62,0
2657,15.429659863945579,4096,0,0,0.3749191164970398,0,61,1,61,61,62,62,0
2658,15.43546485260771,4096,0,0,0.35224929451942444,0,61,1,61,61,62,62,0
2659,15.441269841269841,4096,0,0,0.42400670051574707,0,61,1,61,61,62,62,0
2660,15.447074829931973,4096,0,0,0.41657742857933044,0,61,1,61,61,62,62,0
2661,15.452879818594104,4096,0,0,0.3936319351196289,0,61,1,61,61,62,62,0
2662,15.458684807256235,4096,0,0,0.4026220142841339,0,61,1,61,61,62,62,0
2663,15.464489795918368,4096,0,0,0.3846491277217865,0,61,1,61,61,62,62,0
2664,15.4702947845805,4096,0,0,0.4086076319217682,0,61,1,61,61,62,62,0
2665,15.47609977324263,4096,0,0,0.3748253285884857,0,61,1,61,61,62,62,0
2666,15.481904761904762,4096,0,0,0.327062726020813,0,61,1,61,61,62,62,0
2667,15.487709750566893,4096,0,0,0.3954680562019348,0,61,1,61,61,62,62,0
2668,15.493514739229026,4096,0,0,0.37614092230796814,0,61,1,61,61,62,62,0
2669,15.499319727891157,4096,0,0,0.40116819739341736,0,61,1,61,61,62,62,0
2670,15.505124716553288,4096,0,0,0.40660586953163147,0,61,1,61,61,62,62,0
2671,15.51092970521542,4096,0,0,0.40427154302597046,0,61,1,61,61,62,62,0
2672,15.51673469387755,4096,0,0,0.36907869577407837,0,61,1,61,61,62,62,0
2673,15.522539682539682,4096,0,0,0.052646275609731674,0,61,1,61,61,62,62,0
2674,15.528344671201815,4096,0,0,0.03509358689188957,0,61,0,61,61,62,62,0
2675,15.534149659863946,4096,0,0,0.03203648701310158,0,-1,0,61,-1,-1,-1,0
2676,15.539954648526077,4096,0,0,0.030503857880830765,0,-1,0,61,-1,-1,-1,0
2677,15.545759637188208,4096,0,0,0.03069164603948593,0,-1,0,61,-1,-1,-1,0
2678,15.55156462585034,4096,0,0,0.029800666496157646,0,-1,0,61,-1,-1,-1,0
2679,15.557369614512472,512,1,0,0.03606405109167099,0,-1,1,49,-1,-1,-1,0
2680,15.563174603174604,512,0,0,0.03955649584531784,0,-1,1,49,49,49,49,0
2681,15.568979591836735,512,0,0,0.039340339601039886,0,-1,1,49,49,49,49,0
2682,15.574784580498866,1024,0,0,0.4401209354400635,0,-1,1,49,49,49,49,0
2683,15.580589569160997,1024,0,0,0.5192897915840149,0,61,1,49,49,49,49,0
2684,15.586394557823128,2048,0,0,0.4890570640563965,0,61,1,49,49,49,49,0
2685,15.592199546485261,2048,0,1,0.45055150985717773,0,61,1,61,49,49,49,0
2686,15.598004535147393,2048,0,0,0.4927866756916046,0,61,1,61,61,49,49,1
2687,15.603809523809524,2048,0,0,0.515581488609314,0,61,1,61,61,49,49,1
2688,15.609614512471655,4096,0,0,0.4794347286224365,0,61,0,61,61,49,49,0
2689,15.615419501133786,4096,0,0,0.4877094030380249,0,61,0,61,-1,-1,-1,0
2690,15.62122448979592,4096,0,0,0.44701364636421204,0,61,0,61,-1,-1,-1,0
2691,15.62702947845805,4096,0,0,0.45958176255226135,0,61,1,61,-1,-1,-1,0
2692,15.632834467120182,4096,0,0,0.5019938349723816,0,61,1,61,61,61,61,0
2693,15.638639455782313,4096,0,0,0.38006511330604553,0,61,1,61,61,61,61,0
2694,15.644444444444444,4096,0,0,0.38321974873542786,0,61,1,61,61,61,61,0
2695,15.650249433106575,4096,0,0,0.37014761567115784,0,61,1,61,61,61,61,0
2696,15.656054421768708,4096,0,0,0.3995513617992401,0,61,1,61,61,61,61,0
2697,15.66185941043084,4096,0,0,0.43024593591690063,0,61,1,61,61,61,61,0
2698,15.66766439909297,4096,0,0,0.39309486746788025,0,61,1,61,61,61,61,0
2699,15.673469387755102,4096,0,0,0.41356363892555237,0,61,1,61,61,61,61,0
2700,15.679274376417233,4096,0,0,0.3861311674118042,0,61,1,61,61,61,61,0
2701,15.685079365079366,4096,0,0,0.3806528151035309,0,61,1,61,61,61,61,0
2702,15.690884353741497,4096,0,0,0.4030269980430603,0,61,1,61,61,61,61,0
2703,15.696689342403628,4096,0,0,0.3450925648212433,0,61,1,61,61,61,61,0
2704,15.70249433106576,4096,0,0,0.36220112442970276,0,61,1,61,61,61,61,0
2705,15.70829931972789,4096,0,0,0.38515210151672363,0,61,1,61,61,61,61,0
2706,15.714104308390022,4096,0,0,0.353770911693573,0,61,1,61,61,61,61,0
2707,15.719909297052155,4096,0,0,0.3899001181125641,0,61,1,61,61,61,61,0
2708,15.725714285714286,4096,0,0,0.348978191614151,0,61,1,61,61,61,61,0
2709,15.731519274376417,4096,0,0,0.42428186535835266,0,61,1,61,61,61,61,0
2710,15.737324263038548,4096,0,0,0.3807019591331482,0,61,1,61,61,61,61,0
2711,15.74312925170068,4096,0,0,0.36141812801361084,0,61,1,61,61,61,61,0
2712,15.748934240362813,4096,0,0,0.3232446610927582,0,61,1,61,61,61,61,0
2713,15.754739229024944,4096,0,0,0.36645689606666565,0,61,1,61,61,61,61,0
2714,15.760544217687075,4096,0,0,0.42524659633636475,0,61,1,61,61,61,61,0
2715,15.766349206349206,4096,0,0,0.31306105852127075,0,61,1,61,61,61,61,0
2716,15.772154195011337,4096,0,0,0.30034199357032776,0,-1,1,61,61,61,61,0
2717,15.777959183673469,4096,0,0,0.38294264674186707,0,-1,1,61,61,61,61,0
2718,15.783764172335601,4096,0,0,0.5238872766494751,0,-1,1,61,61,61,61,0
2719,15.789569160997733,4096,0,0,0.4677865207195282,0,-1,1,61,61,61,61,0
2720,15.795374149659864,4096,0,0,0.5075545907020569,0,-1,1,61,61,61,61,0
2721,15.801179138321995,4096,0,0,0.4356137216091156,0,-1,1,60,61,61,61,0
2722,15.806984126984126,4096,0,0,0.44498804211616516,0,-1,1,60,60,61,61,0
2723,15.81278911564626,4096,0,0,0.4200255870819092,0,-1,1,59,60,61,61,0
2724,15.81859410430839,4096,0,0,0.3987286388874054,0,-1,1,59,59,61,61,0
2725,15.824399092970522,4096,0,0,0.49583351612091064,0,-1,1,59,59,61,61,0
2726,15.830204081632653,4096,0,0,0.45068639516830444,0,-1,1,59,59,61,61,0
2727,15.836009070294784,4096,0,0,0.47973620891571045,0,-1,1,59,59,61,61,0
2728,15.841814058956917,4096,0,0,0.3975207209587097,0,-1,1,59,59,61,61,0
2729,15.847619047619048,4096,0,0,0.3808063864707947,0,-1,1,59,59,61,61,0
2730,15.85342403628118,4096,0,0,0.35534045100212097,0,-1,1,59,59,61,61,0
2731,15.85922902494331,4096,0,0,0.29995983839035034,0,-1,1,59,59,61,61,0
2732,15.865034013605442,4096,0,0,0.43458259105682373,0,-1,1,59,59,61,61,0
2733,15.870839002267573,4096,0,0,0.3824436664581299,0,-1,1,59,59,61,61,0
2734,15.876643990929706,4096,0,0,0.4420025646686554,0,-1,1,59,59,61,61,0
2735,15.882448979591837,4096,0,0,0.37909364700317383,0,59,1,59,59,61,61,0
2736,15.888253968253968,4096,0,0,0.3735772669315338,0,59,1,59,59,61,61,0
2737,15.8940589569161,4096,0,0,0.35806021094322205,0,59,1,59,59,61,61,0
2738,15.89986394557823,4096,0,0,0.305344820022583,0,59,1,59,59,61,61,0
2739,15.905668934240364,4096,0,0,0.4132002592086792,0,59,1,59,59,61,61,0
2740,15.911473922902495,4096,0,0,0.3572303056716919,0,59,1,59,59,61,61,0
2741,15.917278911564626,4096,0,0,0.40512365102767944,0,59,1,59,59,61,61,0
2742,15.923083900226757,4096,0,0,0.3334735333919525,0,59,1,59,59,61,61,0
2743,15.928888888888888,4096,0,0,0.3646392226219177,0,59,1,59,59,61,61,0
2744,15.93469387755102,4096,0,0,0.3675249516963959,0,59,1,59,59,61,61,0
2745,15.940498866213153,4096,0,0,0.31464138627052307,0,59,1,59,59,61,61,0
2746,15.946303854875284,4096,0,0,0.24725060164928436,0,59,1,59,59,61,61,0
2747,15.952108843537415,4096,0,0,0.07403093576431274,0,59,0,59,59,61,61,0
2748,15.957913832199546,512,1,0,0.04224129766225815,0,59,1,51,59,61,61,0
2749,15.963718820861677,512,0,0,0.03192427381873131,0,-1,1,49,59,61,61,0
2750,15.96952380952381,512,0,0,0.02813633158802986,0,-1,1,59,59,61,61,0
2751,15.975328798185942,1024,0,0,0.027997110038995743,0,-1,0,59,59,61,61,0
2752,15.981133786848073,1024,0,0,0.028032362461090088,0,-1,0,59,-1,-1,-1,0
2753,15.986938775510204,2048,0,0,0.03152608498930931,0,-1,0,59,-1,-1,-1,0
2754,15.992743764172335,2048,0,0,0.04186928644776344,0,-1,1,59,-1,-1,-1,0
2755,15.998548752834466,2048,0,0,0.6642653346061707,1,-1,1,59,59,59,59,0
2756,16.004353741496598,2048,0,0,0.5794703960418701,0,59,1,59,59,59,59,0
2757,16.01015873015873,4096,0,0,0.806797444820404,1,59,0,59,59,59,59,0
2758,16.015963718820863,4096,0,1,0.8416510820388794,1,59,0,59,-1,-1,-1,0
2759,16.021768707482995,4096,0,0,0.7617461681365967,1,59,0,59,-1,-1,-1,0
2760,16.027573696145126,4096,0,0,0.7452977299690247,1,59,0,59,-1,-1,-1,0
2761,16.033378684807257,4096,0,0,0.7829040288925171,1,59,0,59,-1,-1,-1,0
2762,16.03918367346939,4096,0,0,0.8183034658432007,1,59,0,59,-1,-1,-1,0
2763,16.04498866213152,4096,0,0,0.7194187045097351,1,59,0,59,-1,-1,-1,0
2764,16.05079365079365,4096,0,0,0.6654216647148132,1,59,1,59,-1,-1,-1,0
2765,16.056598639455782,4096,0,0,0.7229614853858948,1,59,1,59,59,59,59,0
2766,16.062403628117913,4096,0,0,0.6489842534065247,1,59,1,59,59,59,59,0
2767,16.068208616780044,4096,0,0,0.6057937741279602,1,59,1,59,59,59,59,0
2768,16.074013605442175,4096,0,0,0.6878721714019775,1,59,1,59,59,59,59,0
2769,16.07981859410431,4096,0,0,0.7089428305625916,1,59,1,59,59,59,59,0
2770,16.08562358276644,4096,0,0,0.6504871249198914,1,59,1,59,59,59,59,0
2771,16.091428571428573,4096,0,0,0.5893819332122803,1,59,1,59,59,59,59,0
2772,16.097233560090704,4096,0,0,0.6068606376647949,1,59,1,59,59,59,59,0
2773,16.103038548752835,4096,0,0,0.6433319449424744,1,59,1,59,59,59,59,0
2774,16.108843537414966,4096,0,0,0.5989651083946228,1,59,1,59,59,59,59,0
2775,16.114648526077097,4096,0,0,0.6579951643943787,1,59,1,59,59,59,59,0
2776,16.12045351473923,4096,0,0,0.6045032143592834,1,59,1,59,59,59,59,0
2777,16.12625850340136,4096,0,0,0.5902242660522461,1,59,1,59,59,59,59,0
2778,16.13206349206349,4096,0,0,0.4936414361000061,0,59,1,59,59,59,59,0
2779,16.137868480725622,4096,0,0,0.5308948755264282,0,59,1,59,59,59,59,0
2780,16.143673469387757,4096,0,0,0.5652432441711426,0,59,1,59,59,59,59,0
2781,16.149478458049888,4096,0,0,0.464443176984787,0,59,1,59,59,59,59,0
2782,16.15528344671202,4096,0,0,0.4684736132621765,0,59,1,59,59,59,59,0
2783,16.16108843537415,4096,0,0,0.4685764014720917,0,59,1,59,59,59,59,0
2784,16.16689342403628,4096,0,0,0.5263714790344238,0,59,1,59,59,59,59,0
2785,16.172698412698413,4096,0,0,0.4424303472042084,0,59,1,59,59,59,59,0
2786,16.178503401360544,4096,0,0,0.44670236110687256,0,59,1,59,59,59,59,0
2787,16.184308390022675,4096,0,0,0.522729754447937,0,59,1,59,59,59,59,0
2788,16.190113378684806,4096,0,0,0.44813260436058044,0,59,1,59,59,59,59,0
2789,16.195918367346938,4096,0,0,0.4717342257499695,0,59,1,59,59,59,59,0
2790,16.20172335600907,4096,0,0,0.5015220642089844,0,59,1,59,59,59,59,0
2791,16.207528344671204,4096,0,0,0.5386035442352295,0,62,1,59,59,59,59,0
2792,16.213333333333335,4096,0,0,0.5197197794914246,0,62,1,59,59,59,59,0
2793,16.219138321995466,4096,0,1,0.5206866264343262,0,62,1,59,59,59,59,0
2794,16.224943310657597,4096,0,0,0.5324262380599976,0,62,1,59,59,59,59,0
2795,16.23074829931973,4096,0,0,0.6704156398773193,1,62,1,59,59,59,59,0
2796,16.23655328798186,4096,0,0,0.6269771456718445,1,62,1,59,59,59,59,0
2797,16.24235827664399,4096,0,0,0.6759923696517944,1,62,1,60,59,59,59,0
2798,16.248163265306122,4096,0,0,0.6088408827781677,1,62,1,60,60,60,60,0
2799,16.253968253968253,4096,0,0,0.5338935256004333,0,62,1,60,60,60,60,0
2800,16.259773242630384,4096,0,0,0.5903477668762207,1,62,1,60,60,60,60,0
2801,16.265578231292515,4096,0,0,0.5613419413566589,0,62,1,60,60,60,60,0
2802,16.27138321995465,4096,0,0,0.49828919768333435,0,62,1,61,60,60,60,0
2803,16.27718820861678,4096,0,0,0.529877781867981,0,62,1,61,61,60,60,0
2804,16.282993197278913,4096,0,0,0.5170482397079468,0,62,1,61,61,60,60,0
2805,16.288798185941044,4096,0,0,0.4178193211555481,0,62,1,61,61,60,60,0
2806,16.294603174603175,4096,0,0,0.38902944326400757,0,62,1,61,61,60,60,0
2807,16.300408163265306,4096,0,0,0.33947327733039856,0,62,1,61,61,60,60,0
2808,16.306213151927437,4096,0,0,0.3781506419181824,0,62,1,62,61,60,60,0
2809,16.31201814058957,4096,0,0,0.3920321762561798,0,62,1,62,62,60,60,0
2810,16.3178231292517,4096,0,0,0.33332666754722595,0,62,1,62,62,60,60,0
2811,16.32362811791383,4096,0,0,0.3013744652271271,0,62,1,62,62,60,60,0
2812,16.329433106575962,4096,0,0,0.3286726474761963,0,62,1,62,62,60,60,0
2813,16.335238095238097,4096,0,0,0.31325581669807434,0,62,1,62,62,60,60,0
2814,16.341043083900228,4096,0,0,0.3046211302280426,0,62,1,62,62,60,60,0
2815,16.34684807256236,4096,0,0,0.2978328466415405,0,62,1,62,62,60,60,0
2816,16.35265306122449,4096,0,0,0.293637216091156,0,62,1,62,62,60,60,0
2817,16.35845804988662,4096,0,0,0.28301891684532166,0,62,1,62,62,60,60,0
2818,16.364263038548753,4096,0,0,0.3218546509742737,0,62,1,62,62,60,60,0
2819,16.370068027210884,4096,0,0,0.36032041907310486,0,62,1,62,62,60,60,0
2820,16.375873015873015,4096,0,0,0.34178289771080017,0,62,1,62,62,60,60,0
2821,16.381678004535146,4096,0,0,0.31591174006462097,0,62,1,62,62,60,60,0
2822,16.387482993197278,4096,0,0,0.32933560013771057,0,62,1,62,62,60,60,0
2823,16.39328798185941,4096,0,0,0.37623921036720276,0,62,1,62,62,60,60,0
2824,16.399092970521544,4096,0,0,0.3938571512699127,0,62,1,62,62,60,60,0
2825,16.404897959183675,4096,0,0,0.12886473536491394,0,62,1,62,62,60,60,0
2826,16.410702947845806,4096,0,0,0.06462788581848145,0,62,1,62,62,60,60,0
2827,16.416507936507937,4096,0,0,0.04955824092030525,0,-1,0,62,62,60,60,0
2828,16.42231292517007,4096,0,0,0.03746731951832771,0,-1,0,62,-1,-1,-1,0
2829,16.4281179138322,4096,0,0,0.029989147558808327,0,-1,0,62,-1,-1,-1,0
2830,16.43392290249433,4096,0,0,0.027933353558182716,0,-1,0,62,-1,-1,-1,0
2831,16.439727891156462,4096,0,0,0.027686772868037224,0,-1,0,62,-1,-1,-1,0
2832,16.445532879818593,4096,0,0,0.02926402911543846,0,-1,0,62,-1,-1,-1,0
2833,16.451337868480724,512,1,0,0.6270842552185059,1,-1,1,49,-1,-1,-1,0
2834,16.457142857142856,512,0,0,0.6316986680030823,1,62,1,62,-1,-1,-1,0
2835,16.46294784580499,512,0,0,0.8022326231002808,1,62,1,62,62,62,62,0
2836,16.46875283446712,1024,0,1,0.8104088306427002,1,62,1,62,62,62,62,0
2837,16.474557823129253,1024,0,0,0.7637518644332886,1,62,1,62,62,62,62,0
2838,16.480362811791384,2048,0,0,0.8076732158660889,1,62,1,62,62,62,62,0
2839,16.486167800453515,2048,0,0,0.8182910680770874,1,62,1,62,62,62,62,0
2840,16.491972789115646,2048,0,0,0.7057939767837524,1,62,1,62,62,62,62,0
2841,16.497777777777777,2048,0,0,0.7694168090820312,1,62,1,62,62,62,62,0
2842,16.50358276643991,4096,0,0,0.8049981594085693,1,62,1,62,62,62,62,0
2843,16.50938775510204,4096,0,0,0.7243428826332092,1,62,1,62,62,62,62,0
2844,16.51519274376417,4096,0,0,0.6569728255271912,1,62,1,62,62,62,62,0
2845,16.520997732426302,4096,0,0,0.716461181640625,1,62,1,62,62,62,62,0
2846,16.526802721088437,4096,0,0,0.7155858278274536,1,62,1,62,62,62,62,0
2847,16.532607709750568,4096,0,0,0.6479140520095825,1,62,1,62,62,62,62,0
2848,16.5384126984127,4096,0,0,0.7426837682723999,1,62,1,62,62,62,62,0
2849,16.54421768707483,4096,0,0,0.7251543402671814,1,62,1,62,62,62,62,0
2850,16.55002267573696,4096,0,0,0.6381812691688538,1,62,1,62,62,62,62,0
2851,16.555827664399093,4096,0,0,0.6970049142837524,1,62,1,62,62,62,62,0
2852,16.561632653061224,4096,0,0,0.7040337920188904,1,62,1,62,62,62,62,0
2853,16.567437641723355,4096,0,0,0.6536902785301208,1,62,1,62,62,62,62,0
2854,16.573242630385487,4096,0,0,0.5739496946334839,0,62,1,62,62,62,62,0
2855,16.579047619047618,4096,0,0,0.6636620163917542,1,62,1,62,62,62,62,0
2856,16.58485260770975,4096,0,0,0.6005403995513916,1,62,1,62,62,62,62,0
2857,16.590657596371884,4096,0,0,0.5510553121566772,0,62,1,62,62,62,62,0
2858,16.596462585034015,4096,0,0,0.6671686768531799,1,62,1,62,62,62,62,0
2859,16.602267573696146,4096,0,0,0.6151348948478699,1,62,1,62,62,62,62,0
2860,16.608072562358277,4096,0,0,0.5697453022003174,0,62,1,62,62,62,62,0
2861,16.61387755102041,4096,0,0,0.5761696100234985,0,62,1,62,62,62,62,0
2862,16.61968253968254,4096,0,0,0.5704119205474854,0,62,1,62,62,62,62,0
2863,16.62548752834467,4096,0,0,0.578429102897644,0,62,1,62,62,62,62,0
2864,16.631292517006802,4096,0,0,0.4849436581134796,0,62,1,62,62,62,62,0
2865,16.637097505668933,4096,0,0,0.5819915533065796,0,62,1,62,62,62,62,0
2866,16.642902494331064,4096,0,0,0.48445817828178406,0,62,1,62,62,62,62,0
2867,16.648707482993196,4096,0,0,0.47557586431503296,0,62,1,62,62,62,62,0
2868,16.65451247165533,4096,0,0,0.5728978514671326,0,62,1,62,62,62,62,0
2869,16.66031746031746,4096,0,0,0.5704176425933838,0,62,1,62,62,62,62,0
2870,16.666122448979593,4096,0,0,0.6195322871208191,1,62,1,62,62,62,62,0
2871,16.671927437641724,4096,0,0,0.6887933611869812,1,61,1,62,62,62,62,0
2872,16.677732426303855,4096,0,0,0.7054320573806763,1,61,1,62,62,62,62,0
2873,16.683537414965986,4096,0,1,0.7713345885276794,1,61,1,62,62,62,62,0
2874,16.689342403628117,4096,0,0,0.7154659628868103,1,61,1,62,62,62,62,0
2875,16.69514739229025,4096,0,0,0.5165346264839172,0,61,1,62,62,62,62,0
2876,16.70095238095238,4096,0,0,0.3795270621776581,0,61,1,62,62,62,62,0
2877,16.70675736961451,4096,0,0,0.3099680244922638,0,61,1,62,62,62,62,0
2878,16.712562358276642,4096,0,0,0.3534891605377197,0,61,1,62,62,62,62,0
2879,16.718367346938777,4096,0,0,0.3513360619544983,0,61,1,62,62,62,62,0
2880,16.724172335600908,4096,0,0,0.3614245057106018,0,61,1,62,62,62,62,0
2881,16.72997732426304,4096,0,0,0.29987838864326477,0,61,1,62,62,62,62,0
2882,16.73578231292517,4096,0,0,0.3449711501598358,0,61,1,62,62,62,62,0
2883,16.741587301587302,4096,0,0,0.36849358677864075,0,61,1,62,62,62,62,0
2884,16.747392290249433,4096,0,0,0.3348453938961029,0,61,1,62,62,62,62,0
2885,16.753197278911564,4096,0,0,0.33243733644485474,0,61,1,61,62,62,62,0
2886,16.759002267573695,4096,0,0,0.3407115340232849,0,61,1,61,61,62,62,0
2887,16.764807256235827,4096,0,0,0.361546128988266,0,61,1,61,61,62,62,0
2888,16.770612244897958,4096,0,0,0.3529359996318817,0,61,1,61,61,62,62,0
2889,16.77641723356009,4096,0,0,0.3090246915817261,0,61,1,61,61,62,62,0
2890,16.782222222222224,4096,0,0,0.28633561730384827,0,61,1,61,61,62,62,0
2891,16.788027210884355,4096,0,0,0.3478032052516937,0,61,1,61,61,62,62,0
2892,16.793832199546486,4096,0,0,0.33419445157051086,0,61,1,61,61,62,62,0
2893,16.799637188208617,4096,0,0,0.33707723021507263,0,61,1,61,61,62,62,0
2894,16.80544217687075,4096,0,0,0.2625639736652374,0,61,1,61,61,62,62,0
2895,16.81124716553288,4096,0,0,0.30935579538345337,0,61,1,61,61,62,62,0
2896,16.81705215419501,4096,0,0,0.33225688338279724,0,61,1,61,61,62,62,0
2897,16.822857142857142,4096,0,0,0.31907692551612854,0,61,1,61,61,62,62,0
2898,16.828662131519273,4096,0,0,0.3033563494682312,0,61,1,61,61,62,62,0
2899,16.834467120181404,4096,0,0,0.3148973882198334,0,61,1,61,61,62,62,0
2900,16.840272108843536,4096,0,0,0.32384857535362244,0,61,1,61,61,62,62,0
2901,16.84607709750567,4096,0,0,0.3260374367237091,0,61,1,61,61,62,62,0
2902,16.8518820861678,4096,0,0,0.29927700757980347,0,61,1,61,61,62,62,0
2903,16.857687074829933,4096,0,0,0.26911023259162903,0,61,1,61,61,62,62,0
2904,16.863492063492064,4096,0,0,0.3236405849456787,0,61,1,61,61,62,62,0
2905,16.869297052154195,4096,0,0,0.3514831066131592,0,61,1,61,61,62,62,0
2906,16.875102040816326,4096,0,0,0.32813888788223267,0,61,1,61,61,62,62,0
2907,16.880907029478458,4096,0,0,0.11654975265264511,0,61,1,61,61,62,62,0
2908,16.88671201814059,4096,0,0,0.07109130918979645,0,-1,0,61,61,62,62,0
2909,16.89251700680272,4096,0,0,0.05038565769791603,0,-1,0,61,-1,-1,-1,0
2910,16.89832199546485,4096,0,0,0.038275375962257385,0,-1,0,61,-1,-1,-1,0
2911,16.904126984126986,4096,0,0,0.03146129846572876,0,-1,0,61,-1,-1,-1,0
2912,16.909931972789117,4096,0,0,0.02875189296901226,0,-1,0,61,-1,-1,-1,0
2913,16.91573696145125,4096,0,0,0.029000265523791313,0,-1,0,61,-1,-1,-1,0
2914,16.92154195011338,512,1,0,0.5200909376144409,0,-1,1,59,-1,-1,-1,0
2915,16.92734693877551,512,0,0,0.5235178470611572,0,61,1,49,-1,-1,-1,0
2916,16.933151927437642,512,0,0,0.6770583391189575,1,61,1,61,-1,-1,-1,0
2917,16.938956916099773,1024,0,1,0.5964416861534119,1,61,1,61,61,61,61,0
2918,16.944761904761904,1024,0,0,0.7207832336425781,1,61,1,61,61,61,61,0
2919,16.950566893424035,2048,0,0,0.6545860171318054,1,61,1,61,61,61,61,0
2920,16.956371882086167,2048,0,0,0.6862582564353943,1,61,1,61,61,61,61,0
2921,16.962176870748298,2048,0,0,0.5947648882865906,1,61,1,61,61,61,61,0
2922,16.967981859410433,2048,0,0,0.6450110077857971,1,61,1,61,61,61,61,0
2923,16.973786848072564,4096,0,0,0.7113487124443054,1,61,0,61,61,61,61,0
2924,16.979591836734695,4096,0,0,0.6287469267845154,1,61,1,61,61,61,61,0
2925,16.985396825396826,4096,0,0,0.6392202973365784,1,61,1,61,61,61,61,0
2926,16.991201814058957,4096,0,0,0.5606800317764282,0,61,1,61,61,61,61,0
2927,16.99700680272109,4096,0,0,0.5760511159896851,0,61,1,61,61,61,61,0
2928,17.00281179138322,4096,0,0,0.6688012480735779,1,61,1,61,61,61,61,0
2929,17.00861678004535,4096,0,0,0.6227977275848389,1,61,1,61,61,61,61,0
2930,17.014421768707482,4096,0,0,0.6080854535102844,1,61,1,61,61,61,61,0
2931,17.020226757369613,4096,0,0,0.6043891906738281,1,61,1,61,61,61,61,0
2932,17.026031746031745,4096,0,0,0.5148441791534424,0,61,1,61,61,61,61,0
2933,17.03183673469388,4096,0,0,0.5774717330932617,0,61,1,61,61,61,61,0
2934,17.03764172335601,4096,0,0,0.5017992258071899,0,61,1,61,61,61,61,0
2935,17.04344671201814,4096,0,0,0.4737417995929718,0,61,1,61,61,61,61,0
2936,17.049251700680273,4096,0,0,0.5604701638221741,0,61,1,61,61,61,61,0
2937,17.055056689342404,4096,0,0,0.519687294960022,0,61,1,61,61,61,61,0
2938,17.060861678004535,4096,0,0,0.5313661694526672,0,61,1,61,61,61,61,0
2939,17.066666666666666,4096,0,0,0.4207591712474823,0,61,1,61,61,61,61,0
2940,17.072471655328798,4096,0,0,0.455465704202652,0,61,1,61,61,61,61,0
2941,17.07827664399093,4096,0,0,0.5283429026603699,0,61,1,61,61,61,61,0
2942,17.08408163265306,4096,0,0,0.5057631731033325,0,61,1,61,61,61,61,0
2943,17.08988662131519,4096,0,0,0.5169370174407959,0,61,1,61,61,61,61,0
2944,17.095691609977326,4096,0,0,0.4579927921295166,0,61,1,61,61,61,61,0
2945,17.101496598639457,4096,0,0,0.46035370230674744,0,61,1,61,61,61,61,0
2946,17.10730158730159,4096,0,0,0.5107107758522034,0,61,1,61,61,61,61,0
2947,17.11310657596372,4096,0,0,0.5006528496742249,0,61,1,61,61,61,61,0
2948,17.11891156462585,4096,0,0,0.3779074251651764,0,59,1,61,61,61,61,0
2949,17.124716553287982,4096,0,0,0.49712270498275757,0,59,1,61,61,61,61,0
2950,17.130521541950113,4096,0,1,0.45632749795913696,0,59,1,61,61,61,61,0
2951,17.136326530612244,4096,0,0,0.5342268943786621,0,59,1,61,61,61,61,0
2952,17.142131519274376,4096,0,0,0.5681982040405273,0,59,1,61,61,61,61,0
2953,17.147936507936507,4096,0,0,0.5574048161506653,0,59,1,61,61,61,61,0
2954,17.153741496598638,4096,0,0,0.4731638729572296,0,59,1,61,61,61,61,0
2955,17.159546485260773,4096,0,0,0.46709582209587097,0,59,1,61,61,61,61,0
2956,17.165351473922904,4096,0,0,0.5771294236183167,0,59,1,61,61,61,61,0
2957,17.171156462585035,4096,0,0,0.4938359558582306,0,59,1,60,61,61,61,0
2958,17.176961451247166,4096,0,0,0.5495530366897583,0,59,1,60,60,61,61,0
2959,17.182766439909297,4096,0,0,0.43958181142807007,0,59,1,60,60,61,61,0
2960,17.18857142857143,4096,0,0,0.4660393297672272,0,59,1,60,60,61,61,0
2961,17.19437641723356,4096,0,0,0.4422261118888855,0,59,1,59,60,61,61,0
2962,17.20018140589569,4096,0,0,0.4360520839691162,0,59,1,59,59,61,61,0
2963,17.205986394557822,4096,0,0,0.430022269487381,0,59,1,59,59,61,61,0
2964,17.211791383219953,4096,0,0,0.40347060561180115,0,59,1,59,59,61,61,0
2965,17.217596371882085,4096,0,0,0.5048788785934448,0,59,1,59,59,61,61,0
2966,17.22340136054422,4096,0,0,0.4394584596157074,0,59,1,59,59,61,61,0
2967,17.22920634920635,4096,0,0,0.44208353757858276,0,59,1,59,59,61,61,0
2968,17.23501133786848,4096,0,0,0.3588288426399231,0,59,1,59,59,61,61,0
2969,17.240816326530613,4096,0,0,0.4069758653640747,0,59,1,59,59,61,61,0
2970,17.246621315192744,4096,0,0,0.42312076687812805,0,59,1,59,59,61,61,0
2971,17.252426303854875,4096,0,0,0.4114843010902405,0,59,1,59,59,61,61,0
2972,17.258231292517006,4096,0,0,0.37820231914520264,0,59,1,59,59,61,61,0
2973,17.264036281179138,4096,0,0,0.314322292804718,0,59,1,59,59,61,61,0
2974,17.26984126984127,4096,0,0,0.40364888310432434,0,59,1,59,59,61,61,0
2975,17.2756462585034,4096,0,0,0.3799566626548767,0,59,1,59,59,61,61,0
2976,17.28145124716553,4096,0,0,0.4045243263244629,0,59,1,59,59,61,61,0
2977,17.287256235827666,4096,0,0,0.3902236521244049,0,59,1,59,59,61,61,0
2978,17.293061224489797,4096,0,0,0.37043699622154236,0,59,1,59,59,61,61,0
2979,17.29886621315193,4096,0,0,0.36777371168136597,0,59,1,59,59,61,61,0
2980,17.30467120181406,4096,0,0,0.3372448980808258,0,59,1,59,59,61,61,0
2981,17.31047619047619,4096,0,0,0.359548419713974,0,59,1,59,59,61,61,0
2982,17.316281179138322,4096,0,0,0.2009778618812561,0,59,1,59,59,61,61,0
2983,17.322086167800453,4096,0,0,0.10078471899032593,0,59,0,59,59,61,61,0
2984,17.327891156462584,4096,0,0,0.06788221001625061,0,59,0,59,-1,-1,-1,0
2985,17.333696145124716,4096,0,0,0.039098888635635376,0,-1,0,59,-1,-1,-1,0
2986,17.339501133786847,4096,0,0,0.032562192529439926,0,-1,0,59,-1,-1,-1,0
2987,17.345306122448978,4096,0,0,0.028903169557452202,0,-1,0,59,-1,-1,-1,0
2988,17.351111111111113,4096,0,0,0.028442200273275375,0,-1,0,59,-1,-1,-1,0
2989,17.356916099773244,512,1,0,0.6295873522758484,1,-1,1,49,-1,-1,-1,0
2990,17.362721088435375,512,0,0,0.5088156461715698,0,59,1,58,-1,-1,-1,0
2991,17.368526077097506,512,0,0,0.7323179841041565,1,59,1,59,-1,-1,-1,0
2992,17.374331065759637,1024,0,1,0.7229384183883667,1,59,1,59,59,59,59,0
2993,17.38013605442177,1024,0,0,0.7459923028945923,1,59,1,59,59,59,59,0
2994,17.3859410430839,2048,0,0,0.7136445045471191,1,59,1,59,59,59,59,0
2995,17.39174603174603,2048,0,0,0.7764801383018494,1,59,1,59,59,59,59,0
2996,17.397551020408162,2048,0,0,0.6930989027023315,1,59,1,59,59,59,59,0
2997,17.403356009070293,2048,0,0,0.7456803321838379,1,59,1,59,59,59,59,0
2998,17.409160997732425,4096,0,0,0.6758700609207153,1,59,0,59,59,59,59,0
2999,17.41496598639456,4096,0,0,0.6613614559173584,1,59,1,59,59,59,59,0
3000,17.42077097505669,4096,0,0,0.6884685158729553,1,59,1,59,59,59,59,0
3001,17.426575963718822,4096,0,0,0.597083568572998,1,59,1,59,59,59,59,0
3002,17.432380952380953,4096,0,0,0.6100738048553467,1,59,1,59,59,59,59,0
3003,17.438185941043084,4096,0,0,0.6625298857688904,1,59,1,59,59,59,59,0
3004,17.443990929705215,4096,0,0,0.6667689681053162,1,59,1,59,59,59,59,0
3005,17.449795918367347,4096,0,0,0.6658396124839783,1,59,1,59,59,59,59,0
3006,17.455600907029478,4096,0,0,0.6133515238761902,1,59,1,59,59,59,59,0
3007,17.46140589569161,4096,0,0,0.6288245320320129,1,59,1,59,59,59,59,0
3008,17.46721088435374,4096,0,0,0.5708317756652832,0,59,1,59,59,59,59,0
3009,17.47301587301587,4096,0,0,0.5599655508995056,0,59,1,59,59,59,59,0
3010,17.478820861678006,4096,0,0,0.4313524663448334,0,59,1,59,59,59,59,0
3011,17.484625850340137,4096,0,0,0.5229284167289734,0,59,1,59,59,59,59,0
3012,17.49043083900227,4096,0,0,0.5619688034057617,0,59,1,59,59,59,59,0
3013,17.4962358276644,4096,0,0,0.589438796043396,1,59,1,59,59,59,59,0
3014,17.50204081632653,4096,0,0,0.5488612651824951,0,59,1,59,59,59,59,0
3015,17.507845804988662,4096,0,0,0.45828086137771606,0,59,1,59,59,59,59,0
3016,17.513650793650793,4096,0,0,0.5346381664276123,0,59,1,59,59,59,59,0
3017,17.519455782312924,4096,0,0,0.5273737907409668,0,59,1,59,59,59,59,0
3018,17.525260770975056,4096,0,0,0.4927208423614502,0,59,1,59,59,59,59,0
3019,17.531065759637187,4096,0,0,0.5517207980155945,0,59,1,59,59,59,59,0
3020,17.536870748299318,4096,0,0,0.5083142518997192,0,59,1,59,59,59,59,0
3021,17.542675736961453,4096,0,0,0.5768343210220337,0,59,1,59,59,59,59,0
3022,17.548480725623584,4096,0,0,0.5682380199432373,0,-1,1,59,59,59,59,0
3023,17.554285714285715,4096,0,0,0.589618444442749,1,57,1,59,59,59,59,0
3024,17.560090702947846,4096,0,0,0.5353421568870544,0,57,1,59,59,59,59,0
3025,17.565895691609978,4096,0,1,0.4177186191082001,0,57,1,59,59,59,59,0
3026,17.57170068027211,4096,0,0,0.5010137557983398,0,57,1,59,59,59,59,0
3027,17.57750566893424,4096,0,0,0.5918563008308411,1,57,1,59,59,59,59,0
3028,17.58331065759637,4096,0,0,0.5041155815124512,0,57,1,58,59,59,59,0
3029,17.589115646258502,4096,0,0,0.5034427642822266,0,57,1,58,58,59,59,0
3030,17.594920634920634,4096,0,0,0.4749158024787903,0,57,1,58,58,59,59,0
3031,17.600725623582765,4096,0,0,0.3549449145793915,0,57,1,58,58,59,59,0
3032,17.6065306122449,4096,0,0,0.37951093912124634,0,57,1,58,58,59,59,0
3033,17.61233560090703,4096,0,0,0.4528498351573944,0,57,1,58,58,59,59,0
3034,17.618140589569162,4096,0,0,0.4036734700202942,0,57,1,58,58,59,59,0
3035,17.623945578231293,4096,0,0,0.3434431254863739,0,57,1,58,58,59,59,0
3036,17.629750566893424,4096,0,0,0.39618316292762756,0,57,1,58,58,59,59,0
3037,17.635555555555555,4096,0,0,0.43477311730384827,0,57,1,57,58,59,59,0
3038,17.641360544217687,4096,0,0,0.342542827129364,0,57,1,57,57,59,59,0
3039,17.647165532879818,4096,0,0,0.34411534667015076,0,57,1,57,57,59,59,0
3040,17.65297052154195,4096,0,0,0.4271758496761322,0,57,1,57,57,59,59,0
3041,17.65877551020408,4096,0,0,0.393119215965271,0,57,1,57,57,59,59,0
3042,17.66458049886621,4096,0,0,0.34364092350006104,0,57,1,57,57,59,59,0
3043,17.670385487528346,4096,0,0,0.3550764322280884,0,57,1,57,57,59,59,0
3044,17.676190476190477,4096,0,0,0.38299092650413513,0,57,1,57,57,59,59,0
3045,17.68199546485261,4096,0,0,0.3403579294681549,0,57,1,57,57,59,59,0
3046,17.68780045351474,4096,0,0,0.32412686944007874,0,57,1,57,57,59,59,0
3047,17.69360544217687,4096,0,0,0.3827619254589081,0,57,1,57,57,59,59,0
3048,17.699410430839002,4096,0,0,0.3673717677593231,0,57,1,57,57,59,59,0
3049,17.705215419501133,4096,0,0,0.3359084129333496,0,57,1,57,57,59,59,0
3050,17.711020408163265,4096,0,0,0.3225398361682892,0,57,1,57,57,59,59,0
3051,17.716825396825396,4096,0,0,0.3539761006832123,0,57,1,57,57,59,59,0
3052,17.722630385487527,4096,0,0,0.3548015058040619,0,57,1,57,57,59,59,0
3053,17.728435374149658,4096,0,0,0.3129667043685913,0,57,1,57,57,59,59,0
3054,17.734240362811793,4096,0,0,0.3588055372238159,0,57,1,57,57,59,59,0
3055,17.740045351473924,4096,0,0,0.3719014823436737,0,57,1,57,57,59,59,0
3056,17.745850340136055,4096,0,0,0.3291360139846802,0,57,1,57,57,59,59,0
3057,17.751655328798186,4096,0,0,0.30783388018608093,0,57,1,57,57,59,59,0
3058,17.757460317460318,4096,0,0,0.35432925820350647,0,57,1,57,57,59,59,0
3059,17.76326530612245,4096,0,0,0.3482040464878082,0,57,1,57,57,59,59,0
3060,17.76907029478458,4096,0,0,0.3120860755443573,0,57,1,57,57,59,59,0
3061,17.77487528344671,4096,0,0,0.30186814069747925,0,57,1,57,57,59,59,0
3062,17.780680272108842,4096,0,0,0.24224194884300232,0,57,1,57,57,59,59,0
3063,17.786485260770974,4096,0,0,0.11451639980077744,0,57,0,57,57,59,59,0
3064,17.79229024943311,4096,0,0,0.06843770295381546,0,57,0,57,-1,-1,-1,0
3065,17.79809523809524,512,1,0,0.05240365490317345,0,57,1,51,-1,-1,-1,0
3066,17.80390022675737,512,0,0,0.042437709867954254,0,-1,1,75,-1,-1,-1,0
3067,17.809705215419502,512,0,0,0.03813578188419342,0,-1,1,75,75,75,75,0
3068,17.815510204081633,1024,0,0,0.041288286447525024,0,-1,1,75,75,75,75,0
3069,17.821315192743764,1024,0,0,0.1756257265806198,0,-1,1,49,75,75,75,0
3070,17.827120181405895,2048,0,0,0.5089260935783386,0,57,1,59,75,75,75,0
3071,17.832925170068027,2048,0,0,0.5874205231666565,1,57,1,57,75,75,75,0
3072,17.838730158730158,2048,0,1,0.43749886751174927,0,57,1,57,57,57,57,0
3073,17.84453514739229,2048,0,0,0.6312853693962097,1,57,1,57,57,57,57,0
3074,17.85034013605442,4096,0,0,0.6014917492866516,1,57,0,57,57,57,57,0
3075,17.856145124716555,4096,0,0,0.5651080012321472,0,57,0,57,-1,-1,-1,0
3076,17.861950113378686,4096,0,0,0.4761073589324951,0,57,0,57,-1,-1,-1,0
3077,17.867755102040817,4096,0,0,0.5858039855957031,1,57,0,57,-1,-1,-1,0
3078,17.87356009070295,4096,0,0,0.5581609010696411,0,57,0,57,-1,-1,-1,0
3079,17.87936507936508,4096,0,0,0.516482949256897,0,57,0,57,-1,-1,-1,0
3080,17.88517006802721,4096,0,0,0.541165828704834,0,57,1,57,-1,-1,-1,0
3081,17.890975056689342,4096,0,0,0.5658753514289856,0,57,1,57,57,57,57,0
3082,17.896780045351473,4096,0,0,0.5574324727058411,0,57,1,57,57,57,57,0
3083,17.902585034013605,4096,0,0,0.4284173548221588,0,57,1,57,57,57,57,0
3084,17.908390022675736,4096,0,0,0.5341847538948059,0,57,1,57,57,57,57,0
3085,17.914195011337867,4096,0,0,0.45325517654418945,0,57,1,57,57,57,57,0
3086,17.92,4096,0,0,0.5102340579032898,0,57,1,57,57,57,57,0
3087,17.925804988662133,4096,0,0,0.3951264023780823,0,57,1,57,57,57,57,0
3088,17.931609977324264,4096,0,0,0.49228280782699585,0,57,1,57,57,57,57,0
3089,17.937414965986395,4096,0,0,0.4970998167991638,0,57,1,57,57,57,57,0
3090,17.943219954648526,4096,0,0,0.33835503458976746,0,57,1,57,57,57,57,0
3091,17.949024943310658,4096,0,0,0.4630104899406433,0,57,1,57,57,57,57,0
3092,17.95482993197279,4096,0,0,0.4798019528388977,0,57,1,57,57,57,57,0
3093,17.96063492063492,4096,0,0,0.47691717743873596,0,57,1,57,57,57,57,0
3094,17.96643990929705,4096,0,0,0.346976637840271,0,57,1,57,57,57,57,0
3095,17.972244897959182,4096,0,0,0.45495253801345825,0,57,1,57,57,57,57,0
3096,17.978049886621314,4096,0,0,0.47817477583885193,0,57,1,57,57,57,57,0
3097,17.98385487528345,4096,0,0,0.4050027132034302,0,57,1,57,57,57,57,0
3098,17.98965986394558,4096,0,0,0.4047393798828125,0,57,1,57,57,57,57,0
3099,17.99546485260771,4096,0,0,0.48835933208465576,0,57,1,57,57,57,57,0
3100,18.001269841269842,4096,0,0,0.42171522974967957,0,57,1,57,57,57,57,0
3101,18.007074829931973,4096,0,0,0.3181568682193756,0,57,1,57,57,57,57,0
3102,18.012879818594104,4096,0,0,0.2668241858482361,0,57,1,57,57,57,57,0
3103,18.018684807256236,4096,0,0,0.33103570342063904,0,57,1,57,57,57,57,0
3104,18.024489795918367,4096,0,0,0.27599602937698364,0,57,1,56,57,57,57,0
3105,18.030294784580498,4096,0,0,0.29620346426963806,0,57,1,56,56,57,57,0
3106,18.03609977324263,4096,0,0,0.18765345215797424,0,57,1,56,56,57,57,0
3107,18.04190476190476,4096,0,0,0.17411577701568604,0,57,1,56,56,57,57,0
3108,18.047709750566895,4096,0,0,0.14271169900894165,0,57,1,56,56,57,57,0
3109,18.053514739229026,4096,0,0,0.07491330057382584,0,57,1,56,56,57,57,0
3110,18.059319727891157,4096,0,0,0.0463380366563797,0,57,1,56,56,57,57,0
3111,18.06512471655329,4096,0,0,0.03334978222846985,0,57,1,56,56,57,57,0
3112,18.07092970521542,4096,0,0,0.03011194057762623,0,57,1,56,56,57,57,0
3113,18.07673469387755,4096,0,0,0.03245888650417328,0,57,0,56,56,57,57,0
3114,18.082539682539682,4096,0,0,0.033337630331516266,0,57,0,56,-1,-1,-1,0
3115,18.088344671201813,4096,0,0,0.030438486486673355,0,57,0,56,-1,-1,-1,0
3116,18.094149659863945,4096,0,0,0.03025166317820549,0,-1,0,56,-1,-1,-1,0
3117,18.099954648526076,4096,0,0,0.03386928141117096,0,-1,0,56,-1,-1,-1,0
3118,18.105759637188207,4096,0,0,0.03462758660316467,0,-1,0,56,-1,-1,-1,0
3119,18.11156462585034,4096,0,0,0.031248368322849274,0,-1,0,56,-1,-1,-1,0
3120,18.117369614512473,4096,0,0,0.030423643067479134,0,-1,0,56,-1,-1,-1,0
3121,18.123174603174604,4096,0,0,0.0341099351644516,0,-1,0,56,-1,-1,-1,0
3122,18.128979591836735,4096,0,0,0.03724725916981697,0,-1,0,56,-1,-1,-1,0
3123,18.134784580498867,4096,0,0,0.03538815677165985,0,-1,0,59,-1,-1,-1,0
3124,18.140589569160998,4096,0,0,0.03210209310054779,0,-1,0,59,-1,-1,-1,0
3125,18.14639455782313,4096,0,0,0.03412863612174988,0,-1,0,59,-1,-1,-1,0
3126,18.15219954648526,4096,0,0,0.03450850769877434,0,-1,0,59,-1,-1,-1,0
3127,18.15800453514739,4096,0,0,0.030423786491155624,0,-1,0,59,-1,-1,-1,0
3128,18.163809523809523,4096,0,0,0.02835245057940483,0,-1,0,59,-1,-1,-1,0
3129,18.169614512471654,4096,0,0,0.028223387897014618,0,-1,0,59,-1,-1,-1,0
3130,18.17541950113379,4096,0,0,0.027888432145118713,0,-1,0,59,-1,-1,-1,0
3131,18.18122448979592,4096,0,0,0.02760743908584118,0,-1,0,59,-1,-1,-1,0
3132,18.18702947845805,4096,0,0,0.027405859902501106,0,-1,0,59,-1,-1,-1,0
3133,18.192834467120182,4096,0,0,0.0271556805819273,0,-1,0,59,-1,-1,-1,0
3134,18.198639455782313,4096,0,0,0.027722561731934547,0,-1,0,59,-1,-1,-1,0
3135,18.204444444444444,4096,0,0,0.028823496773838997,0,-1,0,59,-1,-1,-1,0
3136,18.210249433106576,4096,0,0,0.028670571744441986,0,-1,0,59,-1,-1,-1,0
3137,18.216054421768707,4096,0,0,0.027869408950209618,0,-1,0,59,-1,-1,-1,0
3138,18.221859410430838,4096,0,0,0.027360152453184128,0,-1,0,59,-1,-1,-1,0
3139,18.22766439909297,4096,0,0,0.02761249430477619,0,-1,0,59,-1,-1,-1,0
3140,18.2334693877551,4096,0,0,0.02753562107682228,0,-1,0,59,-1,-1,-1,0
3141,18.239274376417235,4096,0,0,0.02722628228366375,0,-1,0,59,-1,-1,-1,0
3142,18.245079365079366,4096,0,0,0.027309339493513107,0,-1,0,59,-1,-1,-1,0
3143,18.250884353741498,4096,0,0,0.027477461844682693,0,-1,0,59,-1,-1,-1,0
3144,18.25668934240363,4096,0,0,0.027477342635393143,0,-1,0,59,-1,-1,-1,0
3145,18.26249433106576,4096,0,0,0.02719586342573166,0,-1,0,59,-1,-1,-1,0
3146,18.26829931972789,4096,0,0,0.028254104778170586,0,-1,0,59,-1,-1,-1,0
3147,18.274104308390022,4096,0,0,0.030703051015734673,0,-1,0,59,-1,-1,-1,0
3148,18.279909297052154,4096,0,0,0.031112587079405785,0,-1,0,59,-1,-1,-1,0
3149,18.285714285714285,4096,0,0,0.030582334846258163,0,-1,0,59,-1,-1,-1,0
3150,18.291519274376416,4096,0,0,0.029851175844669342,0,-1,0,59,-1,-1,-1,0
3151,18.297324263038547,4096,0,0,0.028666473925113678,0,-1,0,59,-1,-1,-1,0
3152,18.303129251700682,4096,0,0,0.028008105233311653,0,-1,0,59,-1,-1,-1,0
3153,18.308934240362813,4096,0,0,0.027707364410161972,0,-1,0,59,-1,-1,-1,0
3154,18.314739229024944,4096,0,0,0.027470672503113747,0,-1,0,59,-1,-1,-1,0
3155,18.320544217687075,4096,0,0,0.02754957228899002,0,-1,0,59,-1,-1,-1,0
3156,18.326349206349207,4096,0,0,0.027338551357388496,0,-1,0,59,-1,-1,-1,0
3157,18.332154195011338,4096,0,0,0.02682073786854744,0,-1,0,59,-1,-1,-1,0
3158,18.33795918367347,4096,0,0,0.02657591551542282,0,-1,0,59,-1,-1,-1,0
3159,18.3437641723356,4096,0,0,0.027016082778573036,0,-1,0,59,-1,-1,-1,0
3160,18.34956916099773,4096,0,0,0.027456989511847496,0,-1,0,59,-1,-1,-1,0
3161,18.355374149659863,4096,0,0,0.027946289628744125,0,-1,0,59,-1,-1,-1,0
3162,18.361179138321994,4096,0,0,0.02849036641418934,0,-1,0,59,-1,-1,-1,0
3163,18.36698412698413,4096,0,0,0.029294056817889214,0,-1,0,59,-1,-1,-1,0
3164,18.37278911564626,4096,0,0,0.028956694528460503,0,-1,0,59,-1,-1,-1,0
3165,18.37859410430839,4096,0,0,0.028236448764801025,0,-1,0,59,-1,-1,-1,0
3166,18.384399092970522,4096,0,0,0.02765313908457756,0,-1,0,59,-1,-1,-1,0
3167,18.390204081632653,4096,0,0,0.0269174687564373,0,-1,0,59,-1,-1,-1,0
3168,18.396009070294784,4096,0,0,0.027363883331418037,0,-1,0,59,-1,-1,-1,0
3169,18.401814058956916,4096,0,0,0.027810489758849144,0,-1,0,59,-1,-1,-1,0
3170,18.407619047619047,4096,0,0,0.02748993970453739,0,-1,0,59,-1,-1,-1,0
3171,18.413424036281178,4096,0,0,0.027390725910663605,0,-1,0,59,-1,-1,-1,0
3172,18.41922902494331,4096,0,0,0.02744896709918976,0,-1,0,59,-1,-1,-1,0
3173,18.42503401360544,4096,0,0,0.026824485510587692,0,-1,0,59,-1,-1,-1,0
3174,18.430839002267575,4096,0,0,0.02699502557516098,0,-1,0,59,-1,-1,-1,0
3175,18.436643990929706,4096,0,0,0.027654437348246574,0,-1,0,59,-1,-1,-1,0
3176,18.442448979591838,4096,0,0,0.027904637157917023,0,-1,0,59,-1,-1,-1,0
3177,18.44825396825397,4096,0,0,0.027915330603718758,0,-1,0,59,-1,-1,-1,0
3178,18.4540589569161,4096,0,0,0.027789246290922165,0,-1,0,59,-1,-1,-1,0
3179,18.45986394557823,4096,0,0,0.027924885973334312,0,-1,0,59,-1,-1,-1,0
3180,18.465668934240362,4096,0,0,0.027960412204265594,0,-1,0,59,-1,-1,-1,0
3181,18.471473922902494,4096,0,0,0.027834326028823853,0,-1,0,59,-1,-1,-1,0
3182,18.477278911564625,4096,0,0,0.02750411443412304,0,-1,0,59,-1,-1,-1,0
3183,18.483083900226756,4096,0,0,0.02690252661705017,0,-1,0,59,-1,-1,-1,0
3184,18.488888888888887,4096,0,0,0.02739354595541954,0,-1,0,59,-1,-1,-1,0
3185,18.494693877551022,4096,0,0,0.027836782857775688,0,-1,0,59,-1,-1,-1,0
3186,18.500498866213153,4096,0,0,0.027618873864412308,0,-1,0,59,-1,-1,-1,0
3187,18.506303854875284,4096,0,0,0.027932900935411453,0,-1,0,59,-1,-1,-1,0
3188,18.512108843537415,4096,0,0,0.02829965017735958,0,-1,0,59,-1,-1,-1,0
3189,18.517913832199547,4096,0,0,0.02754763700067997,0,-1,0,59,-1,-1,-1,0
3190,18.523718820861678,4096,0,0,0.027476133778691292,0,-1,0,59,-1,-1,-1,0
3191,18.52952380952381,4096,0,0,0.02742311917245388,0,-1,0,59,-1,-1,-1,0
3192,18.53532879818594,4096,0,0,0.027280841022729874,0,-1,0,59,-1,-1,-1,0
3193,18.54113378684807,4096,0,0,0.026942752301692963,0,-1,0,59,-1,-1,-1,0
3194,18.546938775510203,4096,0,0,0.026582369580864906,0,-1,0,59,-1,-1,-1,0
3195,18.552743764172334,4096,0,0,0.026764849200844765,0,-1,0,59,-1,-1,-1,0
3196,18.55854875283447,4096,0,0,0.027397535741329193,0,-1,0,59,-1,-1,-1,0
3197,18.5643537414966,4096,0,0,0.027682190760970116,0,-1,0,59,-1,-1,-1,0
3198,18.57015873015873,4096,0,0,0.027506934478878975,0,-1,0,59,-1,-1,-1,0
3199,18.575963718820862,4096,0,0,0.027501218020915985,0,-1,0,59,-1,-1,-1,0
3200,18.581768707482993,4096,0,0,0.027521993964910507,0,-1,0,59,-1,-1,-1,0
3201,18.587573696145125,4096,0,0,0.027614254504442215,0,-1,0,59,-1,-1,-1,0
3202,18.593378684807256,4096,0,0,0.027924763038754463,0,-1,0,59,-1,-1,-1,0
3203,18.599183673469387,4096,0,0,0.027490533888339996,0,-1,0,59,-1,-1,-1,0
3204,18.604988662131518,4096,0,0,0.027279337868094444,0,-1,0,59,-1,-1,-1,0
3205,18.61079365079365,4096,0,0,0.02777116186916828,0,-1,0,59,-1,-1,-1,0
3206,18.616598639455784,4096,0,0,0.027619846165180206,0,-1,0,59,-1,-1,-1,0
3207,18.622403628117915,4096,0,0,0.027705546468496323,0,-1,0,59,-1,-1,-1,0
3208,18.628208616780046,4096,0,0,0.027497215196490288,0,-1,0,59,-1,-1,-1,0
3209,18.634013605442178,4096,0,0,0.027607811614871025,0,-1,0,59,-1,-1,-1,0
3210,18.63981859410431,4096,0,0,0.02772313542664051,0,-1,0,59,-1,-1,-1,0
3211,18.64562358276644,4096,0,0,0.027638155966997147,0,-1,0,59,-1,-1,-1,0
3212,18.65142857142857,4096,0,0,0.02752654440701008,0,-1,0,59,-1,-1,-1,0
3213,18.657233560090702,4096,0,0,0.027329545468091965,0,-1,0,59,-1,-1,-1,0
3214,18.663038548752834,4096,0,0,0.027605295181274414,0,-1,0,59,-1,-1,-1,0
3215,18.668843537414965,4096,0,0,0.027996839955449104,0,-1,0,59,-1,-1,-1,0
3216,18.674648526077096,4096,0,0,0.027826828882098198,0,-1,0,59,-1,-1,-1,0
3217,18.68045351473923,4096,0,0,0.027579354122281075,0,-1,0,59,-1,-1,-1,0
3218,18.686258503401362,4096,0,0,0.0281537976115942,0,-1,0,59,-1,-1,-1,0
3219,18.692063492063493,4096,0,0,0.027952903881669044,0,-1,0,59,-1,-1,-1,0
3220,18.697868480725624,4096,0,0,0.027362309396266937,0,-1,0,59,-1,-1,-1,0
3221,18.703673469387756,4096,0,0,0.027337370440363884,0,-1,0,59,-1,-1,-1,0
3222,18.709478458049887,4096,0,0,0.027365438640117645,0,-1,0,59,-1,-1,-1,0
3223,18.715283446712018,4096,0,0,0.0272983405739069,0,-1,0,59,-1,-1,-1,0
3224,18.72108843537415,4096,0,0,0.026726361364126205,0,-1,0,59,-1,-1,-1,0
3225,18.72689342403628,4096,0,0,0.027002641931176186,0,-1,0,59,-1,-1,-1,0
3226,18.73269841269841,4096,0,0,0.02745540253818035,0,-1,0,59,-1,-1,-1,0
3227,18.738503401360543,4096,0,0,0.027461450546979904,0,-1,0,59,-1,-1,-1,0
3228,18.744308390022677,4096,0,0,0.027684560045599937,0,-1,0,59,-1,-1,-1,0
3229,18.75011337868481,4096,0,0,0.027969492599368095,0,-1,0,59,-1,-1,-1,0
3230,18.75591836734694,4096,0,0,0.02754853293299675,0,-1,0,59,-1,-1,-1,0
3231,18.76172335600907,4096,0,0,0.027398379519581795,0,-1,0,59,-1,-1,-1,0
3232,18.767528344671202,4096,0,0,0.027630982920527458,0,-1,0,59,-1,-1,-1,0
3233,18.773333333333333,4096,0,0,0.0276829544454813,0,-1,0,59,-1,-1,-1,0
3234,18.779138321995465,4096,0,0,0.02724263444542885,0,-1,0,59,-1,-1,-1,0
3235,18.784943310657596,4096,0,0,0.027264149859547615,0,-1,0,59,-1,-1,-1,0
3236,18.790748299319727,4096,0,0,0.027568301185965538,0,-1,0,59,-1,-1,-1,0
3237,18.796553287981858,4096,0,0,0.027385137975215912,0,-1,0,59,-1,-1,-1,0
3238,18.80235827664399,4096,0,0,0.027435502037405968,0,-1,0,59,-1,-1,-1,0
3239,18.808163265306124,4096,0,0,0.027928898110985756,0,-1,0,59,-1,-1,-1,0
3240,18.813968253968255,4096,0,0,0.02780735120177269,0,-1,0,59,-1,-1,-1,0
3241,18.819773242630387,4096,0,0,0.027646131813526154,0,-1,0,59,-1,-1,-1,0
3242,18.825578231292518,4096,0,0,0.027484050020575523,0,-1,0,59,-1,-1,-1,0
3243,18.83138321995465,4096,0,0,0.027092035859823227,0,-1,0,59,-1,-1,-1,0
3244,18.83718820861678,4096,0,0,0.0270815622061491,0,-1,0,59,-1,-1,-1,0
3245,18.84299319727891,4096,0,0,0.027473613619804382,0,-1,0,59,-1,-1,-1,0
3246,18.848798185941043,4096,0,0,0.027719631791114807,0,-1,0,59,-1,-1,-1,0
3247,18.854603174603174,4096,0,0,0.028004268184304237,0,-1,0,59,-1,-1,-1,0
3248,18.860408163265305,4096,0,0,0.028428537771105766,0,-1,0,59,-1,-1,-1,0
3249,18.866213151927436,4096,0,0,0.02828778326511383,0,-1,0,59,-1,-1,-1,0
3250,18.87201814058957,4096,0,0,0.028004944324493408,0,-1,0,59,-1,-1,-1,0
3251,18.877823129251702,512,1,0,0.028539113700389862,0,-1,0,59,-1,-1,-1,0
3252,18.883628117913833,512,0,0,0.030456002801656723,0,-1,0,59,-1,-1,-1,0
3253,18.889433106575964,512,0,0,0.034690339118242264,0,-1,1,72,-1,-1,-1,0
3254,18.895238095238096,1024,0,0,0.038526251912117004,0,-1,0,72,-1,-1,-1,0
3255,18.901043083900227,1024,0,0,0.03692120313644409,0,-1,0,72,-1,-1,-1,0
3256,18.906848072562358,2048,0,0,0.03248363360762596,0,-1,0,72,-1,-1,-1,0
3257,18.91265306122449,2048,0,0,0.029858538880944252,0,-1,0,72,-1,-1,-1,0
3258,18.91845804988662,2048,0,0,0.028327733278274536,0,-1,0,72,-1,-1,-1,0
3259,18.92426303854875,2048,0,0,0.02865024283528328,0,-1,0,72,-1,-1,-1,0
3260,18.930068027210883,4096,0,0,0.03037593699991703,0,-1,0,72,-1,-1,-1,0
3261,18.935873015873018,4096,0,0,0.6853495240211487,1,-1,0,59,-1,-1,-1,0
3262,18.94167800453515,4096,0,0,0.7279207110404968,1,57,0,59,-1,-1,-1,0
3263,18.94748299319728,4096,0,0,0.8523956537246704,1,57,0,59,-1,-1,-1,0
3264,18.95328798185941,4096,0,1,0.8459252715110779,1,57,0,57,-1,-1,-1,0
3265,18.959092970521542,4096,0,0,0.7882116436958313,1,57,0,57,-1,-1,-1,0
3266,18.964897959183673,4096,0,0,0.7713401317596436,1,57,0,57,-1,-1,-1,0
3267,18.970702947845805,4096,0,0,0.8087121248245239,1,57,0,57,-1,-1,-1,0
3268,18.976507936507936,4096,0,0,0.7527816295623779,1,57,0,57,-1,-1,-1,0
3269,18.982312925170067,4096,0,0,0.7613434791564941,1,57,0,57,-1,-1,-1,0
3270,18.9881179138322,4096,0,0,0.7257171273231506,1,57,0,57,-1,-1,-1,0
3271,18.99392290249433,4096,0,0,0.779807448387146,1,57,1,57,-1,-1,-1,0
3272,18.999727891156464,4096,0,0,0.6473172903060913,1,57,1,57,57,57,57,0
3273,19.005532879818595,4096,0,0,0.7041679620742798,1,57,1,57,57,57,57,0
3274,19.011337868480727,4096,0,0,0.6173760890960693,1,57,1,57,57,57,57,0
3275,19.017142857142858,4096,0,0,0.6912790536880493,1,57,1,57,57,57,57,0
3276,19.02294784580499,4096,0,0,0.6634387969970703,1,57,1,57,57,57,57,0
3277,19.02875283446712,4096,0,0,0.6013924479484558,1,57,1,57,57,57,57,0
3278,19.03455782312925,4096,0,0,0.738882303237915,1,57,1,57,57,57,57,0
3279,19.040362811791383,4096,0,0,0.6624858379364014,1,57,1,57,57,57,57,0
3280,19.046167800453514,4096,0,0,0.6167277097702026,1,57,1,57,57,57,57,0
3281,19.051972789115645,4096,0,0,0.6303550601005554,1,57,1,57,57,57,57,0
3282,19.057777777777776,4096,0,0,0.6840822100639343,1,57,1,57,57,57,57,0
3283,19.06358276643991,4096,0,0,0.654398500919342,1,-1,1,57,57,57,57,0
3284,19.069387755102042,4096,0,0,0.6759675741195679,1,59,1,57,57,57,57,0
3285,19.075192743764173,4096,0,0,0.6916576623916626,1,59,1,57,57,57,57,0
3286,19.080997732426304,4096,0,1,0.5342579483985901,0,59,1,58,57,57,57,0
3287,19.086802721088436,4096,0,0,0.5661852955818176,0,59,1,58,58,57,57,0
3288,19.092607709750567,4096,0,0,0.5987422466278076,1,59,1,58,58,58,58,0
3289,19.098412698412698,4096,0,0,0.4937089681625366,0,59,1,58,58,58,58,0
3290,19.10421768707483,4096,0,0,0.5306368470191956,0,59,1,58,58,58,58,0
3291,19.11002267573696,4096,0,0,0.4593137502670288,0,59,1,58,58,58,58,0
3292,19.11582766439909,4096,0,0,0.5237339735031128,0,59,1,58,58,58,58,0
3293,19.121632653061223,4096,0,0,0.4400090277194977,0,59,1,59,58,58,58,0
3294,19.127437641723358,4096,0,0,0.48684337735176086,0,59,1,59,59,58,58,0
3295,19.13324263038549,4096,0,0,0.47606799006462097,0,59,1,59,59,58,58,0
3296,19.13904761904762,4096,0,0,0.4250344932079315,0,59,1,59,59,58,58,0
3297,19.14485260770975,4096,0,0,0.4512650668621063,0,59,1,59,59,58,58,0
3298,19.150657596371882,4096,0,0,0.41781458258628845,0,59,1,59,59,58,58,0
3299,19.156462585034014,4096,0,0,0.5227903127670288,0,59,1,59,59,58,58,0
3300,19.162267573696145,4096,0,0,0.4557848572731018,0,59,1,59,59,58,58,0
3301,19.168072562358276,4096,0,0,0.45661017298698425,0,59,1,59,59,58,58,0
3302,19.173877551020407,4096,0,0,0.4533146917819977,0,59,1,59,59,58,58,0
3303,19.17968253968254,4096,0,0,0.3871297538280487,0,59,1,59,59,58,58,0
3304,19.18548752834467,4096,0,0,0.40114760398864746,0,59,1,59,59,58,58,0
3305,19.191292517006804,4096,0,0,0.36921077966690063,0,59,1,59,59,58,58,0
3306,19.197097505668935,4096,0,0,0.4894033670425415,0,59,1,59,59,58,58,0
3307,19.202902494331067,4096,0,0,0.3294691741466522,0,59,1,59,59,58,58,0
3308,19.208707482993198,4096,0,0,0.16406652331352234,0,59,1,59,59,58,58,0
3309,19.21451247165533,4096,0,0,0.08504889160394669,0,59,1,59,59,58,58,0
3310,19.22031746031746,4096,0,0,0.06943675875663757,0,59,0,59,59,58,58,0
3311,19.22612244897959,4096,0,0,0.058514393866062164,0,-1,0,59,-1,-1,-1,0
3312,19.231927437641723,4096,0,0,0.3540220856666565,0,-1,0,59,-1,-1,-1,0
3313,19.237732426303854,4096,0,0,0.6836068034172058,1,61,0,59,-1,-1,-1,0
3314,19.243537414965985,4096,0,0,0.6282608509063721,1,61,0,59,-1,-1,-1,0
3315,19.249342403628116,4096,0,1,0.643423318862915,1,61,0,59,-1,-1,-1,0
3316,19.25514739229025,4096,0,0,0.6046361327171326,1,61,0,59,-1,-1,-1,0
3317,19.260952380952382,4096,0,0,0.5963582396507263,1,61,0,61,-1,-1,-1,0
3318,19.266757369614513,4096,0,0,0.48593807220458984,0,61,0,61,-1,-1,-1,0
3319,19.272562358276645,4096,0,0,0.47846052050590515,0,61,0,61,-1,-1,-1,0
3320,19.278367346938776,4096,0,0,0.505490779876709,0,61,0,61,-1,-1,-1,0
3321,19.284172335600907,4096,0,0,0.5347261428833008,0,61,0,61,-1,-1,-1,0
3322,19.289977324263038,4096,0,0,0.47215768694877625,0,61,1,61,-1,-1,-1,0
3323,19.29578231292517,4096,0,0,0.4902960956096649,0,61,1,61,61,61,61,0
3324,19.3015873015873,4096,0,0,0.41254985332489014,0,61,1,61,61,61,61,0
3325,19.30739229024943,4096,0,0,0.4322359263896942,0,61,1,61,61,61,61,0
3326,19.313197278911563,4096,0,0,0.4107992649078369,0,61,1,61,61,61,61,0
3327,19.319002267573698,4096,0,0,0.4110901355743408,0,61,1,61,61,61,61,0
3328,19.32480725623583,4096,0,0,0.4167053699493408,0,61,1,61,61,61,61,0
3329,19.33061224489796,4096,0,0,0.40310806035995483,0,-1,1,61,61,61,61,0
3330,19.33641723356009,4096,0,0,0.3724619448184967,0,62,1,61,61,61,61,0
3331,19.342222222222222,4096,0,0,0.32841891050338745,0,62,1,61,61,61,61,0
3332,19.348027210884354,4096,0,1,0.33167561888694763,0,62,1,61,61,61,61,0
3333,19.353832199546485,4096,0,0,0.39118337631225586,0,62,1,61,61,61,61,0
3334,19.359637188208616,4096,0,0,0.3928857147693634,0,62,1,61,61,61,61,0
3335,19.365442176870747,4096,0,0,0.41040515899658203,0,62,1,61,61,61,61,0
3336,19.37124716553288,4096,0,0,0.3443741202354431,0,62,1,61,61,61,61,0
3337,19.37705215419501,4096,0,0,0.411052405834198,0,62,1,61,61,61,61,0
3338,19.382857142857144,4096,0,0,0.5458478927612305,0,62,1,61,61,61,61,0
3339,19.388662131519276,4096,0,0,0.6364275217056274,1,62,1,61,61,61,61,0
3340,19.394467120181407,4096,0,0,0.7663213014602661,1,62,1,61,61,61,61,0
3341,19.400272108843538,4096,0,0,0.841551661491394,1,62,1,61,61,61,61,0
3342,19.40607709750567,4096,0,0,0.8556931018829346,1,62,1,61,61,61,61,0
3343,19.4118820861678,4096,0,0,0.8310047388076782,1,62,1,61,61,61,61,0
3344,19.41768707482993,4096,0,0,0.8388596773147583,1,62,1,61,61,61,61,0
3345,19.423492063492063,4096,0,0,0.854819118976593,1,62,1,61,61,61,61,0
3346,19.429297052154194,4096,0,0,0.7496634721755981,1,62,1,61,61,61,61,0
3347,19.435102040816325,4096,0,0,0.7992465496063232,1,62,1,62,61,61,61,0
3348,19.440907029478456,4096,0,0,0.7001038789749146,1,62,1,62,62,62,62,0
3349,19.44671201814059,4096,0,0,0.6907127499580383,1,62,1,62,62,62,62,0
3350,19.452517006802722,4096,0,0,0.6373617053031921,1,62,1,62,62,62,62,0
3351,19.458321995464853,4096,0,0,0.5755891799926758,0,62,1,62,62,62,62,0
3352,19.464126984126985,4096,0,0,0.6326460242271423,1,62,1,62,62,62,62,0
3353,19.469931972789116,4096,0,0,0.5923647880554199,1,62,1,62,62,62,62,0
3354,19.475736961451247,4096,0,0,0.5883346199989319,1,62,1,62,62,62,62,0
3355,19.481541950113378,4096,0,0,0.5596600770950317,0,62,1,62,62,62,62,0
3356,19.48734693877551,4096,0,0,0.5365481376647949,0,62,1,62,62,62,62,0
3357,19.49315192743764,4096,0,0,0.48253101110458374,0,62,1,62,62,62,62,0
3358,19.49895691609977,4096,0,0,0.4812578856945038,0,62,1,62,62,62,62,0
3359,19.504761904761907,4096,0,0,0.4945262670516968,0,62,1,62,62,62,62,0
3360,19.510566893424038,4096,0,0,0.39460107684135437,0,62,1,62,62,62,62,0
3361,19.51637188208617,4096,0,0,0.42553478479385376,0,-1,1,62,62,62,62,0
3362,19.5221768707483,4096,0,0,0.3549714684486389,0,64,1,62,62,62,62,0
3363,19.52798185941043,4096,0,0,0.3319540023803711,0,64,1,62,62,62,62,0
3364,19.533786848072562,4096,0,1,0.3831641376018524,0,64,1,62,62,62,62,0
3365,19.539591836734694,4096,0,0,0.39569783210754395,0,64,1,62,62,62,62,0
3366,19.545396825396825,4096,0,0,0.38077157735824585,0,64,1,63,62,62,62,0
3367,19.551201814058956,4096,0,0,0.3290942311286926,0,64,1,63,63,62,62,0
3368,19.557006802721087,4096,0,0,0.34451109170913696,0,64,1,63,63,62,62,0
3369,19.56281179138322,4096,0,0,0.3451317250728607,0,64,1,63,63,62,62,0
3370,19.568616780045353,4096,0,0,0.34031057357788086,0,64,1,63,63,62,62,0
3371,19.574421768707484,4096,0,0,0.3699696362018585,0,64,1,64,63,62,62,0
3372,19.580226757369616,4096,0,0,0.3638734221458435,0,64,1,64,64,62,62,0
3373,19.586031746031747,4096,0,0,0.33060482144355774,0,64,1,64,64,62,62,0
3374,19.591836734693878,4096,0,0,0.35478445887565613,0,64,1,64,64,62,62,0
3375,19.59764172335601,4096,0,0,0.37431901693344116,0,64,1,64,64,62,62,0
3376,19.60344671201814,4096,0,0,0.3685554265975952,0,64,1,64,64,62,62,0
3377,19.60925170068027,4096,0,0,0.35722360014915466,0,64,1,64,64,62,62,0
3378,19.615056689342403,4096,0,0,0.3074696958065033,0,64,1,64,64,62,62,0
3379,19.620861678004534,4096,0,0,0.3041344881057739,0,64,1,64,64,62,62,0
3380,19.626666666666665,4096,0,0,0.3276488780975342,0,64,1,64,64,62,62,0
3381,19.6324716553288,4096,0,0,0.32816141843795776,0,64,1,64,64,62,62,0
3382,19.63827664399093,4096,0,0,0.3250352740287781,0,64,1,64,64,62,62,0
3383,19.644081632653062,4096,0,0,0.3270586133003235,0,64,1,64,64,62,62,0
3384,19.649886621315193,4096,0,0,0.31457293033599854,0,64,1,64,64,62,62,0
3385,19.655691609977325,4096,0,0,0.3114798963069916,0,64,1,64,64,62,62,0
3386,19.661496598639456,4096,0,0,0.18436887860298157,0,64,1,64,64,62,62,0
3387,19.667301587301587,4096,0,0,0.054333362728357315,0,64,1,64,64,62,62,0
3388,19.67310657596372,4096,0,0,0.03103845939040184,0,64,1,64,64,62,62,0
3389,19.67891156462585,4096,0,0,0.029546700417995453,0,64,0,64,64,62,62,0
3390,19.68471655328798,512,1,0,0.03366243094205856,0,-1,1,49,64,62,62,0
3391,19.690521541950112,512,0,0,0.037615399807691574,0,-1,1,49,49,62,62,0
3392,19.696326530612247,512,0,0,0.03529030457139015,0,-1,1,49,49,62,62,0
3393,19.702131519274378,1024,0,0,0.12881942093372345,0,-1,1,72,49,62,62,0
3394,19.70793650793651,1024,0,0,0.7117838263511658,1,-1,1,72,72,72,72,0
3395,19.71374149659864,2048,0,0,0.6646695137023926,1,66,1,66,72,72,72,0
3396,19.71954648526077,2048,0,0,0.7472035884857178,1,66,1,66,66,66,66,0
3397,19.725351473922903,2048,0,1,0.7809068560600281,1,66,1,66,66,66,66,0
3398,19.731156462585034,2048,0,0,0.6893947124481201,1,66,1,66,66,66,66,0
3399,19.736961451247165,4096,0,0,0.6158192753791809,1,66,0,66,66,66,66,0
3400,19.742766439909296,4096,0,0,0.5461359024047852,0,66,0,66,-1,-1,-1,0
3401,19.748571428571427,4096,0,0,0.5683315992355347,0,66,0,66,-1,-1,-1,0
3402,19.75437641723356,4096,0,0,0.5503620505332947,0,66,0,66,-1,-1,-1,0
3403,19.760181405895693,4096,0,0,0.5845149159431458,0,66,0,66,-1,-1,-1,0
3404,19.765986394557824,4096,0,0,0.5479318499565125,0,66,1,66,-1,-1,-1,0
3405,19.771791383219956,4096,0,0,0.5398483276367188,0,66,1,66,66,66,66,0
3406,19.777596371882087,4096,0,0,0.5728757977485657,0,66,1,66,66,66,66,0
3407,19.783401360544218,4096,0,0,0.5080288052558899,0,66,1,66,66,66,66,0
3408,19.78920634920635,4096,0,0,0.520355224609375,0,66,1,66,66,66,66,0
3409,19.79501133786848,4096,0,0,0.5059624910354614,0,66,1,66,66,66,66,0
3410,19.80081632653061,4096,0,0,0.49515360593795776,0,66,1,66,66,66,66,0
3411,19.806621315192743,4096,0,0,0.5100899934768677,0,66,1,66,66,66,66,0
3412,19.812426303854874,4096,0,0,0.502578854560852,0,66,1,66,66,66,66,0
3413,19.818231292517005,4096,0,0,0.49371659755706787,0,66,1,66,66,66,66,0
3414,19.82403628117914,4096,0,0,0.4426708519458771,0,67,1,66,66,66,66,0
3415,19.82984126984127,4096,0,0,0.46095314621925354,0,67,1,66,66,66,66,0
3416,19.835646258503402,4096,0,1,0.49505314230918884,0,67,1,66,66,66,66,0
3417,19.841451247165534,4096,0,0,0.5211536288261414,0,67,1,66,66,66,66,0
3418,19.847256235827665,4096,0,0,0.516809344291687,0,67,1,66,66,66,66,0
3419,19.853061224489796,4096,0,0,0.4267951548099518,0,67,1,66,66,66,66,0
3420,19.858866213151927,4096,0,0,0.46431976556777954,0,67,1,66,66,66,66,0
3421,19.86467120181406,4096,0,0,0.4762101471424103,0,67,1,66,66,66,66,0
3422,19.87047619047619,4096,0,0,0.45312464237213135,0,67,1,66,66,66,66,0
3423,19.87628117913832,4096,0,0,0.4491592049598694,0,67,1,66,66,66,66,0
3424,19.882086167800452,4096,0,0,0.5009116530418396,0,67,1,66,66,66,66,0
3425,19.887891156462587,4096,0,0,0.4526676535606384,0,67,1,66,66,66,66,0
3426,19.893696145124718,4096,0,0,0.4450741410255432,0,67,1,67,66,66,66,0
3427,19.89950113378685,4096,0,0,0.4613158404827118,0,67,1,67,67,66,66,0
3428,19.90530612244898,4096,0,0,0.5138537287712097,0,67,1,67,67,66,66,0
3429,19.91111111111111,4096,0,0,0.4988858699798584,0,67,1,67,67,66,66,0
3430,19.916916099773243,4096,0,0,0.5037539601325989,0,67,1,67,67,66,66,0
3431,19.922721088435374,4096,0,0,0.4779561758041382,0,67,1,67,67,66,66,0
3432,19.928526077097505,4096,0,0,0.5162481665611267,0,67,1,67,67,66,66,0
3433,19.934331065759636,4096,0,0,0.48053133487701416,0,67,1,67,67,66,66,0
3434,19.940136054421767,4096,0,0,0.4772598445415497,0,67,1,67,67,66,66,0
3435,19.9459410430839,4096,0,0,0.4847728908061981,0,67,1,67,67,66,66,0
3436,19.951746031746033,4096,0,0,0.5278142690658569,0,67,1,67,67,66,66,0
3437,19.957551020408165,4096,0,0,0.48725154995918274,0,67,1,67,67,66,66,0
3438,19.963356009070296,4096,0,0,0.4614919126033783,0,67,1,67,67,66,66,0
3439,19.969160997732427,4096,0,0,0.47282055020332336,0,67,1,67,67,66,66,0
3440,19.974965986394558,4096,0,0,0.467485249042511,0,67,1,67,67,66,66,0
3441,19.98077097505669,4096,0,0,0.39103075861930847,0,67,1,67,67,66,66,0
3442,19.98657596371882,4096,0,0,0.30337661504745483,0,69,1,67,67,66,66,0
3443,19.99238095238095,4096,0,0,0.2634161114692688,0,69,1,67,67,66,66,0
3444,19.998185941043083,4096,0,1,0.2663150429725647,0,69,1,67,67,66,66,0
3445,20.003990929705214,4096,0,0,0.2812616229057312,0,69,1,67,67,66,66,0
3446,20.009795918367345,4096,0,0,0.27590903639793396,0,69,1,67,67,66,66,0
3447,20.01560090702948,4096,0,0,0.27031004428863525,0,69,1,67,67,66,66,0
3448,20.02140589569161,4096,0,0,0.2816067636013031,0,69,1,68,67,66,66,0
3449,20.027210884353742,4096,0,0,0.2894509434700012,0,69,1,68,68,66,66,0
3450,20.033015873015874,4096,0,0,0.29360681772232056,0,69,1,68,68,66,66,0
3451,20.038820861678005,4096,0,0,0.30059629678726196,0,69,0,69,68,66,66,0
3452,20.044625850340136,4096,0,0,0.28998279571533203,0,69,1,69,68,66,66,0
3453,20.050430839002267,4096,0,0,0.2971981167793274,0,69,1,69,69,66,66,0
3454,20.0562358276644,4096,0,0,0.2875739634037018,0,69,1,69,69,66,66,0
3455,20.06204081632653,4096,0,0,0.29586854577064514,0,69,1,69,69,66,66,0
3456,20.06784580498866,4096,0,0,0.28898245096206665,0,69,1,69,69,66,66,0
3457,20.073650793650792,4096,0,0,0.29840996861457825,0,69,1,69,69,66,66,0
3458,20.079455782312927,4096,0,0,0.2840140759944916,0,69,1,69,69,66,66,0
3459,20.085260770975058,4096,0,0,0.27622735500335693,0,69,1,69,69,66,66,0
3460,20.09106575963719,4096,0,0,0.2775415778160095,0,69,1,69,69,66,66,0
3461,20.09687074829932,4096,0,0,0.26982980966567993,0,69,1,69,69,66,66,0
3462,20.10267573696145,4096,0,0,0.28544291853904724,0,69,1,69,69,66,66,0
3463,20.108480725623583,4096,0,0,0.2927331030368805,0,69,1,69,69,66,66,0
3464,20.114285714285714,4096,0,0,0.2991493344306946,0,69,1,69,69,66,66,0
3465,20.120090702947845,4096,0,0,0.3015258312225342,0,69,1,69,69,66,66,0
3466,20.125895691609976,4096,0,0,0.3249719738960266,0,69,1,69,69,66,66,0
3467,20.131700680272107,4096,0,0,0.1585736870765686,0,69,0,69,69,66,66,0
3468,20.13750566893424,4096,0,0,0.05131981894373894,0,69,0,69,-1,-1,-1,0
3469,20.143310657596373,4096,0,0,0.039044372737407684,0,69,0,69,-1,-1,-1,0
3470,20.149115646258505,4096,0,0,0.03776261582970619,0,-1,0,69,-1,-1,-1,0
3471,20.154920634920636,512,1,0,0.036558762192726135,0,-1,1,49,-1,-1,-1,0
3472,20.160725623582767,512,0,0,0.03303137794137001,0,-1,1,59,-1,-1,-1,0
3473,20.166530612244898,512,0,0,0.02906700409948826,0,-1,1,59,59,59,59,0
3474,20.17233560090703,1024,0,0,0.7884082794189453,1,-1,1,59,59,59,59,0
3475,20.17814058956916,1024,0,0,0.8738283514976501,1,71,1,72,59,59,59,0
3476,20.18394557823129,2048,0,0,0.9167375564575195,1,71,1,71,59,59,59,0
3477,20.189750566893423,2048,0,1,0.9282175898551941,1,71,1,71,71,71,59,1
3478,20.195555555555554,2048,0,0,0.9103483557701111,1,71,1,71,71,71,59,1
3479,20.201360544217685,2048,0,0,0.8936351537704468,1,71,1,71,71,71,59,1
3480,20.20716553287982,4096,0,0,0.8740552067756653,1,71,0,71,71,71,59,0
3481,20.21297052154195,4096,0,0,0.8701666593551636,1,71,0,71,-1,-1,-1,0
3482,20.218775510204082,4096,0,0,0.8649072051048279,1,71,0,71,-1,-1,-1,0
3483,20.224580498866214,4096,0,0,0.8114819526672363,1,71,0,71,-1,-1,-1,0
3484,20.230385487528345,4096,0,0,0.7823750376701355,1,71,1,71,-1,-1,-1,0
3485,20.236190476190476,4096,0,0,0.7262238264083862,1,71,1,71,71,71,71,0
3486,20.241995464852607,4096,0,0,0.7503092885017395,1,71,1,71,71,71,71,0
3487,20.24780045351474,4096,0,0,0.6840646266937256,1,71,1,71,71,71,71,0
3488,20.25360544217687,4096,0,0,0.7214524149894714,1,71,1,71,71,71,71,0
3489,20.259410430839,4096,0,0,0.6787745952606201,1,71,1,71,71,71,71,0
3490,20.265215419501132,4096,0,0,0.4992295801639557,0,71,1,71,71,71,71,0
3491,20.271020408163267,4096,0,0,0.461750864982605,0,71,1,71,71,71,71,0
3492,20.276825396825398,4096,0,0,0.522192120552063,0,71,1,71,71,71,71,0
3493,20.28263038548753,4096,0,0,0.4941026568412781,0,71,1,71,71,71,71,0
3494,20.28843537414966,4096,0,0,0.4998481273651123,0,71,1,71,71,71,71,0
3495,20.29424036281179,4096,0,0,0.5575714111328125,0,71,1,71,71,71,71,0
3496,20.300045351473923,4096,0,0,0.562580943107605,0,71,1,71,71,71,71,0
3497,20.305850340136054,4096,0,0,0.4361173212528229,0,71,1,71,71,71,71,0
3498,20.311655328798185,4096,0,0,0.40459737181663513,0,71,1,71,71,71,71,0
3499,20.317460317460316,4096,0,0,0.4364842474460602,0,71,1,71,71,71,71,0
3500,20.323265306122448,4096,0,0,0.4033207595348358,0,71,1,71,71,71,71,0
3501,20.329070294784582,4096,0,0,0.4054688513278961,0,71,1,71,71,71,71,0
3502,20.334875283446713,4096,0,0,0.3881889879703522,0,71,1,71,71,71,71,0
3503,20.340680272108845,4096,0,0,0.3698061406612396,0,71,1,71,71,71,71,0
3504,20.346485260770976,4096,0,0,0.38575318455696106,0,71,1,71,71,71,71,0
3505,20.352290249433107,4096,0,0,0.3175090253353119,0,71,1,71,71,71,71,0
3506,20.35809523809524,4096,0,0,0.32817667722702026,0,-1,1,71,71,71,71,0
3507,20.36390022675737,4096,0,0,0.31191179156303406,0,-1,1,71,71,71,71,0
3508,20.3697052154195,4096,0,0,0.3084140419960022,0,-1,1,71,71,71,71,0
3509,20.375510204081632,4096,0,0,0.2895161509513855,0,-1,1,71,71,71,71,0
3510,20.381315192743763,4096,0,0,0.2975054383277893,0,-1,1,71,71,71,71,0
3511,20.387120181405894,4096,0,0,0.2927132546901703,0,-1,1,71,71,71,71,0
3512,20.39292517006803,4096,0,0,0.2798629701137543,0,-1,1,71,71,71,71,0
3513,20.39873015873016,4096,0,0,0.2695828676223755,0,-1,1,71,71,71,71,0
3514,20.40453514739229,4096,0,0,0.29380565881729126,0,-1,1,71,71,71,71,0
3515,20.410340136054423,4096,0,0,0.33991050720214844,0,-1,1,71,71,71,71,0
3516,20.416145124716554,4096,0,0,0.3015764355659485,0,-1,1,71,71,71,71,0
3517,20.421950113378685,4096,0,0,0.3407423794269562,0,-1,1,71,71,71,71,0
3518,20.427755102040816,4096,0,0,0.3576982617378235,0,-1,1,71,71,71,71,0
3519,20.433560090702947,4096,0,0,0.3414948880672455,0,-1,1,71,71,71,71,0
3520,20.43936507936508,4096,0,0,0.3804389536380768,0,-1,0,67,71,71,71,0
3521,20.44517006802721,4096,0,0,0.30112189054489136,0,-1,0,67,-1,-1,-1,0
3522,20.45097505668934,4096,0,0,0.30726999044418335,0,-1,0,67,-1,-1,-1,0
3523,20.456780045351476,4096,0,0,0.2996736168861389,0,-1,1,67,-1,-1,-1,0
3524,20.462585034013607,4096,0,0,0.2729361355304718,0,-1,0,67,-1,-1,-1,0
3525,20.468390022675738,4096,0,0,0.29826071858406067,0,-1,0,67,-1,-1,-1,0
3526,20.47419501133787,4096,0,0,0.2704656720161438,0,-1,0,67,-1,-1,-1,0
3527,20.48,4096,0,0,0.27770963311195374,0,-1,0,67,-1,-1,-1,0
3528,20.48580498866213,4096,0,0,0.24232874810695648,0,71,0,67,-1,-1,-1,0
3529,20.491609977324263,4096,0,0,0.2567271292209625,0,71,0,67,-1,-1,-1,0
3530,20.497414965986394,4096,0,0,0.2270122915506363,0,-1,0,67,-1,-1,-1,0
3531,20.503219954648525,4096,0,0,0.1975751519203186,0,-1,0,67,-1,-1,-1,0
3532,20.509024943310656,4096,0,0,0.24452295899391174,0,-1,0,67,-1,-1,-1,0
3533,20.514829931972788,4096,0,0,0.20919683575630188,0,-1,0,67,-1,-1,-1,0
3534,20.520634920634922,4096,0,0,0.16241781413555145,0,64,0,67,-1,-1,-1,0
3535,20.526439909297054,4096,0,0,0.24062202870845795,0,64,0,67,-1,-1,-1,0
3536,20.532244897959185,4096,0,1,0.23341427743434906,0,64,0,67,-1,-1,-1,0
3537,20.538049886621316,4096,0,0,0.1797160506248474,0,64,0,67,-1,-1,-1,0
3538,20.543854875283447,4096,0,0,0.20008406043052673,0,64,0,67,-1,-1,-1,0
3539,20.54965986394558,4096,0,0,0.1729719191789627,0,64,0,67,-1,-1,-1,0
3540,20.55546485260771,4096,0,0,0.16930373013019562,0,64,0,67,-1,-1,-1,0
3541,20.56126984126984,4096,0,0,0.19340300559997559,0,64,0,67,-1,-1,-1,0
3542,20.567074829931972,4096,0,0,0.18910618126392365,0,64,0,65,-1,-1,-1,0
3543,20.572879818594103,4096,0,0,0.1847245693206787,0,64,0,64,-1,-1,-1,0
3544,20.578684807256234,4096,0,0,0.17383193969726562,0,64,0,64,-1,-1,-1,0
3545,20.58448979591837,4096,0,0,0.1633240431547165,0,64,0,64,-1,-1,-1,0
3546,20.5902947845805,4096,0,0,0.17719119787216187,0,64,0,64,-1,-1,-1,0
3547,20.59609977324263,4096,0,0,0.18154534697532654,0,64,0,64,-1,-1,-1,0
3548,20.601904761904763,4096,0,0,0.15915711224079132,0,64,0,64,-1,-1,-1,0
3549,20.607709750566894,4096,0,0,0.13536842167377472,0,64,0,64,-1,-1,-1,0
3550,20.613514739229025,4096,0,0,0.12981943786144257,0,64,0,64,-1,-1,-1,0
3551,20.619319727891156,4096,0,0,0.1322946399450302,0,64,0,64,-1,-1,-1,0
3552,20.625124716553287,4096,0,0,0.12592142820358276,0,64,0,64,-1,-1,-1,0
3553,20.63092970521542,4096,0,0,0.11032848805189133,0,64,0,64,-1,-1,-1,0
3554,20.63673469387755,4096,0,0,0.08301195502281189,0,64,0,64,-1,-1,-1,0
3555,20.64253968253968,4096,0,0,0.06798168271780014,0,-1,0,64,-1,-1,-1,0
3556,20.648344671201816,4096,0,0,0.0643288791179657,0,-1,0,64,-1,-1,-1,0
3557,20.654149659863947,4096,0,0,0.059322457760572433,0,-1,0,64,-1,-1,-1,0
3558,20.659954648526078,4096,0,0,0.06318221241235733,0,-1,0,64,-1,-1,-1,0
3559,20.66575963718821,4096,0,0,0.0658978521823883,0,-1,0,64,-1,-1,-1,0
3560,20.67156462585034,4096,0,0,0.06299137324094772,0,-1,0,64,-1,-1,-1,0
3561,20.67736961451247,4096,0,0,0.059859830886125565,0,-1,0,64,-1,-1,-1,0
3562,20.683174603174603,4096,0,0,0.05654497072100639,0,-1,0,64,-1,-1,-1,0
3563,20.688979591836734,4096,0,0,0.054453231394290924,0,-1,0,64,-1,-1,-1,0
3564,20.694784580498865,4096,0,0,0.05409257486462593,0,-1,0,64,-1,-1,-1,0
3565,20.700589569160996,4096,0,0,0.055219732224941254,0,-1,0,64,-1,-1,-1,0
3566,20.706394557823128,4096,0,0,0.056056808680295944,0,-1,0,64,-1,-1,-1,0
3567,20.712199546485262,4096,0,0,0.0578986294567585,0,-1,0,64,-1,-1,-1,0
3568,20.718004535147394,4096,0,0,0.061472028493881226,0,-1,0,64,-1,-1,-1,0
3569,20.723809523809525,4096,0,0,0.06437744200229645,0,-1,0,64,-1,-1,-1,0
3570,20.729614512471656,4096,0,0,0.06248267740011215,0,-1,0,64,-1,-1,-1,0
3571,20.735419501133787,4096,0,0,0.061769478023052216,0,-1,0,64,-1,-1,-1,0
3572,20.74122448979592,4096,0,0,0.06637924164533615,0,-1,0,64,-1,-1,-1,0
3573,20.74702947845805,4096,0,0,0.0733368918299675,0,-1,0,64,-1,-1,-1,0
3574,20.75283446712018,4096,0,0,0.07579658180475235,0,-1,0,64,-1,-1,-1,0
3575,20.758639455782312,4096,0,0,0.07255278527736664,0,-1,0,64,-1,-1,-1,0
3576,20.764444444444443,4096,0,0,0.0679287239909172,0,-1,0,64,-1,-1,-1,0
3577,20.770249433106574,4096,0,0,0.06557032465934753,0,-1,0,64,-1,-1,-1,0
3578,20.77605442176871,4096,0,0,0.06768990308046341,0,-1,0,64,-1,-1,-1,0
3579,20.78185941043084,4096,0,0,0.07069496810436249,0,-1,0,64,-1,-1,-1,0
3580,20.78766439909297,4096,0,0,0.07087019830942154,0,-1,0,64,-1,-1,-1,0
3581,20.793469387755103,4096,0,0,0.06881203502416611,0,-1,0,64,-1,-1,-1,0
3582,20.799274376417234,4096,0,0,0.06459301710128784,0,-1,0,64,-1,-1,-1,0
3583,20.805079365079365,4096,0,0,0.06330779939889908,0,-1,0,64,-1,-1,-1,0
3584,20.810884353741496,4096,0,0,0.06603168696165085,0,-1,0,64,-1,-1,-1,0
3585,20.816689342403627,4096,0,0,0.07166717946529388,0,-1,0,64,-1,-1,-1,0
3586,20.82249433106576,4096,0,0,0.07250307500362396,0,-1,0,64,-1,-1,-1,0
3587,20.82829931972789,4096,0,0,0.06570427864789963,0,-1,0,64,-1,-1,-1,0
3588,20.83410430839002,4096,0,0,0.05944489687681198,0,-1,0,64,-1,-1,-1,0
3589,20.839909297052156,4096,0,0,0.057648587971925735,0,-1,0,64,-1,-1,-1,0
3590,20.845714285714287,4096,0,0,0.058689236640930176,0,-1,0,64,-1,-1,-1,0
3591,20.851519274376418,4096,0,0,0.05954812839627266,0,-1,0,64,-1,-1,-1,0
3592,20.85732426303855,4096,0,0,0.05870313197374344,0,-1,0,64,-1,-1,-1,0
3593,20.86312925170068,4096,0,0,0.05726665258407593,0,-1,0,64,-1,-1,-1,0
3594,20.86893424036281,4096,0,0,0.05433250591158867,0,-1,0,64,-1,-1,-1,0
3595,20.874739229024943,4096,0,0,0.0538174994289875,0,-1,0,64,-1,-1,-1,0
3596,20.880544217687074,4096,0,0,0.05551273748278618,0,-1,0,64,-1,-1,-1,0
3597,20.886349206349205,4096,0,0,0.057477518916130066,0,-1,0,64,-1,-1,-1,0
3598,20.892154195011337,4096,0,0,0.05931764841079712,0,-1,0,64,-1,-1,-1,0
3599,20.897959183673468,4096,0,0,0.0569898895919323,0,-1,0,64,-1,-1,-1,0
3600,20.903764172335602,4096,0,0,0.053062282502651215,0,-1,0,64,-1,-1,-1,0
3601,20.909569160997734,4096,0,0,0.05144519358873367,0,-1,0,64,-1,-1,-1,0
3602,20.915374149659865,4096,0,0,0.052394453436136246,0,-1,0,64,-1,-1,-1,0
3603,20.921179138321996,4096,0,0,0.05492650717496872,0,-1,0,64,-1,-1,-1,0
3604,20.926984126984127,4096,0,0,0.057695422321558,0,-1,0,64,-1,-1,-1,0
3605,20.93278911564626,4096,0,0,0.0589526928961277,0,-1,0,64,-1,-1,-1,0
3606,20.93859410430839,4096,0,0,0.057865578681230545,0,-1,0,64,-1,-1,-1,0
3607,20.94439909297052,4096,0,0,0.05428826063871384,0,-1,0,64,-1,-1,-1,0
3608,20.950204081632652,4096,0,0,0.05303359404206276,0,-1,0,64,-1,-1,-1,0
3609,20.956009070294783,4096,0,0,0.05737859010696411,0,-1,0,64,-1,-1,-1,0
3610,20.961814058956914,4096,0,0,0.059295810759067535,0,-1,0,64,-1,-1,-1,0
3611,20.96761904761905,4096,0,0,0.05536014586687088,0,-1,0,64,-1,-1,-1,0
3612,20.97342403628118,4096,0,0,0.051832038909196854,0,-1,0,64,-1,-1,-1,0
3613,20.97922902494331,4096,0,0,0.04871654510498047,0,-1,0,64,-1,-1,-1,0
3614,20.985034013605443,4096,0,0,0.04599577933549881,0,-1,0,64,-1,-1,-1,0
3615,20.990839002267574,4096,0,0,0.03758326545357704,0,-1,0,64,-1,-1,-1,0
3616,20.996643990929705,4096,0,0,0.03112771548330784,0,-1,0,64,-1,-1,-1,0
3617,21.002448979591836,4096,0,0,0.029064608737826347,0,-1,0,64,-1,-1,-1,0
3618,21.008253968253968,4096,0,0,0.028722038492560387,0,-1,0,64,-1,-1,-1,0
3619,21.0140589569161,4096,0,0,0.028490262106060982,0,-1,0,64,-1,-1,-1,0
3620,21.01986394557823,4096,0,0,0.028381438925862312,0,-1,0,64,-1,-1,-1,0
3621,21.02566893424036,4096,0,0,0.027517521753907204,0,-1,0,64,-1,-1,-1,0
3622,21.031473922902496,4096,0,0,0.028341209515929222,0,-1,0,64,-1,-1,-1,0
3623,21.037278911564627,4096,0,0,0.02929810620844364,0,-1,0,64,-1,-1,-1,0
3624,21.04308390022676,4096,0,0,0.02837175689637661,0,-1,0,64,-1,-1,-1,0
3625,21.04888888888889,4096,0,0,0.02739817090332508,0,-1,0,64,-1,-1,-1,0
3626,21.05469387755102,4096,0,0,0.02769302763044834,0,-1,0,64,-1,-1,-1,0
3627,21.060498866213152,4096,0,0,0.02765239216387272,0,-1,0,64,-1,-1,-1,0
3628,21.066303854875283,4096,0,0,0.027228783816099167,0,-1,0,59,-1,-1,-1,0
3629,21.072108843537414,4096,0,0,0.027527514845132828,0,-1,0,59,-1,-1,-1,0
3630,21.077913832199545,4096,0,0,0.027670443058013916,0,-1,0,59,-1,-1,-1,0
3631,21.083718820861677,4096,0,0,0.027276678010821342,0,-1,0,59,-1,-1,-1,0
3632,21.089523809523808,4096,0,0,0.027109449729323387,0,-1,0,59,-1,-1,-1,0
3633,21.095328798185943,4096,0,0,0.02700376883149147,0,-1,0,59,-1,-1,-1,0
3634,21.101133786848074,4096,0,0,0.02654239907860756,0,-1,0,59,-1,-1,-1,0
3635,21.106938775510205,4096,0,0,0.026655396446585655,0,-1,0,59,-1,-1,-1,0
3636,21.112743764172336,4096,0,0,0.027102099731564522,0,-1,0,59,-1,-1,-1,0
3637,21.118548752834467,4096,0,0,0.02727142907679081,0,-1,0,59,-1,-1,-1,0
3638,21.1243537414966,4096,0,0,0.027883172035217285,0,-1,0,59,-1,-1,-1,0
3639,21.13015873015873,4096,0,0,0.028535882011055946,0,-1,0,59,-1,-1,-1,0
3640,21.13596371882086,4096,0,0,0.028653213754296303,0,-1,0,59,-1,-1,-1,0
3641,21.141768707482992,4096,0,0,0.028348097577691078,0,-1,0,59,-1,-1,-1,0
3642,21.147573696145123,4096,0,0,0.028381196781992912,0,-1,0,59,-1,-1,-1,0
3643,21.153378684807254,4096,0,0,0.027993997558951378,0,-1,0,59,-1,-1,-1,0
3644,21.15918367346939,4096,0,0,0.02796391025185585,0,-1,0,59,-1,-1,-1,0
3645,21.16498866213152,4096,0,0,0.027672259137034416,0,-1,0,59,-1,-1,-1,0
3646,21.17079365079365,4096,0,0,0.027511321008205414,0,-1,0,59,-1,-1,-1,0
3647,21.176598639455783,4096,0,0,0.027092229574918747,0,-1,0,59,-1,-1,-1,0
3648,21.182403628117914,4096,0,0,0.027153363451361656,0,-1,0,59,-1,-1,-1,0
3649,21.188208616780045,4096,0,0,0.027352234348654747,0,-1,0,59,-1,-1,-1,0
3650,21.194013605442176,4096,0,0,0.02734404057264328,0,-1,0,59,-1,-1,-1,0
3651,21.199818594104308,4096,0,0,0.027203522622585297,0,-1,0,59,-1,-1,-1,0
3652,21.20562358276644,4096,0,0,0.0276347566395998,0,-1,0,59,-1,-1,-1,0
3653,21.21142857142857,4096,0,0,0.02824426256120205,0,-1,0,59,-1,-1,-1,0
3654,21.217233560090705,4096,0,0,0.02835088223218918,0,-1,0,59,-1,-1,-1,0
3655,21.223038548752836,4096,0,0,0.029012469574809074,0,-1,0,59,-1,-1,-1,0
3656,21.228843537414967,4096,0,0,0.029376648366451263,0,-1,0,59,-1,-1,-1,0
3657,21.2346485260771,4096,0,0,0.028531646355986595,0,-1,0,59,-1,-1,-1,0
3658,21.24045351473923,4096,0,0,0.02850145474076271,0,-1,0,59,-1,-1,-1,0
3659,21.24625850340136,4096,0,0,0.028831878677010536,0,-1,0,59,-1,-1,-1,0
3660,21.252063492063492,4096,0,0,0.028376298025250435,0,-1,0,59,-1,-1,-1,0
3661,21.257868480725623,4096,0,0,0.028035519644618034,0,-1,0,59,-1,-1,-1,0
3662,21.263673469387754,4096,0,0,0.02757648564875126,0,-1,0,59,-1,-1,-1,0
3663,21.269478458049885,4096,0,0,0.02700764127075672,0,-1,0,59,-1,-1,-1,0
3664,21.275283446712017,4096,0,0,0.02807680517435074,0,-1,0,59,-1,-1,-1,0
3665,21.28108843537415,4096,0,0,0.029017934575676918,0,-1,0,59,-1,-1,-1,0
3666,21.286893424036283,4096,0,0,0.029371008276939392,0,-1,0,59,-1,-1,-1,0
3667,21.292698412698414,4096,0,0,0.028845807537436485,0,-1,0,59,-1,-1,-1,0
3668,21.298503401360545,4096,0,0,0.030283113941550255,0,-1,0,59,-1,-1,-1,0
3669,21.304308390022676,4096,0,0,0.03401314839720726,0,-1,0,59,-1,-1,-1,0
3670,21.310113378684807,512,1,0,0.05741746723651886,0,-1,1,49,-1,-1,-1,0
3671,21.31591836734694,512,0,0,0.41308802366256714,0,-1,1,49,49,49,49,0
3672,21.32172335600907,512,0,0,0.6550473570823669,1,62,1,62,49,49,49,0
3673,21.3275283446712,1024,0,0,0.547429621219635,0,62,1,62,62,62,62,0
3674,21.333333333333332,1024,0,1,0.644053041934967,1,62,1,62,62,62,62,0
3675,21.339138321995463,2048,0,0,0.603628933429718,1,62,1,62,62,62,62,0
3676,21.344943310657598,2048,0,0,0.6039302349090576,1,62,1,62,62,62,62,0
3677,21.35074829931973,2048,0,0,0.5860826969146729,1,62,1,62,62,62,62,0
3678,21.35655328798186,2048,0,0,0.4466354250907898,0,62,1,62,62,62,62,0
3679,21.36235827664399,4096,0,0,0.45254752039909363,0,62,0,62,62,62,62,0
3680,21.368163265306123,4096,0,0,0.4238242506980896,0,62,0,62,-1,-1,-1,0
3681,21.373968253968254,4096,0,0,0.40482041239738464,0,62,1,62,-1,-1,-1,0
3682,21.379773242630385,4096,0,0,0.42649081349372864,0,62,1,62,62,62,62,0
3683,21.385578231292516,4096,0,0,0.3915802240371704,0,62,1,62,62,62,62,0
3684,21.391383219954648,4096,0,0,0.4187625050544739,0,62,1,62,62,62,62,0
3685,21.39718820861678,4096,0,0,0.40709346532821655,0,62,1,62,62,62,62,0
3686,21.40299319727891,4096,0,0,0.3223758935928345,0,62,1,62,62,62,62,0
3687,21.408798185941045,4096,0,0,0.34791576862335205,0,62,1,62,62,62,62,0
3688,21.414603174603176,4096,0,0,0.30724093317985535,0,62,1,62,62,62,62,0
3689,21.420408163265307,4096,0,0,0.31952905654907227,0,62,1,62,62,62,62,0
3690,21.42621315192744,4096,0,0,0.376306414604187,0,62,1,62,62,62,62,0
3691,21.43201814058957,4096,0,0,0.4262112081050873,0,62,1,62,62,62,62,0
3692,21.4378231292517,4096,0,0,0.3446439206600189,0,62,1,62,62,62,62,0
3693,21.443628117913832,4096,0,0,0.414516419172287,0,62,1,62,62,62,62,0
3694,21.449433106575963,4096,0,0,0.41977885365486145,0,62,1,62,62,62,62,0
3695,21.455238095238094,4096,0,0,0.35778844356536865,0,62,1,62,62,62,62,0
3696,21.461043083900226,4096,0,0,0.37188494205474854,0,62,1,62,62,62,62,0
3697,21.466848072562357,4096,0,0,0.4220113158226013,0,62,1,62,62,62,62,0
3698,21.47265306122449,4096,0,0,0.4069760739803314,0,62,1,62,62,62,62,0
3699,21.478458049886623,4096,0,0,0.3854226768016815,0,62,1,62,62,62,62,0
3700,21.484263038548754,4096,0,0,0.43028709292411804,0,62,1,62,62,62,62,0
3701,21.490068027210885,4096,0,0,0.5639637112617493,0,62,1,62,62,62,62,0
3702,21.495873015873016,4096,0,0,0.6381307244300842,1,62,1,62,62,62,62,0
3703,21.501678004535147,4096,0,0,0.6605675220489502,1,62,1,62,62,62,62,0
3704,21.50748299319728,4096,0,0,0.6046849489212036,1,62,1,62,62,62,62,0
3705,21.51328798185941,4096,0,0,0.4542625844478607,0,62,1,62,62,62,62,0
3706,21.51909297052154,4096,0,0,0.3161410987377167,0,62,1,62,62,62,62,0
3707,21.524897959183672,4096,0,0,0.36731836199760437,0,62,1,62,62,62,62,0
3708,21.530702947845803,4096,0,0,0.25384125113487244,0,62,1,62,62,62,62,0
3709,21.536507936507938,4096,0,0,0.2519335150718689,0,62,1,62,62,62,62,0
3710,21.54231292517007,4096,0,0,0.2595425248146057,0,62,1,62,62,62,62,0
3711,21.5481179138322,4096,0,0,0.2970893681049347,0,-1,0,62,62,62,62,0
3712,21.55392290249433,4096,0,0,0.281818151473999,0,-1,0,62,-1,-1,-1,0
3713,21.559727891156463,4096,0,0,0.31432271003723145,0,-1,0,62,-1,-1,-1,0
3714,21.565532879818594,4096,0,0,0.2670787274837494,0,-1,0,62,-1,-1,-1,0
3715,21.571337868480725,4096,0,0,0.27031588554382324,0,-1,0,61,-1,-1,-1,0
3716,21.577142857142857,4096,0,0,0.23485161364078522,0,-1,0,60,-1,-1,-1,0
3717,21.582947845804988,4096,0,0,0.22512422502040863,0,-1,0,61,-1,-1,-1,0
3718,21.58875283446712,4096,0,0,0.2296353578567505,0,-1,0,59,-1,-1,-1,0
3719,21.59455782312925,4096,0,0,0.22106261551380157,0,-1,0,59,-1,-1,-1,0
3720,21.600362811791385,4096,0,0,0.2601548433303833,0,-1,0,59,-1,-1,-1,0
3721,21.606167800453516,4096,0,0,0.2451137751340866,0,-1,0,59,-1,-1,-1,0
3722,21.611972789115647,4096,0,0,0.31759437918663025,0,-1,0,59,-1,-1,-1,0
3723,21.61777777777778,4096,0,0,0.28821590542793274,0,-1,0,59,-1,-1,-1,0
3724,21.62358276643991,4096,0,0,0.3067591190338135,0,-1,0,59,-1,-1,-1,0
3725,21.62938775510204,4096,0,0,0.3154396414756775,0,-1,0,59,-1,-1,-1,0
3726,21.635192743764172,4096,0,0,0.2651870548725128,0,-1,0,59,-1,-1,-1,0
3727,21.640997732426303,4096,0,0,0.3005303740501404,0,-1,0,59,-1,-1,-1,0
3728,21.646802721088434,4096,0,0,0.26674965023994446,0,-1,0,59,-1,-1,-1,0
3729,21.652607709750566,4096,0,0,0.25210458040237427,0,-1,0,59,-1,-1,-1,0
3730,21.658412698412697,4096,0,0,0.13567501306533813,0,-1,0,59,-1,-1,-1,0
3731,21.66421768707483,4096,0,0,0.05709761381149292,0,-1,0,59,-1,-1,-1,0
3732,21.670022675736963,4096,0,0,0.0471469983458519,0,-1,0,59,-1,-1,-1,0
3733,21.675827664399094,4096,0,0,0.038761068135499954,0,-1,0,59,-1,-1,-1,0
3734,21.681632653061225,4096,0,0,0.03461071848869324,0,-1,0,59,-1,-1,-1,0
3735,21.687437641723356,4096,0,0,0.031423866748809814,0,-1,0,59,-1,-1,-1,0
3736,21.693242630385488,4096,0,0,0.029328705742955208,0,-1,0,59,-1,-1,-1,0
3737,21.69904761904762,4096,0,0,0.028786486014723778,0,-1,0,59,-1,-1,-1,0
3738,21.70485260770975,512,1,0,0.03142158314585686,0,-1,0,59,-1,-1,-1,0
3739,21.71065759637188,512,0,0,0.03294280916452408,0,-1,1,72,-1,-1,-1,0
3740,21.716462585034012,512,0,0,0.03181455656886101,0,-1,1,59,-1,-1,-1,0
3741,21.722267573696143,1024,0,0,0.029560744762420654,0,-1,0,59,-1,-1,-1,0
3742,21.728072562358278,1024,0,0,0.028051650151610374,0,-1,0,59,-1,-1,-1,0
3743,21.73387755102041,2048,0,0,0.08548576384782791,0,-1,1,59,-1,-1,-1,0
3744,21.73968253968254,2048,0,0,0.6452724933624268,1,62,1,59,59,59,59,0
3745,21.745487528344672,2048,0,0,0.561859667301178,0,62,1,62,59,59,59,0
3746,21.751292517006803,2048,0,1,0.5843119025230408,0,62,1,62,62,59,59,0
3747,21.757097505668934,4096,0,0,0.5875926613807678,1,62,0,62,62,59,59,0
3748,21.762902494331065,4096,0,0,0.6477645039558411,1,62,0,62,-1,-1,-1,0
3749,21.768707482993197,4096,0,0,0.6023560166358948,1,62,0,62,-1,-1,-1,0
3750,21.774512471655328,4096,0,0,0.5187958478927612,0,62,0,62,-1,-1,-1,0
3751,21.78031746031746,4096,0,0,0.48398515582084656,0,62,0,62,-1,-1,-1,0
3752,21.78612244897959,4096,0,0,0.40346866846084595,0,62,0,62,-1,-1,-1,0
3753,21.791927437641725,4096,0,0,0.40411657094955444,0,62,1,62,-1,-1,-1,0
3754,21.797732426303856,4096,0,0,0.45733803510665894,0,62,1,62,62,62,62,0
3755,21.803537414965987,4096,0,0,0.4187817871570587,0,62,1,62,62,62,62,0
3756,21.80934240362812,4096,0,0,0.387195348739624,0,62,1,62,62,62,62,0
3757,21.81514739229025,4096,0,0,0.392935186624527,0,62,1,62,62,62,62,0
3758,21.82095238095238,4096,0,0,0.37374037504196167,0,62,1,62,62,62,62,0
3759,21.826757369614512,4096,0,0,0.3196565806865692,0,62,1,62,62,62,62,0
3760,21.832562358276643,4096,0,0,0.3334295451641083,0,62,1,62,62,62,62,0
3761,21.838367346938774,4096,0,0,0.3517919182777405,0,62,1,62,62,62,62,0
3762,21.844172335600906,4096,0,0,0.34342044591903687,0,62,1,62,62,62,62,0
3763,21.849977324263037,4096,0,0,0.3334939777851105,0,62,1,62,62,62,62,0
3764,21.85578231292517,4096,0,0,0.3931266665458679,0,62,1,62,62,62,62,0
3765,21.861587301587303,4096,0,0,0.4207073450088501,0,62,1,62,62,62,62,0
3766,21.867392290249434,4096,0,0,0.36798349022865295,0,62,1,62,62,62,62,0
3767,21.873197278911565,4096,0,0,0.36358442902565,0,62,1,62,62,62,62,0
3768,21.879002267573696,4096,0,0,0.3936496376991272,0,62,1,62,62,62,62,0
3769,21.884807256235828,4096,0,0,0.35118231177330017,0,62,1,62,62,62,62,0
3770,21.89061224489796,4096,0,0,0.35037216544151306,0,62,1,62,62,62,62,0
3771,21.89641723356009,4096,0,0,0.4021550714969635,0,62,1,62,62,62,62,0
3772,21.90222222222222,4096,0,0,0.4331720173358917,0,62,1,62,62,62,62,0
3773,21.908027210884352,4096,0,0,0.35796669125556946,0,62,1,62,62,62,62,0
3774,21.913832199546484,4096,0,0,0.41009753942489624,0,62,1,62,62,62,62,0
3775,21.91963718820862,4096,0,0,0.42371341586112976,0,62,1,62,62,62,62,0
3776,21.92544217687075,4096,0,0,0.38585665822029114,0,62,1,62,62,62,62,0
3777,21.93124716553288,4096,0,0,0.384548157453537,0,62,1,62,62,62,62,0
3778,21.937052154195012,4096,0,0,0.3963932991027832,0,62,1,62,62,62,62,0
3779,21.942857142857143,4096,0,0,0.370402067899704,0,62,1,62,62,62,62,0
3780,21.948662131519274,4096,0,0,0.35514527559280396,0,62,1,62,62,62,62,0
3781,21.954467120181405,4096,0,0,0.40188583731651306,0,62,1,62,62,62,62,0
3782,21.960272108843537,4096,0,0,0.4200432002544403,0,62,1,62,62,62,62,0
3783,21.966077097505668,4096,0,0,0.4796202778816223,0,62,1,62,62,62,62,0
3784,21.9718820861678,4096,0,0,0.646770179271698,1,-1,1,62,62,62,62,0
3785,21.97768707482993,4096,0,0,0.8752308487892151,1,61,1,62,62,62,62,0
3786,21.983492063492065,4096,0,0,0.8950586915016174,1,61,1,62,62,62,62,0
3787,21.989297052154196,4096,0,1,0.7228599786758423,1,61,1,62,62,62,62,0
3788,21.995102040816327,4096,0,0,0.7600312232971191,1,61,1,62,62,62,62,0
3789,22.00090702947846,4096,0,0,0.7651423811912537,1,61,1,62,62,62,62,0
3790,22.00671201814059,4096,0,0,0.8523640036582947,1,61,1,62,62,62,62,0
3791,22.01251700680272,4096,0,0,0.8652113676071167,1,61,1,61,62,62,62,0
3792,22.018321995464852,4096,0,0,0.7468057870864868,1,61,1,61,61,61,61,0
3793,22.024126984126983,4096,0,0,0.6949635148048401,1,61,1,61,61,61,61,0
3794,22.029931972789115,4096,0,0,0.6034182906150818,1,61,1,61,61,61,61,0
3795,22.035736961451246,4096,0,0,0.6627336144447327,1,61,1,61,61,61,61,0
3796,22.041541950113377,4096,0,0,0.7069097757339478,1,61,1,61,61,61,61,0
3797,22.04734693877551,4096,0,0,0.6753854155540466,1,61,1,61,61,61,61,0
3798,22.053151927437643,4096,0,0,0.6406267285346985,1,61,1,61,61,61,61,0
3799,22.058956916099774,4096,0,0,0.5960457921028137,1,61,1,61,61,61,61,0
3800,22.064761904761905,4096,0,0,0.474183052778244,0,61,1,61,61,61,61,0
3801,22.070566893424036,4096,0,0,0.4867009222507477,0,61,1,61,61,61,61,0
3802,22.076371882086168,4096,0,0,0.4877414107322693,0,61,1,61,61,61,61,0
3803,22.0821768707483,4096,0,0,0.47313109040260315,0,61,1,61,61,61,61,0
3804,22.08798185941043,4096,0,0,0.529154360294342,0,61,1,61,61,61,61,0
3805,22.09378684807256,4096,0,0,0.5306520462036133,0,61,1,61,61,61,61,0
3806,22.099591836734692,4096,0,0,0.5539117455482483,0,61,1,61,61,61,61,0
3807,22.105396825396827,4096,0,0,0.47408267855644226,0,61,1,61,61,61,61,0
3808,22.11120181405896,4096,0,0,0.3586117923259735,0,61,1,61,61,61,61,0
3809,22.11700680272109,4096,0,0,0.39460673928260803,0,61,1,61,61,61,61,0
3810,22.12281179138322,4096,0,0,0.38264209032058716,0,61,1,61,61,61,61,0
3811,22.128616780045352,4096,0,0,0.3553719222545624,0,61,1,61,61,61,61,0
3812,22.134421768707483,4096,0,0,0.48615577816963196,0,61,1,61,61,61,61,0
3813,22.140226757369614,4096,0,0,0.4970259368419647,0,61,1,61,61,61,61,0
3814,22.146031746031746,4096,0,0,0.5158632397651672,0,61,1,61,61,61,61,0
3815,22.151836734693877,4096,0,0,0.49089881777763367,0,61,1,61,61,61,61,0
3816,22.157641723356008,4096,0,0,0.5386735200881958,0,61,1,61,61,61,61,0
3817,22.16344671201814,4096,0,0,0.5237455368041992,0,61,1,61,61,61,61,0
3818,22.169251700680274,4096,0,0,0.4676222801208496,0,61,1,61,61,61,61,0
3819,22.175056689342405,4096,0,0,0.5097563862800598,0,61,1,61,61,61,61,0
3820,22.180861678004536,4096,0,0,0.5429816246032715,0,61,1,61,61,61,61,0
3821,22.186666666666667,4096,0,0,0.4978004992008209,0,61,1,61,61,61,61,0
3822,22.1924716553288,4096,0,0,0.5052605271339417,0,61,1,61,61,61,61,0
3823,22.19827664399093,4096,0,0,0.4950236678123474,0,61,1,61,61,61,61,0
3824,22.20408163265306,4096,0,0,0.4898276627063751,0,61,1,61,61,61,61,0
3825,22.209886621315192,4096,0,0,0.4986991286277771,0,61,1,61,61,61,61,0
3826,22.215691609977323,4096,0,0,0.43545934557914734,0,61,1,61,61,61,61,0
3827,22.221496598639455,4096,0,0,0.43662554025650024,0,61,1,61,61,61,61,0
3828,22.227301587301586,4096,0,0,0.3930601179599762,0,61,1,61,61,61,61,0
3829,22.23310657596372,4096,0,0,0.4154301583766937,0,61,1,61,61,61,61,0
3830,22.23891156462585,4096,0,0,0.4453077018260956,0,61,1,61,61,61,61,0
3831,22.244716553287983,4096,0,0,0.31639808416366577,0,61,1,61,61,61,61,0
3832,22.250521541950114,4096,0,0,0.10536717623472214,0,61,1,61,61,61,61,0
3833,22.256326530612245,4096,0,0,0.050742264837026596,0,61,1,61,61,61,61,0
3834,22.262131519274377,4096,0,0,0.04056114703416824,0,61,0,61,61,61,61,0
3835,22.267936507936508,4096,0,0,0.036389920860528946,0,-1,0,61,-1,-1,-1,0
3836,22.27374149659864,4096,0,0,0.035439424216747284,0,-1,0,61,-1,-1,-1,0
3837,22.27954648526077,4096,0,0,0.03359029442071915,0,-1,0,61,-1,-1,-1,0
3838,22.2853514739229,4096,0,0,0.03225329890847206,0,-1,0,61,-1,-1,-1,0
3839,22.291156462585032,4096,0,0,0.032582711428403854,0,-1,0,61,-1,-1,-1,0
3840,22.296961451247167,4096,0,0,0.03265180438756943,0,-1,0,61,-1,-1,-1,0
3841,22.3027664399093,4096,0,0,0.03321240469813347,0,-1,0,61,-1,-1,-1,0
3842,22.30857142857143,4096,0,0,0.033558882772922516,0,-1,0,59,-1,-1,-1,0
3843,22.31437641723356,4096,0,0,0.032966259866952896,0,-1,0,72,-1,-1,-1,0
3844,22.320181405895692,4096,0,0,0.03255045786499977,0,-1,0,72,-1,-1,-1,0
3845,22.325986394557823,4096,0,0,0.032112229615449905,0,-1,0,72,-1,-1,-1,0
3846,22.331791383219954,4096,0,0,0.03220808506011963,0,-1,0,72,-1,-1,-1,0
3847,22.337596371882086,4096,0,0,0.03191376104950905,0,-1,0,72,-1,-1,-1,0
3848,22.343401360544217,4096,0,0,0.03267248719930649,0,-1,0,72,-1,-1,-1,0
3849,22.349206349206348,4096,0,0,0.032571036368608475,0,-1,0,72,-1,-1,-1,0
3850,22.35501133786848,4096,0,0,0.03183155879378319,0,-1,0,59,-1,-1,-1,0
3851,22.360816326530614,4096,0,0,0.03189602494239807,0,-1,0,59,-1,-1,-1,0
3852,22.366621315192745,4096,0,0,0.032700903713703156,0,-1,0,72,-1,-1,-1,0
3853,22.372426303854876,4096,0,0,0.033387333154678345,0,-1,0,72,-1,-1,-1,0
3854,22.378231292517007,4096,0,0,0.03263701871037483,0,-1,0,72,-1,-1,-1,0
3855,22.38403628117914,4096,0,0,0.03202765807509422,0,-1,0,59,-1,-1,-1,0
3856,22.38984126984127,4096,0,0,0.03138322755694389,0,-1,0,59,-1,-1,-1,0
3857,22.3956462585034,4096,0,0,0.030789118260145187,0,-1,0,59,-1,-1,-1,0
3858,22.401451247165532,4096,0,0,0.03066546469926834,0,-1,0,59,-1,-1,-1,0
3859,22.407256235827663,4096,0,0,0.030486587435007095,0,-1,0,59,-1,-1,-1,0
3860,22.413061224489795,4096,0,0,0.03128183260560036,0,-1,0,59,-1,-1,-1,0
3861,22.418866213151926,4096,0,0,0.0316680371761322,0,-1,0,59,-1,-1,-1,0
3862,22.42467120181406,4096,0,0,0.03202284872531891,0,-1,0,59,-1,-1,-1,0
3863,22.430476190476192,4096,0,0,0.031219836324453354,0,-1,0,59,-1,-1,-1,0
3864,22.436281179138323,4096,0,0,0.030641714110970497,0,-1,0,59,-1,-1,-1,0
3865,22.442086167800454,4096,0,0,0.030226338654756546,0,-1,0,59,-1,-1,-1,0
3866,22.447891156462585,4096,0,0,0.030522435903549194,0,-1,0,59,-1,-1,-1,0
3867,22.453696145124717,4096,0,0,0.031032375991344452,0,-1,0,59,-1,-1,-1,0
3868,22.459501133786848,4096,0,0,0.031174298375844955,0,-1,0,59,-1,-1,-1,0
3869,22.46530612244898,4096,0,0,0.030800988897681236,0,-1,0,75,-1,-1,-1,0
3870,22.47111111111111,4096,0,0,0.029987631365656853,0,-1,0,59,-1,-1,-1,0
3871,22.47691609977324,4096,0,0,0.02968502603471279,0,-1,0,75,-1,-1,-1,0
3872,22.482721088435373,4096,0,0,0.02981724590063095,0,-1,0,75,-1,-1,-1,0
3873,22.488526077097507,4096,0,0,0.03066927008330822,0,-1,0,75,-1,-1,-1,0
3874,22.49433106575964,4096,0,0,0.030905861407518387,0,-1,0,75,-1,-1,-1,0
3875,22.50013605442177,4096,0,0,0.03147874400019646,0,-1,0,75,-1,-1,-1,0
3876,22.5059410430839,4096,0,0,0.03177941218018532,0,-1,0,59,-1,-1,-1,0
3877,22.511746031746032,4096,0,0,0.03169490769505501,0,-1,0,59,-1,-1,-1,0
3878,22.517551020408163,4096,0,0,0.03061523847281933,0,-1,0,59,-1,-1,-1,0
3879,22.523356009070294,4096,0,0,0.03029514290392399,0,-1,0,59,-1,-1,-1,0
3880,22.529160997732426,4096,0,0,0.030083386227488518,0,-1,0,59,-1,-1,-1,0
3881,22.534965986394557,4096,0,0,0.030251789838075638,0,-1,0,59,-1,-1,-1,0
3882,22.540770975056688,4096,0,0,0.030479328706860542,0,-1,0,59,-1,-1,-1,0
3883,22.54657596371882,4096,0,0,0.030111029744148254,0,-1,0,59,-1,-1,-1,0
3884,22.552380952380954,4096,0,0,0.02988388203084469,0,-1,0,59,-1,-1,-1,0
3885,22.558185941043085,4096,0,0,0.02978673204779625,0,-1,0,59,-1,-1,-1,0
3886,22.563990929705216,4096,0,0,0.029803648591041565,0,-1,0,59,-1,-1,-1,0
3887,22.569795918367348,4096,0,0,0.029834767803549767,0,-1,0,59,-1,-1,-1,0
3888,22.57560090702948,4096,0,0,0.02920358069241047,0,-1,0,59,-1,-1,-1,0
3889,22.58140589569161,4096,0,0,0.02975577674806118,0,-1,0,59,-1,-1,-1,0
3890,22.58721088435374,4096,0,0,0.030281472951173782,0,-1,0,59,-1,-1,-1,0
3891,22.593015873015872,4096,0,0,0.029675371944904327,0,-1,0,59,-1,-1,-1,0
3892,22.598820861678004,4096,0,0,0.030250515788793564,0,-1,0,59,-1,-1,-1,0
3893,22.604625850340135,4096,0,0,0.029954954981803894,0,-1,0,59,-1,-1,-1,0
3894,22.610430839002266,4096,0,0,0.029640501365065575,0,-1,0,59,-1,-1,-1,0
3895,22.6162358276644,4096,0,0,0.02958562783896923,0,-1,0,59,-1,-1,-1,0
3896,22.622040816326532,4096,0,0,0.029554514214396477,0,-1,0,59,-1,-1,-1,0
3897,22.627845804988663,4096,0,0,0.03013666532933712,0,-1,0,59,-1,-1,-1,0
3898,22.633650793650794,4096,0,0,0.02967502735555172,0,-1,0,59,-1,-1,-1,0
3899,22.639455782312925,4096,0,0,0.029383143410086632,0,-1,0,59,-1,-1,-1,0
3900,22.645260770975057,4096,0,0,0.02903228998184204,0,-1,0,59,-1,-1,-1,0
3901,22.651065759637188,4096,0,0,0.029316086322069168,0,-1,0,59,-1,-1,-1,0
3902,22.65687074829932,4096,0,0,0.029445335268974304,0,-1,0,59,-1,-1,-1,0
3903,22.66267573696145,4096,0,0,0.029133452102541924,0,-1,0,59,-1,-1,-1,0
3904,22.66848072562358,4096,0,0,0.028781859204173088,0,-1,0,59,-1,-1,-1,0
3905,22.674285714285713,4096,0,0,0.02881164662539959,0,-1,0,59,-1,-1,-1,0
3906,22.680090702947847,4096,0,0,0.029034730046987534,0,-1,0,59,-1,-1,-1,0
3907,22.68589569160998,4096,0,0,0.02929864078760147,0,-1,0,59,-1,-1,-1,0
3908,22.69170068027211,4096,0,0,0.029186634346842766,0,-1,0,59,-1,-1,-1,0
3909,22.69750566893424,4096,0,0,0.02944752760231495,0,-1,0,59,-1,-1,-1,0
3910,22.703310657596372,4096,0,0,0.02942614071071148,0,-1,0,59,-1,-1,-1,0
3911,22.709115646258503,4096,0,0,0.028993958607316017,0,-1,0,59,-1,-1,-1,0
3912,22.714920634920635,4096,0,0,0.028761712834239006,0,-1,0,59,-1,-1,-1,0
3913,22.720725623582766,4096,0,0,0.028219666332006454,0,-1,0,59,-1,-1,-1,0
3914,22.726530612244897,4096,0,0,0.028593162074685097,0,-1,0,59,-1,-1,-1,0
3915,22.732335600907028,4096,0,0,0.028189675882458687,0,-1,0,59,-1,-1,-1,0
3916,22.73814058956916,4096,0,0,0.02735137939453125,0,-1,0,59,-1,-1,-1,0
3917,22.743945578231294,4096,0,0,0.02709817886352539,0,-1,0,59,-1,-1,-1,0
3918,22.749750566893425,4096,0,0,0.02731281705200672,0,-1,0,59,-1,-1,-1,0
3919,22.755555555555556,4096,0,0,0.02731562964618206,0,-1,0,59,-1,-1,-1,0
3920,22.761360544217688,4096,0,0,0.02731379121541977,0,-1,0,59,-1,-1,-1,0
3921,22.76716553287982,4096,0,0,0.027659283950924873,0,-1,0,59,-1,-1,-1,0
3922,22.77297052154195,4096,0,0,0.027939826250076294,0,-1,0,59,-1,-1,-1,0
3923,22.77877551020408,4096,0,0,0.027587873861193657,0,-1,0,59,-1,-1,-1,0
3924,22.784580498866212,4096,0,0,0.02733488567173481,0,-1,0,59,-1,-1,-1,0
3925,22.790385487528344,4096,0,0,0.02746001072227955,0,-1,0,59,-1,-1,-1,0
3926,22.796190476190475,4096,0,0,0.027672721073031425,0,-1,0,59,-1,-1,-1,0
3927,22.801995464852606,4096,0,0,0.0279370304197073,0,-1,0,59,-1,-1,-1,0
3928,22.80780045351474,4096,0,0,0.02774997241795063,0,-1,0,59,-1,-1,-1,0
3929,22.813605442176872,4096,0,0,0.027320316061377525,0,-1,0,59,-1,-1,-1,0
3930,22.819410430839003,4096,0,0,0.02714482881128788,0,-1,0,59,-1,-1,-1,0
3931,22.825215419501134,4096,0,0,0.02693392150104046,0,-1,0,59,-1,-1,-1,0
3932,22.831020408163266,4096,0,0,0.026846660301089287,0,-1,0,59,-1,-1,-1,0
3933,22.836825396825397,4096,0,0,0.0270152036100626,0,-1,0,59,-1,-1,-1,0
3934,22.842630385487528,4096,0,0,0.02733132615685463,0,-1,0,59,-1,-1,-1,0
3935,22.84843537414966,4096,0,0,0.02701791375875473,0,-1,0,59,-1,-1,-1,0
3936,22.85424036281179,4096,0,0,0.026756037026643753,0,-1,0,59,-1,-1,-1,0
3937,22.86004535147392,4096,0,0,0.026864076033234596,0,-1,0,59,-1,-1,-1,0
3938,22.865850340136053,4096,0,0,0.02709479071199894,0,-1,0,59,-1,-1,-1,0
3939,22.871655328798187,4096,0,0,0.027842829003930092,0,-1,0,59,-1,-1,-1,0
3940,22.87746031746032,4096,0,0,0.028029078617691994,0,-1,0,59,-1,-1,-1,0
3941,22.88326530612245,4096,0,0,0.027827370911836624,0,-1,0,59,-1,-1,-1,0
3942,22.88907029478458,4096,0,0,0.02770201489329338,0,-1,0,59,-1,-1,-1,0
3943,22.894875283446712,4096,0,0,0.027023352682590485,0,-1,0,59,-1,-1,-1,0
3944,22.900680272108843,4096,0,0,0.026775531470775604,0,-1,0,59,-1,-1,-1,0
3945,22.906485260770975,4096,0,0,0.027258863672614098,0,-1,0,59,-1,-1,-1,0
3946,22.912290249433106,4096,0,0,0.027119675651192665,0,-1,0,59,-1,-1,-1,0
3947,22.918095238095237,4096,0,0,0.026924394071102142,0,-1,0,59,-1,-1,-1,0
3948,22.923900226757368,4096,0,0,0.026815878227353096,0,-1,0,59,-1,-1,-1,0
3949,22.929705215419503,4096,0,0,0.027183931320905685,0,-1,0,59,-1,-1,-1,0
3950,22.935510204081634,4096,0,0,0.027729710564017296,0,-1,0,59,-1,-1,-1,0
3951,22.941315192743765,4096,0,0,0.028170455247163773,0,-1,0,59,-1,-1,-1,0
3952,22.947120181405896,4096,0,0,0.0280168280005455,0,-1,0,59,-1,-1,-1,0
3953,22.952925170068028,4096,0,0,0.02781127765774727,0,-1,0,59,-1,-1,-1,0
3954,22.95873015873016,4096,0,0,0.027900008484721184,0,-1,0,59,-1,-1,-1,0
3955,22.96453514739229,4096,0,0,0.028039606288075447,0,-1,0,59,-1,-1,-1,0
3956,22.97034013605442,4096,0,0,0.028213338926434517,0,-1,0,59,-1,-1,-1,0
3957,22.976145124716552,4096,0,0,0.027730681002140045,0,-1,0,59,-1,-1,-1,0
3958,22.981950113378684,4096,0,0,0.027652384713292122,0,-1,0,59,-1,-1,-1,0
3959,22.987755102040815,4096,0,0,0.02773374319076538,0,-1,0,59,-1,-1,-1,0
3960,22.99356009070295,4096,0,0,0.028097156435251236,0,-1,0,59,-1,-1,-1,0
3961,22.99936507936508,4096,0,0,0.02770335040986538,0,-1,0,59,-1,-1,-1,0
3962,23.005170068027212,4096,0,0,0.027833685278892517,0,-1,0,59,-1,-1,-1,0
3963,23.010975056689343,4096,0,0,0.02829841896891594,0,-1,0,59,-1,-1,-1,0
3964,23.016780045351474,4096,0,0,0.027689535170793533,0,-1,0,59,-1,-1,-1,0
3965,23.022585034013606,4096,0,0,0.027902876958251,0,-1,0,59,-1,-1,-1,0
3966,23.028390022675737,4096,0,0,0.028864964842796326,0,-1,0,59,-1,-1,-1,0
3967,23.034195011337868,4096,0,0,0.030176885426044464,0,-1,0,59,-1,-1,-1,0
3968,23.04,4096,0,0,0.029361916705965996,0,-1,0,59,-1,-1,-1,0
3969,23.04580498866213,4096,0,0,0.029009025543928146,0,-1,0,59,-1,-1,-1,0
3970,23.05160997732426,4096,0,0,0.030275795608758926,0,-1,0,59,-1,-1,-1,0
3971,23.057414965986396,4096,0,0,0.032052427530288696,0,-1,0,59,-1,-1,-1,0
3972,23.063219954648527,4096,0,0,0.03435320034623146,0,-1,0,59,-1,-1,-1,0
3973,23.06902494331066,4096,0,0,0.035771485418081284,0,-1,0,59,-1,-1,-1,0
3974,23.07482993197279,512,1,0,0.040084291249513626,0,-1,1,49,-1,-1,-1,0
3975,23.08063492063492,512,0,0,0.5140926837921143,0,-1,1,49,49,49,49,0
3976,23.086439909297052,512,0,0,0.6383911371231079,1,61,1,61,49,49,49,0
3977,23.092244897959183,1024,0,0,0.7201452255249023,1,61,1,61,61,61,49,1
3978,23.098049886621315,1024,0,1,0.695802628993988,1,61,1,61,61,61,49,1
3979,23.103854875283446,2048,0,0,0.6558467745780945,1,61,1,61,61,61,49,1
3980,23.109659863945577,2048,0,0,0.5839952826499939,0,61,1,61,61,61,49,1
3981,23.11546485260771,2048,0,0,0.48442187905311584,0,61,1,61,61,61,49,1
3982,23.121269841269843,2048,0,0,0.5196112990379333,0,61,1,61,61,61,49,1
3983,23.127074829931974,4096,0,0,0.4453577995300293,0,61,0,61,61,61,49,0
3984,23.132879818594105,4096,0,0,0.4260537028312683,0,61,0,61,-1,-1,-1,0
3985,23.138684807256237,4096,0,0,0.4677845537662506,0,61,1,61,-1,-1,-1,0
3986,23.144489795918368,4096,0,0,0.46654635667800903,0,61,1,61,61,61,61,0
3987,23.1502947845805,4096,0,0,0.4835764467716217,0,61,1,61,61,61,61,0
3988,23.15609977324263,4096,0,0,0.47017115354537964,0,61,1,61,61,61,61,0
3989,23.16190476190476,4096,0,0,0.4189659655094147,0,61,1,61,61,61,61,0
3990,23.167709750566893,4096,0,0,0.47610560059547424,0,61,1,61,61,61,61,0
3991,23.173514739229024,4096,0,0,0.44983628392219543,0,61,1,61,61,61,61,0
3992,23.179319727891155,4096,0,0,0.4429622292518616,0,61,1,61,61,61,61,0
3993,23.18512471655329,4096,0,0,0.45820915699005127,0,61,1,61,61,61,61,0
3994,23.19092970521542,4096,0,0,0.37522000074386597,0,61,1,61,61,61,61,0
3995,23.196734693877552,4096,0,0,0.4044472277164459,0,61,1,61,61,61,61,0
3996,23.202539682539683,4096,0,0,0.35116395354270935,0,61,1,61,61,61,61,0
3997,23.208344671201814,4096,0,0,0.2865440249443054,0,61,1,61,61,61,61,0
3998,23.214149659863946,4096,0,0,0.33722105622291565,0,61,1,61,61,61,61,0
3999,23.219954648526077,4096,0,0,0.33839356899261475,0,61,1,61,61,61,61,0
4000,23.225759637188208,4096,0,0,0.3908998668193817,0,61,1,61,61,61,61,0
4001,23.23156462585034,4096,0,0,0.3893153965473175,0,61,1,61,61,61,61,0
4002,23.23736961451247,4096,0,0,0.39979201555252075,0,61,1,61,61,61,61,0
4003,23.2431746031746,4096,0,0,0.439066082239151,0,61,1,61,61,61,61,0
4004,23.248979591836736,4096,0,0,0.34722697734832764,0,61,1,61,61,61,61,0
4005,23.254784580498868,4096,0,0,0.3264731764793396,0,61,1,61,61,61,61,0
4006,23.260589569161,4096,0,0,0.32274290919303894,0,61,1,61,61,61,61,0
4007,23.26639455782313,4096,0,0,0.3311075270175934,0,61,1,61,61,61,61,0
4008,23.27219954648526,4096,0,0,0.3867962658405304,0,61,1,61,61,61,61,0
4009,23.278004535147392,4096,0,0,0.38962119817733765,0,61,1,61,61,61,61,0
4010,23.283809523809524,4096,0,0,0.4735174775123596,0,61,1,61,61,61,61,0
4011,23.289614512471655,4096,0,0,0.45792996883392334,0,61,1,61,61,61,61,0
4012,23.295419501133786,4096,0,0,0.4470874071121216,0,61,1,61,61,61,61,0
4013,23.301224489795917,4096,0,0,0.4170905351638794,0,61,1,61,61,61,61,0
4014,23.30702947845805,4096,0,0,0.29779812693595886,0,61,1,61,61,61,61,0
4015,23.312834467120183,4096,0,0,0.3420764207839966,0,61,1,61,61,61,61,0
4016,23.318639455782314,4096,0,0,0.2918175756931305,0,61,1,61,61,61,61,0
4017,23.324444444444445,4096,0,0,0.2936992049217224,0,61,1,61,61,61,61,0
4018,23.330249433106577,4096,0,0,0.25812649726867676,0,61,1,61,61,61,61,0
4019,23.336054421768708,4096,0,0,0.24159345030784607,0,61,1,61,61,61,61,0
4020,23.34185941043084,4096,0,0,0.35380083322525024,0,61,1,61,61,61,61,0
4021,23.34766439909297,4096,0,0,0.2922443449497223,0,61,1,61,61,61,61,0
4022,23.3534693877551,4096,0,0,0.2976440191268921,0,-1,0,61,61,61,61,0
4023,23.359274376417233,4096,0,0,0.27020320296287537,0,-1,0,61,-1,-1,-1,0
4024,23.365079365079364,4096,0,0,0.23079198598861694,0,-1,0,61,-1,-1,-1,0
4025,23.370884353741495,4096,0,0,0.22606228291988373,0,-1,0,61,-1,-1,-1,0
4026,23.37668934240363,4096,0,0,0.21834947168827057,0,-1,0,61,-1,-1,-1,0
4027,23.38249433106576,4096,0,0,0.1637016236782074,0,-1,0,58,-1,-1,-1,0
4028,23.388299319727892,4096,0,0,0.13709285855293274,0,-1,0,58,-1,-1,-1,0
4029,23.394104308390023,4096,0,0,0.13284917175769806,0,-1,0,58,-1,-1,-1,0
4030,23.399909297052154,4096,0,0,0.09568121284246445,0,-1,0,58,-1,-1,-1,0
4031,23.405714285714286,4096,0,0,0.07476995140314102,0,-1,0,58,-1,-1,-1,0
4032,23.411519274376417,4096,0,0,0.07236123085021973,0,-1,0,58,-1,-1,-1,0
4033,23.417324263038548,4096,0,0,0.06077250465750694,0,-1,1,58,-1,-1,-1,0
4034,23.42312925170068,512,1,0,0.04941870644688606,0,-1,1,58,58,58,58,0
4035,23.42893424036281,512,0,0,0.04551127552986145,0,-1,1,58,58,58,58,0
4036,23.43473922902494,512,0,0,0.043383702635765076,0,-1,1,58,58,58,58,0
4037,23.440544217687076,1024,0,0,0.043957099318504333,0,-1,1,58,58,58,58,0
4038,23.446349206349208,1024,0,0,0.04165417701005936,0,-1,1,58,58,58,58,0
4039,23.45215419501134,2048,0,0,0.039884474128484726,0,-1,1,58,58,58,58,0
4040,23.45795918367347,2048,0,0,0.0458260253071785,0,-1,1,58,58,58,58,0
4041,23.4637641723356,2048,0,0,0.045665644109249115,0,-1,1,58,58,58,58,0
4042,23.469569160997732,2048,0,0,0.045592762529850006,0,-1,1,58,58,58,58,0
4043,23.475374149659864,4096,0,0,0.05888970568776131,0,-1,0,58,58,58,58,0
4044,23.481179138321995,4096,0,0,0.0630335807800293,0,-1,0,58,-1,-1,-1,0
4045,23.486984126984126,4096,0,0,0.07577508687973022,0,-1,0,58,-1,-1,-1,0
4046,23.492789115646257,4096,0,0,0.11575330793857574,0,-1,0,58,-1,-1,-1,0
4047,23.49859410430839,4096,0,0,0.11368400603532791,0,-1,0,58,-1,-1,-1,0
4048,23.504399092970523,4096,0,0,0.09674139320850372,0,-1,0,58,-1,-1,-1,0
4049,23.510204081632654,4096,0,0,0.0838063657283783,0,-1,0,58,-1,-1,-1,0
4050,23.516009070294785,4096,0,0,0.062117595225572586,0,-1,0,58,-1,-1,-1,0
4051,23.521814058956917,4096,0,0,0.04440587759017944,0,-1,0,58,-1,-1,-1,0
4052,23.527619047619048,512,1,0,0.04244334623217583,0,-1,1,58,-1,-1,-1,0
4053,23.53342403628118,512,0,0,0.04343380033969879,0,-1,1,49,-1,-1,-1,0
4054,23.53922902494331,512,0,0,0.29181843996047974,0,-1,1,49,49,49,49,0
4055,23.54503401360544,1024,0,0,0.4427666664123535,0,61,1,49,49,49,49,0
4056,23.550839002267573,1024,0,0,0.41594016551971436,0,61,1,61,49,49,49,0
4057,23.556643990929704,2048,0,1,0.4696701765060425,0,61,1,59,49,49,49,0
4058,23.562448979591835,2048,0,0,0.4915197193622589,0,61,1,61,49,49,49,0
4059,23.56825396825397,2048,0,0,0.46097099781036377,0,61,1,61,61,49,49,1
4060,23.5740589569161,2048,0,0,0.4910966157913208,0,61,1,61,61,49,49,1
4061,23.579863945578232,4096,0,0,0.4499764144420624,0,61,0,61,61,49,49,0
4062,23.585668934240363,4096,0,0,0.4350591003894806,0,61,0,61,-1,-1,-1,0
4063,23.591473922902495,4096,0,0,0.4154602885246277,0,61,0,61,-1,-1,-1,0
4064,23.597278911564626,4096,0,0,0.33034855127334595,0,61,0,61,-1,-1,-1,0
4065,23.603083900226757,4096,0,0,0.3709203600883484,0,61,0,61,-1,-1,-1,0
4066,23.608888888888888,4096,0,0,0.3553699254989624,0,61,1,61,-1,-1,-1,0
4067,23.61469387755102,4096,0,0,0.3843173384666443,0,61,1,61,61,61,61,0
4068,23.62049886621315,4096,0,0,0.43393179774284363,0,61,1,61,61,61,61,0
4069,23.62630385487528,4096,0,0,0.3963933289051056,0,61,1,61,61,61,61,0
4070,23.632108843537416,4096,0,0,0.42348986864089966,0,61,1,61,61,61,61,0
4071,23.637913832199548,4096,0,0,0.394456684589386,0,61,1,61,61,61,61,0
4072,23.64371882086168,4096,0,0,0.38191208243370056,0,61,1,61,61,61,61,0
4073,23.64952380952381,4096,0,0,0.4059499204158783,0,61,1,61,61,61,61,0
4074,23.65532879818594,4096,0,0,0.3479386866092682,0,61,1,61,61,61,61,0
4075,23.661133786848072,4096,0,0,0.36508074402809143,0,61,1,61,61,61,61,0
4076,23.666938775510204,4096,0,0,0.3632358908653259,0,61,1,61,61,61,61,0
4077,23.672743764172335,4096,0,0,0.32924407720565796,0,61,1,61,61,61,61,0
4078,23.678548752834466,4096,0,0,0.3446466028690338,0,61,1,61,61,61,61,0
4079,23.684353741496597,4096,0,0,0.34920385479927063,0,61,1,61,61,61,61,0
4080,23.69015873015873,4096,0,0,0.40791192650794983,0,61,1,61,61,61,61,0
4081,23.695963718820863,4096,0,0,0.42014259099960327,0,61,1,61,61,61,61,0
4082,23.701768707482994,4096,0,0,0.33805912733078003,0,61,1,61,61,61,61,0
4083,23.707573696145126,4096,0,0,0.3231932818889618,0,61,1,61,61,61,61,0
4084,23.713378684807257,4096,0,0,0.3048340082168579,0,61,1,61,61,61,61,0
4085,23.719183673469388,4096,0,0,0.32675233483314514,0,61,1,61,61,61,61,0
4086,23.72498866213152,4096,0,0,0.3556475043296814,0,61,1,61,61,61,61,0
4087,23.73079365079365,4096,0,0,0.3304237127304077,0,61,1,61,61,61,61,0
4088,23.73659863945578,4096,0,0,0.3983248472213745,0,61,1,61,61,61,61,0
4089,23.742403628117913,4096,0,0,0.3362905979156494,0,61,1,61,61,61,61,0
4090,23.748208616780044,4096,0,0,0.35151374340057373,0,61,1,61,61,61,61,0
4091,23.754013605442175,4096,0,0,0.3298106789588928,0,61,1,61,61,61,61,0
4092,23.75981859410431,4096,0,0,0.3043522834777832,0,61,1,61,61,61,61,0
4093,23.76562358276644,4096,0,0,0.32522743940353394,0,61,1,61,61,61,61,0
4094,23.771428571428572,4096,0,0,0.2575698494911194,0,61,1,61,61,61,61,0
4095,23.777233560090703,4096,0,0,0.18551750481128693,0,61,1,61,61,61,61,0
4096,23.783038548752835,4096,0,0,0.2414582371711731,0,61,1,61,61,61,61,0
4097,23.788843537414966,4096,0,0,0.33992692828178406,0,61,1,61,61,61,61,0
4098,23.794648526077097,4096,0,0,0.28950929641723633,0,61,0,61,61,61,61,0
4099,23.800453514739228,4096,0,0,0.30894672870635986,0,61,0,61,-1,-1,-1,0
4100,23.80625850340136,4096,0,0,0.3081601858139038,0,61,0,61,-1,-1,-1,0
4101,23.81206349206349,4096,0,0,0.25140976905822754,0,61,0,61,-1,-1,-1,0
4102,23.817868480725625,4096,0,0,0.3326992988586426,0,61,0,61,-1,-1,-1,0
4103,23.823673469387757,4096,0,0,0.3314857482910156,0,61,0,58,-1,-1,-1,0
4104,23.829478458049888,4096,0,0,0.2464361935853958,0,61,0,58,-1,-1,-1,0
4105,23.83528344671202,4096,0,0,0.33481934666633606,0,-1,0,58,-1,-1,-1,0
4106,23.84108843537415,4096,0,0,0.3350762724876404,0,-1,0,58,-1,-1,-1,0
4107,23.84689342403628,4096,0,0,0.269781231880188,0,-1,0,58,-1,-1,-1,0
4108,23.852698412698413,4096,0,0,0.32657840847969055,0,-1,1,58,-1,-1,-1,0
4109,23.858503401360544,4096,0,0,0.31893232464790344,0,-1,1,58,58,58,58,0
4110,23.864308390022675,4096,0,0,0.2668960988521576,0,-1,1,58,58,58,58,0
4111,23.870113378684806,4096,0,0,0.30132725834846497,0,-1,1,58,58,58,58,0
4112,23.875918367346937,4096,0,0,0.2830553948879242,0,-1,1,58,58,58,58,0
4113,23.881723356009072,4096,0,0,0.25663962960243225,0,-1,1,58,58,58,58,0
4114,23.887528344671203,4096,0,0,0.2701449394226074,0,-1,1,58,58,58,58,0
4115,23.893333333333334,4096,0,0,0.2500341236591339,0,-1,1,58,58,58,58,0
4116,23.899138321995466,4096,0,0,0.25397738814353943,0,-1,1,58,58,58,58,0
4117,23.904943310657597,4096,0,0,0.24054065346717834,0,-1,1,58,58,58,58,0
4118,23.910748299319728,4096,0,0,0.20616810023784637,0,-1,1,58,58,58,58,0
4119,23.91655328798186,4096,0,0,0.24310363829135895,0,-1,1,58,58,58,58,0
4120,23.92235827664399,4096,0,0,0.22565609216690063,0,-1,1,58,58,58,58,0
4121,23.92816326530612,4096,0,0,0.16332201659679413,0,-1,1,58,58,58,58,0
4122,23.933968253968253,4096,0,0,0.2061726599931717,0,-1,1,58,58,58,58,0
4123,23.939773242630384,4096,0,0,0.18083897233009338,0,-1,1,58,58,58,58,0
4124,23.94557823129252,4096,0,0,0.1144888699054718,0,-1,1,58,58,58,58,0
4125,23.95138321995465,4096,0,0,0.15526600182056427,0,-1,1,58,58,58,58,0
4126,23.95718820861678,4096,0,0,0.13886496424674988,0,-1,1,58,58,58,58,0
4127,23.962993197278912,4096,0,0,0.09658332169055939,0,-1,1,58,58,58,58,0
4128,23.968798185941043,4096,0,0,0.11136582493782043,0,-1,1,58,58,58,58,0
4129,23.974603174603175,4096,0,0,0.09410795569419861,0,-1,1,58,58,58,58,0
4130,23.980408163265306,4096,0,0,0.07609142363071442,0,-1,1,58,58,58,58,0
4131,23.986213151927437,4096,0,0,0.0765705481171608,0,-1,1,58,58,58,58,0
4132,23.99201814058957,4096,0,0,0.06747224181890488,0,-1,1,58,58,58,58,0
4133,23.9978231292517,4096,0,0,0.07141125947237015,0,-1,1,58,58,58,58,0
4134,24.00362811791383,4096,0,0,0.0656951516866684,0,-1,1,58,58,58,58,0
4135,24.009433106575965,4096,0,0,0.05662694573402405,0,-1,1,58,58,58,58,0
4136,24.015238095238097,4096,0,0,0.06861911714076996,0,-1,1,58,58,58,58,0
4137,24.021043083900228,4096,0,0,0.0641530305147171,0,-1,1,58,58,58,58,0
4138,24.02684807256236,4096,0,0,0.05376124382019043,0,-1,1,58,58,58,58,0
4139,24.03265306122449,4096,0,0,0.06195512413978577,0,-1,1,58,58,58,58,0
4140,24.03845804988662,4096,0,0,0.06630812585353851,0,-1,1,58,58,58,58,0
4141,24.044263038548753,4096,0,0,0.06834195554256439,0,-1,1,58,58,58,58,0
4142,24.050068027210884,4096,0,0,0.07808464765548706,0,-1,1,58,58,58,58,0
4143,24.055873015873015,4096,0,0,0.07772929221391678,0,-1,1,58,58,58,58,0
4144,24.061678004535146,4096,0,0,0.08664856106042862,0,-1,1,58,58,58,58,0
4145,24.067482993197277,4096,0,0,0.08724150061607361,0,-1,1,58,58,58,58,0
4146,24.073287981859412,4096,0,0,0.07640574872493744,0,-1,1,58,58,58,58,0
4147,24.079092970521543,4096,0,0,0.09275799989700317,0,-1,1,58,58,58,58,0
4148,24.084897959183674,4096,0,0,0.09273388981819153,0,-1,1,58,58,58,58,0
4149,24.090702947845806,4096,0,0,0.07235724478960037,0,-1,1,58,58,58,58,0
4150,24.096507936507937,4096,0,0,0.08736888319253922,0,-1,1,58,58,58,58,0
4151,24.102312925170068,4096,0,0,0.08761675655841827,0,-1,1,58,58,58,58,0
4152,24.1081179138322,4096,0,0,0.07042951136827469,0,-1,1,58,58,58,58,0
4153,24.11392290249433,4096,0,0,0.07688311487436295,0,-1,1,58,58,58,58,0
4154,24.11972789115646,4096,0,0,0.07708510756492615,0,-1,1,58,58,58,58,0
4155,24.125532879818593,4096,0,0,0.0686224177479744,0,-1,1,58,58,58,58,0
4156,24.131337868480724,4096,0,0,0.07165951281785965,0,-1,1,58,58,58,58,0
4157,24.13714285714286,4096,0,0,0.06626787036657333,0,-1,1,58,58,58,58,0
4158,24.14294784580499,4096,0,0,0.06371105462312698,0,-1,1,58,58,58,58,0
4159,24.14875283446712,4096,0,0,0.06360461562871933,0,-1,1,58,58,58,58,0
4160,24.154557823129252,4096,0,0,0.05470511317253113,0,-1,1,58,58,58,58,0
4161,24.160362811791384,4096,0,0,0.058229710906744,0,-1,1,58,58,58,58,0
4162,24.166167800453515,4096,0,0,0.05704386159777641,0,-1,1,58,58,58,58,0
4163,24.171972789115646,4096,0,0,0.046057429164648056,0,-1,1,58,58,58,58,0
4164,24.177777777777777,4096,0,0,0.051122162491083145,0,-1,1,58,58,58,58,0
4165,24.18358276643991,4096,0,0,0.0518239364027977,0,-1,1,58,58,58,58,0
4166,24.18938775510204,4096,0,0,0.0442260317504406,0,-1,1,58,58,58,58,0
4167,24.19519274376417,4096,0,0,0.04640746861696243,0,-1,1,58,58,58,58,0
4168,24.200997732426305,4096,0,0,0.046314895153045654,0,-1,1,58,58,58,58,0
4169,24.206802721088437,4096,0,0,0.04279792681336403,0,-1,1,58,58,58,58,0
4170,24.212607709750568,512,1,0,0.04362756386399269,0,-1,1,58,58,58,58,0
4171,24.2184126984127,512,0,0,0.04182281717658043,0,-1,1,59,58,58,58,0
4172,24.22421768707483,512,0,0,0.040290724486112595,0,-1,1,59,59,58,58,0
4173,24.23002267573696,1024,0,0,0.04148097336292267,0,-1,1,58,59,58,58,0
4174,24.235827664399093,1024,0,0,0.038319531828165054,0,-1,1,58,58,58,58,0
4175,24.241632653061224,2048,0,0,0.03909022733569145,0,-1,1,58,58,58,58,0
4176,24.247437641723355,2048,0,0,0.039208609610795975,0,-1,1,58,58,58,58,0
4177,24.253242630385486,2048,0,0,0.03601723164319992,0,-1,1,58,58,58,58,0
4178,24.259047619047617,2048,0,0,0.0399596244096756,0,-1,1,58,58,58,58,0
4179,24.264852607709752,4096,0,0,0.040768370032310486,0,-1,1,58,58,58,58,0
4180,24.270657596371883,4096,0,0,0.037017181515693665,0,-1,1,58,58,58,58,0
4181,24.276462585034015,4096,0,0,0.038398683071136475,0,-1,1,58,58,58,58,0
4182,24.282267573696146,4096,0,0,0.03925040364265442,0,-1,1,58,58,58,58,0
4183,24.288072562358277,4096,0,0,0.03731634467840195,0,-1,1,58,58,58,58,0
4184,24.293877551020408,4096,0,0,0.03942963853478432,0,-1,1,58,58,58,58,0
4185,24.29968253968254,4096,0,0,0.03857116401195526,0,-1,0,58,58,58,58,0
4186,24.30548752834467,512,1,0,0.036827538162469864,0,-1,1,59,58,58,58,0
4187,24.3112925170068,512,0,0,0.03813709318637848,0,-1,1,58,58,58,58,0
4188,24.317097505668933,512,0,0,0.035172946751117706,0,-1,1,59,58,58,58,0
4189,24.322902494331064,1024,0,0,0.03604235127568245,0,-1,1,58,58,58,58,0
4190,24.3287074829932,1024,0,0,0.03791581466794014,0,-1,1,58,58,58,58,0
4191,24.33451247165533,2048,0,0,0.03450428321957588,0,-1,1,58,58,58,58,0
4192,24.34031746031746,2048,0,0,0.036054689437150955,0,-1,1,58,58,58,58,0
4193,24.346122448979592,2048,0,0,0.03733084723353386,0,-1,1,58,58,58,58,0
4194,24.351927437641724,2048,0,0,0.03440150246024132,0,-1,1,58,58,58,58,0
4195,24.357732426303855,4096,0,0,0.035996388643980026,0,-1,0,58,58,58,58,0
4196,24.363537414965986,4096,0,0,0.03663654997944832,0,-1,0,58,-1,-1,-1,0
4197,24.369342403628117,4096,0,0,0.03403770551085472,0,-1,0,58,-1,-1,-1,0
4198,24.37514739229025,4096,0,0,0.034415002912282944,0,-1,0,58,-1,-1,-1,0
4199,24.38095238095238,4096,0,0,0.034641340374946594,0,-1,0,58,-1,-1,-1,0
4200,24.38675736961451,4096,0,0,0.03352728486061096,0,-1,0,58,-1,-1,-1,0
4201,24.392562358276646,4096,0,0,0.03370236977934837,0,-1,0,58,-1,-1,-1,0
4202,24.398367346938777,4096,0,0,0.03301723301410675,0,-1,0,58,-1,-1,-1,0
4203,24.404172335600908,4096,0,0,0.03315294161438942,0,-1,0,58,-1,-1,-1,0
4204,24.40997732426304,4096,0,0,0.033759668469429016,0,-1,0,58,-1,-1,-1,0
4205,24.41578231292517,4096,0,0,0.030995095148682594,0,-1,0,58,-1,-1,-1,0
4206,24.4215873015873,4096,0,0,0.030507439747452736,0,-1,0,58,-1,-1,-1,0
4207,24.427392290249433,4096,0,0,0.030234478414058685,0,-1,0,58,-1,-1,-1,0
4208,24.433197278911564,4096,0,0,0.028337828814983368,0,-1,0,58,-1,-1,-1,0
4209,24.439002267573695,4096,0,0,0.02782786823809147,0,-1,0,58,-1,-1,-1,0
4210,24.444807256235826,4096,0,0,0.027596475556492805,0,-1,0,58,-1,-1,-1,0
4211,24.450612244897957,4096,0,0,0.027822038158774376,0,-1,0,58,-1,-1,-1,0
4212,24.456417233560092,4096,0,0,0.028382306918501854,0,-1,0,58,-1,-1,-1,0
4213,24.462222222222223,4096,0,0,0.027842022478580475,0,-1,0,58,-1,-1,-1,0
4214,24.468027210884355,4096,0,0,0.027722513303160667,0,-1,0,58,-1,-1,-1,0
4215,24.473832199546486,4096,0,0,0.02746819332242012,0,-1,0,59,-1,-1,-1,0
4216,24.479637188208617,4096,0,0,0.02771488018333912,0,-1,0,59,-1,-1,-1,0
4217,24.485442176870748,4096,0,0,0.027783885598182678,0,-1,0,59,-1,-1,-1,0
4218,24.49124716553288,4096,0,0,0.02752131037414074,0,-1,0,59,-1,-1,-1,0
4219,24.49705215419501,4096,0,0,0.026945943012833595,0,-1,0,59,-1,-1,-1,0
4220,24.502857142857142,4096,0,0,0.027130553498864174,0,-1,0,59,-1,-1,-1,0
4221,24.508662131519273,4096,0,0,0.027343107387423515,0,-1,0,59,-1,-1,-1,0
4222,24.514467120181404,4096,0,0,0.02740219235420227,0,-1,0,59,-1,-1,-1,0
4223,24.52027210884354,4096,0,0,0.027571316808462143,0,-1,0,59,-1,-1,-1,0
4224,24.52607709750567,4096,0,0,0.027489494532346725,0,-1,0,59,-1,-1,-1,0
4225,24.5318820861678,4096,0,0,0.027628958225250244,0,-1,0,59,-1,-1,-1,0
4226,24.537687074829932,4096,0,0,0.027851935476064682,0,-1,0,59,-1,-1,-1,0
4227,24.543492063492064,4096,0,0,0.02747516892850399,0,-1,0,59,-1,-1,-1,0
4228,24.549297052154195,4096,0,0,0.027645399793982506,0,-1,0,59,-1,-1,-1,0
4229,24.555102040816326,4096,0,0,0.027594562619924545,0,-1,0,59,-1,-1,-1,0
4230,24.560907029478457,4096,0,0,0.02727060765028,0,-1,0,59,-1,-1,-1,0
4231,24.56671201814059,4096,0,0,0.02715243771672249,0,-1,0,59,-1,-1,-1,0
4232,24.57251700680272,4096,0,0,0.027168171480298042,0,-1,0,59,-1,-1,-1,0
4233,24.57832199546485,4096,0,0,0.026875652372837067,0,-1,0,59,-1,-1,-1,0
4234,24.584126984126986,4096,0,0,0.02712252549827099,0,-1,0,59,-1,-1,-1,0
4235,24.589931972789117,4096,0,0,0.027360573410987854,0,-1,0,59,-1,-1,-1,0
4236,24.595736961451248,4096,0,0,0.027676116675138474,0,-1,0,59,-1,-1,-1,0
4237,24.60154195011338,4096,0,0,0.02813374437391758,0,-1,0,59,-1,-1,-1,0
4238,24.60734693877551,4096,0,0,0.028293156996369362,0,-1,0,59,-1,-1,-1,0
4239,24.61315192743764,4096,0,0,0.02807869203388691,0,-1,0,59,-1,-1,-1,0
4240,24.618956916099773,4096,0,0,0.02793842926621437,0,-1,0,59,-1,-1,-1,0
4241,24.624761904761904,4096,0,0,0.027826836332678795,0,-1,0,59,-1,-1,-1,0
4242,24.630566893424035,4096,0,0,0.028278648853302002,0,-1,0,59,-1,-1,-1,0
4243,24.636371882086166,4096,0,0,0.028860388323664665,0,-1,0,59,-1,-1,-1,0
4244,24.642176870748298,4096,0,0,0.02820766530930996,0,-1,0,59,-1,-1,-1,0
4245,24.647981859410432,4096,0,0,0.028124194592237473,0,-1,0,59,-1,-1,-1,0
4246,24.653786848072563,4096,0,0,0.028122294694185257,0,-1,0,59,-1,-1,-1,0
4247,24.659591836734695,4096,0,0,0.02793685905635357,0,-1,0,59,-1,-1,-1,0
4248,24.665396825396826,4096,0,0,0.027714448049664497,0,-1,0,59,-1,-1,-1,0
4249,24.671201814058957,4096,0,0,0.027485210448503494,0,-1,0,59,-1,-1,-1,0
4250,24.67700680272109,4096,0,0,0.028046470135450363,0,-1,0,59,-1,-1,-1,0
4251,24.68281179138322,4096,0,0,0.027954937890172005,0,-1,0,59,-1,-1,-1,0
4252,24.68861678004535,4096,0,0,0.027621272951364517,0,-1,0,59,-1,-1,-1,0
4253,24.694421768707482,4096,0,0,0.02745817042887211,0,-1,0,59,-1,-1,-1,0
4254,24.700226757369613,4096,0,0,0.027543768286705017,0,-1,0,59,-1,-1,-1,0
4255,24.706031746031748,4096,0,0,0.027968332171440125,0,-1,0,59,-1,-1,-1,0
4256,24.71183673469388,4096,0,0,0.028072914108633995,0,-1,0,59,-1,-1,-1,0
4257,24.71764172335601,4096,0,0,0.028331192210316658,0,-1,0,59,-1,-1,-1,0
4258,24.72344671201814,4096,0,0,0.02869517356157303,0,-1,0,59,-1,-1,-1,0
4259,24.729251700680273,4096,0,0,0.02828863449394703,0,-1,0,59,-1,-1,-1,0
4260,24.735056689342404,4096,0,0,0.027784867212176323,0,-1,0,59,-1,-1,-1,0
4261,24.740861678004535,4096,0,0,0.027985839173197746,0,-1,0,59,-1,-1,-1,0
4262,24.746666666666666,4096,0,0,0.0278032086789608,0,-1,0,59,-1,-1,-1,0
4263,24.752471655328797,4096,0,0,0.027934782207012177,0,-1,0,59,-1,-1,-1,0
4264,24.75827664399093,4096,0,0,0.027974680066108704,0,-1,0,59,-1,-1,-1,0
4265,24.76408163265306,4096,0,0,0.0273455660790205,0,-1,0,59,-1,-1,-1,0
4266,24.769886621315194,4096,0,0,0.027709180489182472,0,-1,0,59,-1,-1,-1,0
4267,24.775691609977326,4096,0,0,0.027921713888645172,0,-1,0,59,-1,-1,-1,0
4268,24.781496598639457,4096,0,0,0.0275112297385931,0,-1,0,59,-1,-1,-1,0
4269,24.787301587301588,4096,0,0,0.02715362049639225,0,-1,0,59,-1,-1,-1,0
4270,24.79310657596372,4096,0,0,0.026983287185430527,0,-1,0,59,-1,-1,-1,0
4271,24.79891156462585,4096,0,0,0.02715476043522358,0,-1,0,59,-1,-1,-1,0
4272,24.80471655328798,4096,0,0,0.027574732899665833,0,-1,0,59,-1,-1,-1,0
4273,24.810521541950113,4096,0,0,0.02780919522047043,0,-1,0,59,-1,-1,-1,0
4274,24.816326530612244,4096,0,0,0.028283046558499336,0,-1,0,59,-1,-1,-1,0
4275,24.822131519274375,4096,0,0,0.02875749208033085,0,-1,0,59,-1,-1,-1,0
4276,24.827936507936506,4096,0,0,0.02781267650425434,0,-1,0,59,-1,-1,-1,0
4277,24.83374149659864,4096,0,0,0.027233486995100975,0,-1,0,59,-1,-1,-1,0
4278,24.839546485260772,4096,0,0,0.02728687971830368,0,-1,0,59,-1,-1,-1,0
4279,24.845351473922904,4096,0,0,0.02725199982523918,0,-1,0,59,-1,-1,-1,0
4280,24.851156462585035,4096,0,0,0.02781270258128643,0,-1,0,59,-1,-1,-1,0
4281,24.856961451247166,512,1,0,0.030300578102469444,0,-1,0,59,-1,-1,-1,0
4282,24.862766439909297,512,0,0,0.033934544771909714,0,-1,1,72,-1,-1,-1,0
4283,24.86857142857143,512,0,0,0.036403849720954895,0,-1,1,49,-1,-1,-1,0
4284,24.87437641723356,1024,0,0,0.03525342047214508,0,-1,0,72,-1,-1,-1,0
4285,24.88018140589569,1024,0,0,0.03218558058142662,0,-1,0,72,-1,-1,-1,0
4286,24.885986394557822,2048,0,0,0.029209617525339127,0,-1,0,72,-1,-1,-1,0
4287,24.891791383219953,2048,0,0,0.027572201564908028,0,-1,0,72,-1,-1,-1,0
4288,24.897596371882088,2048,0,0,0.027693314477801323,0,-1,0,72,-1,-1,-1,0
4289,24.90340136054422,2048,0,0,0.028632940724492073,0,-1,0,59,-1,-1,-1,0
4290,24.90920634920635,4096,0,0,0.029684871435165405,0,-1,0,59,-1,-1,-1,0
4291,24.91501133786848,4096,0,0,0.03000733256340027,0,-1,0,59,-1,-1,-1,0
4292,24.920816326530613,4096,0,0,0.031053341925144196,0,-1,0,72,-1,-1,-1,0
4293,24.926621315192744,4096,0,0,0.40699514746665955,0,-1,0,72,-1,-1,-1,0
4294,24.932426303854875,4096,0,0,0.769829273223877,1,58,0,72,-1,-1,-1,0
4295,24.938231292517006,4096,0,0,0.8545361757278442,1,58,0,59,-1,-1,-1,0
4296,24.944036281179137,4096,0,1,0.8110280632972717,1,58,0,59,-1,-1,-1,0
4297,24.94984126984127,4096,0,0,0.8507333993911743,1,58,0,59,-1,-1,-1,0
4298,24.9556462585034,4096,0,0,0.8671867847442627,1,58,0,59,-1,-1,-1,0
4299,24.961451247165535,4096,0,0,0.8179014325141907,1,58,0,58,-1,-1,-1,0
4300,24.967256235827666,4096,0,0,0.7197433710098267,1,58,0,58,-1,-1,-1,0
4301,24.973061224489797,4096,0,0,0.812978982925415,1,58,1,58,-1,-1,-1,0
4302,24.978866213151928,4096,0,0,0.7941758632659912,1,58,1,58,58,58,58,0
4303,24.98467120181406,4096,0,0,0.7465282082557678,1,58,1,58,58,58,58,0
4304,24.99047619047619,4096,0,0,0.6398945450782776,1,58,1,58,58,58,58,0
4305,24.99628117913832,4096,0,0,0.7340903878211975,1,58,1,58,58,58,58,0
4306,25.002086167800453,4096,0,0,0.6900025606155396,1,58,1,58,58,58,58,0
4307,25.007891156462584,4096,0,0,0.7106730937957764,1,58,1,58,58,58,58,0
4308,25.013696145124715,4096,0,0,0.7053856253623962,1,58,1,58,58,58,58,0
4309,25.019501133786846,4096,0,0,0.6699128150939941,1,58,1,58,58,58,58,0
4310,25.02530612244898,4096,0,0,0.7134478092193604,1,58,1,58,58,58,58,0
4311,25.031111111111112,4096,0,0,0.6732179522514343,1,58,1,58,58,58,58,0
4312,25.036916099773244,4096,0,0,0.6385098099708557,1,58,1,58,58,58,58,0
4313,25.042721088435375,4096,0,0,0.6385896801948547,1,58,1,58,58,58,58,0
4314,25.048526077097506,4096,0,0,0.6561025977134705,1,58,1,58,58,58,58,0
4315,25.054331065759637,4096,0,0,0.6524130702018738,1,58,1,58,58,58,58,0
4316,25.06013605442177,4096,0,0,0.6656081080436707,1,58,1,58,58,58,58,0
4317,25.0659410430839,4096,0,0,0.6467409133911133,1,58,1,58,58,58,58,0
4318,25.07174603174603,4096,0,0,0.6269077062606812,1,58,1,58,58,58,58,0
4319,25.077551020408162,4096,0,0,0.6357346773147583,1,58,1,58,58,58,58,0
4320,25.083356009070293,4096,0,0,0.5706304907798767,0,58,1,58,58,58,58,0
4321,25.089160997732428,4096,0,0,0.5251450538635254,0,58,1,58,58,58,58,0
4322,25.09496598639456,4096,0,0,0.5888596773147583,1,58,1,58,58,58,58,0
4323,25.10077097505669,4096,0,0,0.5865519046783447,1,58,1,58,58,58,58,0
4324,25.10657596371882,4096,0,0,0.5324289798736572,0,58,1,58,58,58,58,0
4325,25.112380952380953,4096,0,0,0.5574074387550354,0,58,1,58,58,58,58,0
4326,25.118185941043084,4096,0,0,0.5679547786712646,0,58,1,58,58,58,58,0
4327,25.123990929705215,4096,0,0,0.5522264838218689,0,58,1,58,58,58,58,0
4328,25.129795918367346,4096,0,0,0.5541403889656067,0,58,1,58,58,58,58,0
4329,25.135600907029477,4096,0,0,0.569585382938385,0,58,1,58,58,58,58,0
4330,25.14140589569161,4096,0,0,0.5430760383605957,0,58,1,58,58,58,58,0
4331,25.14721088435374,4096,0,0,0.585928201675415,1,58,1,58,58,58,58,0
4332,25.153015873015875,4096,0,0,0.5978541374206543,1,58,1,58,58,58,58,0
4333,25.158820861678006,4096,0,0,0.5699524283409119,0,58,1,58,58,58,58,0
4334,25.164625850340137,4096,0,0,0.6052273511886597,1,58,1,58,58,58,58,0
4335,25.170430839002268,4096,0,0,0.5747270584106445,0,58,1,58,58,58,58,0
4336,25.1762358276644,4096,0,0,0.5920554995536804,1,58,1,58,58,58,58,0
4337,25.18204081632653,4096,0,0,0.5212239027023315,0,58,1,58,58,58,58,0
4338,25.18784580498866,4096,0,0,0.4805780053138733,0,58,1,58,58,58,58,0
4339,25.193650793650793,4096,0,0,0.5610130429267883,0,58,1,58,58,58,58,0
4340,25.199455782312924,4096,0,0,0.5580588579177856,0,58,1,58,58,58,58,0
4341,25.205260770975055,4096,0,0,0.4527955949306488,0,58,1,58,58,58,58,0
4342,25.211065759637187,4096,0,0,0.5021107792854309,0,58,1,58,58,58,58,0
4343,25.21687074829932,4096,0,0,0.5296217203140259,0,58,1,58,58,58,58,0
4344,25.222675736961452,4096,0,0,0.479941725730896,0,58,1,58,58,58,58,0
4345,25.228480725623584,4096,0,0,0.49247944355010986,0,58,1,58,58,58,58,0
4346,25.234285714285715,4096,0,0,0.46092280745506287,0,58,1,58,58,58,58,0
4347,25.240090702947846,4096,0,0,0.4360373616218567,0,58,1,58,58,58,58,0
4348,25.245895691609977,4096,0,0,0.44416624307632446,0,58,1,58,58,58,58,0
4349,25.25170068027211,4096,0,0,0.4234723746776581,0,58,1,58,58,58,58,0
4350,25.25750566893424,4096,0,0,0.3974621891975403,0,58,1,58,58,58,58,0
4351,25.26331065759637,4096,0,0,0.467547744512558,0,58,1,58,58,58,58,0
4352,25.269115646258502,4096,0,0,0.38705435395240784,0,58,1,58,58,58,58,0
4353,25.274920634920633,4096,0,0,0.32156646251678467,0,58,1,58,58,58,58,0
4354,25.280725623582768,4096,0,0,0.29981717467308044,0,58,1,58,58,58,58,0
4355,25.2865306122449,4096,0,0,0.3346458971500397,0,58,1,58,58,58,58,0
4356,25.29233560090703,4096,0,0,0.3747270107269287,0,58,1,58,58,58,58,0
4357,25.29814058956916,4096,0,0,0.20800794661045074,0,58,1,58,58,58,58,0
4358,25.303945578231293,4096,0,0,0.1864558607339859,0,-1,1,58,58,58,58,0
4359,25.309750566893424,4096,0,0,0.1476747691631317,0,-1,1,58,58,58,58,0
4360,25.315555555555555,4096,0,0,0.12149963527917862,0,-1,0,58,58,58,58,0
4361,25.321360544217686,4096,0,0,0.10243984311819077,0,-1,0,58,-1,-1,-1,0
4362,25.327165532879818,4096,0,0,0.08882048726081848,0,-1,0,58,-1,-1,-1,0
4363,25.33297052154195,4096,0,0,0.07655105739831924,0,-1,0,58,-1,-1,-1,0
4364,25.33877551020408,4096,0,0,0.49594298005104065,0,-1,0,59,-1,-1,-1,0
4365,25.344580498866215,4096,0,0,0.4497531056404114,0,59,0,59,-1,-1,-1,0
4366,25.350385487528346,4096,0,0,0.6340292692184448,1,59,0,59,-1,-1,-1,0
4367,25.356190476190477,4096,0,1,0.6151514053344727,1,59,0,59,-1,-1,-1,0
4368,25.36199546485261,4096,0,0,0.6016315221786499,1,59,0,59,-1,-1,-1,0
4369,25.36780045351474,4096,0,0,0.5307450890541077,0,59,0,59,-1,-1,-1,0
4370,25.37360544217687,4096,0,0,0.48351630568504333,0,59,0,59,-1,-1,-1,0
4371,25.379410430839002,4096,0,0,0.6005425453186035,1,59,0,59,-1,-1,-1,0
4372,25.385215419501133,4096,0,0,0.6340567469596863,1,59,0,59,-1,-1,-1,0
4373,25.391020408163264,4096,0,0,0.6016640663146973,1,59,1,59,-1,-1,-1,0
4374,25.396825396825395,4096,0,0,0.5433306097984314,0,59,1,59,59,59,59,0
4375,25.402630385487527,4096,0,0,0.5779948830604553,0,59,1,59,59,59,59,0
4376,25.40843537414966,4096,0,0,0.561569333076477,0,59,1,59,59,59,59,0
4377,25.414240362811793,4096,0,0,0.5138759613037109,0,59,1,59,59,59,59,0
4378,25.420045351473924,4096,0,0,0.5531343221664429,0,59,1,59,59,59,59,0
4379,25.425850340136055,4096,0,0,0.5119395852088928,0,59,1,59,59,59,59,0
4380,25.431655328798186,4096,0,0,0.5694671273231506,0,59,1,59,59,59,59,0
4381,25.437460317460317,4096,0,0,0.52947598695755,0,59,1,59,59,59,59,0
4382,25.44326530612245,4096,0,0,0.5424708127975464,0,59,1,59,59,59,59,0
4383,25.44907029478458,4096,0,0,0.4957602918148041,0,59,1,59,59,59,59,0
4384,25.45487528344671,4096,0,0,0.43798765540122986,0,59,1,59,59,59,59,0
4385,25.460680272108842,4096,0,0,0.4017406404018402,0,59,1,59,59,59,59,0
4386,25.466485260770973,4096,0,0,0.4082561135292053,0,59,1,59,59,59,59,0
4387,25.472290249433108,4096,0,0,0.5235381722450256,0,59,1,59,59,59,59,0
4388,25.47809523809524,4096,0,0,0.4840494692325592,0,59,1,59,59,59,59,0
4389,25.48390022675737,4096,0,0,0.49470171332359314,0,59,1,59,59,59,59,0
4390,25.4897052154195,4096,0,0,0.4762220084667206,0,59,1,59,59,59,59,0
4391,25.495510204081633,4096,0,0,0.4345574378967285,0,59,1,59,59,59,59,0
4392,25.501315192743764,4096,0,0,0.36544743180274963,0,59,1,59,59,59,59,0
4393,25.507120181405895,4096,0,0,0.4071851670742035,0,59,1,59,59,59,59,0
4394,25.512925170068026,4096,0,0,0.47689589858055115,0,59,1,59,59,59,59,0
4395,25.518730158730158,4096,0,0,0.4606792628765106,0,59,1,59,59,59,59,0
4396,25.52453514739229,4096,0,0,0.47900789976119995,0,59,1,59,59,59,59,0
4397,25.530340136054424,4096,0,0,0.4535994827747345,0,59,1,59,59,59,59,0
4398,25.536145124716555,4096,0,0,0.3870549499988556,0,59,1,59,59,59,59,0
4399,25.541950113378686,4096,0,0,0.36745163798332214,0,59,1,59,59,59,59,0
4400,25.547755102040817,4096,0,0,0.3868621587753296,0,59,1,59,59,59,59,0
4401,25.55356009070295,4096,0,0,0.4406009912490845,0,59,1,59,59,59,59,0
4402,25.55936507936508,4096,0,0,0.4085991382598877,0,59,1,59,59,59,59,0
4403,25.56517006802721,4096,0,0,0.4356793761253357,0,59,1,59,59,59,59,0
4404,25.570975056689342,4096,0,0,0.4309222996234894,0,59,1,59,59,59,59,0
4405,25.576780045351473,4096,0,0,0.40505191683769226,0,59,1,59,59,59,59,0
4406,25.582585034013604,4096,0,0,0.4016375243663788,0,59,1,59,59,59,59,0
4407,25.588390022675735,4096,0,0,0.3837643265724182,0,59,1,59,59,59,59,0
4408,25.59419501133787,4096,0,0,0.4210502803325653,0,59,1,59,59,59,59,0
4409,25.6,4096,0,0,0.3956369459629059,0,59,1,59,59,59,59,0
4410,25.605804988662133,4096,0,0,0.4326598048210144,0,59,1,59,59,59,59,0
4411,25.611609977324264,4096,0,0,0.4003339409828186,0,59,1,59,59,59,59,0
4412,25.617414965986395,4096,0,0,0.37025532126426697,0,59,1,59,59,59,59,0
4413,25.623219954648526,4096,0,0,0.4019147455692291,0,59,1,59,59,59,59,0
4414,25.629024943310657,4096,0,0,0.3833186626434326,0,59,1,59,59,59,59,0
4415,25.63482993197279,4096,0,0,0.39482083916664124,0,59,1,59,59,59,59,0
4416,25.64063492063492,4096,0,0,0.33306148648262024,0,59,1,59,59,59,59,0
4417,25.64643990929705,4096,0,0,0.3641538918018341,0,59,1,59,59,59,59,0
4418,25.652244897959182,4096,0,0,0.3690794110298157,0,59,1,59,59,59,59,0
4419,25.658049886621317,4096,0,0,0.3632608652114868,0,59,1,59,59,59,59,0
4420,25.663854875283448,4096,0,0,0.4108978509902954,0,59,1,59,59,59,59,0
4421,25.66965986394558,4096,0,0,0.35770878195762634,0,59,1,59,59,59,59,0
4422,25.67546485260771,4096,0,0,0.37969788908958435,0,59,1,59,59,59,59,0
4423,25.68126984126984,4096,0,0,0.32358741760253906,0,59,1,59,59,59,59,0
4424,25.687074829931973,4096,0,0,0.3566420376300812,0,59,1,59,59,59,59,0
4425,25.692879818594104,4096,0,0,0.35097840428352356,0,59,1,59,59,59,59,0
4426,25.698684807256235,4096,0,0,0.3508976995944977,0,59,1,59,59,59,59,0
4427,25.704489795918366,4096,0,0,0.3975096642971039,0,59,1,59,59,59,59,0
4428,25.710294784580498,4096,0,0,0.34544500708580017,0,59,1,59,59,59,59,0
4429,25.71609977324263,4096,0,0,0.4098462164402008,0,59,1,59,59,59,59,0
4430,25.721904761904764,4096,0,0,0.3106990456581116,0,59,1,59,59,59,59,0
4431,25.727709750566895,4096,0,0,0.4054962396621704,0,59,1,59,59,59,59,0
4432,25.733514739229026,4096,0,0,0.3729392886161804,0,59,1,59,59,59,59,0
4433,25.739319727891157,4096,0,0,0.38376694917678833,0,59,1,59,59,59,59,0
4434,25.74512471655329,4096,0,0,0.38137441873550415,0,59,1,59,59,59,59,0
4435,25.75092970521542,4096,0,0,0.3190549314022064,0,59,1,59,59,59,59,0
4436,25.75673469387755,4096,0,0,0.3566987216472626,0,59,1,59,59,59,59,0
4437,25.762539682539682,4096,0,0,0.29068654775619507,0,59,1,59,59,59,59,0
4438,25.768344671201813,4096,0,0,0.3891068994998932,0,59,1,59,59,59,59,0
4439,25.774149659863944,4096,0,0,0.35056090354919434,0,59,1,59,59,59,59,0
4440,25.779954648526076,4096,0,0,0.366589218378067,0,59,1,59,59,59,59,0
4441,25.78575963718821,4096,0,0,0.3630127012729645,0,59,1,59,59,59,59,0
4442,25.79156462585034,4096,0,0,0.3166329860687256,0,59,1,59,59,59,59,0
4443,25.797369614512473,4096,0,0,0.32016807794570923,0,59,1,59,59,59,59,0
4444,25.803174603174604,4096,0,0,0.2800440192222595,0,59,1,59,59,59,59,0
4445,25.808979591836735,4096,0,0,0.36730441451072693,0,59,1,59,59,59,59,0
4446,25.814784580498866,4096,0,0,0.33536529541015625,0,59,1,59,59,59,59,0
4447,25.820589569160997,4096,0,0,0.3661152720451355,0,59,1,59,59,59,59,0
4448,25.82639455782313,4096,0,0,0.35234421491622925,0,59,1,59,59,59,59,0
4449,25.83219954648526,4096,0,0,0.31607353687286377,0,59,1,59,59,59,59,0
4450,25.83800453514739,4096,0,0,0.3177502155303955,0,59,1,59,59,59,59,0
4451,25.843809523809522,4096,0,0,0.2987602651119232,0,59,1,59,59,59,59,0
4452,25.849614512471657,4096,0,0,0.3711034059524536,0,59,1,59,59,59,59,0
4453,25.855419501133788,4096,0,0,0.3400001525878906,0,59,1,59,59,59,59,0
4454,25.86122448979592,4096,0,0,0.3621768355369568,0,59,1,59,59,59,59,0
4455,25.86702947845805,4096,0,0,0.35107290744781494,0,59,1,59,59,59,59,0
4456,25.87283446712018,4096,0,0,0.32698938250541687,0,59,1,59,59,59,59,0
4457,25.878639455782313,4096,0,0,0.322513222694397,0,59,1,59,59,59,59,0
4458,25.884444444444444,4096,0,0,0.30129244923591614,0,59,1,59,59,59,59,0
4459,25.890249433106575,4096,0,0,0.35773828625679016,0,59,1,59,59,59,59,0
4460,25.896054421768707,4096,0,0,0.319534569978714,0,59,1,59,59,59,59,0
4461,25.901859410430838,4096,0,0,0.35537081956863403,0,59,1,59,59,59,59,0
4462,25.90766439909297,4096,0,0,0.34330034255981445,0,59,1,59,59,59,59,0
4463,25.913469387755104,4096,0,0,0.33425235748291016,0,59,1,59,59,59,59,0
4464,25.919274376417235,4096,0,0,0.3357235789299011,0,59,1,59,59,59,59,0
4465,25.925079365079366,4096,0,0,0.30977943539619446,0,59,1,59,59,59,59,0
4466,25.930884353741497,4096,0,0,0.3358098566532135,0,59,1,59,59,59,59,0
4467,25.93668934240363,4096,0,0,0.39886564016342163,0,59,1,59,59,59,59,0
4468,25.94249433106576,4096,0,0,0.34683820605278015,0,59,1,59,59,59,59,0
4469,25.94829931972789,4096,0,0,0.28892090916633606,0,59,1,59,59,59,59,0
4470,25.954104308390022,4096,0,0,0.29394039511680603,0,59,1,59,59,59,59,0
4471,25.959909297052153,4096,0,0,0.39477935433387756,0,59,1,59,59,59,59,0
4472,25.965714285714284,4096,0,0,0.3195579946041107,0,59,1,59,59,59,59,0
4473,25.971519274376416,4096,0,0,0.33340415358543396,0,59,1,59,59,59,59,0
4474,25.97732426303855,4096,0,0,0.2926551103591919,0,59,1,59,59,59,59,0
4475,25.98312925170068,4096,0,0,0.32816213369369507,0,59,1,59,59,59,59,0
4476,25.988934240362813,4096,0,0,0.3398321270942688,0,59,1,59,59,59,59,0
4477,25.994739229024944,4096,0,0,0.33680570125579834,0,59,1,59,59,59,59,0
4478,26.000544217687075,4096,0,0,0.3802589476108551,0,59,1,59,59,59,59,0
4479,26.006349206349206,4096,0,0,0.3256969153881073,0,59,1,59,59,59,59,0
4480,26.012154195011338,4096,0,0,0.34639135003089905,0,59,1,59,59,59,59,0
4481,26.01795918367347,4096,0,0,0.3029244542121887,0,59,1,59,59,59,59,0
4482,26.0237641723356,4096,0,0,0.32233503460884094,0,59,1,59,59,59,59,0
4483,26.02956916099773,4096,0,0,0.32227325439453125,0,59,1,59,59,59,59,0
4484,26.035374149659862,4096,0,0,0.33361589908599854,0,59,1,59,59,59,59,0
4485,26.041179138321997,4096,0,0,0.3723163902759552,0,59,1,59,59,59,59,0
4486,26.04698412698413,4096,0,0,0.3257063329219818,0,59,1,59,59,59,59,0
4487,26.05278911564626,4096,0,0,0.3378734290599823,0,59,1,59,59,59,59,0
4488,26.05859410430839,4096,0,0,0.3005651533603668,0,59,1,59,59,59,59,0
4489,26.064399092970522,4096,0,0,0.31428876519203186,0,59,1,59,59,59,59,0
4490,26.070204081632653,4096,0,0,0.310139924287796,0,59,1,59,59,59,59,0
4491,26.076009070294784,4096,0,0,0.32512468099594116,0,59,1,59,59,59,59,0
4492,26.081814058956915,4096,0,0,0.3542706072330475,0,59,1,59,59,59,59,0
4493,26.087619047619047,4096,0,0,0.3071037530899048,0,59,0,59,59,59,59,0
4494,26.093424036281178,4096,0,0,0.31345894932746887,0,59,1,59,59,59,59,0
4495,26.09922902494331,4096,0,0,0.29412591457366943,0,59,1,59,59,59,59,0
4496,26.105034013605444,4096,0,0,0.3080916702747345,0,59,1,59,59,59,59,0
4497,26.110839002267575,4096,0,0,0.28561636805534363,0,59,0,59,59,59,59,0
4498,26.116643990929706,4096,0,0,0.3036365509033203,0,59,0,59,-1,-1,-1,0
4499,26.122448979591837,4096,0,0,0.3431750237941742,0,59,1,59,-1,-1,-1,0
4500,26.12825396825397,4096,0,0,0.30743277072906494,0,59,0,59,-1,-1,-1,0
4501,26.1340589569161,4096,0,0,0.3030070960521698,0,59,1,59,-1,-1,-1,0
4502,26.13986394557823,4096,0,0,0.28828585147857666,0,59,0,59,-1,-1,-1,0
4503,26.145668934240362,4096,0,0,0.30352261662483215,0,59,1,59,-1,-1,-1,0
4504,26.151473922902493,4096,0,0,0.29178386926651,0,59,0,59,-1,-1,-1,0
4505,26.157278911564624,4096,0,0,0.30841609835624695,0,59,0,59,-1,-1,-1,0
4506,26.163083900226756,4096,0,0,0.3435092866420746,0,59,0,59,-1,-1,-1,0
4507,26.16888888888889,4096,0,0,0.3080503046512604,0,59,0,59,-1,-1,-1,0
4508,26.17469387755102,4096,0,0,0.31353557109832764,0,59,1,59,-1,-1,-1,0
4509,26.180498866213153,4096,0,0,0.300028920173645,0,59,0,59,-1,-1,-1,0
4510,26.186303854875284,4096,0,0,0.310166597366333,0,59,1,59,-1,-1,-1,0
4511,26.192108843537415,4096,0,0,0.2885516583919525,0,59,0,59,-1,-1,-1,0
4512,26.197913832199546,4096,0,0,0.30842241644859314,0,59,1,59,-1,-1,-1,0
4513,26.203718820861678,4096,0,0,0.34590795636177063,0,59,1,59,59,59,59,0
4514,26.20952380952381,4096,0,0,0.31447869539260864,0,59,0,59,59,59,59,0
4515,26.21532879818594,4096,0,0,0.3137904405593872,0,59,1,59,59,59,59,0
4516,26.22113378684807,4096,0,0,0.30063652992248535,0,59,0,59,59,59,59,0
4517,26.226938775510202,4096,0,0,0.3123081922531128,0,59,1,59,59,59,59,0
4518,26.232743764172337,4096,0,0,0.2968295216560364,0,59,1,59,59,59,59,0
4519,26.23854875283447,4096,0,0,0.31252777576446533,0,59,1,59,59,59,59,0
4520,26.2443537414966,4096,0,0,0.3546864688396454,0,59,1,59,59,59,59,0
4521,26.25015873015873,4096,0,0,0.3247152864933014,0,59,1,58,59,59,59,0
4522,26.255963718820862,4096,0,0,0.3210013210773468,0,59,1,58,58,59,59,0
4523,26.261768707482993,4096,0,0,0.3078743815422058,0,59,1,58,58,59,59,0
4524,26.267573696145124,4096,0,0,0.32135286927223206,0,59,1,58,58,59,59,0
4525,26.273378684807255,4096,0,0,0.30455249547958374,0,59,1,58,58,59,59,0
4526,26.279183673469387,4096,0,0,0.3184739649295807,0,59,1,59,58,59,59,0
4527,26.284988662131518,4096,0,0,0.3562236428260803,0,59,1,59,59,59,59,0
4528,26.29079365079365,4096,0,0,0.32949841022491455,0,59,1,58,59,59,59,0
4529,26.296598639455784,4096,0,0,0.32777509093284607,0,59,1,59,59,59,59,0
4530,26.302403628117915,4096,0,0,0.307343065738678,0,59,1,59,59,59,59,0
4531,26.308208616780046,4096,0,0,0.3288213312625885,0,59,1,59,59,59,59,0
4532,26.314013605442177,4096,0,0,0.31393325328826904,0,59,1,59,59,59,59,0
4533,26.31981859410431,4096,0,0,0.32388460636138916,0,59,1,59,59,59,59,0
4534,26.32562358276644,4096,0,0,0.35673215985298157,0,59,1,59,59,59,59,0
4535,26.33142857142857,4096,0,0,0.33837148547172546,0,59,1,59,59,59,59,0
4536,26.337233560090702,4096,0,0,0.33559441566467285,0,59,1,59,59,59,59,0
4537,26.343038548752833,4096,0,0,0.305345743894577,0,59,1,59,59,59,59,0
4538,26.348843537414965,4096,0,0,0.32738009095191956,0,59,1,59,59,59,59,0
4539,26.354648526077096,4096,0,0,0.3220246136188507,0,59,1,59,59,59,59,0
4540,26.36045351473923,4096,0,0,0.3244401514530182,0,59,1,59,59,59,59,0
4541,26.36625850340136,4096,0,0,0.3420467674732208,0,59,1,59,59,59,59,0
4542,26.372063492063493,4096,0,0,0.3344641923904419,0,59,1,59,59,59,59,0
4543,26.377868480725624,4096,0,0,0.3421535789966583,0,59,1,59,59,59,59,0
4544,26.383673469387755,4096,0,0,0.31051474809646606,0,59,1,59,59,59,59,0
4545,26.389478458049886,4096,0,0,0.3283112347126007,0,59,1,59,59,59,59,0
4546,26.395283446712018,4096,0,0,0.3338291645050049,0,59,1,59,59,59,59,0
4547,26.40108843537415,4096,0,0,0.32454195618629456,0,59,1,59,59,59,59,0
4548,26.40689342403628,4096,0,0,0.32764166593551636,0,59,1,59,59,59,59,0
4549,26.41269841269841,4096,0,0,0.3341551721096039,0,59,1,59,59,59,59,0
4550,26.418503401360546,4096,0,0,0.3500269055366516,0,59,1,59,59,59,59,0
4551,26.424308390022677,4096,0,0,0.3203572630882263,0,59,1,59,59,59,59,0
4552,26.43011337868481,4096,0,0,0.3272266685962677,0,59,1,59,59,59,59,0
4553,26.43591836734694,4096,0,0,0.3378836214542389,0,59,1,59,59,59,59,0
4554,26.44172335600907,4096,0,0,0.32319241762161255,0,59,1,59,59,59,59,0
4555,26.447528344671202,4096,0,0,0.3066074848175049,0,59,1,59,59,59,59,0
4556,26.453333333333333,4096,0,0,0.33034437894821167,0,59,1,59,59,59,59,0
4557,26.459138321995464,4096,0,0,0.341800332069397,0,59,1,59,59,59,59,0
4558,26.464943310657596,4096,0,0,0.3144046366214752,0,59,1,59,59,59,59,0
4559,26.470748299319727,4096,0,0,0.32068195939064026,0,59,1,59,59,59,59,0
4560,26.476553287981858,4096,0,0,0.31682875752449036,0,59,0,59,59,59,59,0
4561,26.482358276643993,4096,0,0,0.30594077706336975,0,59,1,59,59,59,59,0
4562,26.488163265306124,4096,0,0,0.28279349207878113,0,59,0,59,59,59,59,0
4563,26.493968253968255,4096,0,0,0.3204900920391083,0,59,1,59,59,59,59,0
4564,26.499773242630386,4096,0,0,0.3234899640083313,0,59,1,59,59,59,59,0
4565,26.505578231292517,4096,0,0,0.3051934540271759,0,59,1,59,59,59,59,0
4566,26.51138321995465,4096,0,0,0.3090519309043884,0,59,1,59,59,59,59,0
4567,26.51718820861678,4096,0,0,0.34873300790786743,0,59,0,59,59,59,59,0
4568,26.52299319727891,4096,0,0,0.44356778264045715,0,59,0,59,-1,-1,-1,0
4569,26.528798185941042,4096,0,0,0.35725629329681396,0,59,0,59,-1,-1,-1,0
4570,26.534603174603173,4096,0,0,0.34913864731788635,0,59,0,59,-1,-1,-1,0
4571,26.540408163265305,4096,0,0,0.31427979469299316,0,59,0,59,-1,-1,-1,0
4572,26.54621315192744,4096,0,0,0.34049153327941895,0,59,0,59,-1,-1,-1,0
4573,26.55201814058957,4096,0,0,0.3243542015552521,0,59,0,59,-1,-1,-1,0
4574,26.5578231292517,4096,0,0,0.34269410371780396,0,59,0,59,-1,-1,-1,0
4575,26.563628117913833,4096,0,0,0.3401038348674774,0,59,0,59,-1,-1,-1,0
4576,26.569433106575964,4096,0,0,0.31454282999038696,0,59,0,59,-1,-1,-1,0
4577,26.575238095238095,4096,0,0,0.3068831264972687,0,59,0,59,-1,-1,-1,0
4578,26.581043083900227,4096,0,0,0.30110061168670654,0,59,0,59,-1,-1,-1,0
4579,26.586848072562358,4096,0,0,0.2983878254890442,0,59,0,59,-1,-1,-1,0
4580,26.59265306122449,4096,0,0,0.29093167185783386,0,59,0,59,-1,-1,-1,0
4581,26.59845804988662,4096,0,0,0.3245127201080322,0,59,0,59,-1,-1,-1,0
4582,26.60426303854875,4096,0,0,0.3121436536312103,0,59,0,59,-1,-1,-1,0
4583,26.610068027210886,4096,0,0,0.2824578285217285,0,59,0,59,-1,-1,-1,0
4584,26.615873015873017,4096,0,0,0.28561344742774963,0,59,0,59,-1,-1,-1,0
4585,26.62167800453515,4096,0,0,0.2616211473941803,0,59,0,59,-1,-1,-1,0
4586,26.62748299319728,4096,0,0,0.24447059631347656,0,59,0,59,-1,-1,-1,0
4587,26.63328798185941,4096,0,0,0.26637333631515503,0,59,0,59,-1,-1,-1,0
4588,26.639092970521542,4096,0,0,0.29463887214660645,0,59,0,59,-1,-1,-1,0
4589,26.644897959183673,4096,0,0,0.28325405716896057,0,59,0,59,-1,-1,-1,0
4590,26.650702947845804,4096,0,0,0.2583834230899811,0,59,0,59,-1,-1,-1,0
4591,26.656507936507936,4096,0,0,0.24535802006721497,0,59,1,59,-1,-1,-1,0
4592,26.662312925170067,4096,0,0,0.22220487892627716,0,59,0,59,-1,-1,-1,0
4593,26.668117913832198,4096,0,0,0.21531781554222107,0,59,1,59,-1,-1,-1,0
4594,26.673922902494333,4096,0,0,0.22930997610092163,0,59,1,59,59,59,59,0
4595,26.679727891156464,4096,0,0,0.2515350878238678,0,59,0,59,59,59,59,0
4596,26.685532879818595,4096,0,0,0.23785914480686188,0,59,1,59,59,59,59,0
4597,26.691337868480726,4096,0,0,0.2273840606212616,0,59,0,59,59,59,59,0
4598,26.697142857142858,4096,0,0,0.20614323019981384,0,59,1,59,59,59,59,0
4599,26.70294784580499,4096,0,0,0.1848924160003662,0,59,0,59,59,59,59,0
4600,26.70875283446712,4096,0,0,0.18352903425693512,0,59,1,59,59,59,59,0
4601,26.71455782312925,4096,0,0,0.190658301115036,0,59,0,59,59,59,59,0
4602,26.720362811791382,4096,0,0,0.20544300973415375,0,59,0,59,-1,-1,-1,0
4603,26.726167800453513,4096,0,0,0.20405036211013794,0,59,0,59,-1,-1,-1,0
4604,26.731972789115645,4096,0,0,0.1984996199607849,0,59,0,59,-1,-1,-1,0
4605,26.73777777777778,4096,0,0,0.16615906357765198,0,59,0,59,-1,-1,-1,0
4606,26.74358276643991,4096,0,0,0.15373429656028748,0,59,0,59,-1,-1,-1,0
4607,26.749387755102042,4096,0,0,0.15560072660446167,0,59,0,59,-1,-1,-1,0
4608,26.755192743764173,4096,0,0,0.1527295857667923,0,59,0,59,-1,-1,-1,0
4609,26.760997732426304,4096,0,0,0.1559542715549469,0,59,0,59,-1,-1,-1,0
4610,26.766802721088435,4096,0,0,0.15367598831653595,0,59,0,59,-1,-1,-1,0
4611,26.772607709750567,4096,0,0,0.14655905961990356,0,59,0,59,-1,-1,-1,0
4612,26.778412698412698,4096,0,0,0.12637832760810852,0,59,0,59,-1,-1,-1,0
4613,26.78421768707483,4096,0,0,0.1313363015651703,0,59,0,59,-1,-1,-1,0
4614,26.79002267573696,4096,0,0,0.13104335963726044,0,59,0,59,-1,-1,-1,0
4615,26.79582766439909,4096,0,0,0.11615391820669174,0,59,0,59,-1,-1,-1,0
4616,26.801632653061226,4096,0,0,0.1055237427353859,0,59,0,59,-1,-1,-1,0
4617,26.807437641723357,4096,0,0,0.1259884238243103,0,59,0,59,-1,-1,-1,0
4618,26.81324263038549,4096,0,0,0.11361432820558548,0,59,0,59,-1,-1,-1,0
4619,26.81904761904762,4096,0,0,0.06647859513759613,0,59,0,59,-1,-1,-1,0
4620,26.82485260770975,4096,0,0,0.055496539920568466,0,59,0,59,-1,-1,-1,0
4621,26.830657596371882,4096,0,0,0.05978485941886902,0,59,0,59,-1,-1,-1,0
4622,26.836462585034013,4096,0,0,0.06124863773584366,0,59,0,59,-1,-1,-1,0
4623,26.842267573696144,4096,0,0,0.05765385553240776,0,59,0,59,-1,-1,-1,0
4624,26.848072562358276,4096,0,0,0.059217967092990875,0,59,0,59,-1,-1,-1,0
4625,26.853877551020407,4096,0,0,0.05845867469906807,0,59,0,59,-1,-1,-1,0
4626,26.859682539682538,4096,0,0,0.053777340799570084,0,59,0,59,-1,-1,-1,0
4627,26.865487528344673,4096,0,0,0.055035412311553955,0,59,0,59,-1,-1,-1,0
4628,26.871292517006804,4096,0,0,0.060820721089839935,0,59,0,59,-1,-1,-1,0
4629,26.877097505668935,4096,0,0,0.056826841086149216,0,59,0,59,-1,-1,-1,0
4630,26.882902494331066,4096,0,0,0.06453481316566467,0,59,0,59,-1,-1,-1,0
4631,26.888707482993198,4096,0,0,0.3093504309654236,0,59,0,59,-1,-1,-1,0
4632,26.89451247165533,4096,0,0,0.36356475949287415,0,59,0,59,-1,-1,-1,0
4633,26.90031746031746,4096,0,0,0.3208238482475281,0,59,0,59,-1,-1,-1,0
4634,26.90612244897959,4096,0,0,0.2559947669506073,0,59,0,59,-1,-1,-1,0
4635,26.911927437641722,4096,0,0,0.2324831336736679,0,59,0,59,-1,-1,-1,0
4636,26.917732426303854,4096,0,0,0.2115393429994583,0,59,0,59,-1,-1,-1,0
4637,26.923537414965985,4096,0,0,0.1979486495256424,0,59,0,59,-1,-1,-1,0
4638,26.92934240362812,4096,0,0,0.1804087907075882,0,59,0,59,-1,-1,-1,0
4639,26.93514739229025,4096,0,0,0.17699159681797028,0,59,0,59,-1,-1,-1,0
4640,26.940952380952382,4096,0,0,0.14799878001213074,0,59,0,59,-1,-1,-1,0
4641,26.946757369614513,4096,0,0,0.13682501018047333,0,59,0,59,-1,-1,-1,0
4642,26.952562358276644,4096,0,0,0.13652905821800232,0,59,0,59,-1,-1,-1,0
4643,26.958367346938775,4096,0,0,0.12937946617603302,0,59,0,59,-1,-1,-1,0
4644,26.964172335600907,4096,0,0,0.11750517785549164,0,59,0,59,-1,-1,-1,0
4645,26.969977324263038,4096,0,0,0.12249763309955597,0,59,0,59,-1,-1,-1,0
4646,26.97578231292517,4096,0,0,0.1357365846633911,0,59,0,59,-1,-1,-1,0
4647,26.9815873015873,4096,0,0,0.10462359338998795,0,59,0,59,-1,-1,-1,0
4648,26.98739229024943,4096,0,0,0.0627605989575386,0,59,0,59,-1,-1,-1,0
4649,26.993197278911566,512,1,0,0.05635282024741173,0,59,1,59,-1,-1,-1,0
4650,26.999002267573697,512,0,0,0.0527556836605072,0,59,1,59,59,59,59,0
4651,27.00480725623583,512,0,0,0.04629998654127121,0,59,1,59,59,59,59,0
4652,27.01061224489796,1024,0,0,0.04438666254281998,0,59,1,58,59,59,59,0
4653,27.01641723356009,1024,0,0,0.03876163065433502,0,59,1,58,58,59,59,0
4654,27.022222222222222,2048,0,0,0.038609568029642105,0,59,1,58,58,59,59,0
4655,27.028027210884353,2048,0,0,0.03653619438409805,0,59,1,58,58,59,59,0
4656,27.033832199546485,2048,0,0,0.0371122881770134,0,59,1,59,58,59,59,0
4657,27.039637188208616,2048,0,0,0.03780806064605713,0,59,0,59,58,59,59,0
4658,27.045442176870747,4096,0,0,0.038591403514146805,0,59,0,59,-1,-1,-1,0
4659,27.051247165532878,4096,0,0,0.03625379502773285,0,-1,0,59,-1,-1,-1,0
4660,27.057052154195013,4096,0,0,0.03549971431493759,0,-1,0,59,-1,-1,-1,0
4661,27.062857142857144,4096,0,0,0.03577055409550667,0,-1,0,59,-1,-1,-1,0
4662,27.068662131519275,4096,0,0,0.03508274629712105,0,-1,0,59,-1,-1,-1,0
4663,27.074467120181406,4096,0,0,0.037115033715963364,0,-1,0,59,-1,-1,-1,0
4664,27.080272108843538,4096,0,0,0.03700670599937439,0,-1,0,59,-1,-1,-1,0
4665,27.08607709750567,4096,0,0,0.03575130179524422,0,-1,0,59,-1,-1,-1,0
4666,27.0918820861678,4096,0,0,0.0339210145175457,0,-1,0,59,-1,-1,-1,0
4667,27.09768707482993,4096,0,0,0.034596629440784454,0,-1,0,59,-1,-1,-1,0
4668,27.103492063492062,4096,0,0,0.034148167818784714,0,-1,0,59,-1,-1,-1,0
4669,27.109297052154194,4096,0,0,0.03453008085489273,0,-1,0,59,-1,-1,-1,0
4670,27.115102040816325,4096,0,0,0.03538573160767555,0,-1,0,59,-1,-1,-1,0
4671,27.12090702947846,4096,0,0,0.03460760414600372,0,-1,0,59,-1,-1,-1,0
4672,27.12671201814059,4096,0,0,0.03430803120136261,0,-1,0,59,-1,-1,-1,0
4673,27.132517006802722,4096,0,0,0.033552754670381546,0,-1,0,59,-1,-1,-1,0
4674,27.138321995464853,4096,0,0,0.033676039427518845,0,-1,0,59,-1,-1,-1,0
4675,27.144126984126984,4096,0,0,0.03345581516623497,0,-1,0,59,-1,-1,-1,0
4676,27.149931972789116,4096,0,0,0.03392302617430687,0,-1,0,59,-1,-1,-1,0
4677,27.155736961451247,4096,0,0,0.034273937344551086,0,-1,0,59,-1,-1,-1,0
4678,27.161541950113378,4096,0,0,0.03232013061642647,0,-1,0,59,-1,-1,-1,0
4679,27.16734693877551,4096,0,0,0.031837098300457,0,-1,0,59,-1,-1,-1,0
4680,27.17315192743764,4096,0,0,0.03149964287877083,0,-1,0,59,-1,-1,-1,0
4681,27.17895691609977,4096,0,0,0.03203612193465233,0,-1,0,59,-1,-1,-1,0
4682,27.184761904761906,4096,0,0,0.03238550201058388,0,-1,0,59,-1,-1,-1,0
4683,27.190566893424037,4096,0,0,0.032826926559209824,0,-1,0,59,-1,-1,-1,0
4684,27.19637188208617,4096,0,0,0.03317852318286896,0,-1,0,59,-1,-1,-1,0
4685,27.2021768707483,4096,0,0,0.0324462354183197,0,-1,0,59,-1,-1,-1,0
4686,27.20798185941043,4096,0,0,0.03242335841059685,0,-1,0,59,-1,-1,-1,0
4687,27.213786848072562,4096,0,0,0.03199707344174385,0,-1,0,59,-1,-1,-1,0
4688,27.219591836734693,4096,0,0,0.03218010067939758,0,-1,0,59,-1,-1,-1,0
4689,27.225396825396825,4096,0,0,0.031993284821510315,0,-1,0,59,-1,-1,-1,0
4690,27.231201814058956,4096,0,0,0.03218434005975723,0,-1,0,59,-1,-1,-1,0
4691,27.237006802721087,4096,0,0,0.03162751346826553,0,-1,0,59,-1,-1,-1,0
4692,27.242811791383218,4096,0,0,0.030777353793382645,0,-1,0,59,-1,-1,-1,0
4693,27.248616780045353,4096,0,0,0.030648833140730858,0,-1,0,59,-1,-1,-1,0
4694,27.254421768707484,4096,0,0,0.031025707721710205,0,-1,0,59,-1,-1,-1,0
4695,27.260226757369615,4096,0,0,0.03171054646372795,0,-1,0,59,-1,-1,-1,0
4696,27.266031746031747,4096,0,0,0.03149769455194473,0,-1,0,59,-1,-1,-1,0
4697,27.271836734693878,4096,0,0,0.03114980086684227,0,-1,0,59,-1,-1,-1,0
4698,27.27764172335601,4096,0,0,0.031593095511198044,0,-1,0,59,-1,-1,-1,0
4699,27.28344671201814,4096,0,0,0.030520064756274223,0,-1,0,59,-1,-1,-1,0
4700,27.28925170068027,4096,0,0,0.030666841194033623,0,-1,0,59,-1,-1,-1,0
4701,27.295056689342402,4096,0,0,0.031038066372275352,0,-1,0,59,-1,-1,-1,0
4702,27.300861678004534,4096,0,0,0.030954595655202866,0,-1,0,59,-1,-1,-1,0
4703,27.30666666666667,4096,0,0,0.03103364259004593,0,-1,0,59,-1,-1,-1,0
4704,27.3124716553288,4096,0,0,0.030317164957523346,0,-1,0,59,-1,-1,-1,0
4705,27.31827664399093,4096,0,0,0.030775977298617363,0,-1,0,59,-1,-1,-1,0
4706,27.324081632653062,4096,0,0,0.030970336869359016,0,-1,0,59,-1,-1,-1,0
4707,27.329886621315193,4096,0,0,0.030631303787231445,0,-1,0,59,-1,-1,-1,0
4708,27.335691609977324,4096,0,0,0.03086785040795803,0,-1,0,59,-1,-1,-1,0
4709,27.341496598639456,512,1,0,0.3396550118923187,0,-1,1,59,-1,-1,-1,0
4710,27.347301587301587,512,0,0,0.493717223405838,0,-1,1,59,59,59,59,0
4711,27.353106575963718,512,0,0,0.3871670663356781,0,-1,1,71,59,59,59,0
4712,27.35891156462585,1024,0,0,0.34883782267570496,0,-1,1,63,59,59,59,0
4713,27.36471655328798,1024,0,0,0.3687623143196106,0,-1,1,63,63,59,59,0
4714,27.370521541950115,2048,0,0,0.36334073543548584,0,-1,1,63,63,59,59,0
4715,27.376326530612246,2048,0,0,0.3693709969520569,0,-1,1,63,63,59,59,0
4716,27.382131519274377,2048,0,0,0.34707966446876526,0,-1,1,63,63,59,59,0
4717,27.38793650793651,2048,0,0,0.35998040437698364,0,-1,1,63,63,59,59,0
4718,27.39374149659864,4096,0,0,0.36439773440361023,0,-1,0,71,63,59,59,0
4719,27.39954648526077,4096,0,0,0.38748699426651,0,-1,0,63,-1,-1,-1,0
4720,27.405351473922902,4096,0,0,0.34929805994033813,0,-1,0,63,-1,-1,-1,0
4721,27.411156462585033,4096,0,0,0.34034308791160583,0,-1,0,63,-1,-1,-1,0
4722,27.416961451247165,4096,0,0,0.3495820164680481,0,-1,0,63,-1,-1,-1,0
4723,27.422766439909296,4096,0,0,0.374164879322052,0,-1,0,63,-1,-1,-1,0
4724,27.428571428571427,4096,0,0,0.3577938377857208,0,-1,0,63,-1,-1,-1,0
4725,27.434376417233562,4096,0,0,0.3438694477081299,0,-1,0,63,-1,-1,-1,0
4726,27.440181405895693,4096,0,0,0.33454033732414246,0,-1,0,63,-1,-1,-1,0
4727,27.445986394557824,4096,0,0,0.3611582815647125,0,-1,0,63,-1,-1,-1,0
4728,27.451791383219955,4096,0,0,0.36190807819366455,0,-1,0,63,-1,-1,-1,0
4729,27.457596371882087,4096,0,0,0.33911165595054626,0,-1,0,63,-1,-1,-1,0
4730,27.463401360544218,4096,0,0,0.3409794569015503,0,-1,0,63,-1,-1,-1,0
4731,27.46920634920635,4096,0,0,0.3507305085659027,0,-1,0,63,-1,-1,-1,0
4732,27.47501133786848,4096,0,0,0.3627970516681671,0,-1,0,63,-1,-1,-1,0
4733,27.48081632653061,4096,0,0,0.3410325348377228,0,-1,0,63,-1,-1,-1,0
4734,27.486621315192743,4096,0,0,0.340800017118454,0,-1,0,63,-1,-1,-1,0
4735,27.492426303854874,4096,0,0,0.3375358283519745,0,-1,0,63,-1,-1,-1,0
4736,27.49823129251701,4096,0,0,0.35264262557029724,0,-1,0,63,-1,-1,-1,0
4737,27.50403628117914,4096,0,0,0.3394778072834015,0,-1,0,63,-1,-1,-1,0
4738,27.50984126984127,4096,0,0,0.3464963138103485,0,-1,0,63,-1,-1,-1,0
4739,27.515646258503402,4096,0,0,0.3286083936691284,0,-1,0,63,-1,-1,-1,0
4740,27.521451247165533,4096,0,0,0.34091123938560486,0,-1,0,63,-1,-1,-1,0
4741,27.527256235827664,4096,0,0,0.34177637100219727,0,-1,0,63,-1,-1,-1,0
4742,27.533061224489796,4096,0,0,0.34949806332588196,0,-1,0,63,-1,-1,-1,0
4743,27.538866213151927,4096,0,0,0.330637663602829,0,-1,0,63,-1,-1,-1,0
4744,27.544671201814058,512,1,0,0.3336726427078247,0,-1,1,71,-1,-1,-1,0
4745,27.55047619047619,512,0,0,0.33532366156578064,0,-1,1,51,-1,-1,-1,0
4746,27.55628117913832,512,0,0,0.34883245825767517,0,-1,1,71,-1,-1,-1,0
4747,27.562086167800455,1024,0,0,0.33193477988243103,0,-1,1,56,-1,-1,-1,0
4748,27.567891156462586,1024,0,0,0.32875317335128784,0,-1,1,56,56,56,56,0
4749,27.573696145124718,2048,0,0,0.326729416847229,0,-1,1,56,56,56,56,0
4750,27.57950113378685,2048,0,0,0.3393910229206085,0,-1,1,56,56,56,56,0
4751,27.58530612244898,2048,0,0,0.3313280940055847,0,-1,1,56,56,56,56,0
4752,27.59111111111111,2048,0,0,0.33045169711112976,0,-1,1,56,56,56,56,0
4753,27.596916099773242,4096,0,0,0.3239452540874481,0,-1,0,63,56,56,56,0
4754,27.602721088435374,4096,0,0,0.3317212462425232,0,-1,0,63,-1,-1,-1,0
4755,27.608526077097505,4096,0,0,0.33886057138442993,0,-1,0,63,-1,-1,-1,0
4756,27.614331065759636,4096,0,0,0.3294869065284729,0,-1,0,63,-1,-1,-1,0
4757,27.620136054421767,4096,0,0,0.328708678483963,0,-1,0,56,-1,-1,-1,0
4758,27.625941043083902,4096,0,0,0.3269938826560974,0,-1,0,63,-1,-1,-1,0
4759,27.631746031746033,4096,0,0,0.3365597426891327,0,-1,0,63,-1,-1,-1,0
4760,27.637551020408164,512,1,0,0.3299769461154938,0,-1,1,71,-1,-1,-1,0
4761,27.643356009070295,512,0,0,0.3359059691429138,0,-1,1,71,71,71,71,0
4762,27.649160997732427,512,0,0,0.3280632495880127,0,-1,1,51,71,71,71,0
4763,27.654965986394558,1024,0,0,0.33735191822052,0,-1,1,51,51,71,71,0
4764,27.66077097505669,1024,0,0,0.33225706219673157,0,-1,1,51,51,71,71,0
4765,27.66657596371882,2048,0,0,0.34048041701316833,0,-1,1,56,51,71,71,0
4766,27.67238095238095,2048,0,0,0.3266645073890686,0,-1,1,51,51,71,71,0
4767,27.678185941043083,2048,0,0,0.329423189163208,0,-1,1,51,51,71,71,0
4768,27.683990929705214,2048,0,0,0.3298063576221466,0,-1,1,51,51,71,71,0
4769,27.68979591836735,4096,0,0,0.3399199843406677,0,-1,0,63,51,71,71,0
4770,27.69560090702948,4096,0,0,0.3238484561443329,0,-1,0,63,-1,-1,-1,0
4771,27.70140589569161,4096,0,0,0.32456979155540466,0,-1,0,63,-1,-1,-1,0
4772,27.707210884353742,4096,0,0,0.3252411484718323,0,-1,0,63,-1,-1,-1,0
4773,27.713015873015873,4096,0,0,0.3368554413318634,0,-1,0,63,-1,-1,-1,0
4774,27.718820861678005,4096,0,0,0.3272359371185303,0,-1,0,63,-1,-1,-1,0
4775,27.724625850340136,4096,0,0,0.31848371028900146,0,-1,0,63,-1,-1,-1,0
4776,27.730430839002267,4096,0,0,0.3150038421154022,0,-1,0,63,-1,-1,-1,0
4777,27.736235827664398,512,1,0,0.3265899121761322,0,-1,1,71,-1,-1,-1,0
4778,27.74204081632653,512,0,0,0.32039275765419006,0,-1,1,72,-1,-1,-1,0
4779,27.74784580498866,512,0,0,0.3142813742160797,0,-1,1,71,-1,-1,-1,0
4780,27.753650793650795,1024,0,0,0.3092157542705536,0,-1,1,71,71,71,71,0
4781,27.759455782312926,1024,0,0,0.3161512613296509,0,-1,1,71,71,71,71,0
4782,27.765260770975058,2048,0,0,0.3161199390888214,0,-1,1,71,71,71,71,0
4783,27.77106575963719,2048,0,0,0.3116152584552765,0,-1,1,71,71,71,71,0
4784,27.77687074829932,2048,0,0,0.3017067015171051,0,-1,1,71,71,71,71,0
4785,27.78267573696145,2048,0,0,0.30618637800216675,0,-1,1,71,71,71,71,0
4786,27.788480725623582,4096,0,0,0.3049219846725464,0,-1,0,71,71,71,71,0
4787,27.794285714285714,4096,0,0,0.30047982931137085,0,-1,0,71,-1,-1,-1,0
4788,27.800090702947845,4096,0,0,0.296537309885025,0,-1,0,71,-1,-1,-1,0
4789,27.805895691609976,4096,0,0,0.2960858941078186,0,-1,0,71,-1,-1,-1,0
4790,27.811700680272107,4096,0,0,0.29466259479522705,0,-1,0,71,-1,-1,-1,0
4791,27.817505668934242,4096,0,0,0.2958817780017853,0,-1,0,71,-1,-1,-1,0
4792,27.823310657596373,4096,0,0,0.2938331067562103,0,-1,0,71,-1,-1,-1,0
4793,27.829115646258504,4096,0,0,0.29185187816619873,0,-1,0,71,-1,-1,-1,0
4794,27.834920634920636,4096,0,0,0.2866800129413605,0,-1,0,71,-1,-1,-1,0
4795,27.840725623582767,4096,0,0,0.2838385999202728,0,-1,0,71,-1,-1,-1,0
4796,27.846530612244898,4096,0,0,0.2820030152797699,0,-1,0,71,-1,-1,-1,0
4797,27.85233560090703,4096,0,0,0.27868416905403137,0,-1,0,71,-1,-1,-1,0
4798,27.85814058956916,4096,0,0,0.27457988262176514,0,-1,0,71,-1,-1,-1,0
4799,27.86394557823129,4096,0,0,0.27291589975357056,0,-1,0,71,-1,-1,-1,0
4800,27.869750566893423,4096,0,0,0.2776803970336914,0,-1,0,71,-1,-1,-1,0
4801,27.875555555555554,4096,0,0,0.27366021275520325,0,-1,0,71,-1,-1,-1,0
4802,27.88136054421769,4096,0,0,0.2627165615558624,0,-1,0,71,-1,-1,-1,0
4803,27.88716553287982,4096,0,0,0.26105228066444397,0,-1,0,71,-1,-1,-1,0
4804,27.89297052154195,4096,0,0,0.27051475644111633,0,-1,0,71,-1,-1,-1,0
4805,27.898775510204082,4096,0,0,0.2669771909713745,0,-1,0,71,-1,-1,-1,0
4806,27.904580498866213,4096,0,0,0.25702041387557983,0,-1,0,71,-1,-1,-1,0
4807,27.910385487528345,4096,0,0,0.24979975819587708,0,-1,0,71,-1,-1,-1,0
4808,27.916190476190476,4096,0,0,0.25611600279808044,0,-1,0,71,-1,-1,-1,0
4809,27.921995464852607,4096,0,0,0.2566373646259308,0,-1,0,71,-1,-1,-1,0
4810,27.927800453514738,4096,0,0,0.25115641951560974,0,-1,0,71,-1,-1,-1,0
4811,27.93360544217687,4096,0,0,0.2421865612268448,0,-1,0,71,-1,-1,-1,0
4812,27.939410430839,4096,0,0,0.24819718301296234,0,-1,0,71,-1,-1,-1,0
4813,27.945215419501135,4096,0,0,0.24981854856014252,0,-1,0,71,-1,-1,-1,0
4814,27.951020408163266,4096,0,0,0.25080740451812744,0,-1,0,71,-1,-1,-1,0
4815,27.956825396825398,4096,0,0,0.23303383588790894,0,-1,0,71,-1,-1,-1,0
4816,27.96263038548753,4096,0,0,0.24233447015285492,0,-1,0,71,-1,-1,-1,0
4817,27.96843537414966,4096,0,0,0.2368433177471161,0,-1,0,71,-1,-1,-1,0
4818,27.97424036281179,4096,0,0,0.24266567826271057,0,-1,0,71,-1,-1,-1,0
4819,27.980045351473922,4096,0,0,0.22348608076572418,0,-1,0,71,-1,-1,-1,0
4820,27.985850340136054,4096,0,0,0.22845378518104553,0,-1,0,71,-1,-1,-1,0
4821,27.991655328798185,4096,0,0,0.21980445086956024,0,-1,0,71,-1,-1,-1,0
4822,27.997460317460316,4096,0,0,0.22912634909152985,0,-1,0,71,-1,-1,-1,0
4823,28.003265306122447,4096,0,0,0.21254955232143402,0,-1,0,71,-1,-1,-1,0
4824,28.009070294784582,4096,0,0,0.2161807417869568,0,-1,0,71,-1,-1,-1,0
4825,28.014875283446713,4096,0,0,0.21202188730239868,0,-1,0,71,-1,-1,-1,0
4826,28.020680272108844,4096,0,0,0.22689349949359894,0,-1,0,71,-1,-1,-1,0
4827,28.026485260770976,4096,0,0,0.2178826481103897,0,-1,0,71,-1,-1,-1,0
4828,28.032290249433107,4096,0,0,0.21283547580242157,0,-1,0,71,-1,-1,-1,0
4829,28.038095238095238,4096,0,0,0.2060476541519165,0,-1,0,71,-1,-1,-1,0
4830,28.04390022675737,4096,0,0,0.21072086691856384,0,-1,0,71,-1,-1,-1,0
4831,28.0497052154195,4096,0,0,0.21239764988422394,0,-1,0,71,-1,-1,-1,0
4832,28.05551020408163,4096,0,0,0.21044117212295532,0,-1,0,71,-1,-1,-1,0
4833,28.061315192743763,4096,0,0,0.19827918708324432,0,-1,0,71,-1,-1,-1,0
4834,28.067120181405894,4096,0,0,0.19964785873889923,0,-1,0,71,-1,-1,-1,0
4835,28.07292517006803,4096,0,0,0.19513367116451263,0,-1,0,71,-1,-1,-1,0
4836,28.07873015873016,4096,0,0,0.1898200660943985,0,-1,0,71,-1,-1,-1,0
4837,28.08453514739229,4096,0,0,0.18136918544769287,0,-1,0,71,-1,-1,-1,0
4838,28.090340136054422,4096,0,0,0.18871738016605377,0,-1,0,71,-1,-1,-1,0
4839,28.096145124716553,4096,0,0,0.18760590255260468,0,-1,0,71,-1,-1,-1,0
4840,28.101950113378685,4096,0,0,0.18050603568553925,0,-1,0,71,-1,-1,-1,0
4841,28.107755102040816,4096,0,0,0.173349529504776,0,-1,0,71,-1,-1,-1,0
4842,28.113560090702947,4096,0,0,0.17715142667293549,0,-1,0,71,-1,-1,-1,0
4843,28.11936507936508,4096,0,0,0.18079839646816254,0,-1,0,71,-1,-1,-1,0
4844,28.12517006802721,4096,0,0,0.17254962027072906,0,-1,0,71,-1,-1,-1,0
4845,28.130975056689344,4096,0,0,0.16951459646224976,0,-1,0,71,-1,-1,-1,0
4846,28.136780045351475,4096,0,0,0.16385066509246826,0,-1,0,59,-1,-1,-1,0
4847,28.142585034013607,4096,0,0,0.1695624738931656,0,-1,0,59,-1,-1,-1,0
4848,28.148390022675738,4096,0,0,0.16010220348834991,0,-1,0,59,-1,-1,-1,0
4849,28.15419501133787,4096,0,0,0.15744225680828094,0,-1,0,59,-1,-1,-1,0
4850,28.16,4096,0,0,0.1520029604434967,0,-1,0,59,-1,-1,-1,0
4851,28.16580498866213,4096,0,0,0.16228023171424866,0,-1,0,59,-1,-1,-1,0
4852,28.171609977324263,4096,0,0,0.15617749094963074,0,-1,0,59,-1,-1,-1,0
4853,28.177414965986394,4096,0,0,0.15470193326473236,0,-1,0,59,-1,-1,-1,0
4854,28.183219954648525,4096,0,0,0.13984045386314392,0,-1,0,59,-1,-1,-1,0
4855,28.189024943310656,4096,0,0,0.14620615541934967,0,-1,0,59,-1,-1,-1,0
4856,28.19482993197279,4096,0,0,0.1409483700990677,0,-1,0,59,-1,-1,-1,0
4857,28.200634920634922,4096,0,0,0.14344334602355957,0,-1,0,59,-1,-1,-1,0
4858,28.206439909297053,4096,0,0,0.13948489725589752,0,-1,0,59,-1,-1,-1,0
4859,28.212244897959184,4096,0,0,0.14202208817005157,0,-1,0,59,-1,-1,-1,0
4860,28.218049886621316,4096,0,0,0.13222381472587585,0,-1,0,72,-1,-1,-1,0
4861,28.223854875283447,4096,0,0,0.12986673414707184,0,-1,0,72,-1,-1,-1,0
4862,28.229659863945578,4096,0,0,0.12879817187786102,0,-1,0,59,-1,-1,-1,0
4863,28.23546485260771,4096,0,0,0.13748516142368317,0,-1,0,72,-1,-1,-1,0
4864,28.24126984126984,4096,0,0,0.13706743717193604,0,-1,0,72,-1,-1,-1,0
4865,28.24707482993197,4096,0,0,0.12380558252334595,0,-1,0,72,-1,-1,-1,0
4866,28.252879818594103,4096,0,0,0.1197315976023674,0,-1,0,72,-1,-1,-1,0
4867,28.258684807256238,4096,0,0,0.1241716518998146,0,-1,0,72,-1,-1,-1,0
4868,28.26448979591837,4096,0,0,0.1278487890958786,0,-1,0,72,-1,-1,-1,0
4869,28.2702947845805,4096,0,0,0.12239323556423187,0,-1,0,72,-1,-1,-1,0
4870,28.27609977324263,4096,0,0,0.11795307695865631,0,-1,0,72,-1,-1,-1,0
4871,28.281904761904762,4096,0,0,0.11760174483060837,0,-1,0,72,-1,-1,-1,0
4872,28.287709750566894,4096,0,0,0.12333069741725922,0,-1,0,72,-1,-1,-1,0
4873,28.293514739229025,4096,0,0,0.11901875585317612,0,-1,0,72,-1,-1,-1,0
4874,28.299319727891156,4096,0,0,0.11819916218519211,0,-1,0,72,-1,-1,-1,0
4875,28.305124716553287,4096,0,0,0.10758326202630997,0,-1,0,72,-1,-1,-1,0
4876,28.31092970521542,4096,0,0,0.11309348791837692,0,-1,0,72,-1,-1,-1,0
4877,28.31673469387755,4096,0,0,0.11417636275291443,0,-1,0,72,-1,-1,-1,0
4878,28.322539682539684,4096,0,0,0.11436241865158081,0,-1,0,72,-1,-1,-1,0
4879,28.328344671201815,4096,0,0,0.10325083881616592,0,-1,0,72,-1,-1,-1,0
4880,28.334149659863947,4096,0,0,0.104517363011837,0,-1,0,59,-1,-1,-1,0
4881,28.339954648526078,4096,0,0,0.10503117740154266,0,-1,0,59,-1,-1,-1,0
4882,28.34575963718821,4096,0,0,0.10962692648172379,0,-1,0,59,-1,-1,-1,0
4883,28.35156462585034,4096,0,0,0.0978417843580246,0,-1,0,59,-1,-1,-1,0
4884,28.35736961451247,4096,0,0,0.09582044184207916,0,-1,0,59,-1,-1,-1,0
4885,28.363174603174603,4096,0,0,0.09269504249095917,0,-1,0,59,-1,-1,-1,0
4886,28.368979591836734,4096,0,0,0.10509614646434784,0,-1,0,59,-1,-1,-1,0
4887,28.374784580498865,4096,0,0,0.0983361005783081,0,-1,0,59,-1,-1,-1,0
4888,28.380589569160996,4096,0,0,0.08893280476331711,0,-1,0,59,-1,-1,-1,0
4889,28.38639455782313,4096,0,0,0.08914117515087128,0,-1,0,59,-1,-1,-1,0
4890,28.392199546485262,4096,0,0,0.09992603212594986,0,-1,0,59,-1,-1,-1,0
4891,28.398004535147393,4096,0,0,0.0984315350651741,0,-1,0,59,-1,-1,-1,0
4892,28.403809523809525,4096,0,0,0.08833066374063492,0,-1,0,59,-1,-1,-1,0
4893,28.409614512471656,4096,0,0,0.08989644795656204,0,-1,0,59,-1,-1,-1,0
4894,28.415419501133787,4096,0,0,0.0963675007224083,0,-1,0,59,-1,-1,-1,0
4895,28.421224489795918,4096,0,0,0.0934436023235321,0,-1,0,59,-1,-1,-1,0
4896,28.42702947845805,4096,0,0,0.08456003665924072,0,-1,0,59,-1,-1,-1,0
4897,28.43283446712018,4096,0,0,0.08269169926643372,0,-1,0,59,-1,-1,-1,0
4898,28.43863945578231,4096,0,0,0.08477979153394699,0,-1,0,59,-1,-1,-1,0
4899,28.444444444444443,4096,0,0,0.0916745588183403,0,-1,0,59,-1,-1,-1,0
4900,28.450249433106578,4096,0,0,0.08556471019983292,0,-1,0,59,-1,-1,-1,0
4901,28.45605442176871,4096,0,0,0.08358453959226608,0,-1,0,59,-1,-1,-1,0
4902,28.46185941043084,4096,0,0,0.08365559577941895,0,-1,0,59,-1,-1,-1,0
4903,28.46766439909297,4096,0,0,0.0930313691496849,0,-1,0,59,-1,-1,-1,0
4904,28.473469387755102,4096,0,0,0.0848366767168045,0,-1,0,59,-1,-1,-1,0
4905,28.479274376417234,4096,0,0,0.07942767441272736,0,-1,0,59,-1,-1,-1,0
4906,28.485079365079365,4096,0,0,0.0761868804693222,0,-1,0,59,-1,-1,-1,0
4907,28.490884353741496,4096,0,0,0.08357828110456467,0,-1,0,59,-1,-1,-1,0
4908,28.496689342403627,4096,0,0,0.0803709626197815,0,-1,0,59,-1,-1,-1,0
4909,28.50249433106576,4096,0,0,0.08058255910873413,0,-1,0,59,-1,-1,-1,0
4910,28.50829931972789,4096,0,0,0.07569291442632675,0,-1,0,59,-1,-1,-1,0
4911,28.514104308390024,4096,0,0,0.07854874432086945,0,-1,0,59,-1,-1,-1,0
4912,28.519909297052155,4096,0,0,0.07400181889533997,0,-1,0,59,-1,-1,-1,0
4913,28.525714285714287,4096,0,0,0.0783558338880539,0,-1,0,59,-1,-1,-1,0
4914,28.531519274376418,4096,0,0,0.07059277594089508,0,-1,0,59,-1,-1,-1,0
4915,28.53732426303855,4096,0,0,0.07220406085252762,0,-1,0,59,-1,-1,-1,0
4916,28.54312925170068,4096,0,0,0.0701381042599678,0,-1,0,59,-1,-1,-1,0
4917,28.54893424036281,4096,0,0,0.07589086890220642,0,-1,0,59,-1,-1,-1,0
4918,28.554739229024943,4096,0,0,0.07183244824409485,0,-1,0,59,-1,-1,-1,0
4919,28.560544217687074,4096,0,0,0.07100440561771393,0,-1,0,59,-1,-1,-1,0
4920,28.566349206349205,4096,0,0,0.0670940950512886,0,-1,0,59,-1,-1,-1,0
4921,28.572154195011336,4096,0,0,0.07358074933290482,0,-1,0,59,-1,-1,-1,0
4922,28.57795918367347,4096,0,0,0.06762656569480896,0,-1,0,59,-1,-1,-1,0
4923,28.583764172335602,4096,0,0,0.06343339383602142,0,-1,0,59,-1,-1,-1,0
4924,28.589569160997733,4096,0,0,0.06498592346906662,0,-1,0,59,-1,-1,-1,0
4925,28.595374149659865,4096,0,0,0.06707046180963516,0,-1,0,59,-1,-1,-1,0
4926,28.601179138321996,4096,0,0,0.06612523645162582,0,-1,0,59,-1,-1,-1,0
4927,28.606984126984127,4096,0,0,0.06272239238023758,0,-1,0,59,-1,-1,-1,0
4928,28.612789115646258,4096,0,0,0.06272592395544052,0,-1,0,59,-1,-1,-1,0
4929,28.61859410430839,4096,0,0,0.061977095901966095,0,-1,0,59,-1,-1,-1,0
4930,28.62439909297052,4096,0,0,0.06567913293838501,0,-1,0,59,-1,-1,-1,0
4931,28.63020408163265,4096,0,0,0.06375448405742645,0,-1,0,59,-1,-1,-1,0
4932,28.636009070294783,4096,0,0,0.06102655082941055,0,-1,0,59,-1,-1,-1,0
4933,28.641814058956918,4096,0,0,0.05779937654733658,0,-1,0,59,-1,-1,-1,0
4934,28.64761904761905,4096,0,0,0.06260862946510315,0,-1,0,59,-1,-1,-1,0
4935,28.65342403628118,4096,0,0,0.06354131549596786,0,-1,0,59,-1,-1,-1,0
4936,28.65922902494331,4096,0,0,0.0604054294526577,0,-1,0,59,-1,-1,-1,0
4937,28.665034013605442,4096,0,0,0.05572904646396637,0,-1,0,59,-1,-1,-1,0
4938,28.670839002267574,4096,0,0,0.05921328067779541,0,-1,0,59,-1,-1,-1,0
4939,28.676643990929705,4096,0,0,0.06048358231782913,0,-1,0,59,-1,-1,-1,0
4940,28.682448979591836,4096,0,0,0.060315437614917755,0,-1,0,59,-1,-1,-1,0
4941,28.688253968253967,4096,0,0,0.05418829247355461,0,-1,0,59,-1,-1,-1,0
4942,28.6940589569161,4096,0,0,0.05402807146310806,0,-1,0,59,-1,-1,-1,0
4943,28.69986394557823,4096,0,0,0.05519041046500206,0,-1,0,59,-1,-1,-1,0
4944,28.705668934240364,4096,0,0,0.057380497455596924,0,-1,0,59,-1,-1,-1,0
4945,28.711473922902496,4096,0,0,0.05331433191895485,0,-1,0,59,-1,-1,-1,0
4946,28.717278911564627,4096,0,0,0.054498326033353806,0,-1,0,59,-1,-1,-1,0
4947,28.723083900226758,4096,0,0,0.0545693077147007,0,-1,0,59,-1,-1,-1,0
4948,28.72888888888889,4096,0,0,0.057792846113443375,0,-1,0,59,-1,-1,-1,0
4949,28.73469387755102,4096,0,0,0.052144624292850494,0,-1,0,59,-1,-1,-1,0
4950,28.74049886621315,4096,0,0,0.050768934190273285,0,-1,0,59,-1,-1,-1,0
4951,28.746303854875283,4096,0,0,0.05057041719555855,0,-1,0,59,-1,-1,-1,0
4952,28.752108843537414,4096,0,0,0.05468681827187538,0,-1,0,59,-1,-1,-1,0
4953,28.757913832199545,4096,0,0,0.05317705497145653,0,-1,0,59,-1,-1,-1,0
4954,28.763718820861676,4096,0,0,0.05042293295264244,0,-1,0,59,-1,-1,-1,0
4955,28.76952380952381,4096,0,0,0.047875095158815384,0,-1,0,59,-1,-1,-1,0
4956,28.775328798185942,4096,0,0,0.050275348126888275,0,-1,0,59,-1,-1,-1,0
4957,28.781133786848073,4096,0,0,0.051827818155288696,0,-1,0,59,-1,-1,-1,0
4958,28.786938775510205,4096,0,0,0.04845738783478737,0,-1,0,59,-1,-1,-1,0
4959,28.792743764172336,4096,0,0,0.04822257533669472,0,-1,0,59,-1,-1,-1,0
4960,28.798548752834467,4096,0,0,0.04959753155708313,0,-1,0,59,-1,-1,-1,0
4961,28.804353741496598,4096,0,0,0.05280665308237076,0,-1,0,59,-1,-1,-1,0
4962,28.81015873015873,4096,0,0,0.04782490432262421,0,-1,0,59,-1,-1,-1,0
4963,28.81596371882086,4096,0,0,0.04605051130056381,0,-1,0,59,-1,-1,-1,0
4964,28.821768707482992,4096,0,0,0.04593731090426445,0,-1,0,59,-1,-1,-1,0
4965,28.827573696145123,4096,0,0,0.05236712843179703,0,-1,0,59,-1,-1,-1,0
4966,28.833378684807258,4096,0,0,0.04971083253622055,0,-1,0,59,-1,-1,-1,0
4967,28.83918367346939,4096,0,0,0.04733545705676079,0,-1,0,59,-1,-1,-1,0
4968,28.84498866213152,4096,0,0,0.04374399036169052,0,-1,0,59,-1,-1,-1,0
4969,28.85079365079365,4096,0,0,0.04624428600072861,0,-1,0,59,-1,-1,-1,0
4970,28.856598639455783,4096,0,0,0.047966379672288895,0,-1,0,59,-1,-1,-1,0
4971,28.862403628117914,4096,0,0,0.047408878803253174,0,-1,0,59,-1,-1,-1,0
4972,28.868208616780045,4096,0,0,0.043193135410547256,0,-1,0,59,-1,-1,-1,0
4973,28.874013605442176,4096,0,0,0.04456668719649315,0,-1,0,59,-1,-1,-1,0
4974,28.879818594104307,4096,0,0,0.04540953412652016,0,-1,0,59,-1,-1,-1,0
4975,28.88562358276644,4096,0,0,0.04586206004023552,0,-1,0,59,-1,-1,-1,0
4976,28.89142857142857,4096,0,0,0.043032579123973846,0,-1,0,59,-1,-1,-1,0
4977,28.897233560090704,4096,0,0,0.042494963854551315,0,-1,0,59,-1,-1,-1,0
4978,28.903038548752836,4096,0,0,0.043079473078250885,0,-1,0,59,-1,-1,-1,0
4979,28.908843537414967,4096,0,0,0.04447932541370392,0,-1,0,59,-1,-1,-1,0
4980,28.914648526077098,4096,0,0,0.042056385427713394,0,-1,0,59,-1,-1,-1,0
4981,28.92045351473923,4096,0,0,0.041297752410173416,0,-1,0,59,-1,-1,-1,0
4982,28.92625850340136,4096,0,0,0.041591864079236984,0,-1,0,59,-1,-1,-1,0
4983,28.93206349206349,4096,0,0,0.044052496552467346,0,-1,0,59,-1,-1,-1,0
4984,28.937868480725623,4096,0,0,0.04157464578747749,0,-1,0,59,-1,-1,-1,0
4985,28.943673469387754,4096,0,0,0.03971235826611519,0,-1,0,59,-1,-1,-1,0
4986,28.949478458049885,4096,0,0,0.0414414145052433,0,-1,0,59,-1,-1,-1,0
4987,28.955283446712016,4096,0,0,0.04405594617128372,0,-1,0,59,-1,-1,-1,0
4988,28.96108843537415,4096,0,0,0.043473388999700546,0,-1,0,59,-1,-1,-1,0
4989,28.966893424036282,4096,0,0,0.039332881569862366,0,-1,0,59,-1,-1,-1,0
4990,28.972698412698414,4096,0,0,0.03918378800153732,0,-1,0,59,-1,-1,-1,0
4991,28.978503401360545,4096,0,0,0.04062541946768761,0,-1,0,59,-1,-1,-1,0
4992,28.984308390022676,4096,0,0,0.04212316870689392,0,-1,0,59,-1,-1,-1,0
4993,28.990113378684807,4096,0,0,0.03842733055353165,0,-1,0,59,-1,-1,-1,0
4994,28.99591836734694,4096,0,0,0.038608118891716,0,-1,0,59,-1,-1,-1,0
4995,29.00172335600907,4096,0,0,0.0380687341094017,0,-1,0,59,-1,-1,-1,0
4996,29.0075283446712,4096,0,0,0.04124215245246887,0,-1,0,59,-1,-1,-1,0
4997,29.013333333333332,4096,0,0,0.038867827504873276,0,-1,0,59,-1,-1,-1,0
4998,29.019138321995467,4096,0,0,0.03773636743426323,0,-1,0,59,-1,-1,-1,0
4999,29.024943310657598,4096,0,0,0.03724656626582146,0,-1,0,59,-1,-1,-1,0
5000,29.03074829931973,4096,0,0,0.04015738144516945,0,-1,0,59,-1,-1,-1,0
5001,29.03655328798186,4096,0,0,0.04000262916088104,0,-1,0,59,-1,-1,-1,0
5002,29.04235827664399,4096,0,0,0.0380702018737793,0,-1,0,59,-1,-1,-1,0
5003,29.048163265306123,4096,0,0,0.03644213080406189,0,-1,0,59,-1,-1,-1,0
5004,29.053968253968254,4096,0,0,0.039615605026483536,0,-1,0,59,-1,-1,-1,0
5005,29.059773242630385,4096,0,0,0.03945552930235863,0,-1,0,59,-1,-1,-1,0
5006,29.065578231292516,4096,0,0,0.037296466529369354,0,-1,0,59,-1,-1,-1,0
5007,29.071383219954647,4096,0,0,0.03461647033691406,0,-1,0,59,-1,-1,-1,0
5008,29.07718820861678,4096,0,0,0.03701423481106758,0,-1,0,59,-1,-1,-1,0
5009,29.082993197278913,4096,0,0,0.0382804200053215,0,-1,0,59,-1,-1,-1,0
5010,29.088798185941044,4096,0,0,0.038899119943380356,0,-1,0,59,-1,-1,-1,0
5011,29.094603174603176,4096,0,0,0.035594239830970764,0,-1,0,59,-1,-1,-1,0
5012,29.100408163265307,4096,0,0,0.03609447553753853,0,-1,0,59,-1,-1,-1,0
5013,29.106213151927438,4096,0,0,0.03731951862573624,0,-1,0,59,-1,-1,-1,0
5014,29.11201814058957,4096,0,0,0.039219122380018234,0,-1,0,59,-1,-1,-1,0
5015,29.1178231292517,4096,0,0,0.03665221482515335,0,-1,0,59,-1,-1,-1,0
5016,29.12362811791383,4096,0,0,0.03497672080993652,0,-1,0,59,-1,-1,-1,0
5017,29.129433106575963,4096,0,0,0.035424090921878815,0,-1,0,59,-1,-1,-1,0
5018,29.135238095238094,4096,0,0,0.03715953975915909,0,-1,0,59,-1,-1,-1,0
5019,29.141043083900225,4096,0,0,0.03669317439198494,0,-1,0,59,-1,-1,-1,0
5020,29.14684807256236,4096,0,0,0.03504046052694321,0,-1,0,59,-1,-1,-1,0
5021,29.15265306122449,4096,0,0,0.03558877110481262,0,-1,0,59,-1,-1,-1,0
5022,29.158458049886622,4096,0,0,0.03549911454319954,0,-1,0,59,-1,-1,-1,0
5023,29.164263038548754,4096,0,0,0.036274783313274384,0,-1,0,59,-1,-1,-1,0
5024,29.170068027210885,4096,0,0,0.03508913144469261,0,-1,0,59,-1,-1,-1,0
5025,29.175873015873016,4096,0,0,0.03442669287323952,0,-1,0,59,-1,-1,-1,0
5026,29.181678004535147,4096,0,0,0.03324876353144646,0,-1,0,59,-1,-1,-1,0
5027,29.18748299319728,4096,0,0,0.03519011661410332,0,-1,0,59,-1,-1,-1,0
5028,29.19328798185941,4096,0,0,0.03455425798892975,0,-1,0,59,-1,-1,-1,0
5029,29.19909297052154,4096,0,0,0.034655001014471054,0,-1,0,59,-1,-1,-1,0
5030,29.204897959183672,4096,0,0,0.034147921949625015,0,-1,0,59,-1,-1,-1,0
5031,29.210702947845807,4096,0,0,0.03547045588493347,0,-1,0,59,-1,-1,-1,0
5032,29.216507936507938,4096,0,0,0.034476373344659805,0,-1,0,59,-1,-1,-1,0
5033,29.22231292517007,4096,0,0,0.03390335664153099,0,-1,0,59,-1,-1,-1,0
5034,29.2281179138322,4096,0,0,0.03300794959068298,0,-1,0,59,-1,-1,-1,0
5035,29.23392290249433,4096,0,0,0.03455764055252075,0,-1,0,59,-1,-1,-1,0
5036,29.239727891156463,4096,0,0,0.03489230200648308,0,-1,0,59,-1,-1,-1,0
5037,29.245532879818594,4096,0,0,0.03356392681598663,0,-1,0,59,-1,-1,-1,0
5038,29.251337868480725,4096,0,0,0.032942306250333786,0,-1,0,59,-1,-1,-1,0
5039,29.257142857142856,4096,0,0,0.033546920865774155,0,-1,0,59,-1,-1,-1,0
5040,29.262947845804987,4096,0,0,0.03274206072092056,0,-1,0,59,-1,-1,-1,0
5041,29.26875283446712,4096,0,0,0.03298838809132576,0,-1,0,59,-1,-1,-1,0
5042,29.274557823129253,4096,0,0,0.032475728541612625,0,-1,0,59,-1,-1,-1,0
5043,29.280362811791385,4096,0,0,0.032693926244974136,0,-1,0,59,-1,-1,-1,0
5044,29.286167800453516,4096,0,0,0.0328650139272213,0,-1,0,59,-1,-1,-1,0
5045,29.291972789115647,4096,0,0,0.03389619290828705,0,-1,0,59,-1,-1,-1,0
5046,29.297777777777778,4096,0,0,0.03247968479990959,0,-1,0,59,-1,-1,-1,0
5047,29.30358276643991,4096,0,0,0.032048530876636505,0,-1,0,59,-1,-1,-1,0
