frame,time_s,visible_window,detected_onset,target_onset,model_onset_probability,model_onset,target_pitch,predicted_active,predicted_pitch,baseline_pitch,onset_gate_pitch,harmonic_gate_pitch,harmonic_veto
0,0.005804988662131519,4096,0,0,0.4255635142326355,0,-1,1,62,-1,-1,-1,0
1,0.011609977324263039,4096,0,0,0.4104281961917877,0,63,1,63,-1,-1,-1,0
2,0.017414965986394557,4096,0,0,0.37201908230781555,0,63,1,63,63,63,63,0
3,0.023219954648526078,4096,0,1,0.3705067038536072,0,63,1,63,63,63,63,0
4,0.029024943310657598,4096,0,0,0.4053230881690979,0,63,1,63,63,63,63,0
5,0.034829931972789115,4096,0,0,0.34337612986564636,0,63,1,63,63,63,63,0
6,0.040634920634920635,4096,0,0,0.387591689825058,0,63,1,63,63,63,63,0
7,0.046439909297052155,4096,0,0,0.35829994082450867,0,63,1,63,63,63,63,0
8,0.052244897959183675,4096,0,0,0.35480934381484985,0,63,1,63,63,63,63,0
9,0.058049886621315196,4096,0,0,0.39418449997901917,0,63,1,63,63,63,63,0
10,0.06385487528344672,4096,0,0,0.35447871685028076,0,63,1,63,63,63,63,0
11,0.06965986394557823,4096,0,0,0.36889660358428955,0,63,1,63,63,63,63,0
12,0.07546485260770976,4096,0,0,0.35011816024780273,0,63,1,63,63,63,63,0
13,0.08126984126984127,4096,0,0,0.33259400725364685,0,63,1,63,63,63,63,0
14,0.08707482993197278,4096,0,0,0.38955309987068176,0,63,1,63,63,63,63,0
15,0.09287981859410431,4096,0,0,0.36758533120155334,0,63,0,63,63,63,63,0
16,0.09868480725623582,4096,0,0,0.34529006481170654,0,63,0,63,-1,-1,-1,0
17,0.10448979591836735,4096,0,0,0.33873245120048523,0,63,0,63,-1,-1,-1,0
18,0.11029478458049886,4096,0,0,0.3447033762931824,0,63,0,63,-1,-1,-1,0
19,0.11609977324263039,4096,0,0,0.36994466185569763,0,63,0,63,-1,-1,-1,0
20,0.1219047619047619,4096,0,0,0.3521580994129181,0,63,0,63,-1,-1,-1,0
21,0.12770975056689343,4096,0,0,0.3357861340045929,0,63,0,63,-1,-1,-1,0
22,0.13351473922902493,4096,0,0,0.3489035665988922,0,63,0,63,-1,-1,-1,0
23,0.13931972789115646,4096,0,0,0.3268469274044037,0,63,0,63,-1,-1,-1,0
24,0.14512471655328799,4096,0,0,0.3529180586338043,0,63,0,63,-1,-1,-1,0
25,0.1509297052154195,4096,0,0,0.3528241813182831,0,63,0,63,-1,-1,-1,0
26,0.156734693877551,4096,0,0,0.298611581325531,0,63,0,63,-1,-1,-1,0
27,0.16253968253968254,4096,0,0,0.3405894339084625,0,63,0,63,-1,-1,-1,0
28,0.16834467120181407,4096,0,0,0.32283106446266174,0,63,0,63,-1,-1,-1,0
29,0.17414965986394557,4096,0,0,0.3218037486076355,0,63,0,63,-1,-1,-1,0
30,0.1799546485260771,4096,0,0,0.3531574010848999,0,63,0,63,-1,-1,-1,0
31,0.18575963718820862,4096,0,0,0.3337166905403137,0,63,0,63,-1,-1,-1,0
32,0.19156462585034015,4096,0,0,0.320968359708786,0,63,0,63,-1,-1,-1,0
33,0.19736961451247165,4096,0,0,0.3338136672973633,0,63,0,63,-1,-1,-1,0
34,0.20317460317460317,4096,0,0,0.32103583216667175,0,63,0,63,-1,-1,-1,0
35,0.2089795918367347,4096,0,0,0.34455910325050354,0,63,0,63,-1,-1,-1,0
36,0.2147845804988662,4096,0,0,0.3493780791759491,0,63,0,63,-1,-1,-1,0
37,0.22058956916099773,4096,0,0,0.2893578112125397,0,63,0,63,-1,-1,-1,0
38,0.22639455782312926,4096,0,0,0.3443634510040283,0,63,0,63,-1,-1,-1,0
39,0.23219954648526078,4096,0,0,0.32978859543800354,0,63,0,63,-1,-1,-1,0
40,0.23800453514739228,4096,0,0,0.30411025881767273,0,63,0,63,-1,-1,-1,0
41,0.2438095238095238,4096,0,0,0.35632407665252686,0,63,0,63,-1,-1,-1,0
42,0.24961451247165534,4096,0,0,0.3384536802768707,0,63,0,63,-1,-1,-1,0
43,0.25541950113378686,4096,0,0,0.3184160590171814,0,63,0,63,-1,-1,-1,0
44,0.2612244897959184,4096,0,0,0.3286212384700775,0,63,0,63,-1,-1,-1,0
45,0.26702947845804986,4096,0,0,0.3336658477783203,0,63,0,63,-1,-1,-1,0
46,0.2728344671201814,4096,0,0,0.33295926451683044,0,63,0,63,-1,-1,-1,0
47,0.2786394557823129,4096,0,0,0.3385280668735504,0,63,0,63,-1,-1,-1,0
48,0.28444444444444444,4096,0,0,0.3228374421596527,0,63,0,63,-1,-1,-1,0
49,0.29024943310657597,4096,0,0,0.33190879225730896,0,63,0,63,-1,-1,-1,0
50,0.2960544217687075,4096,0,0,0.3196544051170349,0,63,0,63,-1,-1,-1,0
51,0.301859410430839,4096,0,0,0.33387190103530884,0,63,0,63,-1,-1,-1,0
52,0.3076643990929705,4096,0,0,0.3555498719215393,0,63,0,63,-1,-1,-1,0
53,0.313469387755102,4096,0,0,0.2936755120754242,0,63,0,63,-1,-1,-1,0
54,0.31927437641723355,4096,0,0,0.32295534014701843,0,63,0,63,-1,-1,-1,0
55,0.3250793650793651,4096,0,0,0.32983002066612244,0,63,0,63,-1,-1,-1,0
56,0.3308843537414966,4096,0,0,0.3223789632320404,0,63,0,63,-1,-1,-1,0
57,0.33668934240362813,4096,0,0,0.3385811448097229,0,63,0,63,-1,-1,-1,0
58,0.34249433106575966,4096,0,0,0.28479820489883423,0,63,0,63,-1,-1,-1,0
59,0.34829931972789113,4096,0,0,0.3297473192214966,0,63,0,63,-1,-1,-1,0
60,0.35410430839002266,4096,0,0,0.32468804717063904,0,63,0,63,-1,-1,-1,0
61,0.3599092970521542,4096,0,0,0.29991257190704346,0,63,0,63,-1,-1,-1,0
62,0.3657142857142857,4096,0,0,0.3420456647872925,0,63,0,63,-1,-1,-1,0
63,0.37151927437641724,4096,0,0,0.32114511728286743,0,63,0,63,-1,-1,-1,0
64,0.37732426303854877,4096,0,0,0.3158097565174103,0,63,0,63,-1,-1,-1,0
65,0.3831292517006803,4096,0,0,0.3216722309589386,0,63,0,63,-1,-1,-1,0
66,0.38893424036281177,4096,0,0,0.3099043071269989,0,63,0,63,-1,-1,-1,0
67,0.3947392290249433,4096,0,0,0.33324944972991943,0,63,0,63,-1,-1,-1,0
68,0.4005442176870748,4096,0,0,0.3313862681388855,0,63,0,63,-1,-1,-1,0
69,0.40634920634920635,4096,0,0,0.3082718849182129,0,63,0,63,-1,-1,-1,0
70,0.4121541950113379,4096,0,0,0.32079941034317017,0,63,0,63,-1,-1,-1,0
71,0.4179591836734694,4096,0,0,0.31518152356147766,0,63,0,63,-1,-1,-1,0
72,0.42376417233560093,4096,0,0,0.30921489000320435,0,63,0,63,-1,-1,-1,0
73,0.4295691609977324,4096,0,0,0.33074048161506653,0,63,0,63,-1,-1,-1,0
74,0.43537414965986393,4096,0,0,0.2797006666660309,0,63,0,63,-1,-1,-1,0
75,0.44117913832199546,4096,0,0,0.297786682844162,0,63,1,63,-1,-1,-1,0
76,0.446984126984127,4096,0,0,0.294628381729126,0,63,0,63,-1,-1,-1,0
77,0.4527891156462585,4096,0,0,0.3108742833137512,0,63,1,63,-1,-1,-1,0
78,0.45859410430839004,4096,0,0,0.3510682284832001,0,63,0,63,-1,-1,-1,0
79,0.46439909297052157,4096,0,0,0.32346704602241516,0,63,0,63,-1,-1,-1,0
80,0.47020408163265304,4096,0,0,0.36836153268814087,0,63,0,63,-1,-1,-1,0
81,0.47600907029478456,4096,0,0,0.2785542607307434,0,63,0,63,-1,-1,-1,0
82,0.4818140589569161,4096,0,0,0.2857641875743866,0,63,0,63,-1,-1,-1,0
83,0.4876190476190476,4096,0,0,0.3499072194099426,0,63,0,63,-1,-1,-1,0
84,0.49342403628117915,4096,0,0,0.30280396342277527,0,63,0,63,-1,-1,-1,0
85,0.4992290249433107,4096,0,0,0.2732897400856018,0,63,0,63,-1,-1,-1,0
86,0.5050340136054422,4096,0,0,0.31527838110923767,0,63,0,63,-1,-1,-1,0
87,0.5108390022675737,4096,0,0,0.31513580679893494,0,63,0,61,-1,-1,-1,0
88,0.5166439909297053,4096,0,0,0.29822492599487305,0,63,0,61,-1,-1,-1,0
89,0.5224489795918368,4096,0,0,0.304941326379776,0,63,0,61,-1,-1,-1,0
90,0.5282539682539683,4096,0,0,0.3139476180076599,0,63,0,60,-1,-1,-1,0
91,0.5340589569160997,4096,0,0,0.3088194727897644,0,63,0,60,-1,-1,-1,0
92,0.5398639455782313,4096,0,0,0.2978498637676239,0,63,0,60,-1,-1,-1,0
93,0.5456689342403628,4096,0,0,0.3203130066394806,0,63,0,60,-1,-1,-1,0
94,0.5514739229024943,4096,0,0,0.30956724286079407,0,63,0,60,-1,-1,-1,0
95,0.5572789115646258,4096,0,0,0.3222945034503937,0,63,0,60,-1,-1,-1,0
96,0.5630839002267574,4096,0,0,0.30096110701560974,0,63,0,60,-1,-1,-1,0
97,0.5688888888888889,4096,0,0,0.3206525146961212,0,-1,0,60,-1,-1,-1,0
98,0.5746938775510204,4096,0,0,0.2905912697315216,0,-1,0,60,-1,-1,-1,0
99,0.5804988662131519,4096,0,0,0.2857323884963989,0,-1,0,60,-1,-1,-1,0
100,0.5863038548752835,4096,0,0,0.13183271884918213,0,-1,0,60,-1,-1,-1,0
101,0.592108843537415,4096,0,0,0.0677662044763565,0,-1,0,60,-1,-1,-1,0
102,0.5979138321995465,4096,0,0,0.042457032948732376,0,-1,0,60,-1,-1,-1,0
103,0.603718820861678,4096,0,0,0.036653634160757065,0,-1,0,60,-1,-1,-1,0
104,0.6095238095238096,4096,0,0,0.034545596688985825,0,-1,0,60,-1,-1,-1,0
105,0.615328798185941,4096,0,0,0.03490963950753212,0,-1,0,60,-1,-1,-1,0
106,0.6211337868480725,4096,0,0,0.034713272005319595,0,-1,0,60,-1,-1,-1,0
107,0.626938775510204,4096,0,0,0.033121298998594284,0,-1,0,60,-1,-1,-1,0
108,0.6327437641723356,4096,0,0,0.029167557135224342,0,-1,0,60,-1,-1,-1,0
109,0.6385487528344671,4096,0,0,0.028165612369775772,0,-1,0,60,-1,-1,-1,0
110,0.6443537414965986,4096,0,0,0.028102926909923553,0,-1,0,60,-1,-1,-1,0
111,0.6501587301587302,4096,0,0,0.02744738757610321,0,-1,0,60,-1,-1,-1,0
112,0.6559637188208617,4096,0,0,0.02757914364337921,0,-1,0,59,-1,-1,-1,0
113,0.6617687074829932,4096,0,0,0.027817074209451675,0,-1,0,59,-1,-1,-1,0
114,0.6675736961451247,4096,0,0,0.027469050139188766,0,-1,0,59,-1,-1,-1,0
115,0.6733786848072563,4096,0,0,0.02732887864112854,0,-1,0,59,-1,-1,-1,0
116,0.6791836734693878,4096,0,0,0.029498329386115074,0,-1,0,59,-1,-1,-1,0
117,0.6849886621315193,4096,0,0,0.030952880159020424,0,-1,0,59,-1,-1,-1,0
118,0.6907936507936508,4096,0,0,0.03087579645216465,0,-1,0,59,-1,-1,-1,0
119,0.6965986394557823,4096,0,0,0.28500011563301086,0,-1,0,59,-1,-1,-1,0
120,0.7024036281179138,4096,0,0,0.3646045923233032,0,-1,0,59,-1,-1,-1,0
121,0.7082086167800453,4096,0,0,0.3739667236804962,0,63,0,59,-1,-1,-1,0
122,0.7140136054421768,4096,0,0,0.36236444115638733,0,63,0,59,-1,-1,-1,0
123,0.7198185941043084,4096,0,1,0.3404214382171631,0,63,0,62,-1,-1,-1,0
124,0.7256235827664399,4096,0,0,0.3512895405292511,0,63,0,63,-1,-1,-1,0
125,0.7314285714285714,4096,0,0,0.37779009342193604,0,63,0,63,-1,-1,-1,0
126,0.737233560090703,4096,0,0,0.32117342948913574,0,63,0,63,-1,-1,-1,0
127,0.7430385487528345,4096,0,0,0.35669851303100586,0,63,0,63,-1,-1,-1,0
128,0.748843537414966,4096,0,0,0.34138423204421997,0,63,0,63,-1,-1,-1,0
129,0.7546485260770975,4096,0,0,0.3288632035255432,0,63,0,63,-1,-1,-1,0
130,0.7604535147392291,4096,0,0,0.3661743700504303,0,63,0,63,-1,-1,-1,0
131,0.7662585034013606,4096,0,0,0.3408553898334503,0,63,0,63,-1,-1,-1,0
132,0.7720634920634921,4096,0,0,0.33864039182662964,0,63,0,63,-1,-1,-1,0
133,0.7778684807256235,4096,0,0,0.3448222875595093,0,63,0,63,-1,-1,-1,0
134,0.7836734693877551,4096,0,0,0.33634257316589355,0,63,0,63,-1,-1,-1,0
135,0.7894784580498866,4096,0,0,0.36274927854537964,0,63,0,63,-1,-1,-1,0
136,0.7952834467120181,4096,0,0,0.3578795790672302,0,63,0,63,-1,-1,-1,0
137,0.8010884353741496,4096,0,0,0.32062673568725586,0,63,0,63,-1,-1,-1,0
138,0.8068934240362812,4096,0,0,0.34057512879371643,0,63,0,63,-1,-1,-1,0
139,0.8126984126984127,4096,0,0,0.3258213698863983,0,63,0,63,-1,-1,-1,0
140,0.8185034013605442,4096,0,0,0.3528634309768677,0,63,0,63,-1,-1,-1,0
141,0.8243083900226758,4096,0,0,0.3449666500091553,0,63,0,63,-1,-1,-1,0
142,0.8301133786848073,4096,0,0,0.303335040807724,0,63,0,63,-1,-1,-1,0
143,0.8359183673469388,4096,0,0,0.33583182096481323,0,63,0,63,-1,-1,-1,0
144,0.8417233560090703,4096,0,0,0.3250630795955658,0,63,0,63,-1,-1,-1,0
145,0.8475283446712019,4096,0,0,0.3245147466659546,0,63,0,63,-1,-1,-1,0
146,0.8533333333333334,4096,0,0,0.3486233353614807,0,63,0,63,-1,-1,-1,0
147,0.8591383219954648,4096,0,0,0.296656996011734,0,63,0,63,-1,-1,-1,0
148,0.8649433106575963,4096,0,0,0.3247387409210205,0,63,0,63,-1,-1,-1,0
149,0.8707482993197279,4096,0,0,0.3319874703884125,0,63,0,63,-1,-1,-1,0
150,0.8765532879818594,4096,0,0,0.3086656630039215,0,63,0,63,-1,-1,-1,0
151,0.8823582766439909,4096,0,0,0.3436813950538635,0,63,0,63,-1,-1,-1,0
152,0.8881632653061224,4096,0,0,0.32943326234817505,0,63,0,63,-1,-1,-1,0
153,0.893968253968254,4096,0,0,0.29204967617988586,0,63,0,63,-1,-1,-1,0
154,0.8997732426303855,4096,0,0,0.332184374332428,0,63,0,63,-1,-1,-1,0
155,0.905578231292517,4096,0,0,0.31837186217308044,0,63,0,63,-1,-1,-1,0
156,0.9113832199546485,4096,0,0,0.32338568568229675,0,63,0,63,-1,-1,-1,0
157,0.9171882086167801,4096,0,0,0.34830382466316223,0,63,0,63,-1,-1,-1,0
158,0.9229931972789116,4096,0,0,0.2847069501876831,0,63,0,63,-1,-1,-1,0
159,0.9287981859410431,4096,0,0,0.32281556725502014,0,63,0,63,-1,-1,-1,0
160,0.9346031746031747,4096,0,0,0.3298969864845276,0,63,0,63,-1,-1,-1,0
161,0.9404081632653061,4096,0,0,0.2953307330608368,0,63,0,63,-1,-1,-1,0
162,0.9462131519274376,4096,0,0,0.3355838656425476,0,63,0,63,-1,-1,-1,0
163,0.9520181405895691,4096,0,0,0.3345252573490143,0,63,0,63,-1,-1,-1,0
164,0.9578231292517007,4096,0,0,0.31305113434791565,0,63,0,63,-1,-1,-1,0
165,0.9636281179138322,4096,0,0,0.31599345803260803,0,63,0,63,-1,-1,-1,0
166,0.9694331065759637,4096,0,0,0.33006295561790466,0,63,0,63,-1,-1,-1,0
167,0.9752380952380952,4096,0,0,0.33182433247566223,0,63,0,63,-1,-1,-1,0
168,0.9810430839002268,4096,0,0,0.33027687668800354,0,63,0,63,-1,-1,-1,0
169,0.9868480725623583,4096,0,0,0.2925793528556824,0,63,0,63,-1,-1,-1,0
170,0.9926530612244898,4096,0,0,0.32229936122894287,0,63,0,63,-1,-1,-1,0
171,0.9984580498866213,4096,0,0,0.31168925762176514,0,63,0,63,-1,-1,-1,0
172,1.0042630385487528,4096,0,0,0.3184707462787628,0,63,0,63,-1,-1,-1,0
173,1.0100680272108844,4096,0,0,0.34280285239219666,0,63,0,63,-1,-1,-1,0
174,1.0158730158730158,4096,0,0,0.27238741517066956,0,63,0,63,-1,-1,-1,0
175,1.0216780045351475,4096,0,0,0.3266910910606384,0,63,0,63,-1,-1,-1,0
176,1.0274829931972789,4096,0,0,0.31642070412635803,0,63,0,63,-1,-1,-1,0
177,1.0332879818594105,4096,0,0,0.2905803620815277,0,63,0,63,-1,-1,-1,0
178,1.039092970521542,4096,0,0,0.3359825611114502,0,63,0,63,-1,-1,-1,0
179,1.0448979591836736,4096,0,0,0.31731393933296204,0,63,0,63,-1,-1,-1,0
180,1.050702947845805,4096,0,0,0.2983756959438324,0,63,0,63,-1,-1,-1,0
181,1.0565079365079366,4096,0,0,0.31863534450531006,0,63,0,63,-1,-1,-1,0
182,1.062312925170068,4096,0,0,0.31300050020217896,0,63,0,63,-1,-1,-1,0
183,1.0681179138321995,4096,0,0,0.3139079213142395,0,63,0,63,-1,-1,-1,0
184,1.073922902494331,4096,0,0,0.3372741639614105,0,63,0,63,-1,-1,-1,0
185,1.0797278911564625,4096,0,0,0.27247709035873413,0,63,0,63,-1,-1,-1,0
186,1.0855328798185941,4096,0,0,0.3226422369480133,0,63,0,63,-1,-1,-1,0
187,1.0913378684807256,4096,0,0,0.3236647844314575,0,63,0,63,-1,-1,-1,0
188,1.0971428571428572,4096,0,0,0.29755744338035583,0,63,0,63,-1,-1,-1,0
189,1.1029478458049886,4096,0,0,0.33989158272743225,0,63,0,63,-1,-1,-1,0
190,1.1087528344671203,4096,0,0,0.3115794062614441,0,63,0,63,-1,-1,-1,0
191,1.1145578231292517,4096,0,0,0.30294832587242126,0,63,1,63,-1,-1,-1,0
192,1.1203628117913833,4096,0,0,0.31336575746536255,0,63,0,63,-1,-1,-1,0
193,1.1261678004535147,4096,0,0,0.30323097109794617,0,63,0,63,-1,-1,-1,0
194,1.1319727891156464,4096,0,0,0.3113687336444855,0,63,0,63,-1,-1,-1,0
195,1.1377777777777778,4096,0,0,0.33487066626548767,0,63,0,63,-1,-1,-1,0
196,1.1435827664399092,4096,0,0,0.2747649550437927,0,63,0,63,-1,-1,-1,0
197,1.1493877551020408,4096,0,0,0.3115800619125366,0,63,0,63,-1,-1,-1,0
198,1.1551927437641722,4096,0,0,0.31827184557914734,0,63,0,63,-1,-1,-1,0
199,1.1609977324263039,4096,0,0,0.3009710907936096,0,63,1,63,-1,-1,-1,0
200,1.1668027210884353,4096,0,0,0.3380548357963562,0,63,0,63,-1,-1,-1,0
201,1.172607709750567,4096,0,0,0.2813270390033722,0,63,0,63,-1,-1,-1,0
202,1.1784126984126984,4096,0,0,0.31492170691490173,0,63,1,63,-1,-1,-1,0
203,1.18421768707483,4096,0,0,0.3216642141342163,0,63,0,63,-1,-1,-1,0
204,1.1900226757369614,4096,0,0,0.2901991903781891,0,63,0,63,-1,-1,-1,0
205,1.195827664399093,4096,0,0,0.3302028477191925,0,63,0,63,-1,-1,-1,0
206,1.2016326530612245,4096,0,0,0.312994122505188,0,63,0,63,-1,-1,-1,0
207,1.207437641723356,4096,0,0,0.2956942915916443,0,63,0,63,-1,-1,-1,0
208,1.2132426303854875,4096,0,0,0.31139492988586426,0,63,0,63,-1,-1,-1,0
209,1.2190476190476192,4096,0,0,0.29888007044792175,0,63,0,63,-1,-1,-1,0
210,1.2248526077097506,4096,0,0,0.30935466289520264,0,63,0,63,-1,-1,-1,0
211,1.230657596371882,4096,0,0,0.32324713468551636,0,63,0,63,-1,-1,-1,0
212,1.2364625850340136,4096,0,0,0.2780270576477051,0,63,0,63,-1,-1,-1,0
213,1.242267573696145,4096,0,0,0.3079913854598999,0,63,0,63,-1,-1,-1,0
214,1.2480725623582767,4096,0,0,0.30889269709587097,0,63,0,63,-1,-1,-1,0
215,1.253877551020408,4096,0,0,0.29521387815475464,0,63,1,63,-1,-1,-1,0
216,1.2596825396825397,4096,0,0,0.3347979187965393,0,63,0,63,-1,-1,-1,0
217,1.2654875283446712,4096,0,0,0.26949724555015564,0,63,0,63,-1,-1,-1,0
218,1.2712925170068028,4096,0,0,0.30941444635391235,0,63,1,63,-1,-1,-1,0
219,1.2770975056689342,4096,0,0,0.3224793076515198,0,63,0,63,-1,-1,-1,0
220,1.2829024943310658,4096,0,0,0.28619834780693054,0,63,0,63,-1,-1,-1,0
221,1.2887074829931973,4096,0,0,0.3276592195034027,0,63,0,63,-1,-1,-1,0
222,1.294512471655329,4096,0,0,0.3009636104106903,0,63,0,63,-1,-1,-1,0
223,1.3003174603174603,4096,0,0,0.2998995780944824,0,63,0,63,-1,-1,-1,0
224,1.3061224489795917,4096,0,0,0.3197300136089325,0,63,0,63,-1,-1,-1,0
225,1.3119274376417234,4096,0,0,0.2925061285495758,0,63,0,63,-1,-1,-1,0
226,1.3177324263038548,4096,0,0,0.3134898543357849,0,63,0,63,-1,-1,-1,0
227,1.3235374149659864,4096,0,0,0.3168441355228424,0,63,0,63,-1,-1,-1,0
228,1.3293424036281178,4096,0,0,0.2790178656578064,0,63,0,63,-1,-1,-1,0
229,1.3351473922902495,4096,0,0,0.3100621700286865,0,63,0,63,-1,-1,-1,0
230,1.340952380952381,4096,0,0,0.30359023809432983,0,63,0,63,-1,-1,-1,0
231,1.3467573696145125,4096,0,0,0.2939750552177429,0,63,1,63,-1,-1,-1,0
232,1.352562358276644,4096,0,0,0.3289147615432739,0,63,0,63,-1,-1,-1,0
233,1.3583673469387756,4096,0,0,0.2694845199584961,0,63,0,63,-1,-1,-1,0
234,1.364172335600907,4096,0,0,0.30733227729797363,0,63,1,63,-1,-1,-1,0
235,1.3699773242630386,4096,0,0,0.3146960139274597,0,63,0,63,-1,-1,-1,0
236,1.37578231292517,4096,0,0,0.28528398275375366,0,63,0,63,-1,-1,-1,0
237,1.3815873015873017,4096,0,0,0.33186814188957214,0,63,0,63,-1,-1,-1,0
238,1.3873922902494331,4096,0,0,0.27859097719192505,0,63,0,63,-1,-1,-1,0
239,1.3931972789115645,4096,0,0,0.30200129747390747,0,63,0,63,-1,-1,-1,0
240,1.3990022675736962,4096,0,0,0.3188743591308594,0,63,0,63,-1,-1,-1,0
241,1.4048072562358276,4096,0,0,0.28287187218666077,0,63,0,63,-1,-1,-1,0
242,1.4106122448979592,4096,0,0,0.32338380813598633,0,63,0,63,-1,-1,-1,0
243,1.4164172335600906,4096,0,0,0.3011079430580139,0,63,0,63,-1,-1,-1,0
244,1.4222222222222223,4096,0,0,0.288470983505249,0,63,0,63,-1,-1,-1,0
245,1.4280272108843537,4096,0,0,0.31466251611709595,0,63,0,63,-1,-1,-1,0
246,1.4338321995464853,4096,0,0,0.2925800383090973,0,63,0,63,-1,-1,-1,0
247,1.4396371882086167,4096,0,0,0.30846941471099854,0,63,0,63,-1,-1,-1,0
248,1.4454421768707484,4096,0,0,0.3133106231689453,0,63,0,63,-1,-1,-1,0
249,1.4512471655328798,4096,0,0,0.2760388255119324,0,63,0,63,-1,-1,-1,0
250,1.4570521541950114,4096,0,0,0.3074718713760376,0,63,0,63,-1,-1,-1,0
251,1.4628571428571429,4096,0,0,0.2901093065738678,0,63,0,63,-1,-1,-1,0
252,1.4686621315192743,4096,0,0,0.28737834095954895,0,63,0,63,-1,-1,-1,0
253,1.474467120181406,4096,0,0,0.3206087350845337,0,63,0,63,-1,-1,-1,0
254,1.4802721088435373,4096,0,0,0.26787135004997253,0,63,0,63,-1,-1,-1,0
255,1.486077097505669,4096,0,0,0.2967781722545624,0,63,0,63,-1,-1,-1,0
256,1.4918820861678004,4096,0,0,0.27055907249450684,0,63,0,63,-1,-1,-1,0
257,1.497687074829932,4096,0,0,0.23721955716609955,0,63,0,63,-1,-1,-1,0
258,1.5034920634920634,4096,0,0,0.22260773181915283,0,63,0,63,-1,-1,-1,0
259,1.509297052154195,4096,0,0,0.15136519074440002,0,63,0,63,-1,-1,-1,0
260,1.5151020408163265,4096,0,0,0.11008983850479126,0,63,0,63,-1,-1,-1,0
261,1.5209070294784581,4096,0,0,0.0908474326133728,0,63,0,63,-1,-1,-1,0
262,1.5267120181405895,4096,0,0,0.09730793535709381,0,63,0,63,-1,-1,-1,0
263,1.5325170068027212,4096,0,0,0.05540155619382858,0,63,0,63,-1,-1,-1,0
264,1.5383219954648526,4096,0,0,0.042906422168016434,0,63,0,63,-1,-1,-1,0
265,1.5441269841269842,4096,0,0,0.037825535982847214,0,63,0,63,-1,-1,-1,0
266,1.5499319727891157,4096,0,0,0.037248771637678146,0,63,0,63,-1,-1,-1,0
267,1.555736961451247,4096,0,0,0.03365977108478546,0,63,0,63,-1,-1,-1,0
268,1.5615419501133787,4096,0,0,0.029451439157128334,0,63,0,63,-1,-1,-1,0
269,1.5673469387755101,4096,0,0,0.02833395078778267,0,63,0,63,-1,-1,-1,0
270,1.5731519274376418,4096,0,0,0.030511556193232536,0,63,0,63,-1,-1,-1,0
271,1.5789569160997732,512,1,0,0.4816281795501709,0,-1,1,49,-1,-1,-1,0
272,1.5847619047619048,512,0,0,0.40438979864120483,0,-1,1,58,-1,-1,-1,0
273,1.5905668934240362,512,0,0,0.5245517492294312,0,60,1,60,-1,-1,-1,0
274,1.5963718820861679,1024,0,0,0.49931439757347107,0,60,1,60,60,60,60,0
275,1.6021768707482993,1024,0,1,0.4958442151546478,0,60,1,60,60,60,60,0
276,1.607981859410431,2048,0,0,0.4765629470348358,0,60,1,60,60,60,60,0
277,1.6137868480725623,2048,0,0,0.46256598830223083,0,60,1,60,60,60,60,0
278,1.619591836734694,2048,0,0,0.42618969082832336,0,60,1,60,60,60,60,0
279,1.6253968253968254,2048,0,0,0.47701698541641235,0,60,1,60,60,60,60,0
280,1.6312018140589568,4096,0,0,0.38581007719039917,0,60,0,60,60,60,60,0
281,1.6370068027210884,4096,0,0,0.44700488448143005,0,60,1,60,60,60,60,0
282,1.6428117913832199,4096,0,0,0.32114484906196594,0,60,1,60,60,60,60,0
283,1.6486167800453515,4096,0,0,0.3871050477027893,0,60,1,60,60,60,60,0
284,1.654421768707483,4096,0,0,0.3190079927444458,0,60,1,60,60,60,60,0
285,1.6602267573696146,4096,0,0,0.328956663608551,0,60,1,60,60,60,60,0
286,1.666031746031746,4096,0,0,0.3570849597454071,0,60,1,60,60,60,60,0
287,1.6718367346938776,4096,0,0,0.3571281135082245,0,60,1,60,60,60,60,0
288,1.677641723356009,4096,0,0,0.34288522601127625,0,60,1,60,60,60,60,0
289,1.6834467120181407,4096,0,0,0.4311457872390747,0,60,1,60,60,60,60,0
290,1.689251700680272,4096,0,0,0.3429517447948456,0,60,1,60,60,60,60,0
291,1.6950566893424037,4096,0,0,0.4202233552932739,0,60,1,60,60,60,60,0
292,1.7008616780045351,4096,0,0,0.25286003947257996,0,60,1,60,60,60,60,0
293,1.7066666666666668,4096,0,0,0.10858230292797089,0,60,1,60,60,60,60,0
294,1.7124716553287982,4096,0,0,0.048035863786935806,0,60,1,60,60,60,60,0
295,1.7182766439909296,4096,0,0,0.03754987567663193,0,60,0,60,60,60,60,0
296,1.7240816326530612,4096,0,0,0.04014928638935089,0,60,0,60,-1,-1,-1,0
297,1.7298866213151927,4096,0,0,0.04174524173140526,0,60,0,60,-1,-1,-1,0
298,1.7356916099773243,4096,0,0,0.035196226090192795,0,-1,0,60,-1,-1,-1,0
299,1.7414965986394557,4096,0,0,0.03273288905620575,0,-1,0,60,-1,-1,-1,0
300,1.7473015873015874,4096,0,0,0.03314706310629845,0,-1,0,60,-1,-1,-1,0
301,1.7531065759637188,4096,0,0,0.03289637342095375,0,-1,0,60,-1,-1,-1,0
302,1.7589115646258504,4096,0,0,0.030710045248270035,0,-1,0,60,-1,-1,-1,0
303,1.7647165532879818,4096,0,0,0.028565282002091408,0,-1,0,60,-1,-1,-1,0
304,1.7705215419501135,4096,0,0,0.029551716521382332,0,-1,0,59,-1,-1,-1,0
305,1.7763265306122449,4096,0,0,0.03389923647046089,0,-1,0,59,-1,-1,-1,0
306,1.7821315192743765,4096,0,0,0.034709084779024124,0,-1,0,59,-1,-1,-1,0
307,1.787936507936508,4096,0,0,0.029960330575704575,0,-1,0,59,-1,-1,-1,0
308,1.7937414965986394,4096,0,0,0.028189489617943764,0,-1,0,72,-1,-1,-1,0
309,1.799546485260771,4096,0,0,0.028420137241482735,0,-1,0,72,-1,-1,-1,0
310,1.8053514739229024,4096,0,0,0.02812683954834938,0,-1,0,72,-1,-1,-1,0
311,1.811156462585034,4096,0,0,0.028145233169198036,0,-1,0,72,-1,-1,-1,0
312,1.8169614512471655,4096,0,0,0.028008241206407547,0,-1,0,59,-1,-1,-1,0
313,1.822766439909297,4096,0,0,0.02840553969144821,0,-1,0,59,-1,-1,-1,0
314,1.8285714285714285,4096,0,0,0.028446659445762634,0,-1,0,59,-1,-1,-1,0
315,1.8343764172335602,4096,0,0,0.028833283111453056,0,-1,0,59,-1,-1,-1,0
316,1.8401814058956916,4096,0,0,0.028243817389011383,0,-1,0,59,-1,-1,-1,0
317,1.8459863945578232,4096,0,0,0.02768312580883503,0,-1,0,59,-1,-1,-1,0
318,1.8517913832199546,4096,0,0,0.027897436171770096,0,-1,0,59,-1,-1,-1,0
319,1.8575963718820863,4096,0,0,0.027374032884836197,0,-1,0,59,-1,-1,-1,0
320,1.8634013605442177,4096,0,0,0.027787499129772186,0,-1,0,59,-1,-1,-1,0
321,1.8692063492063493,4096,0,0,0.02849559858441353,0,-1,0,59,-1,-1,-1,0
322,1.8750113378684807,4096,0,0,0.03009611926972866,0,-1,0,59,-1,-1,-1,0
323,1.8808163265306121,4096,0,0,0.034022994339466095,0,-1,0,59,-1,-1,-1,0
324,1.8866213151927438,512,1,0,0.5704869031906128,0,-1,1,49,-1,-1,-1,0
325,1.8924263038548752,512,0,0,0.5159866213798523,0,65,1,65,-1,-1,-1,0
326,1.8982312925170068,512,0,0,0.3362744152545929,0,65,1,65,65,65,65,0
327,1.9040362811791383,1024,0,1,0.31605687737464905,0,65,1,65,65,65,65,0
328,1.90984126984127,1024,0,0,0.362255722284317,0,65,1,65,65,65,65,0
329,1.9156462585034013,2048,0,0,0.37023839354515076,0,65,1,65,65,65,65,0
330,1.921451247165533,2048,0,0,0.3383195698261261,0,65,1,65,65,65,65,0
331,1.9272562358276644,2048,0,0,0.37416964769363403,0,65,1,65,65,65,65,0
332,1.933061224489796,2048,0,0,0.3690195381641388,0,65,1,65,65,65,65,0
333,1.9388662131519274,4096,0,0,0.36073675751686096,0,65,0,65,65,65,65,0
334,1.944671201814059,4096,0,0,0.36118456721305847,0,65,1,65,65,65,65,0
335,1.9504761904761905,4096,0,0,0.3787100315093994,0,65,1,65,65,65,65,0
336,1.956281179138322,4096,0,0,0.3583189845085144,0,65,1,65,65,65,65,0
337,1.9620861678004535,4096,0,0,0.34924209117889404,0,65,1,65,65,65,65,0
338,1.967891156462585,4096,0,0,0.3599618673324585,0,65,1,65,65,65,65,0
339,1.9736961451247166,4096,0,0,0.36150479316711426,0,65,1,65,65,65,65,0
340,1.979501133786848,4096,0,0,0.3497542142868042,0,65,1,65,65,65,65,0
341,1.9853061224489796,4096,0,0,0.36056098341941833,0,65,1,65,65,65,65,0
342,1.991111111111111,4096,0,0,0.4135335385799408,0,65,1,65,65,65,65,0
343,1.9969160997732427,4096,0,0,0.36416542530059814,0,65,1,65,65,65,65,0
344,2.0027210884353743,4096,0,0,0.3562855124473572,0,65,1,65,65,65,65,0
345,2.0085260770975055,4096,0,0,0.4302451014518738,0,65,1,65,65,65,65,0
346,2.014331065759637,4096,0,0,0.40587350726127625,0,65,1,65,65,65,65,0
347,2.020136054421769,4096,0,0,0.3638896346092224,0,65,1,65,65,65,65,0
348,2.0259410430839004,4096,0,0,0.417575865983963,0,65,1,65,65,65,65,0
349,2.0317460317460316,4096,0,0,0.420131653547287,0,65,1,65,65,65,65,0
350,2.0375510204081633,4096,0,0,0.355213463306427,0,65,1,65,65,65,65,0
351,2.043356009070295,4096,0,0,0.3408813178539276,0,65,1,65,65,65,65,0
352,2.049160997732426,4096,0,0,0.38232743740081787,0,65,1,65,65,65,65,0
353,2.0549659863945577,4096,0,0,0.34601718187332153,0,65,1,65,65,65,65,0
354,2.0607709750566894,4096,0,0,0.2943989634513855,0,65,1,65,65,65,65,0
355,2.066575963718821,4096,0,0,0.31699395179748535,0,65,1,65,65,65,65,0
356,2.072380952380952,4096,0,0,0.35276007652282715,0,65,1,65,65,65,65,0
357,2.078185941043084,4096,0,0,0.29935917258262634,0,65,1,65,65,65,65,0
358,2.0839909297052155,4096,0,0,0.29412397742271423,0,65,1,65,65,65,65,0
359,2.089795918367347,4096,0,0,0.3628629744052887,0,65,1,65,65,65,65,0
360,2.0956009070294783,4096,0,0,0.34658190608024597,0,65,1,65,65,65,65,0
361,2.10140589569161,4096,0,0,0.2830868065357208,0,65,1,65,65,65,65,0
362,2.1072108843537416,4096,0,0,0.31186479330062866,0,65,1,65,65,65,65,0
363,2.1130158730158732,4096,0,0,0.3618079125881195,0,65,1,65,65,65,65,0
364,2.1188208616780044,4096,0,0,0.3310639262199402,0,65,1,65,65,65,65,0
365,2.124625850340136,4096,0,0,0.31684011220932007,0,65,1,65,65,65,65,0
366,2.1304308390022677,4096,0,0,0.3698786795139313,0,65,1,65,65,65,65,0
367,2.136235827664399,4096,0,0,0.4118841886520386,0,65,1,65,65,65,65,0
368,2.1420408163265305,4096,0,0,0.3778342008590698,0,65,1,65,65,65,65,0
369,2.147845804988662,4096,0,0,0.3680291473865509,0,65,1,65,65,65,65,0
370,2.153650793650794,4096,0,0,0.39816927909851074,0,65,1,65,65,65,65,0
371,2.159455782312925,4096,0,0,0.43567341566085815,0,65,1,65,65,65,65,0
372,2.1652607709750566,4096,0,0,0.43219438195228577,0,65,1,65,65,65,65,0
373,2.1710657596371883,4096,0,0,0.4438376724720001,0,65,1,65,65,65,65,0
374,2.17687074829932,512,1,0,0.5607333779335022,0,65,1,65,65,65,65,0
375,2.182675736961451,512,0,0,0.6468146443367004,1,65,1,65,65,65,65,0
376,2.1884807256235828,512,0,0,0.5100014209747314,0,65,1,65,65,65,65,0
377,2.1942857142857144,1024,0,0,0.428436815738678,0,65,1,65,65,65,65,0
378,2.2000907029478456,1024,0,0,0.4270371198654175,0,65,1,65,65,65,65,0
379,2.2058956916099772,2048,0,0,0.391263872385025,0,65,1,65,65,65,65,0
380,2.211700680272109,2048,0,0,0.3569942116737366,0,65,1,65,65,65,65,0
381,2.2175056689342405,2048,0,0,0.3368605971336365,0,65,1,65,65,65,65,0
382,2.2233106575963717,2048,0,0,0.3907897472381592,0,65,1,65,65,65,65,0
383,2.2291156462585033,4096,0,0,0.3414856195449829,0,65,1,65,65,65,65,0
384,2.234920634920635,4096,0,0,0.33026960492134094,0,65,1,65,65,65,65,0
385,2.2407256235827666,4096,0,0,0.3081304728984833,0,-1,1,65,65,65,65,0
386,2.246530612244898,4096,0,0,0.32366591691970825,0,-1,1,65,65,65,65,0
387,2.2523356009070294,4096,0,0,0.2535928189754486,0,-1,1,65,65,65,65,0
388,2.258140589569161,4096,0,0,0.32192105054855347,0,-1,0,65,65,65,65,0
389,2.2639455782312927,4096,0,0,0.3137039542198181,0,-1,0,63,-1,-1,-1,0
390,2.269750566893424,4096,0,0,0.279470294713974,0,-1,0,62,-1,-1,-1,0
391,2.2755555555555556,4096,0,0,0.33098670840263367,0,62,0,62,-1,-1,-1,0
392,2.281360544217687,4096,0,0,0.2709972858428955,0,62,0,62,-1,-1,-1,0
393,2.2871655328798184,4096,0,0,0.3125009834766388,0,62,0,62,-1,-1,-1,0
394,2.29297052154195,4096,0,0,0.3044379651546478,0,62,0,62,-1,-1,-1,0
395,2.2987755102040817,4096,0,0,0.29764750599861145,0,62,1,62,-1,-1,-1,0
396,2.3045804988662133,4096,0,0,0.321437805891037,0,62,1,62,62,62,62,0
397,2.3103854875283445,4096,0,0,0.24995025992393494,0,62,1,62,62,62,62,0
398,2.316190476190476,4096,0,0,0.3164671063423157,0,62,1,62,62,62,62,0
399,2.3219954648526078,4096,0,0,0.32362794876098633,0,62,1,62,62,62,62,0
400,2.3278004535147394,4096,0,0,0.28090402483940125,0,62,1,62,62,62,62,0
401,2.3336054421768706,4096,0,0,0.3329479992389679,0,62,1,62,62,62,62,0
402,2.3394104308390022,4096,0,0,0.2762046456336975,0,62,1,62,62,62,62,0
403,2.345215419501134,4096,0,0,0.31651443243026733,0,62,1,62,62,62,62,0
404,2.3510204081632655,4096,0,0,0.30342355370521545,0,62,1,62,62,62,62,0
405,2.3568253968253967,4096,0,0,0.2979206442832947,0,62,1,62,62,62,62,0
406,2.3626303854875284,4096,0,0,0.3177979290485382,0,62,1,62,62,62,62,0
407,2.36843537414966,4096,0,0,0.2501406669616699,0,62,1,62,62,62,62,0
408,2.374240362811791,4096,0,0,0.31275686621665955,0,62,1,62,62,62,62,0
409,2.380045351473923,4096,0,0,0.30225053429603577,0,62,1,62,62,62,62,0
410,2.3858503401360545,4096,0,0,0.2745635211467743,0,62,1,62,62,62,62,0
411,2.391655328798186,4096,0,0,0.307342529296875,0,62,1,62,62,62,62,0
412,2.3974603174603173,4096,0,0,0.2668452560901642,0,62,1,62,62,62,62,0
413,2.403265306122449,4096,0,0,0.32090646028518677,0,62,1,62,62,62,62,0
414,2.4090702947845806,4096,0,0,0.3075680136680603,0,62,1,62,62,62,62,0
415,2.414875283446712,4096,0,0,0.2934163808822632,0,62,1,62,62,62,62,0
416,2.4206802721088434,4096,0,0,0.2704550623893738,0,62,1,62,62,62,62,0
417,2.426485260770975,4096,0,0,0.2103581577539444,0,62,1,62,62,62,62,0
418,2.4322902494331067,4096,0,0,0.20629005134105682,0,62,0,62,62,62,62,0
419,2.4380952380952383,4096,0,0,0.12402087450027466,0,62,0,62,-1,-1,-1,0
420,2.4439002267573695,4096,0,0,0.08763118088245392,0,62,0,62,-1,-1,-1,0
421,2.449705215419501,4096,0,0,0.06583933532238007,0,-1,0,62,-1,-1,-1,0
422,2.455510204081633,4096,0,0,0.046833336353302,0,-1,0,62,-1,-1,-1,0
423,2.461315192743764,4096,0,0,0.04629553109407425,0,-1,0,62,-1,-1,-1,0
424,2.4671201814058956,4096,0,0,0.04455740377306938,0,-1,0,62,-1,-1,-1,0
425,2.4729251700680273,4096,0,0,0.048237551003694534,0,-1,0,62,-1,-1,-1,0
426,2.478730158730159,4096,0,0,0.050194453448057175,0,-1,0,62,-1,-1,-1,0
427,2.48453514739229,4096,0,0,0.04597160592675209,0,-1,0,62,-1,-1,-1,0
428,2.4903401360544217,4096,0,0,0.0456940196454525,0,-1,0,62,-1,-1,-1,0
429,2.4961451247165534,4096,0,0,0.24182969331741333,0,-1,0,62,-1,-1,-1,0
430,2.501950113378685,4096,0,0,0.36439284682273865,0,-1,0,62,-1,-1,-1,0
431,2.507755102040816,4096,0,0,0.327359676361084,0,65,0,62,-1,-1,-1,0
432,2.513560090702948,4096,0,0,0.34464725852012634,0,65,0,62,-1,-1,-1,0
433,2.5193650793650795,4096,0,1,0.3410196900367737,0,65,0,62,-1,-1,-1,0
434,2.5251700680272107,4096,0,0,0.35193952918052673,0,65,0,62,-1,-1,-1,0
435,2.5309750566893423,4096,0,0,0.35728639364242554,0,65,0,62,-1,-1,-1,0
436,2.536780045351474,4096,0,0,0.3633066415786743,0,65,0,65,-1,-1,-1,0
437,2.5425850340136056,4096,0,0,0.36271733045578003,0,65,0,65,-1,-1,-1,0
438,2.5483900226757368,4096,0,0,0.35083380341529846,0,65,0,65,-1,-1,-1,0
439,2.5541950113378684,4096,0,0,0.3380284011363983,0,65,0,65,-1,-1,-1,0
440,2.56,4096,0,0,0.34489303827285767,0,65,0,65,-1,-1,-1,0
441,2.5658049886621317,4096,0,0,0.3742470443248749,0,65,1,65,-1,-1,-1,0
442,2.571609977324263,4096,0,0,0.383416086435318,0,65,1,65,65,65,65,0
443,2.5774149659863945,4096,0,0,0.3587341606616974,0,65,1,65,65,65,65,0
444,2.583219954648526,4096,0,0,0.3322353661060333,0,65,1,65,65,65,65,0
445,2.589024943310658,4096,0,0,0.326963871717453,0,65,1,65,65,65,65,0
446,2.594829931972789,4096,0,0,0.3262758255004883,0,65,1,65,65,65,65,0
447,2.6006349206349206,4096,0,0,0.32244032621383667,0,65,1,65,65,65,65,0
448,2.6064399092970523,4096,0,0,0.32817548513412476,0,65,1,65,65,65,65,0
449,2.6122448979591835,4096,0,0,0.3332773447036743,0,65,1,65,65,65,65,0
450,2.618049886621315,4096,0,0,0.343309223651886,0,65,1,65,65,65,65,0
451,2.6238548752834467,4096,0,0,0.3501051068305969,0,65,1,65,65,65,65,0
452,2.6296598639455784,4096,0,0,0.33396047353744507,0,65,1,65,65,65,65,0
453,2.6354648526077096,4096,0,0,0.3255959153175354,0,65,1,65,65,65,65,0
454,2.641269841269841,4096,0,0,0.33495575189590454,0,65,1,65,65,65,65,0
455,2.647074829931973,4096,0,0,0.33190882205963135,0,65,1,65,65,65,65,0
456,2.6528798185941045,4096,0,0,0.32163065671920776,0,65,1,65,65,65,65,0
457,2.6586848072562357,4096,0,0,0.3240635395050049,0,65,1,65,65,65,65,0
458,2.6644897959183673,4096,0,0,0.31440895795822144,0,65,1,65,65,65,65,0
459,2.670294784580499,4096,0,0,0.2973034679889679,0,65,1,65,65,65,65,0
460,2.6760997732426306,4096,0,0,0.2858503460884094,0,65,1,65,65,65,65,0
461,2.681904761904762,4096,0,0,0.2763655483722687,0,65,1,65,65,65,65,0
462,2.6877097505668934,4096,0,0,0.27745798230171204,0,65,1,65,65,65,65,0
463,2.693514739229025,4096,0,0,0.2912783622741699,0,65,1,65,65,65,65,0
464,2.6993197278911563,4096,0,0,0.30607879161834717,0,65,1,65,65,65,65,0
465,2.705124716553288,4096,0,0,0.31541064381599426,0,65,1,65,65,65,65,0
466,2.7109297052154195,4096,0,0,0.3215862214565277,0,65,1,65,65,65,65,0
467,2.716734693877551,4096,0,0,0.3277156949043274,0,65,1,65,65,65,65,0
468,2.7225396825396824,4096,0,0,0.33219149708747864,0,65,1,65,65,65,65,0
469,2.728344671201814,4096,0,0,0.3327908515930176,0,65,1,65,65,65,65,0
470,2.7341496598639456,4096,0,0,0.3324979841709137,0,65,1,65,65,65,65,0
471,2.7399546485260773,4096,0,0,0.3340435326099396,0,65,1,65,65,65,65,0
472,2.7457596371882085,4096,0,0,0.342630535364151,0,65,1,65,65,65,65,0
473,2.75156462585034,4096,0,0,0.34314534068107605,0,65,1,65,65,65,65,0
474,2.7573696145124718,4096,0,0,0.32449427247047424,0,65,1,65,65,65,65,0
475,2.7631746031746034,4096,0,0,0.30225053429603577,0,65,1,65,65,65,65,0
476,2.7689795918367346,4096,0,0,0.2887134552001953,0,65,1,65,65,65,65,0
477,2.7747845804988662,4096,0,0,0.29900825023651123,0,65,1,65,65,65,65,0
478,2.780589569160998,4096,0,0,0.3176734149456024,0,65,1,65,65,65,65,0
479,2.786394557823129,4096,0,0,0.32831332087516785,0,65,1,65,65,65,65,0
480,2.7921995464852607,4096,0,0,0.3348974287509918,0,65,1,65,65,65,65,0
481,2.7980045351473923,4096,0,0,0.33756205439567566,0,65,1,65,65,65,65,0
482,2.803809523809524,4096,0,0,0.32821232080459595,0,65,1,65,65,65,65,0
483,2.809614512471655,4096,0,0,0.3212679922580719,0,65,1,65,65,65,65,0
484,2.815419501133787,4096,0,0,0.3244350552558899,0,65,1,65,65,65,65,0
485,2.8212244897959184,4096,0,0,0.32866743206977844,0,65,1,65,65,65,65,0
486,2.82702947845805,4096,0,0,0.32315900921821594,0,65,1,65,65,65,65,0
487,2.8328344671201813,4096,0,0,0.31780728697776794,0,65,1,65,65,65,65,0
488,2.838639455782313,4096,0,0,0.3180590867996216,0,65,1,65,65,65,65,0
489,2.8444444444444446,4096,0,0,0.3038105070590973,0,65,1,65,65,65,65,0
490,2.8502494331065757,4096,0,0,0.2882910966873169,0,65,1,65,65,65,65,0
491,2.8560544217687074,4096,0,0,0.2834320068359375,0,65,1,65,65,65,65,0
492,2.861859410430839,4096,0,0,0.274723619222641,0,65,1,65,65,65,65,0
493,2.8676643990929707,4096,0,0,0.2745346426963806,0,65,1,65,65,65,65,0
494,2.873469387755102,4096,0,0,0.28801339864730835,0,65,1,65,65,65,65,0
495,2.8792743764172335,4096,0,0,0.30146148800849915,0,65,1,65,65,65,65,0
496,2.885079365079365,4096,0,0,0.3049243986606598,0,65,1,65,65,65,65,0
497,2.8908843537414968,4096,0,0,0.30965837836265564,0,65,1,65,65,65,65,0
498,2.896689342403628,4096,0,0,0.31857237219810486,0,65,1,65,65,65,65,0
499,2.9024943310657596,4096,0,0,0.32303690910339355,0,65,1,65,65,65,65,0
500,2.9082993197278912,4096,0,0,0.3198736906051636,0,65,1,65,65,65,65,0
501,2.914104308390023,4096,0,0,0.32005590200424194,0,65,1,65,65,65,65,0
502,2.919909297052154,4096,0,0,0.326895534992218,0,65,1,65,65,65,65,0
503,2.9257142857142857,4096,0,0,0.32658225297927856,0,65,1,65,65,65,65,0
504,2.9315192743764173,4096,0,0,0.31514331698417664,0,65,1,65,65,65,65,0
505,2.9373242630385485,4096,0,0,0.301950067281723,0,65,1,65,65,65,65,0
506,2.94312925170068,4096,0,0,0.29026147723197937,0,65,1,65,65,65,65,0
507,2.948934240362812,4096,0,0,0.275389701128006,0,65,1,65,65,65,65,0
508,2.9547392290249435,4096,0,0,0.2838093042373657,0,65,1,65,65,65,65,0
509,2.9605442176870747,4096,0,0,0.3105938136577606,0,65,1,65,65,65,65,0
510,2.9663492063492063,4096,0,0,0.3217162489891052,0,65,1,65,65,65,65,0
511,2.972154195011338,4096,0,0,0.3226092755794525,0,65,1,65,65,65,65,0
512,2.9779591836734696,4096,0,0,0.3234233558177948,0,65,1,65,65,65,65,0
513,2.9837641723356008,4096,0,0,0.3256712555885315,0,65,1,65,65,65,65,0
514,2.9895691609977324,4096,0,0,0.3275721073150635,0,65,1,65,65,65,65,0
515,2.995374149659864,4096,0,0,0.324924498796463,0,65,1,65,65,65,65,0
516,3.0011791383219957,4096,0,0,0.32253649830818176,0,65,1,65,65,65,65,0
517,3.006984126984127,4096,0,0,0.31980788707733154,0,65,1,65,65,65,65,0
518,3.0127891156462585,4096,0,0,0.3149154484272003,0,65,1,65,65,65,65,0
519,3.01859410430839,4096,0,0,0.303031861782074,0,65,1,65,65,65,65,0
520,3.0243990929705213,4096,0,0,0.2910259962081909,0,65,1,65,65,65,65,0
521,3.030204081632653,4096,0,0,0.2854222059249878,0,65,1,65,65,65,65,0
522,3.0360090702947846,4096,0,0,0.2771604061126709,0,65,1,65,65,65,65,0
523,3.0418140589569163,4096,0,0,0.27086493372917175,0,65,1,65,65,65,65,0
524,3.0476190476190474,4096,0,0,0.2747112810611725,0,65,1,65,65,65,65,0
525,3.053424036281179,4096,0,0,0.2852216064929962,0,65,1,65,65,65,65,0
526,3.0592290249433107,4096,0,0,0.29283851385116577,0,65,1,65,65,65,65,0
527,3.0650340136054424,4096,0,0,0.29574495553970337,0,65,1,65,65,65,65,0
528,3.0708390022675736,4096,0,0,0.29820266366004944,0,65,1,65,65,65,65,0
529,3.076643990929705,4096,0,0,0.3043121099472046,0,65,1,65,65,65,65,0
530,3.082448979591837,4096,0,0,0.3105916380882263,0,65,1,65,65,65,65,0
531,3.0882539682539685,4096,0,0,0.31508320569992065,0,65,1,65,65,65,65,0
532,3.0940589569160997,4096,0,0,0.31421613693237305,0,65,1,65,65,65,65,0
533,3.0998639455782313,4096,0,0,0.31328779458999634,0,65,1,65,65,65,65,0
534,3.105668934240363,4096,0,0,0.3139735162258148,0,65,1,65,65,65,65,0
535,3.111473922902494,4096,0,0,0.316365122795105,0,65,1,65,65,65,65,0
536,3.1172789115646258,4096,0,0,0.3174271285533905,0,65,1,65,65,65,65,0
537,3.1230839002267574,4096,0,0,0.30768999457359314,0,65,1,65,65,65,65,0
538,3.128888888888889,4096,0,0,0.29625383019447327,0,65,1,65,65,65,65,0
539,3.1346938775510202,4096,0,0,0.2873760163784027,0,65,1,65,65,65,65,0
540,3.140498866213152,4096,0,0,0.27452024817466736,0,65,1,65,65,65,65,0
541,3.1463038548752835,4096,0,0,0.26640450954437256,0,65,1,65,65,65,65,0
542,3.152108843537415,4096,0,0,0.2850615680217743,0,65,1,65,65,65,65,0
543,3.1579138321995464,4096,0,0,0.306118369102478,0,65,1,65,65,65,65,0
544,3.163718820861678,4096,0,0,0.31676024198532104,0,65,1,65,65,65,65,0
545,3.1695238095238096,4096,0,0,0.31923791766166687,0,65,1,65,65,65,65,0
546,3.175328798185941,4096,0,0,0.31890663504600525,0,65,1,65,65,65,65,0
547,3.1811337868480725,4096,0,0,0.3163032531738281,0,65,1,65,65,65,65,0
548,3.186938775510204,4096,0,0,0.31266868114471436,0,65,1,65,65,65,65,0
549,3.1927437641723357,4096,0,0,0.32550984621047974,0,65,1,65,65,65,65,0
550,3.198548752834467,4096,0,0,0.3434899151325226,0,65,1,65,65,65,65,0
551,3.2043537414965986,4096,0,0,0.34470734000205994,0,65,1,65,65,65,65,0
552,3.21015873015873,4096,0,0,0.3383139669895172,0,65,1,65,65,65,65,0
553,3.215963718820862,4096,0,0,0.32358449697494507,0,65,1,65,65,65,65,0
554,3.221768707482993,4096,0,0,0.28622519969940186,0,65,1,65,65,65,65,0
555,3.2275736961451247,4096,0,0,0.19624435901641846,0,65,1,65,65,65,65,0
556,3.2333786848072563,4096,0,0,0.10150095820426941,0,65,1,65,65,65,65,0
557,3.239183673469388,4096,0,0,0.06818048655986786,0,65,1,65,65,65,65,0
558,3.244988662131519,4096,0,0,0.05397002026438713,0,65,0,65,65,65,65,0
559,3.250793650793651,4096,0,0,0.3654669225215912,0,65,0,65,-1,-1,-1,0
560,3.2565986394557824,4096,0,0,0.30343177914619446,0,65,0,65,-1,-1,-1,0
561,3.2624036281179136,4096,0,0,0.3398521840572357,0,65,0,65,-1,-1,-1,0
562,3.2682086167800453,4096,0,0,0.4284105896949768,0,-1,0,65,-1,-1,-1,0
563,3.274013605442177,4096,0,0,0.28562474250793457,0,-1,0,65,-1,-1,-1,0
564,3.2798185941043085,4096,0,0,0.35229942202568054,0,-1,0,65,-1,-1,-1,0
565,3.2856235827664397,4096,0,0,0.3938063383102417,0,-1,0,62,-1,-1,-1,0
566,3.2914285714285714,4096,0,0,0.3497133255004883,0,-1,0,62,-1,-1,-1,0
567,3.297233560090703,4096,0,0,0.3671461343765259,0,62,0,62,-1,-1,-1,0
568,3.3030385487528346,4096,0,0,0.2729506492614746,0,62,0,62,-1,-1,-1,0
569,3.308843537414966,4096,0,0,0.35446175932884216,0,62,1,62,-1,-1,-1,0
570,3.3146485260770975,4096,0,0,0.33503010869026184,0,62,1,62,62,62,62,0
571,3.320453514739229,4096,0,0,0.3174459934234619,0,62,1,62,62,62,62,0
572,3.3262585034013608,4096,0,0,0.3931293785572052,0,62,1,62,62,62,62,0
573,3.332063492063492,4096,0,0,0.32409292459487915,0,62,1,62,62,62,62,0
574,3.3378684807256236,4096,0,0,0.38092103600502014,0,62,1,62,62,62,62,0
575,3.3436734693877552,4096,0,0,0.37053221464157104,0,62,1,62,62,62,62,0
576,3.3494784580498864,4096,0,0,0.28225329518318176,0,62,1,62,62,62,62,0
577,3.355283446712018,4096,0,0,0.3381248116493225,0,62,1,62,62,62,62,0
578,3.3610884353741497,4096,0,0,0.27584612369537354,0,62,1,62,62,62,62,0
579,3.3668934240362813,4096,0,0,0.26131588220596313,0,62,1,62,62,62,62,0
580,3.3726984126984125,4096,0,0,0.22616854310035706,0,62,1,62,62,62,62,0
581,3.378503401360544,4096,0,0,0.16063418984413147,0,62,1,62,62,62,62,0
582,3.384308390022676,4096,0,0,0.11014199256896973,0,62,1,62,62,62,62,0
583,3.3901133786848074,4096,0,0,0.06647579371929169,0,62,1,62,62,62,62,0
584,3.3959183673469386,4096,0,0,0.060414429754018784,0,62,0,62,62,62,62,0
585,3.4017233560090703,4096,0,0,0.045883502811193466,0,62,0,62,-1,-1,-1,0
586,3.407528344671202,4096,0,0,0.04187590628862381,0,62,0,62,-1,-1,-1,0
587,3.4133333333333336,4096,0,0,0.035695433616638184,0,-1,0,62,-1,-1,-1,0
588,3.4191383219954647,4096,0,0,0.03787887096405029,0,-1,0,62,-1,-1,-1,0
589,3.4249433106575964,4096,0,0,0.03807540982961655,0,-1,0,62,-1,-1,-1,0
590,3.430748299319728,4096,0,0,0.029655955731868744,0,-1,0,62,-1,-1,-1,0
591,3.436553287981859,4096,0,0,0.028980441391468048,0,-1,0,62,-1,-1,-1,0
592,3.442358276643991,4096,0,0,0.029851233586668968,0,-1,0,62,-1,-1,-1,0
593,3.4481632653061225,4096,0,0,0.027902157977223396,0,-1,0,62,-1,-1,-1,0
594,3.453968253968254,4096,0,0,0.027929069474339485,0,-1,0,62,-1,-1,-1,0
595,3.4597732426303853,4096,0,0,0.028072457760572433,0,-1,0,62,-1,-1,-1,0
596,3.465578231292517,4096,0,0,0.02838079072535038,0,-1,0,72,-1,-1,-1,0
597,3.4713832199546486,4096,0,0,0.03235374763607979,0,-1,0,72,-1,-1,-1,0
598,3.4771882086167802,4096,0,0,0.1673586666584015,0,-1,0,72,-1,-1,-1,0
599,3.4829931972789114,4096,0,0,0.2696549892425537,0,-1,0,59,-1,-1,-1,0
600,3.488798185941043,4096,0,0,0.2911764085292816,0,-1,0,50,-1,-1,-1,0
601,3.4946031746031747,4096,0,0,0.30161163210868835,0,-1,0,64,-1,-1,-1,0
602,3.500408163265306,4096,0,0,0.30020010471343994,0,-1,0,64,-1,-1,-1,0
603,3.5062131519274375,4096,0,0,0.2661958932876587,0,-1,0,63,-1,-1,-1,0
604,3.512018140589569,4096,0,0,0.30825281143188477,0,-1,0,63,-1,-1,-1,0
605,3.517823129251701,4096,0,0,0.2904807925224304,0,-1,0,63,-1,-1,-1,0
606,3.523628117913832,4096,0,0,0.2807087302207947,0,-1,0,63,-1,-1,-1,0
607,3.5294331065759637,4096,0,0,0.3119507133960724,0,-1,0,63,-1,-1,-1,0
608,3.5352380952380953,4096,0,0,0.17760910093784332,0,-1,0,63,-1,-1,-1,0
609,3.541043083900227,4096,0,0,0.05479155853390694,0,-1,0,63,-1,-1,-1,0
610,3.546848072562358,4096,0,0,0.03801541030406952,0,-1,0,63,-1,-1,-1,0
611,3.5526530612244898,4096,0,0,0.03957713395357132,0,-1,0,63,-1,-1,-1,0
612,3.5584580498866214,4096,0,0,0.03325449675321579,0,-1,0,63,-1,-1,-1,0
613,3.564263038548753,4096,0,0,0.028651893138885498,0,-1,0,63,-1,-1,-1,0
614,3.5700680272108842,4096,0,0,0.027360698208212852,0,-1,0,63,-1,-1,-1,0
615,3.575873015873016,4096,0,0,0.02764877676963806,0,-1,0,63,-1,-1,-1,0
616,3.5816780045351475,4096,0,0,0.027576778084039688,0,-1,0,63,-1,-1,-1,0
617,3.5874829931972787,4096,0,0,0.027608808130025864,0,-1,0,63,-1,-1,-1,0
618,3.5932879818594103,4096,0,0,0.02751828171312809,0,-1,0,64,-1,-1,-1,0
619,3.599092970521542,4096,0,0,0.027402015402913094,0,-1,0,64,-1,-1,-1,0
620,3.6048979591836736,4096,0,0,0.027031734585762024,0,-1,0,64,-1,-1,-1,0
621,3.610702947845805,4096,0,0,0.026891570538282394,0,-1,0,59,-1,-1,-1,0
622,3.6165079365079364,4096,0,0,0.027158556506037712,0,-1,0,59,-1,-1,-1,0
623,3.622312925170068,4096,0,0,0.027352770790457726,0,-1,0,59,-1,-1,-1,0
624,3.6281179138321997,4096,0,0,0.027565719559788704,0,-1,0,59,-1,-1,-1,0
625,3.633922902494331,4096,0,0,0.028392132371664047,0,-1,0,59,-1,-1,-1,0
626,3.6397278911564626,4096,0,0,0.028172355145215988,0,-1,0,59,-1,-1,-1,0
627,3.645532879818594,4096,0,0,0.02750376984477043,0,-1,0,59,-1,-1,-1,0
628,3.651337868480726,4096,0,0,0.027445759624242783,0,-1,0,59,-1,-1,-1,0
629,3.657142857142857,4096,0,0,0.028351670131087303,0,-1,0,59,-1,-1,-1,0
630,3.6629478458049887,4096,0,0,0.0291906725615263,0,-1,0,59,-1,-1,-1,0
631,3.6687528344671203,4096,0,0,0.02808251790702343,0,-1,0,59,-1,-1,-1,0
632,3.6745578231292515,4096,0,0,0.027574807405471802,0,-1,0,59,-1,-1,-1,0
633,3.680362811791383,4096,0,0,0.027908064424991608,0,-1,0,59,-1,-1,-1,0
634,3.6861678004535148,4096,0,0,0.02777950093150139,0,-1,0,59,-1,-1,-1,0
635,3.6919727891156464,4096,0,0,0.027477780357003212,0,-1,0,59,-1,-1,-1,0
636,3.6977777777777776,4096,0,0,0.02731464058160782,0,-1,0,59,-1,-1,-1,0
637,3.7035827664399092,4096,0,0,0.028754301369190216,0,-1,0,59,-1,-1,-1,0
638,3.709387755102041,4096,0,0,0.03125729411840439,0,-1,0,59,-1,-1,-1,0
639,3.7151927437641725,4096,0,0,0.03513866662979126,0,-1,0,59,-1,-1,-1,0
640,3.7209977324263037,4096,0,0,0.03694313392043114,0,-1,0,59,-1,-1,-1,0
641,3.7268027210884354,4096,0,0,0.035354964435100555,0,-1,0,72,-1,-1,-1,0
642,3.732607709750567,4096,0,0,0.033050354570150375,0,-1,0,72,-1,-1,-1,0
643,3.7384126984126986,4096,0,0,0.02983664721250534,0,-1,0,72,-1,-1,-1,0
644,3.74421768707483,4096,0,0,0.5160739421844482,0,-1,0,72,-1,-1,-1,0
645,3.7500226757369615,512,1,0,0.6114165186882019,1,-1,1,67,-1,-1,-1,0
646,3.755827664399093,512,0,0,0.5885723829269409,1,67,1,67,67,67,67,0
647,3.7616326530612243,512,0,0,0.5964287519454956,1,67,1,67,67,67,67,0
648,3.767437641723356,1024,0,1,0.7223501205444336,1,67,1,67,67,67,67,0
649,3.7732426303854876,1024,0,0,0.7122268676757812,1,67,1,67,67,67,67,0
650,3.779047619047619,2048,0,0,0.7130635976791382,1,67,1,67,67,67,67,0
651,3.7848526077097504,2048,0,0,0.6813316941261292,1,67,1,67,67,67,67,0
652,3.790657596371882,2048,0,0,0.5832922458648682,0,67,1,67,67,67,67,0
653,3.7964625850340137,2048,0,0,0.5022686719894409,0,67,1,67,67,67,67,0
654,3.8022675736961453,4096,0,0,0.4704858660697937,0,67,0,67,67,67,67,0
655,3.8080725623582765,4096,0,0,0.43516379594802856,0,67,0,67,-1,-1,-1,0
656,3.813877551020408,4096,0,0,0.42109671235084534,0,67,1,67,-1,-1,-1,0
657,3.81968253968254,4096,0,0,0.4866262376308441,0,67,1,67,67,67,67,0
658,3.825487528344671,4096,0,0,0.44380971789360046,0,67,1,67,67,67,67,0
659,3.8312925170068026,4096,0,0,0.5263856649398804,0,67,1,67,67,67,67,0
660,3.8370975056689343,512,1,0,0.49749231338500977,0,67,1,67,67,67,67,0
661,3.842902494331066,512,0,0,0.6173717975616455,1,67,1,67,67,67,67,0
662,3.848707482993197,512,0,0,0.548744797706604,0,67,1,67,67,67,67,0
663,3.8545124716553287,1024,0,0,0.4538281559944153,0,67,1,67,67,67,67,0
664,3.8603174603174604,1024,0,0,0.4622466266155243,0,67,1,67,67,67,67,0
665,3.866122448979592,2048,0,0,0.3523785173892975,0,67,1,67,67,67,67,0
666,3.871927437641723,2048,0,0,0.3611164689064026,0,67,1,67,67,67,67,0
667,3.877732426303855,2048,0,0,0.40461355447769165,0,67,1,67,67,67,67,0
668,3.8835374149659865,2048,0,0,0.5267141461372375,0,67,1,67,67,67,67,0
669,3.889342403628118,4096,0,0,0.501263439655304,0,67,1,67,67,67,67,0
670,3.8951473922902493,4096,0,0,0.463117778301239,0,67,1,67,67,67,67,0
671,3.900952380952381,4096,0,0,0.4805864095687866,0,67,1,67,67,67,67,0
672,3.9067573696145126,4096,0,0,0.3517264425754547,0,67,1,67,67,67,67,0
673,3.912562358276644,4096,0,0,0.39997556805610657,0,67,1,67,67,67,67,0
674,3.9183673469387754,4096,0,0,0.46045124530792236,0,67,1,67,67,67,67,0
675,3.924172335600907,4096,0,0,0.48452162742614746,0,67,1,67,67,67,67,0
676,3.9299773242630387,4096,0,0,0.449773907661438,0,67,1,67,67,67,67,0
677,3.93578231292517,4096,0,0,0.3768020272254944,0,67,1,67,67,67,67,0
678,3.9415873015873015,4096,0,0,0.45997655391693115,0,67,1,67,67,67,67,0
679,3.947392290249433,4096,0,0,0.4628126323223114,0,67,1,67,67,67,67,0
680,3.953197278911565,4096,0,0,0.4629772901535034,0,67,1,67,67,67,67,0
681,3.959002267573696,4096,0,0,0.5480449795722961,0,67,1,67,67,67,67,0
682,3.9648072562358276,4096,0,0,0.5421884655952454,0,67,1,67,67,67,67,0
683,3.9706122448979593,4096,0,0,0.5613860487937927,0,67,1,67,67,67,67,0
684,3.976417233560091,4096,0,0,0.4587405323982239,0,67,1,67,67,67,67,0
685,3.982222222222222,4096,0,0,0.5632179975509644,0,67,1,67,67,67,67,0
686,3.9880272108843537,4096,0,0,0.5257065296173096,0,67,1,67,67,67,67,0
687,3.9938321995464854,4096,0,0,0.45763424038887024,0,67,1,67,67,67,67,0
688,3.9996371882086166,4096,0,0,0.5213109254837036,0,67,1,67,67,67,67,0
689,4.005442176870749,4096,0,0,0.4826899766921997,0,67,1,67,67,67,67,0
690,4.01124716553288,4096,0,0,0.5295575261116028,0,67,1,67,67,67,67,0
691,4.017052154195011,4096,0,0,0.4632038176059723,0,67,1,67,67,67,67,0
692,4.022857142857143,4096,0,0,0.5670152902603149,0,67,1,67,67,67,67,0
693,4.028662131519274,4096,0,0,0.509612500667572,0,67,1,67,67,67,67,0
694,4.0344671201814055,4096,0,0,0.46468064188957214,0,67,1,67,67,67,67,0
695,4.040272108843538,4096,0,0,0.5689958930015564,0,67,1,67,67,67,67,0
696,4.046077097505669,4096,0,0,0.6727147102355957,1,67,1,67,67,67,67,0
697,4.051882086167801,4096,0,0,0.6070002913475037,1,67,1,67,67,67,67,0
698,4.057687074829932,4096,0,0,0.5661483407020569,0,67,1,67,67,67,67,0
699,4.063492063492063,4096,0,0,0.7271748185157776,1,67,1,67,67,67,67,0
700,4.069297052154195,4096,0,0,0.6801454424858093,1,67,1,67,67,67,67,0
701,4.0751020408163265,4096,0,0,0.4477146565914154,0,67,1,67,67,67,67,0
702,4.080907029478458,4096,0,0,0.29605579376220703,0,67,1,67,67,67,67,0
703,4.08671201814059,4096,0,0,0.2836369276046753,0,67,1,67,67,67,67,0
704,4.092517006802721,4096,0,0,0.33164387941360474,0,67,1,67,67,67,67,0
705,4.098321995464852,4096,0,0,0.30120691657066345,0,67,1,67,67,67,67,0
706,4.104126984126984,4096,0,0,0.26800423860549927,0,67,1,67,67,67,67,0
707,4.1099319727891155,4096,0,0,0.29071179032325745,0,67,1,67,67,67,67,0
708,4.115736961451248,4096,0,0,0.3054613769054413,0,67,0,67,67,67,67,0
709,4.121541950113379,4096,0,0,0.30775561928749084,0,67,0,67,-1,-1,-1,0
710,4.12734693877551,4096,0,0,0.3026675283908844,0,67,0,67,-1,-1,-1,0
711,4.133151927437642,4096,0,0,0.3038480579853058,0,67,0,67,-1,-1,-1,0
712,4.138956916099773,4096,0,0,0.3012098968029022,0,67,0,66,-1,-1,-1,0
713,4.144761904761904,4096,0,0,0.29647424817085266,0,67,0,66,-1,-1,-1,0
714,4.1505668934240365,4096,0,0,0.2872777283191681,0,67,0,65,-1,-1,-1,0
715,4.156371882086168,4096,0,0,0.2736595869064331,0,67,0,65,-1,-1,-1,0
716,4.162176870748299,4096,0,0,0.2681262195110321,0,67,0,65,-1,-1,-1,0
717,4.167981859410431,4096,0,0,0.2693274915218353,0,67,1,65,-1,-1,-1,0
718,4.173786848072562,4096,0,0,0.26655277609825134,0,67,1,65,65,65,65,0
719,4.179591836734694,4096,0,0,0.267002671957016,0,-1,1,65,65,65,65,0
720,4.1853968253968254,4096,0,0,0.2687995135784149,0,-1,1,65,65,65,65,0
721,4.191201814058957,4096,0,0,0.26790618896484375,0,-1,1,65,65,65,65,0
722,4.197006802721089,4096,0,0,0.27608785033226013,0,-1,1,65,65,65,65,0
723,4.20281179138322,4096,0,0,0.2883630096912384,0,-1,1,65,65,65,65,0
724,4.208616780045351,4096,0,0,0.29102611541748047,0,-1,1,65,65,65,65,0
725,4.214421768707483,4096,0,0,0.29456424713134766,0,-1,1,65,65,65,65,0
726,4.220226757369614,4096,0,0,0.29805293679237366,0,-1,1,65,65,65,65,0
727,4.2260317460317465,4096,0,0,0.30193471908569336,0,-1,1,65,65,65,65,0
728,4.231836734693878,4096,0,0,0.30585524439811707,0,-1,1,65,65,65,65,0
729,4.237641723356009,4096,0,0,0.30783042311668396,0,-1,1,65,65,65,65,0
730,4.243446712018141,4096,0,0,0.30548226833343506,0,-1,1,65,65,65,65,0
731,4.249251700680272,4096,0,0,0.30414333939552307,0,-1,1,65,65,65,65,0
732,4.255056689342403,4096,0,0,0.30231523513793945,0,-1,1,65,65,65,65,0
733,4.260861678004535,4096,0,0,0.3005417585372925,0,-1,1,65,65,65,65,0
734,4.266666666666667,4096,0,0,0.29229289293289185,0,-1,1,65,65,65,65,0
735,4.272471655328798,4096,0,0,0.2796711027622223,0,-1,1,65,65,65,65,0
736,4.27827664399093,4096,0,0,0.2707398235797882,0,-1,1,65,65,65,65,0
737,4.284081632653061,4096,0,0,0.26631391048431396,0,-1,1,65,65,65,65,0
738,4.289886621315193,4096,0,0,0.2612477242946625,0,-1,1,65,65,65,65,0
739,4.295691609977324,4096,0,0,0.25770995020866394,0,-1,1,65,65,65,65,0
740,4.3014965986394555,4096,0,0,0.2504529654979706,0,-1,1,65,65,65,65,0
741,4.307301587301588,4096,0,0,0.2440633773803711,0,-1,1,65,65,65,65,0
742,4.313106575963719,4096,0,0,0.22350426018238068,0,-1,1,65,65,65,65,0
743,4.31891156462585,4096,0,0,0.12358096241950989,0,-1,1,65,65,65,65,0
744,4.324716553287982,4096,0,0,0.046912603080272675,0,-1,1,65,65,65,65,0
745,4.330521541950113,4096,0,0,0.031188035383820534,0,-1,0,65,65,65,65,0
746,4.3363265306122445,4096,0,0,0.028358060866594315,0,-1,0,65,-1,-1,-1,0
747,4.342131519274377,4096,0,0,0.029783323407173157,0,-1,0,65,-1,-1,-1,0
748,4.347936507936508,4096,0,0,0.031186172738671303,0,-1,0,65,-1,-1,-1,0
749,4.35374149659864,4096,0,0,0.03052115999162197,0,-1,0,65,-1,-1,-1,0
750,4.359546485260771,4096,0,0,0.42156079411506653,0,-1,0,65,-1,-1,-1,0
751,4.365351473922902,4096,0,0,0.39912477135658264,0,67,0,65,-1,-1,-1,0
752,4.371156462585034,4096,0,0,0.4974047839641571,0,67,0,65,-1,-1,-1,0
753,4.3769614512471655,4096,0,1,0.5066171884536743,0,67,0,66,-1,-1,-1,0
754,4.382766439909297,4096,0,0,0.4191642701625824,0,67,0,66,-1,-1,-1,0
755,4.388571428571429,4096,0,0,0.4271336793899536,0,67,0,67,-1,-1,-1,0
756,4.39437641723356,4096,0,0,0.3627544641494751,0,67,0,67,-1,-1,-1,0
757,4.400181405895691,4096,0,0,0.3570304811000824,0,67,0,67,-1,-1,-1,0
758,4.405986394557823,4096,0,0,0.2941201627254486,0,67,0,67,-1,-1,-1,0
759,4.4117913832199545,4096,0,0,0.3025241494178772,0,67,0,67,-1,-1,-1,0
760,4.4175963718820865,4096,0,0,0.30445754528045654,0,67,0,67,-1,-1,-1,0
761,4.423401360544218,4096,0,0,0.302959144115448,0,67,0,67,-1,-1,-1,0
762,4.429206349206349,4096,0,0,0.34082460403442383,0,67,0,67,-1,-1,-1,0
763,4.435011337868481,4096,0,0,0.46564197540283203,0,67,1,67,-1,-1,-1,0
764,4.440816326530612,4096,0,0,0.4877774715423584,0,67,1,67,67,67,67,0
765,4.446621315192743,4096,0,0,0.42896944284439087,0,67,1,67,67,67,67,0
766,4.4524263038548755,4096,0,0,0.40176257491111755,0,67,1,67,67,67,67,0
767,4.458231292517007,4096,0,0,0.4005829691886902,0,67,1,67,67,67,67,0
768,4.464036281179139,4096,0,0,0.3942149877548218,0,67,1,67,67,67,67,0
769,4.46984126984127,4096,0,0,0.3066639304161072,0,67,1,67,67,67,67,0
770,4.475646258503401,4096,0,0,0.321356862783432,0,67,1,67,67,67,67,0
771,4.481451247165533,4096,0,0,0.2953492999076843,0,67,1,67,67,67,67,0
772,4.487256235827664,4096,0,0,0.2983015179634094,0,67,1,67,67,67,67,0
773,4.493061224489796,4096,0,0,0.28135570883750916,0,67,1,67,67,67,67,0
774,4.498866213151928,4096,0,0,0.2854190170764923,0,67,1,67,67,67,67,0
775,4.504671201814059,4096,0,0,0.3392064869403839,0,67,1,67,67,67,67,0
776,4.51047619047619,4096,0,0,0.3121240735054016,0,67,1,67,67,67,67,0
777,4.516281179138322,4096,0,0,0.37433522939682007,0,67,1,67,67,67,67,0
778,4.522086167800453,4096,0,0,0.374254047870636,0,67,1,67,67,67,67,0
779,4.527891156462585,4096,0,0,0.32343658804893494,0,67,1,67,67,67,67,0
780,4.533696145124717,4096,0,0,0.27623453736305237,0,67,1,67,67,67,67,0
781,4.539501133786848,4096,0,0,0.2666136622428894,0,67,1,67,67,67,67,0
782,4.54530612244898,4096,0,0,0.3197498321533203,0,67,1,67,67,67,67,0
783,4.551111111111111,4096,0,0,0.30718517303466797,0,67,1,67,67,67,67,0
784,4.556916099773242,4096,0,0,0.3597620725631714,0,67,1,67,67,67,67,0
785,4.562721088435374,4096,0,0,0.3879164457321167,0,67,1,67,67,67,67,0
786,4.568526077097506,4096,0,0,0.31800538301467896,0,67,1,67,67,67,67,0
787,4.574331065759637,4096,0,0,0.3080964982509613,0,67,1,67,67,67,67,0
788,4.580136054421769,4096,0,0,0.29067036509513855,0,67,1,67,67,67,67,0
789,4.5859410430839,4096,0,0,0.2783273458480835,0,67,1,67,67,67,67,0
790,4.591746031746032,4096,0,0,0.2759217321872711,0,67,1,67,67,67,67,0
791,4.597551020408163,4096,0,0,0.28651121258735657,0,67,1,67,67,67,67,0
792,4.6033560090702945,4096,0,0,0.333812415599823,0,67,1,67,67,67,67,0
793,4.609160997732427,4096,0,0,0.28956863284111023,0,67,1,67,67,67,67,0
794,4.614965986394558,4096,0,0,0.3183901906013489,0,67,1,67,67,67,67,0
795,4.620770975056689,4096,0,0,0.33480823040008545,0,67,1,67,67,67,67,0
796,4.626575963718821,4096,0,0,0.3133907616138458,0,67,1,67,67,67,67,0
797,4.632380952380952,4096,0,0,0.29763469099998474,0,67,1,67,67,67,67,0
798,4.6381859410430835,4096,0,0,0.30328482389450073,0,67,1,67,67,67,67,0
799,4.6439909297052155,4096,0,0,0.3444962501525879,0,67,1,67,67,67,67,0
800,4.649795918367347,4096,0,0,0.2894357740879059,0,67,1,67,67,67,67,0
801,4.655600907029479,4096,0,0,0.3069555163383484,0,67,1,67,67,67,67,0
802,4.66140589569161,4096,0,0,0.2993730902671814,0,67,1,67,67,67,67,0
803,4.667210884353741,4096,0,0,0.30520686507225037,0,67,1,67,67,67,67,0
804,4.673015873015873,4096,0,0,0.274492084980011,0,67,1,67,67,67,67,0
805,4.6788208616780045,4096,0,0,0.28402602672576904,0,67,1,67,67,67,67,0
806,4.684625850340136,4096,0,0,0.32014498114585876,0,67,1,67,67,67,67,0
807,4.690430839002268,4096,0,0,0.27865615487098694,0,67,1,67,67,67,67,0
808,4.696235827664399,4096,0,0,0.28776484727859497,0,67,1,67,67,67,67,0
809,4.702040816326531,4096,0,0,0.2802393436431885,0,67,1,67,67,67,67,0
810,4.707845804988662,4096,0,0,0.3186574876308441,0,67,1,67,67,67,67,0
811,4.713650793650793,4096,0,0,0.2814383804798126,0,67,1,67,67,67,67,0
812,4.7194557823129255,4096,0,0,0.3009853661060333,0,67,1,67,67,67,67,0
813,4.725260770975057,4096,0,0,0.3344799280166626,0,67,1,67,67,67,67,0
814,4.731065759637188,4096,0,0,0.3020741939544678,0,67,1,67,67,67,67,0
815,4.73687074829932,4096,0,0,0.30620571970939636,0,67,1,67,67,67,67,0
816,4.742675736961451,4096,0,0,0.3084212839603424,0,67,1,67,67,67,67,0
817,4.748480725623582,4096,0,0,0.3494857847690582,0,67,1,67,67,67,67,0
818,4.7542857142857144,4096,0,0,0.30416160821914673,0,67,1,67,67,67,67,0
819,4.760090702947846,4096,0,0,0.3303828835487366,0,67,1,67,67,67,67,0
820,4.765895691609978,4096,0,0,0.35514572262763977,0,67,1,67,67,67,67,0
821,4.771700680272109,4096,0,0,0.32774659991264343,0,67,1,67,67,67,67,0
822,4.77750566893424,4096,0,0,0.32072514295578003,0,67,1,67,67,67,67,0
823,4.783310657596372,4096,0,0,0.3292563259601593,0,67,1,67,67,67,67,0
824,4.789115646258503,4096,0,0,0.35879623889923096,0,67,1,67,67,67,67,0
825,4.794920634920635,4096,0,0,0.3131662905216217,0,67,1,67,67,67,67,0
826,4.800725623582767,4096,0,0,0.33935216069221497,0,67,1,67,67,67,67,0
827,4.806530612244898,4096,0,0,0.34378495812416077,0,67,1,67,67,67,67,0
828,4.812335600907029,4096,0,0,0.32170113921165466,0,67,1,67,67,67,67,0
829,4.818140589569161,4096,0,0,0.3099691569805145,0,67,1,67,67,67,67,0
830,4.823945578231292,4096,0,0,0.32946211099624634,0,67,1,67,67,67,67,0
831,4.829750566893424,4096,0,0,0.34780001640319824,0,67,1,67,67,67,67,0
832,4.835555555555556,4096,0,0,0.3061782121658325,0,67,1,67,67,67,67,0
833,4.841360544217687,4096,0,0,0.3303164541721344,0,67,1,67,67,67,67,0
834,4.847165532879819,4096,0,0,0.3218332827091217,0,67,1,67,67,67,67,0
835,4.85297052154195,4096,0,0,0.3121163845062256,0,67,1,67,67,67,67,0
836,4.858775510204081,4096,0,0,0.2929575443267822,0,67,1,67,67,67,67,0
837,4.864580498866213,4096,0,0,0.3242948651313782,0,67,1,67,67,67,67,0
838,4.8703854875283445,4096,0,0,0.33698734641075134,0,67,1,67,67,67,67,0
839,4.876190476190477,4096,0,0,0.29617854952812195,0,67,1,67,67,67,67,0
840,4.881995464852608,4096,0,0,0.3120134472846985,0,67,1,67,67,67,67,0
841,4.887800453514739,4096,0,0,0.299958199262619,0,67,1,67,67,67,67,0
842,4.893605442176871,4096,0,0,0.3121389150619507,0,67,1,67,67,67,67,0
843,4.899410430839002,4096,0,0,0.2924022674560547,0,67,1,67,67,67,67,0
844,4.9052154195011335,4096,0,0,0.3187001347541809,0,67,1,67,67,67,67,0
845,4.911020408163266,4096,0,0,0.32650822401046753,0,67,1,67,67,67,67,0
846,4.916825396825397,4096,0,0,0.3006519079208374,0,67,1,67,67,67,67,0
847,4.922630385487528,4096,0,0,0.2970036268234253,0,67,1,67,67,67,67,0
848,4.92843537414966,4096,0,0,0.3088209927082062,0,67,1,67,67,67,67,0
849,4.934240362811791,4096,0,0,0.3234988749027252,0,67,1,67,67,67,67,0
850,4.940045351473923,4096,0,0,0.29245468974113464,0,67,1,67,67,67,67,0
851,4.9458503401360545,4096,0,0,0.3071663975715637,0,67,1,67,67,67,67,0
852,4.951655328798186,4096,0,0,0.2982361614704132,0,67,1,67,67,67,67,0
853,4.957460317460318,4096,0,0,0.2933889925479889,0,67,1,67,67,67,67,0
854,4.963265306122449,4096,0,0,0.2818065583705902,0,67,1,67,67,67,67,0
855,4.96907029478458,4096,0,0,0.3065454661846161,0,67,1,67,67,67,67,0
856,4.974875283446712,4096,0,0,0.24731329083442688,0,67,1,67,67,67,67,0
857,4.9806802721088435,4096,0,0,0.18756097555160522,0,67,1,67,67,67,67,0
858,4.986485260770975,4096,0,0,0.12354274094104767,0,67,1,67,67,67,67,0
859,4.992290249433107,4096,0,0,0.096450075507164,0,67,0,67,67,67,67,0
860,4.998095238095238,4096,0,0,0.05622542276978493,0,67,0,67,-1,-1,-1,0
861,5.00390022675737,4096,0,0,0.045535847544670105,0,67,0,67,-1,-1,-1,0
862,5.009705215419501,4096,0,0,0.03639925271272659,0,67,0,67,-1,-1,-1,0
863,5.015510204081632,4096,0,0,0.035310886800289154,0,67,0,67,-1,-1,-1,0
864,5.0213151927437645,4096,0,0,0.03111393377184868,0,67,0,67,-1,-1,-1,0
865,5.027120181405896,4096,0,0,0.029368797317147255,0,-1,0,67,-1,-1,-1,0
866,5.032925170068027,4096,0,0,0.028716014698147774,0,-1,0,67,-1,-1,-1,0
867,5.038730158730159,4096,0,0,0.02837337926030159,0,-1,0,67,-1,-1,-1,0
868,5.04453514739229,4096,0,0,0.028516121208667755,0,-1,0,67,-1,-1,-1,0
869,5.050340136054421,4096,0,0,0.028067756444215775,0,-1,0,67,-1,-1,-1,0
870,5.056145124716553,4096,0,0,0.027414942160248756,0,-1,0,67,-1,-1,-1,0
871,5.061950113378685,4096,0,0,0.027219079434871674,0,-1,0,67,-1,-1,-1,0
872,5.067755102040817,4096,0,0,0.027599023655056953,0,-1,0,67,-1,-1,-1,0
873,5.073560090702948,4096,0,0,0.028498820960521698,0,-1,0,67,-1,-1,-1,0
874,5.079365079365079,4096,0,0,0.029160380363464355,0,-1,0,67,-1,-1,-1,0
875,5.085170068027211,4096,0,0,0.02876584418118,0,-1,0,67,-1,-1,-1,0
876,5.090975056689342,4096,0,0,0.027895208448171616,0,-1,0,55,-1,-1,-1,0
877,5.0967800453514736,4096,0,0,0.028638120740652084,0,-1,0,72,-1,-1,-1,0
878,5.102585034013606,4096,0,0,0.030430348590016365,0,-1,0,72,-1,-1,-1,0
879,5.108390022675737,4096,0,0,0.029629290103912354,0,-1,0,72,-1,-1,-1,0
880,5.114195011337869,4096,0,0,0.02821112982928753,0,-1,0,59,-1,-1,-1,0
881,5.12,4096,0,0,0.028169624507427216,0,-1,0,59,-1,-1,-1,0
882,5.125804988662131,4096,0,0,0.028367722406983376,0,-1,0,59,-1,-1,-1,0
883,5.131609977324263,4096,0,0,0.028404802083969116,0,-1,0,59,-1,-1,-1,0
884,5.137414965986395,4096,0,0,0.027808375656604767,0,-1,0,59,-1,-1,-1,0
885,5.143219954648526,4096,0,0,0.028081217780709267,0,-1,0,59,-1,-1,-1,0
886,5.149024943310658,4096,0,0,0.028344787657260895,0,-1,0,59,-1,-1,-1,0
887,5.154829931972789,4096,0,0,0.027605680748820305,0,-1,0,59,-1,-1,-1,0
888,5.16063492063492,4096,0,0,0.028274772688746452,0,-1,0,59,-1,-1,-1,0
889,5.166439909297052,4096,0,0,0.0652550607919693,0,-1,0,59,-1,-1,-1,0
890,5.1722448979591835,4096,0,0,0.44776564836502075,0,-1,0,59,-1,-1,-1,0
891,5.178049886621316,4096,0,0,0.3841133415699005,0,65,0,59,-1,-1,-1,0
892,5.183854875283447,4096,0,0,0.4030532240867615,0,65,0,59,-1,-1,-1,0
893,5.189659863945578,4096,0,1,0.41658642888069153,0,65,0,65,-1,-1,-1,0
894,5.19546485260771,4096,0,0,0.43950244784355164,0,65,0,65,-1,-1,-1,0
895,5.201269841269841,4096,0,0,0.39352402091026306,0,65,0,65,-1,-1,-1,0
896,5.2070748299319725,4096,0,0,0.34337320923805237,0,65,0,65,-1,-1,-1,0
897,5.2128798185941045,4096,0,0,0.33440539240837097,0,65,0,65,-1,-1,-1,0
898,5.218684807256236,4096,0,0,0.3689228892326355,0,65,0,65,-1,-1,-1,0
899,5.224489795918367,4096,0,0,0.37097421288490295,0,65,0,65,-1,-1,-1,0
900,5.230294784580499,4096,0,0,0.3368223011493683,0,65,1,65,-1,-1,-1,0
901,5.23609977324263,4096,0,0,0.3224945664405823,0,65,1,65,65,65,65,0
902,5.241904761904762,4096,0,0,0.3217542767524719,0,65,1,65,65,65,65,0
903,5.2477097505668935,4096,0,0,0.3418257236480713,0,65,1,65,65,65,65,0
904,5.253514739229025,4096,0,0,0.32824575901031494,0,65,1,65,65,65,65,0
905,5.259319727891157,4096,0,0,0.3247736692428589,0,65,1,65,65,65,65,0
906,5.265124716553288,4096,0,0,0.3214702606201172,0,65,1,65,65,65,65,0
907,5.270929705215419,4096,0,0,0.32500219345092773,0,65,1,65,65,65,65,0
908,5.276734693877551,4096,0,0,0.3679346740245819,0,65,1,65,65,65,65,0
909,5.282539682539682,4096,0,0,0.3629671633243561,0,65,1,65,65,65,65,0
910,5.288344671201814,4096,0,0,0.3192519545555115,0,65,1,65,65,65,65,0
911,5.294149659863946,4096,0,0,0.27980151772499084,0,65,1,65,65,65,65,0
912,5.299954648526077,4096,0,0,0.2006312608718872,0,65,1,65,65,65,65,0
913,5.305759637188209,4096,0,0,0.1734878420829773,0,65,1,65,65,65,65,0
914,5.31156462585034,4096,0,0,0.14196857810020447,0,65,0,65,65,65,65,0
915,5.317369614512471,4096,0,0,0.04818940907716751,0,65,0,65,-1,-1,-1,0
916,5.3231746031746034,4096,0,0,0.04760824888944626,0,-1,0,65,-1,-1,-1,0
917,5.328979591836735,4096,0,0,0.08091448247432709,0,-1,0,65,-1,-1,-1,0
918,5.334784580498866,4096,0,0,0.07188688218593597,0,-1,0,65,-1,-1,-1,0
919,5.340589569160998,4096,0,0,0.5212156176567078,0,-1,0,65,-1,-1,-1,0
920,5.346394557823129,512,1,0,0.7538473010063171,1,-1,1,66,-1,-1,-1,0
921,5.352199546485261,512,0,0,0.7839165329933167,1,67,1,67,-1,-1,-1,0
922,5.358004535147392,512,0,0,0.8227710127830505,1,67,1,67,67,67,67,0
923,5.363809523809524,1024,0,1,0.8309886455535889,1,67,1,67,67,67,67,0
924,5.369614512471656,1024,0,0,0.6862823963165283,1,67,1,67,67,67,67,0
925,5.375419501133787,2048,0,0,0.5219023823738098,0,67,1,67,67,67,67,0
926,5.381224489795918,2048,0,0,0.3865685760974884,0,67,1,67,67,67,67,0
927,5.38702947845805,2048,0,0,0.3815400004386902,0,67,1,67,67,67,67,0
928,5.392834467120181,2048,0,0,0.43584880232810974,0,67,1,67,67,67,67,0
929,5.3986394557823125,4096,0,0,0.5151620507240295,0,67,0,67,67,67,67,0
930,5.404444444444445,4096,0,0,0.42487627267837524,0,67,0,67,-1,-1,-1,0
931,5.410249433106576,4096,0,0,0.367750346660614,0,67,1,67,-1,-1,-1,0
932,5.416054421768708,4096,0,0,0.3900914788246155,0,67,1,67,67,67,67,0
933,5.421859410430839,4096,0,0,0.43052273988723755,0,67,1,67,67,67,67,0
934,5.42766439909297,4096,0,0,0.4675239622592926,0,67,1,67,67,67,67,0
935,5.433469387755102,4096,0,0,0.4030751585960388,0,67,1,67,67,67,67,0
936,5.4392743764172335,4096,0,0,0.4517747461795807,0,67,1,67,67,67,67,0
937,5.445079365079365,4096,0,0,0.3709423243999481,0,67,1,67,67,67,67,0
938,5.450884353741497,4096,0,0,0.40730953216552734,0,67,1,67,67,67,67,0
939,5.456689342403628,4096,0,0,0.4876653254032135,0,67,1,67,67,67,67,0
940,5.462494331065759,4096,0,0,0.5585708022117615,0,67,1,67,67,67,67,0
941,5.468299319727891,4096,0,0,0.4535066783428192,0,67,1,67,67,67,67,0
942,5.4741043083900225,4096,0,0,0.42715567350387573,0,67,1,67,67,67,67,0
943,5.479909297052155,4096,0,0,0.3553992509841919,0,67,1,67,67,67,67,0
944,5.485714285714286,4096,0,0,0.3802327513694763,0,67,1,67,67,67,67,0
945,5.491519274376417,4096,0,0,0.3348027765750885,0,67,1,67,67,67,67,0
946,5.497324263038549,4096,0,0,0.3284728229045868,0,67,1,67,67,67,67,0
947,5.50312925170068,4096,0,0,0.3576376140117645,0,67,1,67,67,67,67,0
948,5.508934240362811,4096,0,0,0.3634031414985657,0,67,1,67,67,67,67,0
949,5.5147392290249435,4096,0,0,0.4848540127277374,0,67,1,67,67,67,67,0
950,5.520544217687075,4096,0,0,0.4478268623352051,0,67,1,67,67,67,67,0
951,5.526349206349207,4096,0,0,0.26857471466064453,0,67,1,67,67,67,67,0
952,5.532154195011338,4096,0,0,0.07336954027414322,0,67,1,67,67,67,67,0
953,5.537959183673469,4096,0,0,0.05808586999773979,0,67,0,67,67,67,67,0
954,5.543764172335601,4096,0,0,0.052945416420698166,0,67,0,67,-1,-1,-1,0
955,5.5495691609977325,4096,0,0,0.05287313833832741,0,-1,0,67,-1,-1,-1,0
956,5.555374149659864,4096,0,0,0.049231067299842834,0,-1,0,67,-1,-1,-1,0
957,5.561179138321996,4096,0,0,0.04412762448191643,0,-1,0,67,-1,-1,-1,0
958,5.566984126984127,4096,0,0,0.03965708985924721,0,-1,0,67,-1,-1,-1,0
959,5.572789115646258,4096,0,0,0.042252492159605026,0,-1,0,67,-1,-1,-1,0
960,5.57859410430839,4096,0,0,0.04378938674926758,0,-1,0,67,-1,-1,-1,0
961,5.584399092970521,4096,0,0,0.5371947288513184,0,-1,0,67,-1,-1,-1,0
962,5.5902040816326535,512,1,0,0.7701033353805542,1,-1,1,69,-1,-1,-1,0
963,5.596009070294785,512,0,0,0.7625561952590942,1,68,1,68,-1,-1,-1,0
964,5.601814058956916,512,0,0,0.7969151735305786,1,68,1,68,68,68,68,0
965,5.607619047619048,1024,0,1,0.7245232462882996,1,68,1,68,68,68,68,0
966,5.613424036281179,1024,0,0,0.5960527658462524,1,68,1,68,68,68,68,0
967,5.61922902494331,2048,0,0,0.42618706822395325,0,68,1,68,68,68,68,0
968,5.625034013605442,2048,0,0,0.4394742548465729,0,68,1,68,68,68,68,0
969,5.630839002267574,2048,0,0,0.3108309507369995,0,68,1,68,68,68,68,0
970,5.636643990929705,2048,0,0,0.27823406457901,0,68,1,68,68,68,68,0
971,5.642448979591837,4096,0,0,0.37560951709747314,0,68,1,68,68,68,68,0
972,5.648253968253968,4096,0,0,0.3894309997558594,0,68,1,68,68,68,68,0
973,5.6540589569161,4096,0,0,0.5699891448020935,0,68,1,68,68,68,68,0
974,5.659863945578231,4096,0,0,0.5923370122909546,1,68,1,68,68,68,68,0
975,5.6656689342403626,4096,0,0,0.5558664202690125,0,68,1,68,68,68,68,0
976,5.671473922902495,4096,0,0,0.5471351146697998,0,68,1,68,68,68,68,0
977,5.677278911564626,4096,0,0,0.432057648897171,0,68,1,68,68,68,68,0
978,5.683083900226757,4096,0,0,0.4983658194541931,0,68,1,68,68,68,68,0
979,5.688888888888889,512,1,0,0.4778650999069214,0,68,1,68,68,68,68,0
980,5.69469387755102,512,0,0,0.4360678791999817,0,68,1,68,68,68,68,0
981,5.7004988662131515,512,0,0,0.5248400568962097,0,68,1,68,68,68,68,0
982,5.706303854875284,1024,0,0,0.48547887802124023,0,68,1,68,68,68,68,0
983,5.712108843537415,1024,0,0,0.620326578617096,1,68,1,68,68,68,68,0
984,5.717913832199547,2048,0,0,0.7318946719169617,1,68,1,68,68,68,68,0
985,5.723718820861678,2048,0,0,0.6933594346046448,1,68,1,68,68,68,68,0
986,5.729523809523809,2048,0,0,0.6894609332084656,1,68,1,68,68,68,68,0
987,5.735328798185941,2048,0,0,0.5981457829475403,1,68,1,68,68,68,68,0
988,5.7411337868480725,4096,0,0,0.657001793384552,1,68,1,68,68,68,68,0
989,5.746938775510204,4096,0,0,0.5664603114128113,0,68,1,68,68,68,68,0
990,5.752743764172336,4096,0,0,0.5553597211837769,0,68,1,68,68,68,68,0
991,5.758548752834467,4096,0,0,0.5658979415893555,0,68,1,68,68,68,68,0
992,5.764353741496599,4096,0,0,0.5977177619934082,1,68,1,68,68,68,68,0
993,5.77015873015873,4096,0,0,0.6577255725860596,1,68,1,68,68,68,68,0
994,5.7759637188208615,4096,0,0,0.519258975982666,0,68,1,68,68,68,68,0
995,5.7817687074829935,512,1,0,0.5956699252128601,1,68,1,68,68,68,68,0
996,5.787573696145125,512,0,0,0.5287703275680542,0,68,1,68,68,68,68,0
997,5.793378684807256,512,0,0,0.4506797194480896,0,68,1,68,68,68,68,0
998,5.799183673469388,1024,0,0,0.474704384803772,0,68,1,68,68,68,68,0
999,5.804988662131519,1024,0,0,0.46819642186164856,0,68,1,68,68,68,68,0
1000,5.81079365079365,2048,0,0,0.48362478613853455,0,-1,1,68,68,68,68,0
1001,5.8165986394557825,2048,0,0,0.36876025795936584,0,67,1,68,68,68,68,0
1002,5.822403628117914,2048,0,0,0.5023913383483887,0,67,1,68,68,68,68,0
1003,5.828208616780046,2048,0,1,0.5828518271446228,0,67,1,68,68,68,68,0
1004,5.834013605442177,4096,0,0,0.4923936128616333,0,67,1,68,68,68,68,0
1005,5.839818594104308,4096,0,0,0.5120038986206055,0,67,1,68,68,68,68,0
1006,5.84562358276644,4096,0,0,0.48749929666519165,0,67,1,68,68,68,68,0
1007,5.851428571428571,4096,0,0,0.5038272142410278,0,67,1,68,68,68,68,0
1008,5.857233560090703,4096,0,0,0.468754380941391,0,67,1,68,68,68,68,0
1009,5.863038548752835,4096,0,0,0.4510349929332733,0,67,1,68,68,68,68,0
1010,5.868843537414966,4096,0,0,0.5152121186256409,0,67,1,68,68,68,68,0
1011,5.874648526077097,4096,0,0,0.5022462010383606,0,67,1,68,68,68,68,0
1012,5.880453514739229,4096,0,0,0.48585161566734314,0,67,1,67,68,68,68,0
1013,5.88625850340136,4096,0,0,0.5520966053009033,0,67,1,67,67,68,68,0
1014,5.8920634920634924,4096,0,0,0.4905761778354645,0,67,1,67,67,68,68,0
1015,5.897868480725624,4096,0,0,0.5246637463569641,0,67,1,67,67,68,68,0
1016,5.903673469387755,4096,0,0,0.4992923438549042,0,67,1,67,67,68,68,0
1017,5.909478458049887,4096,0,0,0.5231334567070007,0,67,1,67,67,68,68,0
1018,5.915283446712018,4096,0,0,0.4928920269012451,0,67,1,67,67,68,68,0
1019,5.921088435374149,4096,0,0,0.45571520924568176,0,67,1,67,67,68,68,0
1020,5.926893424036281,4096,0,0,0.49296459555625916,0,67,1,67,67,68,68,0
1021,5.932698412698413,4096,0,0,0.4317145347595215,0,67,1,67,67,68,68,0
1022,5.938503401360544,4096,0,0,0.44668322801589966,0,67,1,67,67,68,68,0
1023,5.944308390022676,4096,0,0,0.3935673236846924,0,67,1,67,67,68,68,0
1024,5.950113378684807,4096,0,0,0.4021972417831421,0,67,1,67,67,68,68,0
1025,5.955918367346939,4096,0,0,0.3809959888458252,0,67,1,67,67,68,68,0
1026,5.96172335600907,4096,0,0,0.34710076451301575,0,67,1,67,67,68,68,0
1027,5.9675283446712015,4096,0,0,0.3705398738384247,0,67,1,67,67,68,68,0
1028,5.973333333333334,4096,0,0,0.33065471053123474,0,67,1,67,67,68,68,0
1029,5.979138321995465,4096,0,0,0.3591870963573456,0,67,1,67,67,68,68,0
1030,5.984943310657596,4096,0,0,0.376481294631958,0,67,1,67,67,68,68,0
1031,5.990748299319728,4096,0,0,0.4168850779533386,0,67,1,67,67,68,68,0
1032,5.996553287981859,4096,0,0,0.050908543169498444,0,67,1,67,67,68,68,0
1033,6.002358276643991,4096,0,0,0.031563304364681244,0,67,0,67,67,68,68,0
1034,6.0081632653061225,4096,0,0,0.028484374284744263,0,67,0,67,-1,-1,-1,0
1035,6.013968253968254,4096,0,0,0.0278561320155859,0,67,0,67,-1,-1,-1,0
1036,6.019773242630386,4096,0,0,0.02780778892338276,0,-1,0,67,-1,-1,-1,0
1037,6.025578231292517,4096,0,0,0.028534047305583954,0,-1,0,67,-1,-1,-1,0
1038,6.031383219954648,4096,0,0,0.028433581814169884,0,-1,0,67,-1,-1,-1,0
1039,6.03718820861678,4096,0,0,0.02813936397433281,0,-1,0,67,-1,-1,-1,0
1040,6.0429931972789115,4096,0,0,0.028304550796747208,0,-1,0,67,-1,-1,-1,0
1041,6.048798185941043,4096,0,0,0.028546664863824844,0,-1,0,67,-1,-1,-1,0
1042,6.054603174603175,4096,0,0,0.3643503487110138,0,-1,0,67,-1,-1,-1,0
1043,6.060408163265306,4096,0,0,0.3591049909591675,0,68,0,72,-1,-1,-1,0
1044,6.066213151927438,4096,0,0,0.34313562512397766,0,68,0,72,-1,-1,-1,0
1045,6.072018140589569,4096,0,1,0.32664602994918823,0,68,0,72,-1,-1,-1,0
1046,6.0778231292517,4096,0,0,0.3521654009819031,0,68,0,72,-1,-1,-1,0
1047,6.0836281179138325,4096,0,0,0.36791083216667175,0,68,0,72,-1,-1,-1,0
1048,6.089433106575964,4096,0,0,0.3653605282306671,0,68,0,68,-1,-1,-1,0
1049,6.095238095238095,4096,0,0,0.3674129843711853,0,68,0,68,-1,-1,-1,0
1050,6.101043083900227,4096,0,0,0.3566058278083801,0,68,0,68,-1,-1,-1,0
1051,6.106848072562358,4096,0,0,0.33404892683029175,0,68,0,68,-1,-1,-1,0
1052,6.112653061224489,4096,0,0,0.33885976672172546,0,68,1,68,-1,-1,-1,0
1053,6.1184580498866215,4096,0,0,0.34607186913490295,0,68,1,68,68,68,68,0
1054,6.124263038548753,4096,0,0,0.35417112708091736,0,68,1,68,68,68,68,0
1055,6.130068027210885,4096,0,0,0.352015882730484,0,68,1,68,68,68,68,0
1056,6.135873015873016,4096,0,0,0.3386634290218353,0,68,1,68,68,68,68,0
1057,6.141678004535147,4096,0,0,0.34840667247772217,0,68,1,68,68,68,68,0
1058,6.147482993197279,4096,0,0,0.3665316104888916,0,68,1,68,68,68,68,0
1059,6.15328798185941,4096,0,0,0.3788161873817444,0,68,1,68,68,68,68,0
1060,6.159092970521542,4096,0,0,0.3669308125972748,0,68,1,68,68,68,68,0
1061,6.164897959183674,4096,0,0,0.3425171375274658,0,68,1,68,68,68,68,0
1062,6.170702947845805,4096,0,0,0.34702739119529724,0,68,1,68,68,68,68,0
1063,6.176507936507937,4096,0,0,0.3475249111652374,0,68,1,68,68,68,68,0
1064,6.182312925170068,4096,0,0,0.3498757481575012,0,68,1,68,68,68,68,0
1065,6.188117913832199,4096,0,0,0.3497826159000397,0,68,1,68,68,68,68,0
1066,6.193922902494331,4096,0,0,0.35064923763275146,0,68,1,68,68,68,68,0
1067,6.199727891156463,4096,0,0,0.34113743901252747,0,68,1,68,68,68,68,0
1068,6.205532879818594,4096,0,0,0.3249630331993103,0,68,1,68,68,68,68,0
1069,6.211337868480726,4096,0,0,0.3495810031890869,0,68,1,68,68,68,68,0
1070,6.217142857142857,4096,0,0,0.3476649522781372,0,68,1,68,68,68,68,0
1071,6.222947845804988,4096,0,0,0.34273409843444824,0,68,1,68,68,68,68,0
1072,6.22875283446712,4096,0,0,0.3527265787124634,0,68,1,68,68,68,68,0
1073,6.2345578231292516,4096,0,0,0.3491821587085724,0,68,1,68,68,68,68,0
1074,6.240362811791384,4096,0,0,0.3422267436981201,0,68,1,68,68,68,68,0
1075,6.246167800453515,4096,0,0,0.3321635127067566,0,68,1,68,68,68,68,0
1076,6.251972789115646,4096,0,0,0.33629173040390015,0,68,1,68,68,68,68,0
1077,6.257777777777778,4096,0,0,0.32641902565956116,0,68,1,68,68,68,68,0
1078,6.263582766439909,4096,0,0,0.33142876625061035,0,68,1,68,68,68,68,0
1079,6.2693877551020405,4096,0,0,0.3449975252151489,0,68,1,68,68,68,68,0
1080,6.275192743764173,4096,0,0,0.3413129448890686,0,68,1,68,68,68,68,0
1081,6.280997732426304,4096,0,0,0.32149675488471985,0,68,1,68,68,68,68,0
1082,6.286802721088435,4096,0,0,0.3129923939704895,0,68,1,68,68,68,68,0
1083,6.292607709750567,4096,0,0,0.32000184059143066,0,68,1,68,68,68,68,0
1084,6.298412698412698,4096,0,0,0.32909518480300903,0,68,1,68,68,68,68,0
1085,6.30421768707483,4096,0,0,0.3178448975086212,0,68,1,68,68,68,68,0
1086,6.3100226757369615,4096,0,0,0.32562771439552307,0,68,1,68,68,68,68,0
1087,6.315827664399093,4096,0,0,0.2981678247451782,0,68,1,68,68,68,68,0
1088,6.321632653061225,4096,0,0,0.30924084782600403,0,68,1,68,68,68,68,0
1089,6.327437641723356,4096,0,0,0.29338136315345764,0,68,1,68,68,68,68,0
1090,6.333242630385487,4096,0,0,0.3015725016593933,0,68,1,68,68,68,68,0
1091,6.339047619047619,4096,0,0,0.3183504045009613,0,68,1,68,68,68,68,0
1092,6.3448526077097505,4096,0,0,0.3004853129386902,0,68,1,68,68,68,68,0
1093,6.350657596371882,4096,0,0,0.28508448600769043,0,68,1,68,68,68,68,0
1094,6.356462585034014,4096,0,0,0.28533557057380676,0,68,1,68,68,68,68,0
1095,6.362267573696145,4096,0,0,0.29425182938575745,0,68,1,68,68,68,68,0
1096,6.368072562358277,4096,0,0,0.30498799681663513,0,68,1,68,68,68,68,0
1097,6.373877551020408,4096,0,0,0.29408788681030273,0,68,1,68,68,68,68,0
1098,6.379682539682539,4096,0,0,0.30750805139541626,0,68,1,68,68,68,68,0
1099,6.3854875283446715,4096,0,0,0.27773183584213257,0,68,1,68,68,68,68,0
1100,6.391292517006803,4096,0,0,0.2785864472389221,0,68,1,68,68,68,68,0
1101,6.397097505668934,4096,0,0,0.276612788438797,0,68,1,68,68,68,68,0
1102,6.402902494331066,4096,0,0,0.29119306802749634,0,68,1,68,68,68,68,0
1103,6.408707482993197,4096,0,0,0.2850426733493805,0,68,1,68,68,68,68,0
1104,6.414512471655329,4096,0,0,0.28976675868034363,0,68,1,68,68,68,68,0
1105,6.42031746031746,4096,0,0,0.3039380609989166,0,68,1,68,68,68,68,0
1106,6.426122448979592,4096,0,0,0.2838934361934662,0,68,1,68,68,68,68,0
1107,6.431927437641724,4096,0,0,0.29755899310112,0,68,1,68,68,68,68,0
1108,6.437732426303855,4096,0,0,0.2711358964443207,0,68,1,68,68,68,68,0
1109,6.443537414965986,4096,0,0,0.28538304567337036,0,68,1,68,68,68,68,0
1110,6.449342403628118,4096,0,0,0.2747606933116913,0,68,1,68,68,68,68,0
1111,6.455147392290249,4096,0,0,0.29415813088417053,0,68,1,68,68,68,68,0
1112,6.460952380952381,4096,0,0,0.295757919549942,0,68,1,68,68,68,68,0
1113,6.466757369614513,4096,0,0,0.29130905866622925,0,68,1,68,68,68,68,0
1114,6.472562358276644,4096,0,0,0.30593782663345337,0,68,1,68,68,68,68,0
1115,6.478367346938776,4096,0,0,0.2731781005859375,0,68,1,68,68,68,68,0
1116,6.484172335600907,4096,0,0,0.288547545671463,0,68,1,68,68,68,68,0
1117,6.489977324263038,4096,0,0,0.27735668420791626,0,68,1,68,68,68,68,0
1118,6.49578231292517,4096,0,0,0.29341545701026917,0,68,1,68,68,68,68,0
1119,6.501587301587302,4096,0,0,0.3072036802768707,0,68,1,68,68,68,68,0
1120,6.507392290249433,4096,0,0,0.286428302526474,0,68,1,68,68,68,68,0
1121,6.513197278911565,4096,0,0,0.2914762496948242,0,68,1,68,68,68,68,0
1122,6.519002267573696,4096,0,0,0.2756432890892029,0,68,1,68,68,68,68,0
1123,6.524807256235827,4096,0,0,0.2949356734752655,0,68,1,68,68,68,68,0
1124,6.530612244897959,4096,0,0,0.29447558522224426,0,68,1,68,68,68,68,0
1125,6.5364172335600905,4096,0,0,0.29511669278144836,0,68,1,68,68,68,68,0
1126,6.542222222222223,4096,0,0,0.3092440664768219,0,68,1,68,68,68,68,0
1127,6.548027210884354,4096,0,0,0.2732927203178406,0,68,1,68,68,68,68,0
1128,6.553832199546485,4096,0,0,0.29274433851242065,0,68,1,68,68,68,68,0
1129,6.559637188208617,4096,0,0,0.28126654028892517,0,68,1,68,68,68,68,0
1130,6.565442176870748,4096,0,0,0.2956443727016449,0,68,1,68,68,68,68,0
1131,6.5712471655328795,4096,0,0,0.30162283778190613,0,68,1,68,68,68,68,0
1132,6.5770521541950115,4096,0,0,0.2946544587612152,0,68,1,68,68,68,68,0
1133,6.582857142857143,4096,0,0,0.30595943331718445,0,68,1,68,68,68,68,0
1134,6.588662131519274,4096,0,0,0.2729344964027405,0,68,1,68,68,68,68,0
1135,6.594467120181406,4096,0,0,0.29502925276756287,0,68,1,68,68,68,68,0
1136,6.600272108843537,4096,0,0,0.2864398956298828,0,68,1,68,68,68,68,0
1137,6.606077097505669,4096,0,0,0.30211931467056274,0,68,1,68,68,68,68,0
1138,6.6118820861678005,4096,0,0,0.3090837597846985,0,68,1,68,68,68,68,0
1139,6.617687074829932,4096,0,0,0.293592244386673,0,68,1,68,68,68,68,0
1140,6.623492063492064,4096,0,0,0.306592732667923,0,68,1,68,68,68,68,0
1141,6.629297052154195,4096,0,0,0.2762499451637268,0,68,1,68,68,68,68,0
1142,6.635102040816326,4096,0,0,0.30204668641090393,0,68,1,68,68,68,68,0
1143,6.640907029478458,4096,0,0,0.29144904017448425,0,68,1,68,68,68,68,0
1144,6.646712018140589,4096,0,0,0.30293720960617065,0,68,1,68,68,68,68,0
1145,6.6525170068027215,4096,0,0,0.31181254982948303,0,68,1,68,68,68,68,0
1146,6.658321995464853,4096,0,0,0.2846826910972595,0,68,1,68,68,68,68,0
1147,6.664126984126984,4096,0,0,0.293317586183548,0,68,1,68,68,68,68,0
1148,6.669931972789116,4096,0,0,0.2788733243942261,0,68,1,68,68,68,68,0
1149,6.675736961451247,4096,0,0,0.30556657910346985,0,68,1,68,68,68,68,0
1150,6.681541950113378,4096,0,0,0.30636894702911377,0,68,1,68,68,68,68,0
1151,6.6873469387755105,4096,0,0,0.2978205680847168,0,68,1,68,68,68,68,0
1152,6.693151927437642,4096,0,0,0.30393433570861816,0,68,1,68,68,68,68,0
1153,6.698956916099773,4096,0,0,0.27387315034866333,0,68,1,68,68,68,68,0
1154,6.704761904761905,4096,0,0,0.302487850189209,0,68,1,68,68,68,68,0
1155,6.710566893424036,4096,0,0,0.2955831289291382,0,68,1,68,68,68,68,0
1156,6.716371882086168,4096,0,0,0.3007943034172058,0,68,1,68,68,68,68,0
1157,6.722176870748299,4096,0,0,0.3097177743911743,0,68,1,68,68,68,68,0
1158,6.727981859410431,4096,0,0,0.2745261788368225,0,68,1,68,68,68,68,0
1159,6.733786848072563,4096,0,0,0.29317718744277954,0,68,1,68,68,68,68,0
1160,6.739591836734694,4096,0,0,0.28149089217185974,0,68,1,68,68,68,68,0
1161,6.745396825396825,4096,0,0,0.30319875478744507,0,68,1,68,68,68,68,0
1162,6.751201814058957,4096,0,0,0.30765923857688904,0,68,1,68,68,68,68,0
1163,6.757006802721088,4096,0,0,0.29108870029449463,0,68,1,68,68,68,68,0
1164,6.7628117913832195,4096,0,0,0.29494810104370117,0,68,1,68,68,68,68,0
1165,6.768616780045352,4096,0,0,0.2720010280609131,0,68,1,68,68,68,68,0
1166,6.774421768707483,4096,0,0,0.3010652959346771,0,68,1,68,68,68,68,0
1167,6.780226757369615,4096,0,0,0.29827880859375,0,68,1,68,68,68,68,0
1168,6.786031746031746,4096,0,0,0.29691794514656067,0,68,1,68,68,68,68,0
1169,6.791836734693877,4096,0,0,0.30642256140708923,0,68,1,68,68,68,68,0
1170,6.797641723356009,4096,0,0,0.26955267786979675,0,68,1,68,68,68,68,0
1171,6.8034467120181406,4096,0,0,0.290121853351593,0,68,1,68,68,68,68,0
1172,6.809251700680272,4096,0,0,0.2804677486419678,0,68,1,68,68,68,68,0
1173,6.815056689342404,4096,0,0,0.29791876673698425,0,68,1,68,68,68,68,0
1174,6.820861678004535,4096,0,0,0.3035883605480194,0,68,1,68,68,68,68,0
1175,6.826666666666667,4096,0,0,0.28194865584373474,0,68,1,68,68,68,68,0
1176,6.832471655328798,4096,0,0,0.28640881180763245,0,68,1,68,68,68,68,0
1177,6.8382766439909295,4096,0,0,0.2685408294200897,0,68,1,68,68,68,68,0
1178,6.844081632653062,4096,0,0,0.2960406243801117,0,68,1,68,68,68,68,0
1179,6.849886621315193,4096,0,0,0.29588574171066284,0,68,1,68,68,68,68,0
1180,6.855691609977324,4096,0,0,0.29008907079696655,0,68,1,68,68,68,68,0
1181,6.861496598639456,4096,0,0,0.2998954951763153,0,68,1,68,68,68,68,0
1182,6.867301587301587,4096,0,0,0.26536935567855835,0,68,1,68,68,68,68,0
1183,6.873106575963718,4096,0,0,0.28731316328048706,0,68,1,68,68,68,68,0
1184,6.8789115646258505,4096,0,0,0.2789989411830902,0,68,1,68,68,68,68,0
1185,6.884716553287982,4096,0,0,0.2939055860042572,0,68,1,68,68,68,68,0
1186,6.890521541950114,4096,0,0,0.3005577325820923,0,68,1,68,68,68,68,0
1187,6.896326530612245,4096,0,0,0.2727300822734833,0,68,1,68,68,68,68,0
1188,6.902131519274376,4096,0,0,0.28250852227211,0,68,1,68,68,68,68,0
1189,6.907936507936508,4096,0,0,0.2751743197441101,0,68,1,68,68,68,68,0
1190,6.9137414965986395,4096,0,0,0.29773572087287903,0,68,1,68,68,68,68,0
1191,6.919546485260771,4096,0,0,0.29889950156211853,0,68,1,68,68,68,68,0
1192,6.925351473922903,4096,0,0,0.2829055190086365,0,68,1,68,68,68,68,0
1193,6.931156462585034,4096,0,0,0.2916457951068878,0,68,1,68,68,68,68,0
1194,6.936961451247165,4096,0,0,0.2662431001663208,0,68,1,68,68,68,68,0
1195,6.942766439909297,4096,0,0,0.29299044609069824,0,68,1,68,68,68,68,0
1196,6.948571428571428,4096,0,0,0.2856721878051758,0,68,1,68,68,68,68,0
1197,6.9543764172335605,4096,0,0,0.29111722111701965,0,68,1,68,68,68,68,0
1198,6.960181405895692,4096,0,0,0.3001652956008911,0,68,1,68,68,68,68,0
1199,6.965986394557823,4096,0,0,0.26543667912483215,0,68,1,68,68,68,68,0
1200,6.971791383219955,4096,0,0,0.28346240520477295,0,68,1,68,68,68,68,0
1201,6.977596371882086,4096,0,0,0.280459463596344,0,68,1,68,68,68,68,0
1202,6.983401360544217,4096,0,0,0.2985605001449585,0,68,1,68,68,68,68,0
1203,6.989206349206349,4096,0,0,0.3031105101108551,0,68,1,68,68,68,68,0
1204,6.995011337868481,4096,0,0,0.2762956917285919,0,68,1,68,68,68,68,0
1205,7.000816326530612,4096,0,0,0.2853567600250244,0,68,1,68,68,68,68,0
1206,7.006621315192744,4096,0,0,0.27346140146255493,0,68,1,68,68,68,68,0
1207,7.012426303854875,4096,0,0,0.29569926857948303,0,68,1,68,68,68,68,0
1208,7.018231292517007,4096,0,0,0.30048173666000366,0,68,1,68,68,68,68,0
1209,7.024036281179138,4096,0,0,0.22242312133312225,0,68,1,68,68,68,68,0
1210,7.02984126984127,4096,0,0,0.1078038141131401,0,68,1,68,68,68,68,0
1211,7.035646258503402,4096,0,0,0.060641296207904816,0,68,1,68,68,68,68,0
1212,7.041451247165533,4096,0,0,0.04050353914499283,0,68,1,68,68,68,68,0
1213,7.047256235827664,4096,0,0,0.033769916743040085,0,68,1,68,68,68,68,0
1214,7.053061224489796,4096,0,0,0.02928576059639454,0,68,0,68,68,68,68,0
1215,7.058866213151927,4096,0,0,0.028123095631599426,0,68,0,68,-1,-1,-1,0
1216,7.064671201814059,4096,0,0,0.0276174433529377,0,68,0,68,-1,-1,-1,0
1217,7.070476190476191,4096,0,0,0.02773638442158699,0,68,0,68,-1,-1,-1,0
1218,7.076281179138322,4096,0,0,0.02743094600737095,0,-1,0,68,-1,-1,-1,0
1219,7.082086167800454,4096,0,0,0.026918848976492882,0,-1,0,68,-1,-1,-1,0
1220,7.087891156462585,4096,0,0,0.027178730815649033,0,-1,0,68,-1,-1,-1,0
1221,7.093696145124716,4096,0,0,0.027375301346182823,0,-1,0,67,-1,-1,-1,0
1222,7.099501133786848,4096,0,0,0.027946289628744125,0,-1,0,67,-1,-1,-1,0
1223,7.1053061224489795,4096,0,0,0.02789965644478798,0,-1,0,67,-1,-1,-1,0
1224,7.111111111111111,4096,0,0,0.027719352394342422,0,-1,0,72,-1,-1,-1,0
1225,7.116916099773243,4096,0,0,0.026990173384547234,0,-1,0,72,-1,-1,-1,0
1226,7.122721088435374,4096,0,0,0.02748160995543003,0,-1,0,72,-1,-1,-1,0
1227,7.128526077097506,4096,0,0,0.02754456177353859,0,-1,0,59,-1,-1,-1,0
1228,7.134331065759637,4096,0,0,0.027113618329167366,0,-1,0,59,-1,-1,-1,0
1229,7.1401360544217685,4096,0,0,0.027453219518065453,0,-1,0,59,-1,-1,-1,0
1230,7.1459410430839005,4096,0,0,0.02782662957906723,0,-1,0,59,-1,-1,-1,0
1231,7.151746031746032,4096,0,0,0.02786964923143387,0,-1,0,59,-1,-1,-1,0
1232,7.157551020408163,4096,0,0,0.0279550738632679,0,-1,0,59,-1,-1,-1,0
1233,7.163356009070295,4096,0,0,0.027628855779767036,0,-1,0,59,-1,-1,-1,0
1234,7.169160997732426,4096,0,0,0.02763443998992443,0,-1,0,59,-1,-1,-1,0
1235,7.174965986394557,4096,0,0,0.027149604633450508,0,-1,0,59,-1,-1,-1,0
1236,7.1807709750566895,4096,0,0,0.026946917176246643,0,-1,0,59,-1,-1,-1,0
1237,7.186575963718821,4096,0,0,0.027429770678281784,0,-1,0,59,-1,-1,-1,0
1238,7.192380952380953,4096,0,0,0.02748740464448929,0,-1,0,59,-1,-1,-1,0
1239,7.198185941043084,4096,0,0,0.02777230180799961,0,-1,0,59,-1,-1,-1,0
1240,7.203990929705215,4096,0,0,0.027588678523898125,0,-1,0,59,-1,-1,-1,0
1241,7.209795918367347,4096,0,0,0.027275295928120613,0,-1,0,59,-1,-1,-1,0
1242,7.215600907029478,4096,0,0,0.027533719316124916,0,-1,0,59,-1,-1,-1,0
1243,7.22140589569161,4096,0,0,0.027731871232390404,0,-1,0,59,-1,-1,-1,0
1244,7.227210884353742,4096,0,0,0.027673110365867615,0,-1,0,59,-1,-1,-1,0
1245,7.233015873015873,4096,0,0,0.02772798016667366,0,-1,0,59,-1,-1,-1,0
1246,7.238820861678004,4096,0,0,0.02706664800643921,0,-1,0,59,-1,-1,-1,0
1247,7.244625850340136,4096,0,0,0.02693684585392475,0,-1,0,59,-1,-1,-1,0
1248,7.250430839002267,4096,0,0,0.027315320447087288,0,-1,0,59,-1,-1,-1,0
1249,7.2562358276643995,4096,0,0,0.02742941491305828,0,-1,0,59,-1,-1,-1,0
1250,7.262040816326531,4096,0,0,0.027312643826007843,0,-1,0,59,-1,-1,-1,0
1251,7.267845804988662,4096,0,0,0.026965903118252754,0,-1,0,59,-1,-1,-1,0
1252,7.273650793650794,4096,0,0,0.027024073526263237,0,-1,0,59,-1,-1,-1,0
1253,7.279455782312925,4096,0,0,0.026342589408159256,0,-1,0,59,-1,-1,-1,0
1254,7.285260770975056,4096,0,0,0.026605429127812386,0,-1,0,59,-1,-1,-1,0
1255,7.291065759637188,4096,0,0,0.027754345908761024,0,-1,0,59,-1,-1,-1,0
1256,7.29687074829932,4096,0,0,0.027809245511889458,0,-1,0,59,-1,-1,-1,0
1257,7.302675736961452,4096,0,0,0.028117341920733452,0,-1,0,59,-1,-1,-1,0
1258,7.308480725623583,4096,0,0,0.02816736325621605,0,-1,0,59,-1,-1,-1,0
1259,7.314285714285714,4096,0,0,0.027963120490312576,0,-1,0,59,-1,-1,-1,0
1260,7.320090702947846,4096,0,0,0.028200222179293633,0,-1,0,59,-1,-1,-1,0
1261,7.325895691609977,4096,0,0,0.02813316322863102,0,-1,0,59,-1,-1,-1,0
1262,7.3317006802721085,4096,0,0,0.027995092794299126,0,-1,0,59,-1,-1,-1,0
1263,7.337505668934241,4096,0,0,0.02804563380777836,0,-1,0,59,-1,-1,-1,0
1264,7.343310657596372,4096,0,0,0.027670027688145638,0,-1,0,59,-1,-1,-1,0
1265,7.349115646258503,4096,0,0,0.027620792388916016,0,-1,0,59,-1,-1,-1,0
1266,7.354920634920635,4096,0,0,0.027883103117346764,0,-1,0,59,-1,-1,-1,0
1267,7.360725623582766,4096,0,0,0.02797911874949932,0,-1,0,59,-1,-1,-1,0
1268,7.366530612244898,4096,0,0,0.02791510336101055,0,-1,0,59,-1,-1,-1,0
1269,7.3723356009070296,4096,0,0,0.027251021936535835,0,-1,0,59,-1,-1,-1,0
1270,7.378140589569161,4096,0,0,0.027521029114723206,0,-1,0,59,-1,-1,-1,0
1271,7.383945578231293,4096,0,0,0.027971487492322922,0,-1,0,59,-1,-1,-1,0
1272,7.389750566893424,4096,0,0,0.027501191943883896,0,-1,0,59,-1,-1,-1,0
1273,7.395555555555555,4096,0,0,0.02730151265859604,0,-1,0,59,-1,-1,-1,0
1274,7.401360544217687,4096,0,0,0.02760264463722706,0,-1,0,59,-1,-1,-1,0
1275,7.4071655328798185,4096,0,0,0.027836991474032402,0,-1,0,59,-1,-1,-1,0
1276,7.41297052154195,4096,0,0,0.027993852272629738,0,-1,0,59,-1,-1,-1,0
1277,7.418775510204082,4096,0,0,0.027248157188296318,0,-1,0,59,-1,-1,-1,0
1278,7.424580498866213,4096,0,0,0.027320094406604767,0,-1,0,59,-1,-1,-1,0
1279,7.430385487528345,4096,0,0,0.02755417861044407,0,-1,0,59,-1,-1,-1,0
1280,7.436190476190476,4096,0,0,0.027414819225668907,0,-1,0,59,-1,-1,-1,0
1281,7.441995464852607,4096,0,0,0.027801549062132835,0,-1,0,59,-1,-1,-1,0
1282,7.4478004535147395,4096,0,0,0.028063567355275154,0,-1,0,59,-1,-1,-1,0
1283,7.453605442176871,4096,0,0,0.028066450729966164,0,-1,0,59,-1,-1,-1,0
1284,7.459410430839002,4096,0,0,0.02725711464881897,0,-1,0,59,-1,-1,-1,0
1285,7.465215419501134,4096,0,0,0.027707096189260483,0,-1,0,59,-1,-1,-1,0
1286,7.471020408163265,4096,0,0,0.028045937418937683,0,-1,0,59,-1,-1,-1,0
1287,7.476825396825397,4096,0,0,0.027441615238785744,0,-1,0,59,-1,-1,-1,0
1288,7.4826303854875285,4096,0,0,0.027232104912400246,0,-1,0,59,-1,-1,-1,0
1289,7.48843537414966,4096,0,0,0.0269948560744524,0,-1,0,59,-1,-1,-1,0
1290,7.494240362811792,4096,0,0,0.02745511382818222,0,-1,0,59,-1,-1,-1,0
1291,7.500045351473923,4096,0,0,0.027839377522468567,0,-1,0,59,-1,-1,-1,0
1292,7.505850340136054,4096,0,0,0.02775631844997406,0,-1,0,59,-1,-1,-1,0
1293,7.511655328798186,4096,0,0,0.028022322803735733,0,-1,0,59,-1,-1,-1,0
1294,7.517460317460317,4096,0,0,0.028129063546657562,0,-1,0,59,-1,-1,-1,0
1295,7.523265306122449,4096,0,0,0.027858536690473557,0,-1,0,59,-1,-1,-1,0
1296,7.529070294784581,4096,0,0,0.027512794360518456,0,-1,0,59,-1,-1,-1,0
1297,7.534875283446712,4096,0,0,0.0278529841452837,0,-1,0,59,-1,-1,-1,0
1298,7.540680272108844,4096,0,0,0.028104614466428757,0,-1,0,59,-1,-1,-1,0
1299,7.546485260770975,4096,0,0,0.02796737290918827,0,-1,0,59,-1,-1,-1,0
1300,7.552290249433106,4096,0,0,0.02750714309513569,0,-1,0,59,-1,-1,-1,0
1301,7.558095238095238,4096,0,0,0.027445051819086075,0,-1,0,59,-1,-1,-1,0
1302,7.56390022675737,4096,0,0,0.028177974745631218,0,-1,0,59,-1,-1,-1,0
1303,7.569705215419501,4096,0,0,0.028178716078400612,0,-1,0,59,-1,-1,-1,0
1304,7.575510204081633,4096,0,0,0.02821386232972145,0,-1,0,59,-1,-1,-1,0
1305,7.581315192743764,4096,0,0,0.02790038101375103,0,-1,0,59,-1,-1,-1,0
1306,7.587120181405895,4096,0,0,0.02751162089407444,0,-1,0,59,-1,-1,-1,0
1307,7.592925170068027,4096,0,0,0.028093328699469566,0,-1,0,59,-1,-1,-1,0
1308,7.598730158730159,4096,0,0,0.028190096840262413,0,-1,0,59,-1,-1,-1,0
1309,7.604535147392291,4096,0,0,0.028325360268354416,0,-1,0,59,-1,-1,-1,0
1310,7.610340136054422,4096,0,0,0.02849287912249565,0,-1,0,59,-1,-1,-1,0
1311,7.616145124716553,4096,0,0,0.02823173999786377,0,-1,0,59,-1,-1,-1,0
1312,7.621950113378685,4096,0,0,0.02824888564646244,0,-1,0,59,-1,-1,-1,0
1313,7.627755102040816,4096,0,0,0.027956506237387657,0,-1,0,59,-1,-1,-1,0
1314,7.6335600907029475,4096,0,0,0.02744518592953682,0,-1,0,59,-1,-1,-1,0
1315,7.63936507936508,4096,0,0,0.02703031711280346,0,-1,0,59,-1,-1,-1,0
1316,7.645170068027211,4096,0,0,0.026846574619412422,0,-1,0,59,-1,-1,-1,0
1317,7.650975056689342,4096,0,0,0.026834020391106606,0,-1,0,59,-1,-1,-1,0
1318,7.656780045351474,4096,0,0,0.027487946674227715,0,-1,0,59,-1,-1,-1,0
1319,7.662585034013605,4096,0,0,0.028079597279429436,0,-1,0,59,-1,-1,-1,0
1320,7.668390022675737,4096,0,0,0.028319908306002617,0,-1,0,59,-1,-1,-1,0
1321,7.6741950113378685,4096,0,0,0.027680886909365654,0,-1,0,59,-1,-1,-1,0
1322,7.68,4096,0,0,0.027164828032255173,0,-1,0,59,-1,-1,-1,0
1323,7.685804988662132,4096,0,0,0.027286088094115257,0,-1,0,59,-1,-1,-1,0
1324,7.691609977324263,4096,0,0,0.0271773561835289,0,-1,0,59,-1,-1,-1,0
1325,7.697414965986394,4096,0,0,0.02730206958949566,0,-1,0,59,-1,-1,-1,0
1326,7.703219954648526,4096,0,0,0.02766224928200245,0,-1,0,59,-1,-1,-1,0
1327,7.7090249433106575,4096,0,0,0.027542274445295334,0,-1,0,59,-1,-1,-1,0
1328,7.7148299319727895,4096,0,0,0.02740950882434845,0,-1,0,59,-1,-1,-1,0
1329,7.720634920634921,4096,0,0,0.02707509882748127,0,-1,0,59,-1,-1,-1,0
1330,7.726439909297052,4096,0,0,0.027339385822415352,0,-1,0,59,-1,-1,-1,0
1331,7.732244897959184,4096,0,0,0.027495868504047394,0,-1,0,59,-1,-1,-1,0
1332,7.738049886621315,4096,0,0,0.02745172753930092,0,-1,0,59,-1,-1,-1,0
1333,7.743854875283446,4096,0,0,0.027116650715470314,0,-1,0,59,-1,-1,-1,0
1334,7.7496598639455785,4096,0,0,0.026997169479727745,0,-1,0,59,-1,-1,-1,0
1335,7.75546485260771,4096,0,0,0.027109794318675995,0,-1,0,59,-1,-1,-1,0
1336,7.761269841269841,4096,0,0,0.027261968702077866,0,-1,0,59,-1,-1,-1,0
1337,7.767074829931973,4096,0,0,0.02806803025305271,0,-1,0,59,-1,-1,-1,0
1338,7.772879818594104,4096,0,0,0.02735525742173195,0,-1,0,59,-1,-1,-1,0
1339,7.778684807256236,4096,0,0,0.02671712450683117,0,-1,0,59,-1,-1,-1,0
1340,7.784489795918367,4096,0,0,0.0275837741792202,0,-1,0,59,-1,-1,-1,0
1341,7.790294784580499,4096,0,0,0.027937086299061775,0,-1,0,59,-1,-1,-1,0
1342,7.796099773242631,4096,0,0,0.027514539659023285,0,-1,0,59,-1,-1,-1,0
1343,7.801904761904762,4096,0,0,0.027228977531194687,0,-1,0,59,-1,-1,-1,0
1344,7.807709750566893,4096,0,0,0.0272463820874691,0,-1,0,59,-1,-1,-1,0
1345,7.813514739229025,4096,0,0,0.02715905010700226,0,-1,0,59,-1,-1,-1,0
1346,7.819319727891156,4096,0,0,0.0273358803242445,0,-1,0,59,-1,-1,-1,0
1347,7.825124716553288,4096,0,0,0.027552958577871323,0,-1,0,59,-1,-1,-1,0
1348,7.83092970521542,4096,0,0,0.02752673625946045,0,-1,0,59,-1,-1,-1,0
1349,7.836734693877551,4096,0,0,0.027459844946861267,0,-1,0,59,-1,-1,-1,0
1350,7.842539682539683,4096,0,0,0.027252815663814545,0,-1,0,59,-1,-1,-1,0
1351,7.848344671201814,4096,0,0,0.027595553547143936,0,-1,0,59,-1,-1,-1,0
1352,7.854149659863945,4096,0,0,0.02757461555302143,0,-1,0,59,-1,-1,-1,0
1353,7.859954648526077,4096,0,0,0.027401093393564224,0,-1,0,59,-1,-1,-1,0
1354,7.865759637188209,4096,0,0,0.02790270932018757,0,-1,0,59,-1,-1,-1,0
1355,7.87156462585034,4096,0,0,0.02790435031056404,0,-1,0,59,-1,-1,-1,0
1356,7.877369614512472,4096,0,0,0.027226241305470467,0,-1,0,59,-1,-1,-1,0
1357,7.883174603174603,4096,0,0,0.027254603803157806,0,-1,0,59,-1,-1,-1,0
1358,7.888979591836734,4096,0,0,0.027623439207673073,0,-1,0,59,-1,-1,-1,0
1359,7.894784580498866,4096,0,0,0.027277452871203423,0,-1,0,59,-1,-1,-1,0
1360,7.9005895691609975,4096,0,0,0.027324652299284935,0,-1,0,59,-1,-1,-1,0
1361,7.90639455782313,4096,0,0,0.02740614488720894,0,-1,0,59,-1,-1,-1,0
1362,7.912199546485261,4096,0,0,0.02714170143008232,0,-1,0,59,-1,-1,-1,0
1363,7.918004535147392,4096,0,0,0.02698223479092121,0,-1,0,59,-1,-1,-1,0
1364,7.923809523809524,4096,0,0,0.027378397062420845,0,-1,0,59,-1,-1,-1,0
1365,7.929614512471655,4096,0,0,0.02776634320616722,0,-1,0,59,-1,-1,-1,0
1366,7.9354195011337865,4096,0,0,0.027635972946882248,0,-1,0,59,-1,-1,-1,0
1367,7.9412244897959186,4096,0,0,0.02731267176568508,0,-1,0,59,-1,-1,-1,0
1368,7.94702947845805,4096,0,0,0.02741740457713604,0,-1,0,59,-1,-1,-1,0
1369,7.952834467120182,4096,0,0,0.02729424647986889,0,-1,0,59,-1,-1,-1,0
1370,7.958639455782313,4096,0,0,0.027447069063782692,0,-1,0,59,-1,-1,-1,0
1371,7.964444444444444,4096,0,0,0.02771860733628273,0,-1,0,59,-1,-1,-1,0
1372,7.970249433106576,4096,0,0,0.027751214802265167,0,-1,0,59,-1,-1,-1,0
1373,7.9760544217687075,4096,0,0,0.027558542788028717,0,-1,0,59,-1,-1,-1,0
1374,7.981859410430839,4096,0,0,0.027809662744402885,0,-1,0,59,-1,-1,-1,0
1375,7.987664399092971,4096,0,0,0.027658777311444283,0,-1,0,59,-1,-1,-1,0
1376,7.993469387755102,4096,0,0,0.027293657884001732,0,-1,0,59,-1,-1,-1,0
1377,7.999274376417233,4096,0,0,0.026956450194120407,0,-1,0,59,-1,-1,-1,0
1378,8.005079365079364,4096,0,0,0.02715360000729561,0,-1,0,59,-1,-1,-1,0
1379,8.010884353741497,4096,0,0,0.028037745505571365,0,-1,0,59,-1,-1,-1,0
1380,8.016689342403629,4096,0,0,0.028308264911174774,0,-1,0,59,-1,-1,-1,0
1381,8.02249433106576,4096,0,0,0.02767012268304825,0,-1,0,59,-1,-1,-1,0
1382,8.028299319727891,4096,0,0,0.027087604627013206,0,-1,0,59,-1,-1,-1,0
1383,8.034104308390022,4096,0,0,0.027562765404582024,0,-1,0,59,-1,-1,-1,0
1384,8.039909297052155,4096,0,0,0.02912820130586624,0,-1,0,59,-1,-1,-1,0
1385,8.045714285714286,4096,0,0,0.0310682225972414,0,-1,0,59,-1,-1,-1,0
1386,8.051519274376417,4096,0,0,0.031743694096803665,0,-1,0,59,-1,-1,-1,0
1387,8.057324263038549,4096,0,0,0.03239353373646736,0,-1,0,59,-1,-1,-1,0
1388,8.06312925170068,4096,0,0,0.032347146421670914,0,-1,0,59,-1,-1,-1,0
1389,8.068934240362811,4096,0,0,0.03192150965332985,0,-1,0,59,-1,-1,-1,0
1390,8.074739229024944,4096,0,0,0.03277672454714775,0,-1,0,72,-1,-1,-1,0
1391,8.080544217687075,4096,0,0,0.032188769429922104,0,-1,0,72,-1,-1,-1,0
1392,8.086349206349206,4096,0,0,0.03196128085255623,0,-1,0,72,-1,-1,-1,0
1393,8.092154195011338,4096,0,0,0.03280870243906975,0,-1,0,72,-1,-1,-1,0
1394,8.097959183673469,4096,0,0,0.031693875789642334,0,-1,0,72,-1,-1,-1,0
1395,8.103764172335602,4096,0,0,0.03002767264842987,0,-1,0,72,-1,-1,-1,0
1396,8.109569160997733,4096,0,0,0.02862325683236122,0,-1,0,72,-1,-1,-1,0
1397,8.115374149659864,4096,0,0,0.03327646106481552,0,-1,0,72,-1,-1,-1,0
1398,8.121179138321995,512,1,0,0.6262036561965942,1,-1,1,72,-1,-1,-1,0
1399,8.126984126984127,512,0,0,0.5015716552734375,0,70,1,70,-1,-1,-1,0
1400,8.132789115646258,512,0,0,0.42337119579315186,0,70,1,70,70,70,70,0
1401,8.13859410430839,1024,0,1,0.4369884431362152,0,70,1,70,70,70,70,0
1402,8.144399092970522,1024,0,0,0.5559186339378357,0,70,1,70,70,70,70,0
1403,8.150204081632653,2048,0,0,0.41211849451065063,0,70,1,70,70,70,70,0
1404,8.156009070294784,2048,0,0,0.4045930504798889,0,70,1,70,70,70,70,0
1405,8.161814058956915,2048,0,0,0.3997291922569275,0,70,1,70,70,70,70,0
1406,8.167619047619048,2048,0,0,0.3331683576107025,0,70,1,70,70,70,70,0
1407,8.17342403628118,4096,0,0,0.23428559303283691,0,70,1,70,70,70,70,0
1408,8.17922902494331,4096,0,0,0.3393101394176483,0,70,1,70,70,70,70,0
1409,8.185034013605442,4096,0,0,0.456082820892334,0,70,1,70,70,70,70,0
1410,8.190839002267573,4096,0,0,0.41734015941619873,0,70,1,70,70,70,70,0
1411,8.196643990929704,4096,0,0,0.34445035457611084,0,70,1,70,70,70,70,0
1412,8.202448979591837,4096,0,0,0.4630287289619446,0,70,1,70,70,70,70,0
1413,8.208253968253969,4096,0,0,0.5806220769882202,0,70,1,70,70,70,70,0
1414,8.2140589569161,4096,0,0,0.47132477164268494,0,70,1,70,70,70,70,0
1415,8.219863945578231,4096,0,0,0.3942907154560089,0,70,1,70,70,70,70,0
1416,8.225668934240362,4096,0,0,0.5940262675285339,1,70,1,70,70,70,70,0
1417,8.231473922902495,4096,0,0,0.6461033225059509,1,70,1,70,70,70,70,0
1418,8.237278911564626,4096,0,0,0.5428599715232849,0,70,1,70,70,70,70,0
1419,8.243083900226758,4096,0,0,0.3823525607585907,0,70,1,70,70,70,70,0
1420,8.248888888888889,4096,0,0,0.43191781640052795,0,70,1,70,70,70,70,0
1421,8.25469387755102,4096,0,0,0.4488675594329834,0,70,1,70,70,70,70,0
1422,8.260498866213151,4096,0,0,0.3268760144710541,0,70,1,70,70,70,70,0
1423,8.266303854875284,4096,0,0,0.2886661887168884,0,70,1,70,70,70,70,0
1424,8.272108843537415,4096,0,0,0.37540096044540405,0,70,1,70,70,70,70,0
1425,8.277913832199546,4096,0,0,0.4111211597919464,0,70,1,70,70,70,70,0
1426,8.283718820861678,4096,0,0,0.3730717599391937,0,70,1,70,70,70,70,0
1427,8.289523809523809,4096,0,0,0.31887662410736084,0,70,1,70,70,70,70,0
1428,8.295328798185942,4096,0,0,0.45857933163642883,0,70,1,70,70,70,70,0
1429,8.301133786848073,4096,0,0,0.3957483172416687,0,70,1,70,70,70,70,0
1430,8.306938775510204,4096,0,0,0.28951194882392883,0,70,1,70,70,70,70,0
1431,8.312743764172335,4096,0,0,0.30785518884658813,0,70,1,70,70,70,70,0
1432,8.318548752834467,4096,0,0,0.390079140663147,0,70,1,70,70,70,70,0
1433,8.324353741496598,4096,0,0,0.28093886375427246,0,70,1,70,70,70,70,0
1434,8.33015873015873,4096,0,0,0.08995573222637177,0,70,1,70,70,70,70,0
1435,8.335963718820862,4096,0,0,0.05497823283076286,0,70,1,70,70,70,70,0
1436,8.341768707482993,4096,0,0,0.036764957010746,0,70,1,70,70,70,70,0
1437,8.347573696145124,4096,0,0,0.03203262761235237,0,70,0,70,70,70,70,0
1438,8.353378684807256,4096,0,0,0.031284529715776443,0,70,0,70,-1,-1,-1,0
1439,8.359183673469389,4096,0,0,0.0317721962928772,0,-1,0,70,-1,-1,-1,0
1440,8.36498866213152,4096,0,0,0.03271819278597832,0,-1,0,70,-1,-1,-1,0
1441,8.370793650793651,4096,0,0,0.03239380568265915,0,-1,0,70,-1,-1,-1,0
1442,8.376598639455782,4096,0,0,0.030852723866701126,0,-1,0,70,-1,-1,-1,0
1443,8.382403628117913,4096,0,0,0.0305104348808527,0,-1,0,70,-1,-1,-1,0
1444,8.388208616780044,4096,0,0,0.03026774898171425,0,-1,0,70,-1,-1,-1,0
1445,8.394013605442177,4096,0,0,0.029554301872849464,0,-1,0,72,-1,-1,-1,0
1446,8.399818594104309,512,1,0,0.08027812838554382,0,-1,1,59,-1,-1,-1,0
1447,8.40562358276644,512,0,0,0.7793382406234741,1,-1,1,72,-1,-1,-1,0
1448,8.411428571428571,512,0,0,0.6757810711860657,1,72,1,72,72,72,72,0
1449,8.417233560090702,1024,0,0,0.5721983313560486,0,72,1,72,72,72,72,0
1450,8.423038548752835,1024,0,1,0.5366387963294983,0,72,1,72,72,72,72,0
1451,8.428843537414966,2048,0,0,0.5417942404747009,0,72,1,72,72,72,72,0
1452,8.434648526077098,2048,0,0,0.5165940523147583,0,72,1,72,72,72,72,0
1453,8.440453514739229,2048,0,0,0.5301759243011475,0,72,1,72,72,72,72,0
1454,8.44625850340136,2048,0,0,0.47288671135902405,0,72,1,72,72,72,72,0
1455,8.452063492063493,4096,0,0,0.5077331066131592,0,72,1,72,72,72,72,0
1456,8.457868480725624,4096,0,0,0.43160057067871094,0,72,1,72,72,72,72,0
1457,8.463673469387755,4096,0,0,0.434561163187027,0,72,1,72,72,72,72,0
1458,8.469478458049887,4096,0,0,0.4804716110229492,0,72,1,72,72,72,72,0
1459,8.475283446712018,4096,0,0,0.4939648509025574,0,72,1,72,72,72,72,0
1460,8.481088435374149,4096,0,0,0.4600914716720581,0,72,1,72,72,72,72,0
1461,8.486893424036282,4096,0,0,0.39892223477363586,0,72,1,72,72,72,72,0
1462,8.492698412698413,4096,0,0,0.4194943308830261,0,72,1,72,72,72,72,0
1463,8.498503401360544,4096,0,0,0.43114587664604187,0,72,1,72,72,72,72,0
1464,8.504308390022675,4096,0,0,0.4203968048095703,0,72,1,72,72,72,72,0
1465,8.510113378684807,4096,0,0,0.37663188576698303,0,72,1,72,72,72,72,0
1466,8.51591836734694,4096,0,0,0.35688233375549316,0,72,1,72,72,72,72,0
1467,8.52172335600907,4096,0,0,0.3747183382511139,0,72,1,72,72,72,72,0
1468,8.527528344671202,4096,0,0,0.37827959656715393,0,72,1,72,72,72,72,0
1469,8.533333333333333,4096,0,0,0.34194016456604004,0,72,1,72,72,72,72,0
1470,8.539138321995464,4096,0,0,0.31349578499794006,0,72,1,72,72,72,72,0
1471,8.544943310657596,4096,0,0,0.3383323848247528,0,72,1,72,72,72,72,0
1472,8.550748299319729,4096,0,0,0.37647271156311035,0,72,1,72,72,72,72,0
1473,8.55655328798186,4096,0,0,0.3505235016345978,0,72,1,72,72,72,72,0
1474,8.562358276643991,4096,0,0,0.29098260402679443,0,72,1,72,72,72,72,0
1475,8.568163265306122,4096,0,0,0.46294304728507996,0,72,1,72,72,72,72,0
1476,8.573968253968253,4096,0,0,0.7425028681755066,1,72,1,72,72,72,72,0
1477,8.579773242630386,4096,0,0,0.8870489001274109,1,72,1,72,72,72,72,0
1478,8.585578231292518,4096,0,0,0.8956290483474731,1,72,1,72,72,72,72,0
1479,8.591383219954649,4096,0,0,0.8941040635108948,1,72,1,72,72,72,72,0
1480,8.59718820861678,4096,0,0,0.8271289467811584,1,72,1,72,72,72,72,0
1481,8.602993197278911,4096,0,0,0.621945858001709,1,72,1,72,72,72,72,0
1482,8.608798185941042,4096,0,0,0.24544504284858704,0,72,1,72,72,72,72,0
1483,8.614603174603175,4096,0,0,0.03088637813925743,0,72,1,72,72,72,72,0
1484,8.620408163265306,4096,0,0,0.031161075457930565,0,72,1,72,72,72,72,0
1485,8.626213151927438,4096,0,0,0.0282413549721241,0,72,1,72,72,72,72,0
1486,8.632018140589569,4096,0,0,0.02946041151881218,0,-1,0,72,72,72,72,0
1487,8.6378231292517,4096,0,0,0.031193319708108902,0,-1,0,72,-1,-1,-1,0
1488,8.643628117913833,4096,0,0,0.03116154484450817,0,-1,0,72,-1,-1,-1,0
1489,8.649433106575964,4096,0,0,0.03201737254858017,0,-1,0,72,-1,-1,-1,0
1490,8.655238095238095,4096,0,0,0.03243140131235123,0,-1,0,72,-1,-1,-1,0
1491,8.661043083900227,4096,0,0,0.03591335937380791,0,-1,0,72,-1,-1,-1,0
1492,8.666848072562358,4096,0,0,0.03996492177248001,0,-1,0,72,-1,-1,-1,0
1493,8.672653061224489,4096,0,0,0.03805866464972496,0,-1,0,72,-1,-1,-1,0
1494,8.678458049886622,4096,0,0,0.035731907933950424,0,-1,0,72,-1,-1,-1,0
1495,8.684263038548753,4096,0,0,0.0323677696287632,0,-1,0,72,-1,-1,-1,0
1496,8.690068027210884,4096,0,0,0.03022613190114498,0,-1,0,59,-1,-1,-1,0
1497,8.695873015873016,4096,0,0,0.028601529076695442,0,-1,0,72,-1,-1,-1,0
1498,8.701678004535147,512,1,0,0.6604775190353394,1,-1,1,59,-1,-1,-1,0
1499,8.70748299319728,512,0,0,0.8835393786430359,1,-1,1,74,-1,-1,-1,0
1500,8.713287981859411,512,0,0,0.8889126181602478,1,75,1,75,-1,-1,-1,0
1501,8.719092970521542,1024,0,0,0.868082582950592,1,75,1,75,75,75,75,0
1502,8.724897959183673,1024,0,1,0.8822110295295715,1,75,1,75,75,75,75,0
1503,8.730702947845804,2048,0,0,0.766857922077179,1,75,1,75,75,75,75,0
1504,8.736507936507936,2048,0,0,0.7534227967262268,1,75,1,75,75,75,75,0
1505,8.742312925170069,2048,0,0,0.6023744940757751,1,75,1,75,75,75,75,0
1506,8.7481179138322,2048,0,0,0.7026003003120422,1,75,1,75,75,75,75,0
1507,8.753922902494331,4096,0,0,0.5430039167404175,0,75,0,75,75,75,75,0
1508,8.759727891156462,4096,0,0,0.564863383769989,0,75,0,75,-1,-1,-1,0
1509,8.765532879818593,4096,0,0,0.49728304147720337,0,75,1,75,-1,-1,-1,0
1510,8.771337868480726,4096,0,0,0.6276258230209351,1,75,1,75,75,75,75,0
1511,8.777142857142858,4096,0,0,0.6676111221313477,1,75,1,75,75,75,75,0
1512,8.782947845804989,4096,0,0,0.6367747783660889,1,75,1,75,75,75,75,0
1513,8.78875283446712,4096,0,0,0.6545613408088684,1,75,1,75,75,75,75,0
1514,8.794557823129251,4096,0,0,0.6362873315811157,1,75,1,75,75,75,75,0
1515,8.800362811791382,4096,0,0,0.6957497596740723,1,75,1,75,75,75,75,0
1516,8.806167800453515,4096,0,0,0.5406479239463806,0,75,1,75,75,75,75,0
1517,8.811972789115647,4096,0,0,0.6512530446052551,1,75,1,75,75,75,75,0
1518,8.817777777777778,4096,0,0,0.6003492474555969,1,75,1,75,75,75,75,0
1519,8.823582766439909,4096,0,0,0.6187909841537476,1,75,1,75,75,75,75,0
1520,8.82938775510204,4096,0,0,0.5784406661987305,0,75,1,75,75,75,75,0
1521,8.835192743764173,4096,0,0,0.4945109188556671,0,75,1,75,75,75,75,0
1522,8.840997732426304,4096,0,0,0.4750231206417084,0,75,1,75,75,75,75,0
1523,8.846802721088435,4096,0,0,0.3976016044616699,0,75,1,75,75,75,75,0
1524,8.852607709750567,4096,0,0,0.5941261649131775,1,75,1,75,75,75,75,0
1525,8.858412698412698,4096,0,0,0.7695791721343994,1,75,1,75,75,75,75,0
1526,8.864217687074829,4096,0,0,0.849830150604248,1,75,1,75,75,75,75,0
1527,8.870022675736962,4096,0,0,0.7956433296203613,1,75,1,75,75,75,75,0
1528,8.875827664399093,4096,0,0,0.4381430447101593,0,75,1,75,75,75,75,0
1529,8.881632653061224,4096,0,0,0.3532421290874481,0,75,1,75,75,75,75,0
1530,8.887437641723356,4096,0,0,0.303373783826828,0,75,1,75,75,75,75,0
1531,8.893242630385487,4096,0,0,0.057733673602342606,0,75,1,75,75,75,75,0
1532,8.89904761904762,4096,0,0,0.03049408085644245,0,75,1,75,75,75,75,0
1533,8.904852607709751,4096,0,0,0.030555887147784233,0,75,1,75,75,75,75,0
1534,8.910657596371882,4096,0,0,0.02947807125747204,0,75,1,75,75,75,75,0
1535,8.916462585034013,4096,0,0,0.028840119019150734,0,-1,0,75,75,75,75,0
1536,8.922267573696145,4096,0,0,0.029499735683202744,0,-1,0,75,-1,-1,-1,0
1537,8.928072562358278,4096,0,0,0.029159994795918465,0,-1,0,75,-1,-1,-1,0
1538,8.933877551020409,4096,0,0,0.029758324846625328,0,-1,0,75,-1,-1,-1,0
1539,8.93968253968254,4096,0,0,0.030601127073168755,0,-1,0,75,-1,-1,-1,0
1540,8.945487528344671,4096,0,0,0.03095576912164688,0,-1,0,75,-1,-1,-1,0
1541,8.951292517006802,4096,0,0,0.030750837177038193,0,-1,0,75,-1,-1,-1,0
1542,8.957097505668933,4096,0,0,0.02991485595703125,0,-1,0,75,-1,-1,-1,0
1543,8.962902494331066,4096,0,0,0.029980165883898735,0,-1,0,75,-1,-1,-1,0
1544,8.968707482993198,4096,0,0,0.03046511672437191,0,-1,0,72,-1,-1,-1,0
1545,8.974512471655329,4096,0,0,0.03101218491792679,0,-1,0,59,-1,-1,-1,0
1546,8.98031746031746,4096,0,0,0.03094956837594509,0,-1,0,59,-1,-1,-1,0
1547,8.986122448979591,4096,0,0,0.031461868435144424,0,-1,0,59,-1,-1,-1,0
1548,8.991927437641724,4096,0,0,0.03139369562268257,0,-1,0,59,-1,-1,-1,0
1549,8.997732426303855,4096,0,0,0.030238064005970955,0,-1,0,59,-1,-1,-1,0
1550,9.003537414965987,512,1,0,0.4889976978302002,0,-1,1,59,-1,-1,-1,0
1551,9.009342403628118,512,0,0,0.33267563581466675,0,-1,1,62,-1,-1,-1,0
1552,9.015147392290249,512,0,0,0.2764110267162323,0,74,1,74,-1,-1,-1,0
1553,9.02095238095238,1024,0,0,0.2571726441383362,0,74,1,74,74,74,74,0
1554,9.026757369614513,1024,0,1,0.27361276745796204,0,74,1,74,74,74,74,0
1555,9.032562358276644,2048,0,0,0.2991044223308563,0,74,1,74,74,74,74,0
1556,9.038367346938776,2048,0,0,0.2639892101287842,0,74,1,74,74,74,74,0
1557,9.044172335600907,2048,0,0,0.2864629924297333,0,74,1,74,74,74,74,0
1558,9.049977324263038,2048,0,0,0.33300840854644775,0,74,1,74,74,74,74,0
1559,9.05578231292517,4096,0,0,0.2770569622516632,0,74,0,74,74,74,74,0
1560,9.061587301587302,4096,0,0,0.2770494818687439,0,74,0,74,-1,-1,-1,0
1561,9.067392290249433,4096,0,0,0.30377572774887085,0,74,0,74,-1,-1,-1,0
1562,9.073197278911564,4096,0,0,0.34863466024398804,0,74,1,74,-1,-1,-1,0
1563,9.079002267573696,4096,0,0,0.2871546745300293,0,74,1,74,74,74,74,0
1564,9.084807256235827,4096,0,0,0.2952217757701874,0,74,1,74,74,74,74,0
1565,9.09061224489796,4096,0,0,0.3298386037349701,0,74,1,74,74,74,74,0
1566,9.096417233560091,4096,0,0,0.3107575476169586,0,74,1,74,74,74,74,0
1567,9.102222222222222,4096,0,0,0.3205485939979553,0,74,1,74,74,74,74,0
1568,9.108027210884353,4096,0,0,0.33539053797721863,0,74,1,74,74,74,74,0
1569,9.113832199546485,4096,0,0,0.3572143614292145,0,74,1,74,74,74,74,0
1570,9.119637188208618,4096,0,0,0.2870553433895111,0,74,1,74,74,74,74,0
1571,9.125442176870749,4096,0,0,0.3150547444820404,0,74,1,74,74,74,74,0
1572,9.13124716553288,4096,0,0,0.358792781829834,0,74,1,74,74,74,74,0
1573,9.137052154195011,4096,0,0,0.30055108666419983,0,74,1,74,74,74,74,0
1574,9.142857142857142,4096,0,0,0.34334829449653625,0,74,1,74,74,74,74,0
1575,9.148662131519274,4096,0,0,0.32717323303222656,0,74,1,74,74,74,74,0
1576,9.154467120181407,4096,0,0,0.30642616748809814,0,74,1,74,74,74,74,0
1577,9.160272108843538,4096,0,0,0.3299104869365692,0,74,1,74,74,74,74,0
1578,9.166077097505669,4096,0,0,0.3037355840206146,0,74,1,74,74,74,74,0
1579,9.1718820861678,4096,0,0,0.3169030249118805,0,74,1,74,74,74,74,0
1580,9.177687074829931,4096,0,0,0.3152965009212494,0,74,1,74,74,74,74,0
1581,9.183492063492064,4096,0,0,0.30697399377822876,0,74,1,74,74,74,74,0
1582,9.189297052154195,4096,0,0,0.3210484981536865,0,74,1,74,74,74,74,0
1583,9.195102040816327,4096,0,0,0.2944767475128174,0,74,1,74,74,74,74,0
1584,9.200907029478458,4096,0,0,0.31373754143714905,0,74,1,74,74,74,74,0
1585,9.206712018140589,4096,0,0,0.32540732622146606,0,74,1,74,74,74,74,0
1586,9.21251700680272,4096,0,0,0.3120672106742859,0,74,1,74,74,74,74,0
1587,9.218321995464853,4096,0,0,0.33202359080314636,0,74,1,74,74,74,74,0
1588,9.224126984126984,4096,0,0,0.2992929518222809,0,74,1,74,74,74,74,0
1589,9.229931972789116,4096,0,0,0.3154890239238739,0,74,1,74,74,74,74,0
1590,9.235736961451247,4096,0,0,0.3181956708431244,0,74,1,74,74,74,74,0
1591,9.241541950113378,4096,0,0,0.3413577079772949,0,74,1,74,74,74,74,0
1592,9.247346938775511,4096,0,0,0.3099708557128906,0,74,1,74,74,74,74,0
1593,9.253151927437642,4096,0,0,0.30805647373199463,0,74,1,74,74,74,74,0
1594,9.258956916099773,4096,0,0,0.3306882381439209,0,74,1,74,74,74,74,0
1595,9.264761904761905,4096,0,0,0.30860182642936707,0,74,1,74,74,74,74,0
1596,9.270566893424036,4096,0,0,0.324040949344635,0,74,1,74,74,74,74,0
1597,9.276371882086167,4096,0,0,0.31784188747406006,0,74,1,74,74,74,74,0
1598,9.2821768707483,4096,0,0,0.2988314628601074,0,74,1,74,74,74,74,0
1599,9.287981859410431,4096,0,0,0.32437360286712646,0,74,1,74,74,74,74,0
1600,9.293786848072562,4096,0,0,0.29746559262275696,0,74,1,74,74,74,74,0
1601,9.299591836734693,4096,0,0,0.31127285957336426,0,74,1,74,74,74,74,0
1602,9.305396825396825,4096,0,0,0.31952914595603943,0,74,1,74,74,74,74,0
1603,9.311201814058958,4096,0,0,0.2894456684589386,0,74,1,74,74,74,74,0
1604,9.317006802721089,4096,0,0,0.31133997440338135,0,74,1,74,74,74,74,0
1605,9.32281179138322,4096,0,0,0.2962438762187958,0,74,1,74,74,74,74,0
1606,9.328616780045351,4096,0,0,0.31280452013015747,0,74,1,74,74,74,74,0
1607,9.334421768707482,4096,0,0,0.3167220950126648,0,74,1,74,74,74,74,0
1608,9.340226757369615,4096,0,0,0.28791555762290955,0,74,1,74,74,74,74,0
1609,9.346031746031747,4096,0,0,0.3045312762260437,0,74,1,74,74,74,74,0
1610,9.351836734693878,4096,0,0,0.2825060188770294,0,74,1,74,74,74,74,0
1611,9.357641723356009,4096,0,0,0.301124632358551,0,74,1,74,74,74,74,0
1612,9.36344671201814,4096,0,0,0.3105255961418152,0,74,1,74,74,74,74,0
1613,9.369251700680271,4096,0,0,0.2712591886520386,0,74,1,74,74,74,74,0
1614,9.375056689342404,4096,0,0,0.28648290038108826,0,74,1,74,74,74,74,0
1615,9.380861678004536,4096,0,0,0.2922910749912262,0,74,1,74,74,74,74,0
1616,9.386666666666667,4096,0,0,0.27940770983695984,0,74,1,74,74,74,74,0
1617,9.392471655328798,4096,0,0,0.2865123152732849,0,74,1,74,74,74,74,0
1618,9.398276643990929,4096,0,0,0.272098183631897,0,74,1,74,74,74,74,0
1619,9.404081632653062,4096,0,0,0.2722999155521393,0,74,1,74,74,74,74,0
1620,9.409886621315193,4096,0,0,0.2855508625507355,0,74,1,74,74,74,74,0
1621,9.415691609977324,4096,0,0,0.2678854465484619,0,74,1,74,74,74,74,0
1622,9.421496598639456,4096,0,0,0.26308465003967285,0,74,1,74,74,74,74,0
1623,9.427301587301587,4096,0,0,0.27424734830856323,0,74,1,74,74,74,74,0
1624,9.433106575963718,4096,0,0,0.2819468080997467,0,74,1,74,74,74,74,0
1625,9.438911564625851,4096,0,0,0.2679385840892792,0,74,1,74,74,74,74,0
1626,9.444716553287982,4096,0,0,0.2737508714199066,0,74,1,74,74,74,74,0
1627,9.450521541950113,4096,0,0,0.2756691873073578,0,74,1,74,74,74,74,0
1628,9.456326530612245,4096,0,0,0.2766861617565155,0,74,1,74,74,74,74,0
1629,9.462131519274376,4096,0,0,0.2801622748374939,0,74,1,74,74,74,74,0
1630,9.467936507936509,4096,0,0,0.26706722378730774,0,74,1,74,74,74,74,0
1631,9.47374149659864,4096,0,0,0.2764473855495453,0,74,1,74,74,74,74,0
1632,9.479546485260771,4096,0,0,0.29214805364608765,0,74,1,74,74,74,74,0
1633,9.485351473922902,4096,0,0,0.26958370208740234,0,74,1,74,74,74,74,0
1634,9.491156462585034,4096,0,0,0.2811695635318756,0,74,1,74,74,74,74,0
1635,9.496961451247165,4096,0,0,0.2778857946395874,0,74,1,74,74,74,74,0
1636,9.502766439909298,4096,0,0,0.2685956656932831,0,74,1,74,74,74,74,0
1637,9.508571428571429,4096,0,0,0.2922605574131012,0,74,1,74,74,74,74,0
1638,9.51437641723356,4096,0,0,0.2706308662891388,0,74,1,74,74,74,74,0
1639,9.520181405895691,4096,0,0,0.27780845761299133,0,74,1,74,74,74,74,0
1640,9.525986394557822,4096,0,0,0.2799726128578186,0,74,1,74,74,74,74,0
1641,9.531791383219955,4096,0,0,0.26964032649993896,0,74,1,74,74,74,74,0
1642,9.537596371882087,4096,0,0,0.29044947028160095,0,74,1,74,74,74,74,0
1643,9.543401360544218,4096,0,0,0.27699241042137146,0,74,1,74,74,74,74,0
1644,9.549206349206349,4096,0,0,0.27870839834213257,0,74,1,74,74,74,74,0
1645,9.55501133786848,4096,0,0,0.2877660095691681,0,74,1,74,74,74,74,0
1646,9.560816326530611,4096,0,0,0.27912473678588867,0,74,1,74,74,74,74,0
1647,9.566621315192744,4096,0,0,0.29035598039627075,0,74,1,74,74,74,74,0
1648,9.572426303854876,4096,0,0,0.2867840826511383,0,74,1,74,74,74,74,0
1649,9.578231292517007,4096,0,0,0.285523384809494,0,74,1,74,74,74,74,0
1650,9.584036281179138,4096,0,0,0.28482407331466675,0,74,1,74,74,74,74,0
1651,9.58984126984127,4096,0,0,0.28294020891189575,0,74,1,74,74,74,74,0
1652,9.595646258503402,4096,0,0,0.29157766699790955,0,74,1,74,74,74,74,0
1653,9.601451247165533,4096,0,0,0.2065933793783188,0,74,1,74,74,74,74,0
1654,9.607256235827665,4096,0,0,0.06163204833865166,0,74,0,74,74,74,74,0
1655,9.613061224489796,4096,0,0,0.027405349537730217,0,74,0,74,-1,-1,-1,0
1656,9.618866213151927,4096,0,0,0.02733330801129341,0,74,0,74,-1,-1,-1,0
1657,9.624671201814058,4096,0,0,0.027044855058193207,0,74,0,74,-1,-1,-1,0
1658,9.630476190476191,4096,0,0,0.02773563750088215,0,74,0,74,-1,-1,-1,0
1659,9.636281179138322,4096,0,0,0.029068585485219955,0,74,0,74,-1,-1,-1,0
1660,9.642086167800453,4096,0,0,0.03036300092935562,0,-1,0,74,-1,-1,-1,0
1661,9.647891156462585,4096,0,0,0.030217090621590614,0,-1,0,74,-1,-1,-1,0
1662,9.653696145124716,4096,0,0,0.029932795092463493,0,-1,0,74,-1,-1,-1,0
1663,9.659501133786849,4096,0,0,0.02925664186477661,0,-1,0,75,-1,-1,-1,0
1664,9.66530612244898,4096,0,0,0.02753109484910965,0,-1,0,72,-1,-1,-1,0
1665,9.671111111111111,4096,0,0,0.027661720290780067,0,-1,0,72,-1,-1,-1,0
1666,9.676916099773242,4096,0,0,0.028169145807623863,0,-1,0,72,-1,-1,-1,0
1667,9.682721088435374,4096,0,0,0.027872614562511444,0,-1,0,72,-1,-1,-1,0
1668,9.688526077097505,512,1,0,0.043603889644145966,0,-1,1,59,-1,-1,-1,0
1669,9.694331065759638,512,0,0,0.47559115290641785,0,-1,1,72,-1,-1,-1,0
1670,9.700136054421769,512,0,0,0.3701876103878021,0,72,1,72,72,72,72,0
1671,9.7059410430839,1024,0,0,0.3837558925151825,0,72,1,72,72,72,72,0
1672,9.711746031746031,1024,0,1,0.42188960313796997,0,72,1,72,72,72,72,0
1673,9.717551020408163,2048,0,0,0.42975786328315735,0,72,1,72,72,72,72,0
1674,9.723356009070296,2048,0,0,0.44912269711494446,0,72,1,72,72,72,72,0
1675,9.729160997732427,2048,0,0,0.4455171823501587,0,72,1,72,72,72,72,0
1676,9.734965986394558,2048,0,0,0.41214174032211304,0,72,1,72,72,72,72,0
1677,9.740770975056689,4096,0,0,0.4019624888896942,0,72,0,72,72,72,72,0
1678,9.74657596371882,4096,0,0,0.404653400182724,0,72,0,72,-1,-1,-1,0
1679,9.752380952380953,4096,0,0,0.40336525440216064,0,72,0,72,-1,-1,-1,0
1680,9.758185941043084,4096,0,0,0.41037696599960327,0,72,1,72,-1,-1,-1,0
1681,9.763990929705216,4096,0,0,0.39915931224823,0,72,1,72,72,72,72,0
1682,9.769795918367347,4096,0,0,0.3759377896785736,0,72,1,72,72,72,72,0
1683,9.775600907029478,4096,0,0,0.3592066764831543,0,72,1,72,72,72,72,0
1684,9.78140589569161,4096,0,0,0.3477408289909363,0,72,1,72,72,72,72,0
1685,9.787210884353742,4096,0,0,0.3482000529766083,0,72,1,72,72,72,72,0
1686,9.793015873015873,4096,0,0,0.3440905213356018,0,72,1,72,72,72,72,0
1687,9.798820861678005,4096,0,0,0.3321506977081299,0,72,1,72,72,72,72,0
1688,9.804625850340136,4096,0,0,0.3336912989616394,0,72,1,72,72,72,72,0
1689,9.810430839002267,4096,0,0,0.3347310721874237,0,72,1,72,72,72,72,0
1690,9.8162358276644,4096,0,0,0.3355216383934021,0,72,1,72,72,72,72,0
1691,9.822040816326531,4096,0,0,0.32379329204559326,0,72,1,72,72,72,72,0
1692,9.827845804988662,4096,0,0,0.31290167570114136,0,72,1,72,72,72,72,0
1693,9.833650793650794,4096,0,0,0.3198089003562927,0,72,1,72,72,72,72,0
1694,9.839455782312925,4096,0,0,0.3242601156234741,0,72,1,72,72,72,72,0
1695,9.845260770975056,4096,0,0,0.30516576766967773,0,72,1,72,72,72,72,0
1696,9.851065759637189,4096,0,0,0.2984914481639862,0,72,1,72,72,72,72,0
1697,9.85687074829932,4096,0,0,0.2748488187789917,0,72,1,72,72,72,72,0
1698,9.862675736961451,4096,0,0,0.29818740487098694,0,72,1,72,72,72,72,0
1699,9.868480725623582,4096,0,0,0.3041875660419464,0,72,1,72,72,72,72,0
1700,9.874285714285714,4096,0,0,0.29995661973953247,0,72,1,72,72,72,72,0
1701,9.880090702947847,4096,0,0,0.3259989321231842,0,72,1,72,72,72,72,0
1702,9.885895691609978,4096,0,0,0.316116601228714,0,72,1,72,72,72,72,0
1703,9.891700680272109,4096,0,0,0.333873987197876,0,72,1,72,72,72,72,0
1704,9.89750566893424,4096,0,0,0.3536548316478729,0,72,1,72,72,72,72,0
1705,9.903310657596371,4096,0,0,0.31163159012794495,0,72,1,72,72,72,72,0
1706,9.909115646258503,4096,0,0,0.22786861658096313,0,72,1,72,72,72,72,0
1707,9.914920634920636,4096,0,0,0.04320412129163742,0,72,0,72,72,72,72,0
1708,9.920725623582767,4096,0,0,0.029086513444781303,0,72,0,72,-1,-1,-1,0
1709,9.926530612244898,4096,0,0,0.0273537989705801,0,72,0,72,-1,-1,-1,0
1710,9.93233560090703,4096,0,0,0.02667761780321598,0,72,0,72,-1,-1,-1,0
1711,9.93814058956916,4096,0,0,0.027377288788557053,0,-1,0,72,-1,-1,-1,0
1712,9.943945578231293,4096,0,0,0.028721103444695473,0,-1,0,72,-1,-1,-1,0
1713,9.949750566893425,4096,0,0,0.028713222593069077,0,-1,0,72,-1,-1,-1,0
1714,9.955555555555556,4096,0,0,0.02819886989891529,0,-1,0,72,-1,-1,-1,0
1715,9.961360544217687,512,1,0,0.24867968261241913,0,-1,1,59,-1,-1,-1,0
1716,9.967165532879818,512,0,0,0.3349500596523285,0,-1,1,57,-1,-1,-1,0
1717,9.97297052154195,512,0,0,0.3231995701789856,0,70,1,70,-1,-1,-1,0
1718,9.978775510204082,1024,0,0,0.29242730140686035,0,70,1,70,70,70,70,0
1719,9.984580498866213,1024,0,1,0.25404223799705505,0,70,1,70,70,70,70,0
1720,9.990385487528345,2048,0,0,0.3031814694404602,0,70,1,70,70,70,70,0
1721,9.996190476190476,2048,0,0,0.31889280676841736,0,70,1,70,70,70,70,0
1722,10.001995464852607,2048,0,0,0.30385538935661316,0,70,1,70,70,70,70,0
1723,10.00780045351474,2048,0,0,0.2738720774650574,0,70,1,70,70,70,70,0
1724,10.013605442176871,4096,0,0,0.2813945710659027,0,70,0,70,70,70,70,0
1725,10.019410430839002,4096,0,0,0.27882710099220276,0,70,0,70,-1,-1,-1,0
1726,10.025215419501134,4096,0,0,0.2557932138442993,0,70,0,70,-1,-1,-1,0
1727,10.031020408163265,4096,0,0,0.28596827387809753,0,70,1,70,-1,-1,-1,0
1728,10.036825396825396,4096,0,0,0.34846001863479614,0,70,1,70,70,70,70,0
1729,10.042630385487529,4096,0,0,0.291313499212265,0,70,1,70,70,70,70,0
1730,10.04843537414966,4096,0,0,0.24361760914325714,0,70,1,70,70,70,70,0
1731,10.054240362811791,4096,0,0,0.2859543263912201,0,70,1,70,70,70,70,0
1732,10.060045351473923,4096,0,0,0.3177536725997925,0,70,1,70,70,70,70,0
1733,10.065850340136054,4096,0,0,0.3236177861690521,0,70,1,70,70,70,70,0
1734,10.071655328798187,4096,0,0,0.29076239466667175,0,70,1,70,70,70,70,0
1735,10.077460317460318,4096,0,0,0.2865845859050751,0,70,1,70,70,70,70,0
1736,10.083265306122449,4096,0,0,0.2896687686443329,0,70,1,70,70,70,70,0
1737,10.08907029478458,4096,0,0,0.27470892667770386,0,70,1,70,70,70,70,0
1738,10.094875283446711,4096,0,0,0.2717883288860321,0,70,1,70,70,70,70,0
1739,10.100680272108843,4096,0,0,0.2818226218223572,0,70,1,70,70,70,70,0
1740,10.106485260770976,4096,0,0,0.29674237966537476,0,70,1,70,70,70,70,0
1741,10.112290249433107,4096,0,0,0.3180778920650482,0,70,1,70,70,70,70,0
1742,10.118095238095238,4096,0,0,0.2690143287181854,0,70,1,70,70,70,70,0
1743,10.12390022675737,4096,0,0,0.24002285301685333,0,70,1,70,70,70,70,0
1744,10.1297052154195,4096,0,0,0.28197938203811646,0,70,1,70,70,70,70,0
1745,10.135510204081633,4096,0,0,0.29828670620918274,0,70,1,70,70,70,70,0
1746,10.141315192743765,4096,0,0,0.28328970074653625,0,70,1,70,70,70,70,0
1747,10.147120181405896,4096,0,0,0.292158842086792,0,70,1,70,70,70,70,0
1748,10.152925170068027,4096,0,0,0.27202272415161133,0,70,1,70,70,70,70,0
1749,10.158730158730158,4096,0,0,0.2871115207672119,0,70,1,70,70,70,70,0
1750,10.164535147392291,4096,0,0,0.2843156158924103,0,70,1,70,70,70,70,0
1751,10.170340136054422,4096,0,0,0.28422823548316956,0,70,1,70,70,70,70,0
1752,10.176145124716554,4096,0,0,0.27266794443130493,0,70,1,70,70,70,70,0
1753,10.181950113378685,4096,0,0,0.2688964009284973,0,70,1,70,70,70,70,0
1754,10.187755102040816,4096,0,0,0.29019609093666077,0,70,1,70,70,70,70,0
1755,10.193560090702947,4096,0,0,0.272182822227478,0,70,1,70,70,70,70,0
1756,10.19936507936508,4096,0,0,0.2847215235233307,0,70,1,70,70,70,70,0
1757,10.205170068027211,4096,0,0,0.27401259541511536,0,70,1,70,70,70,70,0
1758,10.210975056689342,4096,0,0,0.29133278131484985,0,70,1,70,70,70,70,0
1759,10.216780045351474,4096,0,0,0.2829679548740387,0,70,1,70,70,70,70,0
1760,10.222585034013605,4096,0,0,0.2674523591995239,0,70,1,70,70,70,70,0
1761,10.228390022675738,4096,0,0,0.2962401509284973,0,70,1,70,70,70,70,0
1762,10.234195011337869,4096,0,0,0.2724102735519409,0,70,1,70,70,70,70,0
1763,10.24,4096,0,0,0.278608113527298,0,70,1,70,70,70,70,0
1764,10.245804988662131,4096,0,0,0.2700675427913666,0,70,1,70,70,70,70,0
1765,10.251609977324263,4096,0,0,0.2837729752063751,0,70,1,70,70,70,70,0
1766,10.257414965986394,4096,0,0,0.2760957181453705,0,70,1,70,70,70,70,0
1767,10.263219954648527,4096,0,0,0.2786543369293213,0,70,1,70,70,70,70,0
1768,10.269024943310658,4096,0,0,0.2821095883846283,0,70,1,70,70,70,70,0
1769,10.27482993197279,4096,0,0,0.282731831073761,0,70,1,70,70,70,70,0
1770,10.28063492063492,4096,0,0,0.27989134192466736,0,70,1,70,70,70,70,0
1771,10.286439909297052,4096,0,0,0.2646828889846802,0,70,1,70,70,70,70,0
1772,10.292244897959185,4096,0,0,0.29041606187820435,0,70,1,70,70,70,70,0
1773,10.298049886621316,4096,0,0,0.27063843607902527,0,70,1,70,70,70,70,0
1774,10.303854875283447,4096,0,0,0.2832227051258087,0,70,1,70,70,70,70,0
1775,10.309659863945578,4096,0,0,0.278452068567276,0,70,1,70,70,70,70,0
1776,10.31546485260771,4096,0,0,0.2792569100856781,0,70,1,70,70,70,70,0
1777,10.32126984126984,4096,0,0,0.279739648103714,0,70,1,70,70,70,70,0
1778,10.327074829931973,4096,0,0,0.2630070447921753,0,70,1,70,70,70,70,0
1779,10.332879818594105,4096,0,0,0.2914174497127533,0,70,1,70,70,70,70,0
1780,10.338684807256236,4096,0,0,0.23889362812042236,0,70,1,70,70,70,70,0
1781,10.344489795918367,4096,0,0,0.04003043472766876,0,70,0,70,70,70,70,0
1782,10.350294784580498,4096,0,0,0.027793072164058685,0,70,0,70,-1,-1,-1,0
1783,10.356099773242631,4096,0,0,0.02796892262995243,0,70,0,70,-1,-1,-1,0
1784,10.361904761904762,4096,0,0,0.03061777912080288,0,-1,0,70,-1,-1,-1,0
1785,10.367709750566894,4096,0,0,0.03293180093169212,0,-1,0,70,-1,-1,-1,0
1786,10.373514739229025,4096,0,0,0.03235010802745819,0,-1,0,70,-1,-1,-1,0
1787,10.379319727891156,4096,0,0,0.03022575192153454,0,-1,0,70,-1,-1,-1,0
1788,10.385124716553287,4096,0,0,0.028873968869447708,0,-1,0,70,-1,-1,-1,0
1789,10.39092970521542,512,1,0,0.3327665328979492,0,-1,1,49,-1,-1,-1,0
1790,10.396734693877551,512,0,0,0.32327041029930115,0,68,1,68,-1,-1,-1,0
1791,10.402539682539683,512,0,0,0.31385537981987,0,68,1,68,68,68,68,0
1792,10.408344671201814,1024,0,1,0.3238627314567566,0,68,1,68,68,68,68,0
1793,10.414149659863945,1024,0,0,0.34119051694869995,0,68,1,68,68,68,68,0
1794,10.419954648526078,2048,0,0,0.30814266204833984,0,68,1,68,68,68,68,0
1795,10.425759637188209,2048,0,0,0.31676405668258667,0,68,1,68,68,68,68,0
1796,10.43156462585034,2048,0,0,0.30538153648376465,0,68,1,68,68,68,68,0
1797,10.437369614512471,2048,0,0,0.32437664270401,0,68,1,68,68,68,68,0
1798,10.443174603174603,4096,0,0,0.3388698399066925,0,68,0,68,68,68,68,0
1799,10.448979591836734,4096,0,0,0.3022538721561432,0,68,0,68,-1,-1,-1,0
1800,10.454784580498867,4096,0,0,0.3240062892436981,0,68,1,68,-1,-1,-1,0
1801,10.460589569160998,4096,0,0,0.30805182456970215,0,68,1,68,68,68,68,0
1802,10.46639455782313,4096,0,0,0.3252788186073303,0,68,1,68,68,68,68,0
1803,10.47219954648526,4096,0,0,0.3376178443431854,0,68,1,68,68,68,68,0
1804,10.478004535147392,4096,0,0,0.31487908959388733,0,68,1,68,68,68,68,0
1805,10.483809523809525,4096,0,0,0.33436086773872375,0,68,1,68,68,68,68,0
1806,10.489614512471656,4096,0,0,0.307954877614975,0,68,1,68,68,68,68,0
1807,10.495419501133787,4096,0,0,0.32847777009010315,0,68,1,68,68,68,68,0
1808,10.501224489795918,4096,0,0,0.33488479256629944,0,68,1,68,68,68,68,0
1809,10.50702947845805,4096,0,0,0.3224448561668396,0,68,1,68,68,68,68,0
1810,10.51283446712018,4096,0,0,0.33591359853744507,0,68,1,68,68,68,68,0
1811,10.518639455782314,4096,0,0,0.30262961983680725,0,68,1,68,68,68,68,0
1812,10.524444444444445,4096,0,0,0.3296644687652588,0,68,1,68,68,68,68,0
1813,10.530249433106576,4096,0,0,0.3387725055217743,0,68,1,68,68,68,68,0
1814,10.536054421768707,4096,0,0,0.32952338457107544,0,68,1,68,68,68,68,0
1815,10.541859410430838,4096,0,0,0.3396152853965759,0,68,1,68,68,68,68,0
1816,10.547664399092971,4096,0,0,0.30059194564819336,0,68,1,68,68,68,68,0
1817,10.553469387755102,4096,0,0,0.3280808925628662,0,68,1,68,68,68,68,0
1818,10.559274376417234,4096,0,0,0.3319043517112732,0,68,1,68,68,68,68,0
1819,10.565079365079365,4096,0,0,0.32879823446273804,0,68,1,68,68,68,68,0
1820,10.570884353741496,4096,0,0,0.34346938133239746,0,68,1,68,68,68,68,0
1821,10.576689342403627,4096,0,0,0.3019115626811981,0,68,1,68,68,68,68,0
1822,10.58249433106576,4096,0,0,0.3323228657245636,0,68,1,68,68,68,68,0
1823,10.588299319727891,4096,0,0,0.3201286792755127,0,68,1,68,68,68,68,0
1824,10.594104308390023,4096,0,0,0.32152581214904785,0,68,1,68,68,68,68,0
1825,10.599909297052154,4096,0,0,0.3308095335960388,0,68,1,68,68,68,68,0
1826,10.605714285714285,4096,0,0,0.2978096306324005,0,68,1,68,68,68,68,0
1827,10.611519274376418,4096,0,0,0.31371575593948364,0,68,1,68,68,68,68,0
1828,10.61732426303855,4096,0,0,0.29307863116264343,0,68,1,68,68,68,68,0
1829,10.62312925170068,4096,0,0,0.3160661458969116,0,68,1,68,68,68,68,0
1830,10.628934240362812,4096,0,0,0.3240775465965271,0,68,1,68,68,68,68,0
1831,10.634739229024943,4096,0,0,0.3077792823314667,0,68,1,68,68,68,68,0
1832,10.640544217687076,4096,0,0,0.3116135001182556,0,68,1,68,68,68,68,0
1833,10.646349206349207,4096,0,0,0.2828831374645233,0,68,1,68,68,68,68,0
1834,10.652154195011338,4096,0,0,0.32733646035194397,0,68,1,68,68,68,68,0
1835,10.65795918367347,4096,0,0,0.16145794093608856,0,68,1,68,68,68,68,0
1836,10.6637641723356,4096,0,0,0.029142141342163086,0,68,1,68,68,68,68,0
1837,10.669569160997732,4096,0,0,0.02790043316781521,0,68,0,68,68,68,68,0
1838,10.675374149659865,4096,0,0,0.028788931667804718,0,68,0,68,-1,-1,-1,0
1839,10.681179138321996,4096,0,0,0.029658472165465355,0,-1,0,68,-1,-1,-1,0
1840,10.686984126984127,4096,0,0,0.029356399551033974,0,-1,0,68,-1,-1,-1,0
1841,10.692789115646258,4096,0,0,0.02889200672507286,0,-1,0,68,-1,-1,-1,0
1842,10.69859410430839,4096,0,0,0.028824441134929657,0,-1,0,68,-1,-1,-1,0
1843,10.704399092970522,4096,0,0,0.028426431119441986,0,-1,0,68,-1,-1,-1,0
1844,10.710204081632654,512,1,0,0.27989697456359863,0,-1,1,49,-1,-1,-1,0
1845,10.716009070294785,512,0,0,0.3390877842903137,0,67,1,67,-1,-1,-1,0
1846,10.721814058956916,512,0,0,0.3593998849391937,0,67,1,67,67,67,67,0
1847,10.727619047619047,1024,0,1,0.31717801094055176,0,67,1,67,67,67,67,0
1848,10.733424036281178,1024,0,0,0.3174359202384949,0,67,1,67,67,67,67,0
1849,10.739229024943311,2048,0,0,0.3244970738887787,0,67,1,67,67,67,67,0
1850,10.745034013605443,2048,0,0,0.34801235795021057,0,67,1,67,67,67,67,0
1851,10.750839002267574,2048,0,0,0.29165223240852356,0,67,1,67,67,67,67,0
1852,10.756643990929705,2048,0,0,0.3284739851951599,0,67,1,67,67,67,67,0
1853,10.762448979591836,4096,0,0,0.32186588644981384,0,67,0,67,67,67,67,0
1854,10.768253968253969,4096,0,0,0.32663455605506897,0,67,0,67,-1,-1,-1,0
1855,10.7740589569161,4096,0,0,0.2939876616001129,0,67,0,67,-1,-1,-1,0
1856,10.779863945578231,4096,0,0,0.3094468116760254,0,67,0,67,-1,-1,-1,0
1857,10.785668934240363,4096,0,0,0.3391377627849579,0,67,0,67,-1,-1,-1,0
1858,10.791473922902494,4096,0,0,0.2975322902202606,0,67,0,67,-1,-1,-1,0
1859,10.797278911564625,4096,0,0,0.30598878860473633,0,67,1,67,-1,-1,-1,0
1860,10.803083900226758,4096,0,0,0.30591562390327454,0,67,1,67,67,67,67,0
1861,10.80888888888889,4096,0,0,0.32765689492225647,0,67,1,67,67,67,67,0
1862,10.81469387755102,4096,0,0,0.28992941975593567,0,67,1,67,67,67,67,0
1863,10.820498866213152,4096,0,0,0.3046186864376068,0,67,1,67,67,67,67,0
1864,10.826303854875283,4096,0,0,0.32850155234336853,0,67,1,67,67,67,67,0
1865,10.832108843537416,4096,0,0,0.318915992975235,0,67,1,67,67,67,67,0
1866,10.837913832199547,4096,0,0,0.33248472213745117,0,67,1,67,67,67,67,0
1867,10.843718820861678,4096,0,0,0.3317839503288269,0,67,1,67,67,67,67,0
1868,10.84952380952381,4096,0,0,0.31915926933288574,0,67,1,67,67,67,67,0
1869,10.85532879818594,4096,0,0,0.29092535376548767,0,67,1,67,67,67,67,0
1870,10.861133786848072,4096,0,0,0.3254741132259369,0,67,1,67,67,67,67,0
1871,10.866938775510205,4096,0,0,0.33705198764801025,0,67,1,67,67,67,67,0
1872,10.872743764172336,4096,0,0,0.2922680079936981,0,67,1,67,67,67,67,0
1873,10.878548752834467,4096,0,0,0.3190343379974365,0,67,1,67,67,67,67,0
1874,10.884353741496598,4096,0,0,0.3333265483379364,0,67,1,67,67,67,67,0
1875,10.89015873015873,4096,0,0,0.29691070318222046,0,67,1,67,67,67,67,0
1876,10.895963718820862,4096,0,0,0.32482922077178955,0,67,1,67,67,67,67,0
1877,10.901768707482994,4096,0,0,0.3244897723197937,0,67,1,67,67,67,67,0
1878,10.907573696145125,4096,0,0,0.2851414382457733,0,67,1,67,67,67,67,0
1879,10.913378684807256,4096,0,0,0.3120937943458557,0,67,1,67,67,67,67,0
1880,10.919183673469387,4096,0,0,0.3120254576206207,0,67,1,67,67,67,67,0
1881,10.924988662131518,4096,0,0,0.3125888407230377,0,67,1,67,67,67,67,0
1882,10.930793650793651,4096,0,0,0.2904326915740967,0,67,1,67,67,67,67,0
1883,10.936598639455783,4096,0,0,0.3100675046443939,0,67,1,67,67,67,67,0
1884,10.942403628117914,4096,0,0,0.3127965033054352,0,67,1,67,67,67,67,0
1885,10.948208616780045,4096,0,0,0.2790829539299011,0,67,1,67,67,67,67,0
1886,10.954013605442176,4096,0,0,0.29979750514030457,0,67,1,67,67,67,67,0
1887,10.95981859410431,4096,0,0,0.3071056008338928,0,67,1,67,67,67,67,0
1888,10.96562358276644,4096,0,0,0.29413560032844543,0,67,1,67,67,67,67,0
1889,10.971428571428572,4096,0,0,0.28903332352638245,0,67,1,67,67,67,67,0
1890,10.977233560090703,4096,0,0,0.30738118290901184,0,67,1,67,67,67,67,0
1891,10.983038548752834,4096,0,0,0.3218967616558075,0,67,1,67,67,67,67,0
1892,10.988843537414965,4096,0,0,0.2868911921977997,0,67,1,67,67,67,67,0
1893,10.994648526077098,4096,0,0,0.30390113592147827,0,67,1,67,67,67,67,0
1894,11.00045351473923,4096,0,0,0.2995264232158661,0,67,1,67,67,67,67,0
1895,11.00625850340136,4096,0,0,0.28822025656700134,0,67,1,67,67,67,67,0
1896,11.012063492063492,4096,0,0,0.26929423213005066,0,67,1,67,67,67,67,0
1897,11.017868480725623,4096,0,0,0.2985011339187622,0,67,1,67,67,67,67,0
1898,11.023673469387756,4096,0,0,0.3023231327533722,0,67,1,67,67,67,67,0
1899,11.029478458049887,4096,0,0,0.26592376828193665,0,67,1,67,67,67,67,0
1900,11.035283446712018,4096,0,0,0.2919524312019348,0,67,1,67,67,67,67,0
1901,11.04108843537415,4096,0,0,0.28428444266319275,0,67,1,67,67,67,67,0
1902,11.04689342403628,4096,0,0,0.28200769424438477,0,67,1,67,67,67,67,0
1903,11.052698412698414,4096,0,0,0.2608760595321655,0,67,1,67,67,67,67,0
1904,11.058503401360545,4096,0,0,0.27736514806747437,0,67,1,67,67,67,67,0
1905,11.064308390022676,4096,0,0,0.27738964557647705,0,67,1,67,67,67,67,0
1906,11.070113378684807,4096,0,0,0.24543555080890656,0,67,1,67,67,67,67,0
1907,11.075918367346938,4096,0,0,0.28198298811912537,0,67,1,67,67,67,67,0
1908,11.08172335600907,4096,0,0,0.2756768465042114,0,67,1,67,67,67,67,0
1909,11.087528344671203,4096,0,0,0.23741884529590607,0,67,1,67,67,67,67,0
1910,11.093333333333334,4096,0,0,0.259708434343338,0,67,1,67,67,67,67,0
1911,11.099138321995465,4096,0,0,0.25016647577285767,0,67,1,67,67,67,67,0
1912,11.104943310657596,4096,0,0,0.22969572246074677,0,67,1,67,67,67,67,0
1913,11.110748299319727,4096,0,0,0.2429971992969513,0,67,1,67,67,67,67,0
1914,11.11655328798186,4096,0,0,0.23876319825649261,0,67,1,67,67,67,67,0
1915,11.122358276643991,4096,0,0,0.25455304980278015,0,67,1,67,67,67,67,0
1916,11.128163265306123,4096,0,0,0.23376767337322235,0,67,1,67,67,67,67,0
1917,11.133968253968254,4096,0,0,0.26683202385902405,0,67,1,67,67,67,67,0
1918,11.139773242630385,4096,0,0,0.2488194704055786,0,67,1,67,67,67,67,0
1919,11.145578231292516,4096,0,0,0.2126787006855011,0,67,1,67,67,67,67,0
1920,11.15138321995465,4096,0,0,0.22906889021396637,0,67,1,67,67,67,67,0
1921,11.15718820861678,4096,0,0,0.21552836894989014,0,67,1,67,67,67,67,0
1922,11.162993197278912,4096,0,0,0.21505148708820343,0,67,1,67,67,67,67,0
1923,11.168798185941043,4096,0,0,0.20380167663097382,0,67,1,67,67,67,67,0
1924,11.174603174603174,4096,0,0,0.23854324221611023,0,67,1,67,67,67,67,0
1925,11.180408163265307,4096,0,0,0.22781874239444733,0,67,1,67,67,67,67,0
1926,11.186213151927438,4096,0,0,0.1990850418806076,0,67,1,67,67,67,67,0
1927,11.19201814058957,4096,0,0,0.21245017647743225,0,67,1,67,67,67,67,0
1928,11.1978231292517,4096,0,0,0.20507748425006866,0,67,1,67,67,67,67,0
1929,11.203628117913832,4096,0,0,0.2055502086877823,0,67,1,67,67,67,67,0
1930,11.209433106575963,4096,0,0,0.1870613992214203,0,67,1,67,67,67,67,0
1931,11.215238095238096,4096,0,0,0.21604348719120026,0,67,1,67,67,67,67,0
1932,11.221043083900227,4096,0,0,0.2077324539422989,0,67,1,67,67,67,67,0
1933,11.226848072562358,4096,0,0,0.18013764917850494,0,67,1,67,67,67,67,0
1934,11.23265306122449,4096,0,0,0.1957051306962967,0,67,1,67,67,67,67,0
1935,11.23845804988662,4096,0,0,0.19344817101955414,0,67,1,67,67,67,67,0
1936,11.244263038548754,4096,0,0,0.189224973320961,0,67,1,67,67,67,67,0
1937,11.250068027210885,4096,0,0,0.17649655044078827,0,67,1,67,67,67,67,0
1938,11.255873015873016,4096,0,0,0.20968769490718842,0,67,1,67,67,67,67,0
1939,11.261678004535147,4096,0,0,0.19145570695400238,0,67,1,67,67,67,67,0
1940,11.267482993197278,4096,0,0,0.16920988261699677,0,67,1,67,67,67,67,0
1941,11.27328798185941,4096,0,0,0.17791439592838287,0,67,1,67,67,67,67,0
1942,11.279092970521543,4096,0,0,0.170667365193367,0,67,1,67,67,67,67,0
1943,11.284897959183674,4096,0,0,0.15435215830802917,0,67,1,67,67,67,67,0
1944,11.290702947845805,4096,0,0,0.14188696444034576,0,67,1,67,67,67,67,0
1945,11.296507936507936,4096,0,0,0.16905434429645538,0,67,1,67,67,67,67,0
1946,11.302312925170067,4096,0,0,0.1564764827489853,0,67,0,67,67,67,67,0
1947,11.3081179138322,4096,0,0,0.13873198628425598,0,67,1,67,67,67,67,0
1948,11.313922902494332,4096,0,0,0.14717406034469604,0,67,1,67,67,67,67,0
1949,11.319727891156463,4096,0,0,0.14214318990707397,0,67,1,67,67,67,67,0
1950,11.325532879818594,4096,0,0,0.13272865116596222,0,67,0,67,67,67,67,0
1951,11.331337868480725,4096,0,0,0.12581714987754822,0,67,1,67,67,67,67,0
1952,11.337142857142856,4096,0,0,0.14648213982582092,0,67,1,67,67,67,67,0
1953,11.34294784580499,4096,0,0,0.1309780329465866,0,67,0,67,67,67,67,0
1954,11.34875283446712,4096,0,0,0.11448164284229279,0,67,1,67,67,67,67,0
1955,11.354557823129252,4096,0,0,0.11970849335193634,0,67,1,67,67,67,67,0
1956,11.360362811791383,4096,0,0,0.12019132077693939,0,67,1,67,67,67,67,0
1957,11.366167800453514,4096,0,0,0.11002977192401886,0,67,0,67,67,67,67,0
1958,11.371972789115647,4096,0,0,0.10520469397306442,0,67,1,67,67,67,67,0
1959,11.377777777777778,4096,0,0,0.12382563948631287,0,67,0,67,67,67,67,0
1960,11.38358276643991,4096,0,0,0.10329918563365936,0,67,0,67,-1,-1,-1,0
1961,11.38938775510204,4096,0,0,0.09676102548837662,0,67,0,67,-1,-1,-1,0
1962,11.395192743764172,4096,0,0,0.10060220211744308,0,67,0,67,-1,-1,-1,0
1963,11.400997732426303,4096,0,0,0.11160139739513397,0,67,0,67,-1,-1,-1,0
1964,11.406802721088436,4096,0,0,0.10405931621789932,0,67,0,67,-1,-1,-1,0
1965,11.412607709750567,512,1,0,0.09502726048231125,0,67,1,67,-1,-1,-1,0
1966,11.418412698412698,512,0,0,0.10336696356534958,0,67,1,67,67,67,67,0
1967,11.42421768707483,512,0,0,0.09883177280426025,0,67,1,67,67,67,67,0
1968,11.43002267573696,1024,0,0,0.09381350874900818,0,67,1,67,67,67,67,0
1969,11.435827664399094,1024,0,0,0.09199119359254837,0,67,1,67,67,67,67,0
1970,11.441632653061225,2048,0,0,0.10456934571266174,0,67,1,67,67,67,67,0
1971,11.447437641723356,2048,0,0,0.09138891100883484,0,67,1,67,67,67,67,0
1972,11.453242630385487,2048,0,0,0.08691452443599701,0,67,1,67,67,67,67,0
1973,11.459047619047618,2048,0,0,0.08877206593751907,0,67,1,67,67,67,67,0
1974,11.464852607709751,4096,0,0,0.09596054255962372,0,67,0,67,67,67,67,0
1975,11.470657596371883,4096,0,0,0.08849000185728073,0,67,0,67,-1,-1,-1,0
1976,11.476462585034014,4096,0,0,0.08482573926448822,0,67,0,67,-1,-1,-1,0
1977,11.482267573696145,4096,0,0,0.0903339758515358,0,67,0,67,-1,-1,-1,0
1978,11.488072562358276,4096,0,0,0.08080653846263885,0,67,0,67,-1,-1,-1,0
1979,11.493877551020407,4096,0,0,0.07864625006914139,0,67,0,67,-1,-1,-1,0
1980,11.49968253968254,512,1,0,0.07630202174186707,0,67,1,67,-1,-1,-1,0
1981,11.505487528344672,512,0,0,0.08422493189573288,0,67,1,67,67,67,67,0
1982,11.511292517006803,512,0,0,0.07677727192640305,0,67,1,67,67,67,67,0
1983,11.517097505668934,1024,0,0,0.0738602876663208,0,67,1,67,67,67,67,0
1984,11.522902494331065,1024,0,0,0.0739009901881218,0,67,1,67,67,67,67,0
1985,11.528707482993198,2048,0,0,0.0746014192700386,0,67,1,67,67,67,67,0
1986,11.53451247165533,2048,0,0,0.05935385078191757,0,67,1,67,67,67,67,0
1987,11.54031746031746,2048,0,0,0.04540076106786728,0,67,1,67,67,67,67,0
1988,11.546122448979592,2048,0,0,0.0399671271443367,0,67,1,67,67,67,67,0
1989,11.551927437641723,4096,0,0,0.033504169434309006,0,67,0,67,67,67,67,0
1990,11.557732426303854,4096,0,0,0.03174392506480217,0,67,0,67,-1,-1,-1,0
1991,11.563537414965987,4096,0,0,0.029669104143977165,0,67,0,67,-1,-1,-1,0
1992,11.569342403628118,4096,0,0,0.028638843446969986,0,67,0,67,-1,-1,-1,0
1993,11.57514739229025,4096,0,0,0.027673056349158287,0,67,0,67,-1,-1,-1,0
1994,11.58095238095238,4096,0,0,0.02753179706633091,0,-1,0,67,-1,-1,-1,0
1995,11.586757369614512,4096,0,0,0.027536796405911446,0,-1,0,67,-1,-1,-1,0
1996,11.592562358276645,4096,0,0,0.027832768857479095,0,-1,0,67,-1,-1,-1,0
1997,11.598367346938776,4096,0,0,0.02795388177037239,0,-1,0,67,-1,-1,-1,0
1998,11.604172335600907,4096,0,0,0.027621882036328316,0,-1,0,67,-1,-1,-1,0
1999,11.609977324263038,4096,0,0,0.02769417315721512,0,-1,0,67,-1,-1,-1,0
2000,11.61578231292517,4096,0,0,0.027985267341136932,0,-1,0,67,-1,-1,-1,0
2001,11.6215873015873,4096,0,0,0.027835479006171227,0,-1,0,55,-1,-1,-1,0
2002,11.627392290249434,4096,0,0,0.028245333582162857,0,-1,0,72,-1,-1,-1,0
2003,11.633197278911565,4096,0,0,0.028162121772766113,0,-1,0,72,-1,-1,-1,0
2004,11.639002267573696,4096,0,0,0.027518024668097496,0,-1,0,72,-1,-1,-1,0
2005,11.644807256235827,4096,0,0,0.027326444163918495,0,-1,0,59,-1,-1,-1,0
2006,11.650612244897959,4096,0,0,0.02726311981678009,0,-1,0,59,-1,-1,-1,0
2007,11.656417233560092,4096,0,0,0.027142535895109177,0,-1,0,59,-1,-1,-1,0
2008,11.662222222222223,4096,0,0,0.027446778491139412,0,-1,0,59,-1,-1,-1,0
2009,11.668027210884354,4096,0,0,0.027474431321024895,0,-1,0,59,-1,-1,-1,0
2010,11.673832199546485,4096,0,0,0.027245283126831055,0,-1,0,59,-1,-1,-1,0
2011,11.679637188208616,4096,0,0,0.027491018176078796,0,-1,0,59,-1,-1,-1,0
2012,11.685442176870747,4096,0,0,0.027928614988923073,0,-1,0,59,-1,-1,-1,0
2013,11.69124716553288,4096,0,0,0.028492800891399384,0,-1,0,59,-1,-1,-1,0
2014,11.697052154195012,4096,0,0,0.027890877798199654,0,-1,0,59,-1,-1,-1,0
2015,11.702857142857143,4096,0,0,0.02718641795217991,0,-1,0,59,-1,-1,-1,0
2016,11.708662131519274,4096,0,0,0.02726534567773342,0,-1,0,59,-1,-1,-1,0
2017,11.714467120181405,4096,0,0,0.027149062603712082,0,-1,0,59,-1,-1,-1,0
2018,11.720272108843538,4096,0,0,0.026966270059347153,0,-1,0,59,-1,-1,-1,0
2019,11.72607709750567,4096,0,0,0.027376996353268623,0,-1,0,59,-1,-1,-1,0
2020,11.7318820861678,4096,0,0,0.027256760746240616,0,-1,0,59,-1,-1,-1,0
2021,11.737687074829932,4096,0,0,0.027264904230833054,0,-1,0,59,-1,-1,-1,0
2022,11.743492063492063,4096,0,0,0.027837010100483894,0,-1,0,59,-1,-1,-1,0
2023,11.749297052154194,4096,0,0,0.029409490525722504,0,-1,0,59,-1,-1,-1,0
2024,11.755102040816327,4096,0,0,0.03245420381426811,0,-1,0,59,-1,-1,-1,0
2025,11.760907029478458,4096,0,0,0.034574899822473526,0,-1,0,59,-1,-1,-1,0
2026,11.76671201814059,4096,0,0,0.03188323602080345,0,-1,0,59,-1,-1,-1,0
2027,11.77251700680272,4096,0,0,0.030253048986196518,0,-1,0,59,-1,-1,-1,0
2028,11.778321995464852,512,1,0,0.03605986759066582,0,-1,1,53,-1,-1,-1,0
2029,11.784126984126985,512,0,0,0.4645080268383026,0,-1,1,59,-1,-1,-1,0
2030,11.789931972789116,512,0,0,0.6025370359420776,1,-1,1,67,-1,-1,-1,0
2031,11.795736961451247,1024,0,0,0.6355103254318237,1,67,1,67,67,67,67,0
2032,11.801541950113378,1024,0,0,0.7301118969917297,1,67,1,67,67,67,67,0
2033,11.80734693877551,2048,0,1,0.7613624334335327,1,67,1,67,67,67,67,0
2034,11.81315192743764,2048,0,0,0.7213019132614136,1,67,1,67,67,67,67,0
2035,11.818956916099774,2048,0,0,0.6373263597488403,1,67,1,67,67,67,67,0
2036,11.824761904761905,2048,0,0,0.5657892823219299,0,67,1,67,67,67,67,0
2037,11.830566893424036,4096,0,0,0.4539724886417389,0,67,0,67,67,67,67,0
2038,11.836371882086167,4096,0,0,0.45003995299339294,0,67,0,67,-1,-1,-1,0
2039,11.842176870748299,4096,0,0,0.46515342593193054,0,67,0,67,-1,-1,-1,0
2040,11.847981859410432,4096,0,0,0.45833703875541687,0,67,0,67,-1,-1,-1,0
2041,11.853786848072563,4096,0,0,0.5261132121086121,0,67,1,67,-1,-1,-1,0
2042,11.859591836734694,4096,0,0,0.5686149597167969,0,67,1,67,67,67,67,0
2043,11.865396825396825,4096,0,0,0.5033613443374634,0,67,1,67,67,67,67,0
2044,11.871201814058956,4096,0,0,0.4797404110431671,0,67,1,67,67,67,67,0
2045,11.877006802721088,4096,0,0,0.573189377784729,0,67,1,67,67,67,67,0
2046,11.88281179138322,4096,0,0,0.5568568706512451,0,67,1,67,67,67,67,0
2047,11.888616780045352,4096,0,0,0.5257948637008667,0,67,1,67,67,67,67,0
2048,11.894421768707483,4096,0,0,0.5137067437171936,0,67,1,67,67,67,67,0
2049,11.900226757369614,4096,0,0,0.5388311743736267,0,67,1,67,67,67,67,0
2050,11.906031746031745,4096,0,0,0.5990397334098816,1,67,1,67,67,67,67,0
2051,11.911836734693878,4096,0,0,0.6826425194740295,1,67,1,67,67,67,67,0
2052,11.91764172335601,4096,0,0,0.6537976861000061,1,67,1,67,67,67,67,0
2053,11.92344671201814,4096,0,0,0.6255772709846497,1,67,1,67,67,67,67,0
2054,11.929251700680272,4096,0,0,0.6334787011146545,1,67,1,67,67,67,67,0
2055,11.935056689342403,4096,0,0,0.38003894686698914,0,-1,1,67,67,67,67,0
2056,11.940861678004536,4096,0,0,0.26271674036979675,0,-1,1,67,67,67,67,0
2057,11.946666666666667,4096,0,0,0.29808056354522705,0,-1,1,67,67,67,67,0
2058,11.952471655328798,4096,0,0,0.32235071063041687,0,-1,1,67,67,67,67,0
2059,11.95827664399093,4096,0,0,0.31662097573280334,0,-1,1,67,67,67,67,0
2060,11.96408163265306,4096,0,0,0.2734988033771515,0,-1,1,67,67,67,67,0
2061,11.969886621315192,4096,0,0,0.27181804180145264,0,-1,1,67,67,67,67,0
2062,11.975691609977325,4096,0,0,0.28813934326171875,0,-1,1,67,67,67,67,0
2063,11.981496598639456,4096,0,0,0.3103480935096741,0,-1,0,66,67,67,67,0
2064,11.987301587301587,4096,0,0,0.29842114448547363,0,-1,0,65,-1,-1,-1,0
2065,11.993106575963719,4096,0,0,0.29451966285705566,0,-1,0,65,-1,-1,-1,0
2066,11.99891156462585,4096,0,0,0.29606571793556213,0,65,1,65,-1,-1,-1,0
2067,12.004716553287983,4096,0,0,0.2974802851676941,0,65,1,65,65,65,65,0
2068,12.010521541950114,4096,0,0,0.30814170837402344,0,65,1,65,65,65,65,0
2069,12.016326530612245,4096,0,0,0.31237947940826416,0,65,1,65,65,65,65,0
2070,12.022131519274376,4096,0,0,0.30622750520706177,0,65,1,65,65,65,65,0
2071,12.027936507936507,4096,0,0,0.2939359247684479,0,65,1,65,65,65,65,0
2072,12.033741496598639,4096,0,0,0.28641989827156067,0,65,1,65,65,65,65,0
2073,12.039546485260772,4096,0,0,0.28756198287010193,0,65,1,65,65,65,65,0
2074,12.045351473922903,4096,0,0,0.28923195600509644,0,65,1,65,65,65,65,0
2075,12.051156462585034,4096,0,0,0.28278177976608276,0,65,1,65,65,65,65,0
2076,12.056961451247165,4096,0,0,0.2735726535320282,0,65,1,65,65,65,65,0
2077,12.062766439909296,4096,0,0,0.2839915156364441,0,65,1,65,65,65,65,0
2078,12.06857142857143,4096,0,0,0.31114548444747925,0,65,1,65,65,65,65,0
2079,12.07437641723356,4096,0,0,0.2762278616428375,0,65,1,65,65,65,65,0
2080,12.080181405895692,4096,0,0,0.2611193358898163,0,65,1,65,65,65,65,0
2081,12.085986394557823,4096,0,0,0.19753120839595795,0,65,1,65,65,65,65,0
2082,12.091791383219954,4096,0,0,0.08588956296443939,0,65,1,65,65,65,65,0
2083,12.097596371882085,4096,0,0,0.04219040647149086,0,65,1,65,65,65,65,0
2084,12.103401360544218,512,1,0,0.037264857441186905,0,65,1,53,65,65,65,0
2085,12.10920634920635,512,0,0,0.4374121129512787,0,65,1,55,65,65,65,0
2086,12.11501133786848,512,0,0,0.3128156065940857,0,67,1,67,65,65,65,0
2087,12.120816326530612,1024,0,0,0.42055079340934753,0,67,1,67,67,65,65,0
2088,12.126621315192743,1024,0,1,0.4635016918182373,0,67,1,67,67,65,65,0
2089,12.132426303854876,2048,0,0,0.48260101675987244,0,67,1,67,67,65,65,0
2090,12.138231292517007,2048,0,0,0.5844913721084595,0,67,1,67,67,65,65,0
2091,12.144036281179138,2048,0,0,0.585213840007782,1,67,1,67,67,67,67,0
2092,12.14984126984127,2048,0,0,0.5634226202964783,0,67,1,67,67,67,67,0
2093,12.1556462585034,4096,0,0,0.5029693841934204,0,67,0,67,67,67,67,0
2094,12.161451247165532,4096,0,0,0.5565907955169678,0,67,0,67,-1,-1,-1,0
2095,12.167256235827665,4096,0,0,0.5474873781204224,0,67,0,67,-1,-1,-1,0
2096,12.173061224489796,4096,0,0,0.5162458419799805,0,67,0,67,-1,-1,-1,0
2097,12.178866213151927,4096,0,0,0.5796900391578674,0,67,1,67,-1,-1,-1,0
2098,12.184671201814059,4096,0,0,0.5961624383926392,1,67,1,67,67,67,67,0
2099,12.19047619047619,4096,0,0,0.6149762868881226,1,67,1,67,67,67,67,0
2100,12.196281179138323,4096,0,0,0.6047340035438538,1,67,1,67,67,67,67,0
2101,12.202086167800454,4096,0,0,0.5710793733596802,0,67,1,67,67,67,67,0
2102,12.207891156462585,4096,0,0,0.5545653700828552,0,67,1,67,67,67,67,0
2103,12.213696145124716,4096,0,0,0.49304842948913574,0,67,1,67,67,67,67,0
2104,12.219501133786848,4096,0,0,0.4541439116001129,0,67,1,67,67,67,67,0
2105,12.225306122448979,4096,0,0,0.49884796142578125,0,67,1,67,67,67,67,0
2106,12.231111111111112,4096,0,0,0.4692639112472534,0,67,1,67,67,67,67,0
2107,12.236916099773243,4096,0,0,0.4176090657711029,0,67,1,67,67,67,67,0
2108,12.242721088435374,4096,0,0,0.2948651611804962,0,67,1,67,67,67,67,0
2109,12.248526077097505,4096,0,0,0.29691675305366516,0,67,1,67,67,67,67,0
2110,12.254331065759636,4096,0,0,0.3135247826576233,0,67,1,67,67,67,67,0
2111,12.26013605442177,4096,0,0,0.3461076319217682,0,67,1,67,67,67,67,0
2112,12.2659410430839,4096,0,0,0.40033283829689026,0,67,1,67,67,67,67,0
2113,12.271746031746032,4096,0,0,0.46164384484291077,0,67,1,67,67,67,67,0
2114,12.277551020408163,4096,0,0,0.49199196696281433,0,67,1,67,67,67,67,0
2115,12.283356009070294,4096,0,0,0.4430784583091736,0,67,1,67,67,67,67,0
2116,12.289160997732425,4096,0,0,0.42960596084594727,0,67,1,67,67,67,67,0
2117,12.294965986394558,4096,0,0,0.42088285088539124,0,67,1,67,67,67,67,0
2118,12.30077097505669,512,1,0,0.09154285490512848,0,67,1,55,67,67,67,0
2119,12.30657596371882,512,0,0,0.05579167231917381,0,67,1,55,55,67,67,0
2120,12.312380952380952,512,0,0,0.0495692603290081,0,67,1,55,55,67,67,0
2121,12.318185941043083,1024,0,0,0.03661282733082771,0,-1,1,55,55,67,67,0
2122,12.323990929705216,1024,0,0,0.03925664722919464,0,-1,1,67,55,67,67,0
2123,12.329795918367347,2048,0,0,0.03932971507310867,0,-1,1,67,67,67,67,0
2124,12.335600907029479,2048,0,0,0.03815191611647606,0,-1,1,67,67,67,67,0
2125,12.34140589569161,2048,0,0,0.2930153012275696,0,-1,1,67,67,67,67,0
2126,12.347210884353741,2048,0,0,0.5767274498939514,0,-1,1,67,67,67,67,0
2127,12.353015873015874,4096,0,0,0.5756427049636841,0,70,0,67,67,67,67,0
2128,12.358820861678005,4096,0,0,0.506934404373169,0,70,0,67,-1,-1,-1,0
2129,12.364625850340136,4096,0,1,0.4533608555793762,0,70,0,67,-1,-1,-1,0
2130,12.370430839002267,4096,0,0,0.5676344037055969,0,70,0,67,-1,-1,-1,0
2131,12.376235827664399,4096,0,0,0.5612726807594299,0,70,0,67,-1,-1,-1,0
2132,12.38204081632653,4096,0,0,0.5646979212760925,0,70,0,67,-1,-1,-1,0
2133,12.387845804988663,4096,0,0,0.5209282040596008,0,70,0,67,-1,-1,-1,0
2134,12.393650793650794,4096,0,0,0.4773823916912079,0,70,0,67,-1,-1,-1,0
2135,12.399455782312925,4096,0,0,0.4278143048286438,0,70,1,70,-1,-1,-1,0
2136,12.405260770975056,4096,0,0,0.3812699317932129,0,70,1,70,70,70,70,0
2137,12.411065759637188,4096,0,0,0.4932859241962433,0,70,1,70,70,70,70,0
2138,12.41687074829932,4096,0,0,0.5369044542312622,0,70,1,70,70,70,70,0
2139,12.422675736961452,4096,0,0,0.41404521465301514,0,70,1,70,70,70,70,0
2140,12.428480725623583,4096,0,0,0.4328716993331909,0,70,1,70,70,70,70,0
2141,12.434285714285714,4096,0,0,0.5078368782997131,0,70,1,70,70,70,70,0
2142,12.440090702947845,4096,0,0,0.45056667923927307,0,70,1,70,70,70,70,0
2143,12.445895691609977,4096,0,0,0.41545432806015015,0,70,1,70,70,70,70,0
2144,12.45170068027211,4096,0,0,0.4349561333656311,0,70,1,70,70,70,70,0
2145,12.45750566893424,4096,0,0,0.5347632765769958,0,70,1,70,70,70,70,0
2146,12.463310657596372,4096,0,0,0.5195873379707336,0,70,1,70,70,70,70,0
2147,12.469115646258503,4096,0,0,0.42281919717788696,0,70,1,70,70,70,70,0
2148,12.474920634920634,4096,0,0,0.394244521856308,0,70,1,70,70,70,70,0
2149,12.480725623582767,4096,0,0,0.41469064354896545,0,70,1,70,70,70,70,0
2150,12.486530612244898,4096,0,0,0.42395544052124023,0,70,1,70,70,70,70,0
2151,12.49233560090703,4096,0,0,0.42197561264038086,0,70,1,70,70,70,70,0
2152,12.49814058956916,4096,0,0,0.37517255544662476,0,70,1,70,70,70,70,0
2153,12.503945578231292,4096,0,0,0.40188080072402954,0,70,1,70,70,70,70,0
2154,12.509750566893423,4096,0,0,0.3972158133983612,0,70,1,70,70,70,70,0
2155,12.515555555555556,4096,0,0,0.29357385635375977,0,70,1,70,70,70,70,0
2156,12.521360544217687,4096,0,0,0.30948713421821594,0,70,1,70,70,70,70,0
2157,12.527165532879819,4096,0,0,0.3692202568054199,0,70,1,70,70,70,70,0
2158,12.53297052154195,4096,0,0,0.38949331641197205,0,70,1,70,70,70,70,0
2159,12.538775510204081,4096,0,0,0.3700563609600067,0,70,1,70,70,70,70,0
2160,12.544580498866214,4096,0,0,0.3489478826522827,0,70,1,70,70,70,70,0
2161,12.550385487528345,4096,0,0,0.3433806300163269,0,70,1,70,70,70,70,0
2162,12.556190476190476,4096,0,0,0.2698216736316681,0,70,1,70,70,70,70,0
2163,12.561995464852608,4096,0,0,0.2395220249891281,0,70,1,70,70,70,70,0
2164,12.567800453514739,4096,0,0,0.28450798988342285,0,70,1,70,70,70,70,0
2165,12.57360544217687,4096,0,0,0.3192206025123596,0,70,1,70,70,70,70,0
2166,12.579410430839003,4096,0,0,0.20064383745193481,0,70,1,70,70,70,70,0
2167,12.585215419501134,512,1,0,0.07968757301568985,0,70,1,69,70,70,70,0
2168,12.591020408163265,512,0,0,0.04484354332089424,0,70,1,69,69,70,70,0
2169,12.596825396825396,512,0,0,0.031929001212120056,0,70,1,72,69,70,70,0
2170,12.602630385487528,1024,0,0,0.0301845483481884,0,70,1,72,72,70,70,0
2171,12.60843537414966,1024,0,0,0.028835158795118332,0,70,0,59,72,70,70,0
2172,12.614240362811792,2048,0,0,0.02790701389312744,0,70,0,69,-1,-1,-1,0
2173,12.620045351473923,2048,0,0,0.027729351073503494,0,-1,0,69,-1,-1,-1,0
2174,12.625850340136054,2048,0,0,0.027488086372613907,0,-1,0,59,-1,-1,-1,0
2175,12.631655328798185,2048,0,0,0.027505185455083847,0,-1,0,59,-1,-1,-1,0
2176,12.637460317460317,4096,0,0,0.02750208042562008,0,-1,0,69,-1,-1,-1,0
2177,12.64326530612245,4096,0,0,0.027384458109736443,0,-1,0,69,-1,-1,-1,0
2178,12.64907029478458,4096,0,0,0.02705308049917221,0,-1,0,69,-1,-1,-1,0
2179,12.654875283446712,4096,0,0,0.027605926617980003,0,-1,0,69,-1,-1,-1,0
2180,12.660680272108843,4096,0,0,0.027654239907860756,0,-1,0,69,-1,-1,-1,0
2181,12.666485260770974,4096,0,0,0.027561457827687263,0,-1,0,59,-1,-1,-1,0
2182,12.672290249433107,4096,0,0,0.027506645768880844,0,-1,0,59,-1,-1,-1,0
2183,12.678095238095239,4096,0,0,0.027852851897478104,0,-1,0,59,-1,-1,-1,0
2184,12.68390022675737,4096,0,0,0.027790093794465065,0,-1,0,59,-1,-1,-1,0
2185,12.689705215419501,4096,0,0,0.027376990765333176,0,-1,0,59,-1,-1,-1,0
2186,12.695510204081632,4096,0,0,0.027577761560678482,0,-1,0,59,-1,-1,-1,0
2187,12.701315192743763,4096,0,0,0.02723616175353527,0,-1,0,59,-1,-1,-1,0
2188,12.707120181405896,4096,0,0,0.0269682165235281,0,-1,0,59,-1,-1,-1,0
2189,12.712925170068027,4096,0,0,0.027047686278820038,0,-1,0,59,-1,-1,-1,0
2190,12.718730158730159,4096,0,0,0.02765265665948391,0,-1,0,59,-1,-1,-1,0
2191,12.72453514739229,4096,0,0,0.027224160730838776,0,-1,0,59,-1,-1,-1,0
2192,12.730340136054421,4096,0,0,0.027000457048416138,0,-1,0,59,-1,-1,-1,0
2193,12.736145124716554,4096,0,0,0.02726174145936966,0,-1,0,59,-1,-1,-1,0
2194,12.741950113378685,4096,0,0,0.02681899257004261,0,-1,0,59,-1,-1,-1,0
2195,12.747755102040816,4096,0,0,0.02742377296090126,0,-1,0,59,-1,-1,-1,0
2196,12.753560090702948,4096,0,0,0.027334064245224,0,-1,0,59,-1,-1,-1,0
2197,12.759365079365079,4096,0,0,0.02765587903559208,0,-1,0,59,-1,-1,-1,0
2198,12.765170068027212,4096,0,0,0.027584606781601906,0,-1,0,59,-1,-1,-1,0
2199,12.770975056689343,4096,0,0,0.027212191373109818,0,-1,0,59,-1,-1,-1,0
2200,12.776780045351474,4096,0,0,0.0272655226290226,0,-1,0,59,-1,-1,-1,0
2201,12.782585034013605,4096,0,0,0.027443431317806244,0,-1,0,59,-1,-1,-1,0
2202,12.788390022675737,4096,0,0,0.02759489044547081,0,-1,0,59,-1,-1,-1,0
2203,12.794195011337868,4096,0,0,0.027328714728355408,0,-1,0,59,-1,-1,-1,0
2204,12.8,4096,0,0,0.027603590860962868,0,-1,0,59,-1,-1,-1,0
2205,12.805804988662132,4096,0,0,0.027341138571500778,0,-1,0,59,-1,-1,-1,0
2206,12.811609977324263,4096,0,0,0.027279438450932503,0,-1,0,59,-1,-1,-1,0
2207,12.817414965986394,4096,0,0,0.02750769816339016,0,-1,0,59,-1,-1,-1,0
2208,12.823219954648525,4096,0,0,0.027702970430254936,0,-1,0,59,-1,-1,-1,0
2209,12.829024943310658,4096,0,0,0.027896525338292122,0,-1,0,59,-1,-1,-1,0
2210,12.83482993197279,4096,0,0,0.027914103120565414,0,-1,0,59,-1,-1,-1,0
2211,12.84063492063492,4096,0,0,0.027421705424785614,0,-1,0,59,-1,-1,-1,0
2212,12.846439909297052,4096,0,0,0.027347594499588013,0,-1,0,59,-1,-1,-1,0
2213,12.852244897959183,4096,0,0,0.027397677302360535,0,-1,0,59,-1,-1,-1,0
2214,12.858049886621314,4096,0,0,0.027851469814777374,0,-1,0,59,-1,-1,-1,0
2215,12.863854875283447,4096,0,0,0.027876386418938637,0,-1,0,59,-1,-1,-1,0
2216,12.869659863945579,4096,0,0,0.02782324329018593,0,-1,0,59,-1,-1,-1,0
2217,12.87546485260771,4096,0,0,0.027609506621956825,0,-1,0,59,-1,-1,-1,0
2218,12.881269841269841,4096,0,0,0.02732563205063343,0,-1,0,59,-1,-1,-1,0
2219,12.887074829931972,4096,0,0,0.027262790128588676,0,-1,0,59,-1,-1,-1,0
2220,12.892879818594105,4096,0,0,0.027360331267118454,0,-1,0,59,-1,-1,-1,0
2221,12.898684807256236,4096,0,0,0.027817143127322197,0,-1,0,59,-1,-1,-1,0
2222,12.904489795918368,4096,0,0,0.02832753211259842,0,-1,0,59,-1,-1,-1,0
2223,12.910294784580499,4096,0,0,0.02801493927836418,0,-1,0,59,-1,-1,-1,0
2224,12.91609977324263,4096,0,0,0.027490587905049324,0,-1,0,59,-1,-1,-1,0
2225,12.921904761904761,4096,0,0,0.027198107913136482,0,-1,0,59,-1,-1,-1,0
2226,12.927709750566894,4096,0,0,0.02765006572008133,0,-1,0,59,-1,-1,-1,0
2227,12.933514739229025,4096,0,0,0.027535326778888702,0,-1,0,59,-1,-1,-1,0
2228,12.939319727891156,4096,0,0,0.02698453888297081,0,-1,0,59,-1,-1,-1,0
2229,12.945124716553288,4096,0,0,0.026926817372441292,0,-1,0,59,-1,-1,-1,0
2230,12.950929705215419,4096,0,0,0.027440890669822693,0,-1,0,59,-1,-1,-1,0
2231,12.956734693877552,4096,0,0,0.027589108794927597,0,-1,0,59,-1,-1,-1,0
2232,12.962539682539683,4096,0,0,0.027361510321497917,0,-1,0,59,-1,-1,-1,0
2233,12.968344671201814,4096,0,0,0.0273663979023695,0,-1,0,59,-1,-1,-1,0
2234,12.974149659863945,4096,0,0,0.027339838445186615,0,-1,0,59,-1,-1,-1,0
2235,12.979954648526077,4096,0,0,0.0271675493568182,0,-1,0,59,-1,-1,-1,0
2236,12.985759637188208,4096,0,0,0.02737979032099247,0,-1,0,59,-1,-1,-1,0
2237,12.99156462585034,4096,0,0,0.027726376429200172,0,-1,0,59,-1,-1,-1,0
2238,12.997369614512472,4096,0,0,0.02762264385819435,0,-1,0,59,-1,-1,-1,0
2239,13.003174603174603,4096,0,0,0.027885498479008675,0,-1,0,59,-1,-1,-1,0
2240,13.008979591836734,4096,0,0,0.027600347995758057,0,-1,0,59,-1,-1,-1,0
2241,13.014784580498866,4096,0,0,0.02733222395181656,0,-1,0,59,-1,-1,-1,0
2242,13.020589569160999,4096,0,0,0.027314864099025726,0,-1,0,59,-1,-1,-1,0
2243,13.02639455782313,4096,0,0,0.027877433225512505,0,-1,0,59,-1,-1,-1,0
2244,13.032199546485261,4096,0,0,0.027962272986769676,0,-1,0,59,-1,-1,-1,0
2245,13.038004535147392,4096,0,0,0.027797259390354156,0,-1,0,59,-1,-1,-1,0
2246,13.043809523809523,4096,0,0,0.02764536440372467,0,-1,0,59,-1,-1,-1,0
2247,13.049614512471654,4096,0,0,0.027161898091435432,0,-1,0,59,-1,-1,-1,0
2248,13.055419501133787,4096,0,0,0.027346063405275345,0,-1,0,59,-1,-1,-1,0
2249,13.061224489795919,4096,0,0,0.02742813527584076,0,-1,0,59,-1,-1,-1,0
2250,13.06702947845805,4096,0,0,0.02767765522003174,0,-1,0,59,-1,-1,-1,0
2251,13.072834467120181,4096,0,0,0.027400951832532883,0,-1,0,59,-1,-1,-1,0
2252,13.078639455782312,4096,0,0,0.027356218546628952,0,-1,0,59,-1,-1,-1,0
2253,13.084444444444445,4096,0,0,0.027387283742427826,0,-1,0,59,-1,-1,-1,0
2254,13.090249433106576,4096,0,0,0.026857338845729828,0,-1,0,59,-1,-1,-1,0
2255,13.096054421768708,4096,0,0,0.026667485013604164,0,-1,0,59,-1,-1,-1,0
2256,13.101859410430839,4096,0,0,0.027415268123149872,0,-1,0,59,-1,-1,-1,0
2257,13.10766439909297,4096,0,0,0.028136547654867172,0,-1,0,59,-1,-1,-1,0
2258,13.113469387755101,4096,0,0,0.028351886197924614,0,-1,0,59,-1,-1,-1,0
2259,13.119274376417234,4096,0,0,0.027962032705545425,0,-1,0,59,-1,-1,-1,0
2260,13.125079365079365,4096,0,0,0.02747352048754692,0,-1,0,59,-1,-1,-1,0
2261,13.130884353741497,4096,0,0,0.027304280549287796,0,-1,0,59,-1,-1,-1,0
2262,13.136689342403628,4096,0,0,0.028153033927083015,0,-1,0,59,-1,-1,-1,0
2263,13.142494331065759,4096,0,0,0.028500167652964592,0,-1,0,59,-1,-1,-1,0
2264,13.148299319727892,4096,0,0,0.028212128207087517,0,-1,0,59,-1,-1,-1,0
2265,13.154104308390023,4096,0,0,0.02816288359463215,0,-1,0,59,-1,-1,-1,0
2266,13.159909297052154,4096,0,0,0.027729582041502,0,-1,0,59,-1,-1,-1,0
2267,13.165714285714285,4096,0,0,0.027699707075953484,0,-1,0,59,-1,-1,-1,0
2268,13.171519274376417,4096,0,0,0.027637191116809845,0,-1,0,59,-1,-1,-1,0
2269,13.177324263038548,4096,0,0,0.027459749951958656,0,-1,0,59,-1,-1,-1,0
2270,13.18312925170068,4096,0,0,0.028071559965610504,0,-1,0,59,-1,-1,-1,0
2271,13.188934240362812,4096,0,0,0.027804836630821228,0,-1,0,59,-1,-1,-1,0
2272,13.194739229024943,4096,0,0,0.02748201973736286,0,-1,0,59,-1,-1,-1,0
2273,13.200544217687074,4096,0,0,0.02774527110159397,0,-1,0,59,-1,-1,-1,0
2274,13.206349206349206,4096,0,0,0.028663037344813347,0,-1,0,59,-1,-1,-1,0
2275,13.212154195011339,4096,0,0,0.028782282024621964,0,-1,0,59,-1,-1,-1,0
2276,13.21795918367347,4096,0,0,0.028108462691307068,0,-1,0,59,-1,-1,-1,0
2277,13.223764172335601,4096,0,0,0.027666235342621803,0,-1,0,59,-1,-1,-1,0
2278,13.229569160997732,4096,0,0,0.027394866570830345,0,-1,0,59,-1,-1,-1,0
2279,13.235374149659863,4096,0,0,0.028113001957535744,0,-1,0,59,-1,-1,-1,0
2280,13.241179138321996,4096,0,0,0.028193524107336998,0,-1,0,59,-1,-1,-1,0
2281,13.246984126984128,4096,0,0,0.02792622521519661,0,-1,0,59,-1,-1,-1,0
2282,13.252789115646259,4096,0,0,0.028000524267554283,0,-1,0,59,-1,-1,-1,0
2283,13.25859410430839,4096,0,0,0.027595220133662224,0,-1,0,59,-1,-1,-1,0
2284,13.264399092970521,4096,0,0,0.02800953947007656,0,-1,0,59,-1,-1,-1,0
2285,13.270204081632652,4096,0,0,0.027803465723991394,0,-1,0,59,-1,-1,-1,0
2286,13.276009070294785,4096,0,0,0.027209509164094925,0,-1,0,59,-1,-1,-1,0
2287,13.281814058956916,4096,0,0,0.027598915621638298,0,-1,0,59,-1,-1,-1,0
2288,13.287619047619048,4096,0,0,0.02778802253305912,0,-1,0,59,-1,-1,-1,0
2289,13.293424036281179,4096,0,0,0.02800676040351391,0,-1,0,59,-1,-1,-1,0
2290,13.29922902494331,4096,0,0,0.02744455635547638,0,-1,0,59,-1,-1,-1,0
2291,13.305034013605443,4096,0,0,0.026706891134381294,0,-1,0,59,-1,-1,-1,0
2292,13.310839002267574,4096,0,0,0.026785958558321,0,-1,0,59,-1,-1,-1,0
2293,13.316643990929705,4096,0,0,0.027049021795392036,0,-1,0,59,-1,-1,-1,0
2294,13.322448979591837,4096,0,0,0.02726416103541851,0,-1,0,59,-1,-1,-1,0
2295,13.328253968253968,4096,0,0,0.02739931456744671,0,-1,0,59,-1,-1,-1,0
2296,13.334058956916099,4096,0,0,0.027706600725650787,0,-1,0,59,-1,-1,-1,0
2297,13.339863945578232,4096,0,0,0.02866923063993454,0,-1,0,59,-1,-1,-1,0
2298,13.345668934240363,4096,0,0,0.02831612154841423,0,-1,0,59,-1,-1,-1,0
2299,13.351473922902494,4096,0,0,0.027404721826314926,0,-1,0,59,-1,-1,-1,0
2300,13.357278911564626,4096,0,0,0.02753216214478016,0,-1,0,59,-1,-1,-1,0
2301,13.363083900226757,4096,0,0,0.02738000638782978,0,-1,0,59,-1,-1,-1,0
2302,13.36888888888889,4096,0,0,0.02746516838669777,0,-1,0,59,-1,-1,-1,0
2303,13.374693877551021,4096,0,0,0.02744007483124733,0,-1,0,59,-1,-1,-1,0
2304,13.380498866213152,4096,0,0,0.027689896523952484,0,-1,0,59,-1,-1,-1,0
2305,13.386303854875283,4096,0,0,0.02797956019639969,0,-1,0,59,-1,-1,-1,0
2306,13.392108843537414,4096,0,0,0.027524519711732864,0,-1,0,59,-1,-1,-1,0
2307,13.397913832199546,4096,0,0,0.02772383578121662,0,-1,0,59,-1,-1,-1,0
2308,13.403718820861679,4096,0,0,0.028508838266134262,0,-1,0,59,-1,-1,-1,0
2309,13.40952380952381,4096,0,0,0.02782568708062172,0,-1,0,59,-1,-1,-1,0
2310,13.415328798185941,4096,0,0,0.027297399938106537,0,-1,0,59,-1,-1,-1,0
2311,13.421133786848072,4096,0,0,0.027316689491271973,0,-1,0,59,-1,-1,-1,0
2312,13.426938775510203,4096,0,0,0.027098754420876503,0,-1,0,59,-1,-1,-1,0
2313,13.432743764172336,4096,0,0,0.02757233940064907,0,-1,0,59,-1,-1,-1,0
2314,13.438548752834468,4096,0,0,0.027818497270345688,0,-1,0,59,-1,-1,-1,0
2315,13.444353741496599,4096,0,0,0.027635032311081886,0,-1,0,59,-1,-1,-1,0
2316,13.45015873015873,4096,0,0,0.027863318100571632,0,-1,0,59,-1,-1,-1,0
2317,13.455963718820861,4096,0,0,0.027250861749053,0,-1,0,59,-1,-1,-1,0
2318,13.461768707482992,4096,0,0,0.026991894468665123,0,-1,0,59,-1,-1,-1,0
2319,13.467573696145125,4096,0,0,0.027287382632493973,0,-1,0,59,-1,-1,-1,0
2320,13.473378684807257,4096,0,0,0.027428334578871727,0,-1,0,59,-1,-1,-1,0
2321,13.479183673469388,4096,0,0,0.02738739177584648,0,-1,0,59,-1,-1,-1,0
2322,13.484988662131519,4096,0,0,0.027314957231283188,0,-1,0,59,-1,-1,-1,0
2323,13.49079365079365,4096,0,0,0.02733609452843666,0,-1,0,59,-1,-1,-1,0
2324,13.496598639455783,4096,0,0,0.027782205492258072,0,-1,0,59,-1,-1,-1,0
2325,13.502403628117914,4096,0,0,0.027880484238266945,0,-1,0,59,-1,-1,-1,0
2326,13.508208616780045,4096,0,0,0.02789810299873352,0,-1,0,59,-1,-1,-1,0
2327,13.514013605442177,4096,0,0,0.02852526493370533,0,-1,0,59,-1,-1,-1,0
2328,13.519818594104308,4096,0,0,0.02840988151729107,0,-1,0,59,-1,-1,-1,0
2329,13.525623582766439,4096,0,0,0.027860071510076523,0,-1,0,59,-1,-1,-1,0
2330,13.531428571428572,4096,0,0,0.027580207213759422,0,-1,0,59,-1,-1,-1,0
2331,13.537233560090703,4096,0,0,0.02719976007938385,0,-1,0,59,-1,-1,-1,0
2332,13.543038548752834,4096,0,0,0.027146145701408386,0,-1,0,59,-1,-1,-1,0
2333,13.548843537414966,4096,0,0,0.027494892477989197,0,-1,0,59,-1,-1,-1,0
2334,13.554648526077097,4096,0,0,0.027726856991648674,0,-1,0,59,-1,-1,-1,0
2335,13.56045351473923,4096,0,0,0.027659092098474503,0,-1,0,59,-1,-1,-1,0
2336,13.566258503401361,4096,0,0,0.02779625728726387,0,-1,0,59,-1,-1,-1,0
2337,13.572063492063492,4096,0,0,0.028641479089856148,0,-1,0,59,-1,-1,-1,0
2338,13.577868480725623,512,1,0,0.029328705742955208,0,-1,1,59,-1,-1,-1,0
2339,13.583673469387755,512,0,0,0.030090857297182083,0,-1,1,59,59,59,59,0
2340,13.589478458049886,512,0,0,0.029871420934796333,0,-1,1,59,59,59,59,0
2341,13.595283446712019,1024,0,0,0.029006298631429672,0,-1,1,59,59,59,59,0
2342,13.60108843537415,1024,0,0,0.02887868322432041,0,-1,1,59,59,59,59,0
2343,13.606893424036281,2048,0,0,0.02952614240348339,0,-1,1,59,59,59,59,0
2344,13.612698412698412,2048,0,0,0.03118959069252014,0,-1,1,59,59,59,59,0
2345,13.618503401360543,2048,0,0,0.03183285892009735,0,-1,1,59,59,59,59,0
2346,13.624308390022676,2048,0,0,0.030560936778783798,0,-1,1,59,59,59,59,0
2347,13.630113378684808,4096,0,0,0.029635867103934288,0,-1,0,59,59,59,59,0
2348,13.635918367346939,4096,0,0,0.028768641874194145,0,-1,0,59,-1,-1,-1,0
2349,13.64172335600907,4096,0,0,0.02750840038061142,0,-1,0,59,-1,-1,-1,0
2350,13.647528344671201,4096,0,0,0.027406876906752586,0,-1,0,59,-1,-1,-1,0
2351,13.653333333333334,4096,0,0,0.028724242001771927,0,-1,0,59,-1,-1,-1,0
2352,13.659138321995465,4096,0,0,0.029358714818954468,0,-1,0,59,-1,-1,-1,0
2353,13.664943310657597,4096,0,0,0.02886548452079296,0,-1,0,59,-1,-1,-1,0
2354,13.670748299319728,4096,0,0,0.0283978208899498,0,-1,0,59,-1,-1,-1,0
2355,13.676553287981859,4096,0,0,0.027812868356704712,0,-1,0,59,-1,-1,-1,0
2356,13.68235827664399,512,1,0,0.028316153213381767,0,-1,1,59,-1,-1,-1,0
2357,13.688163265306123,512,0,0,0.047694817185401917,0,-1,1,49,-1,-1,-1,0
2358,13.693968253968254,512,0,0,0.16446107625961304,0,-1,1,49,49,49,49,0
2359,13.699773242630386,1024,0,0,0.7109674215316772,1,-1,1,49,49,49,49,0
2360,13.705578231292517,1024,0,0,0.5567640662193298,0,63,1,63,49,49,49,0
2361,13.711383219954648,2048,0,0,0.45693787932395935,0,63,1,63,63,49,49,0
2362,13.717188208616781,2048,0,1,0.6107708811759949,1,63,1,63,63,63,63,0
2363,13.722993197278912,2048,0,0,0.5493496656417847,0,63,1,63,63,63,63,0
2364,13.728798185941043,2048,0,0,0.5407606959342957,0,63,1,63,63,63,63,0
2365,13.734603174603174,4096,0,0,0.5546275973320007,0,63,0,63,63,63,63,0
2366,13.740408163265306,4096,0,0,0.5339288711547852,0,63,0,63,-1,-1,-1,0
2367,13.746213151927437,4096,0,0,0.47841450572013855,0,63,0,63,-1,-1,-1,0
2368,13.75201814058957,4096,0,0,0.49694520235061646,0,63,0,63,-1,-1,-1,0
2369,13.757823129251701,4096,0,0,0.5340644121170044,0,63,0,63,-1,-1,-1,0
2370,13.763628117913832,4096,0,0,0.566710352897644,0,63,1,63,-1,-1,-1,0
2371,13.769433106575963,4096,0,0,0.48242413997650146,0,63,1,63,63,63,63,0
2372,13.775238095238095,4096,0,0,0.42080172896385193,0,63,1,63,63,63,63,0
2373,13.781043083900228,4096,0,0,0.558836817741394,0,63,1,63,63,63,63,0
2374,13.786848072562359,4096,0,0,0.5661575794219971,0,63,1,63,63,63,63,0
2375,13.79265306122449,4096,0,0,0.5960455536842346,1,63,1,63,63,63,63,0
2376,13.798458049886621,4096,0,0,0.5317988991737366,0,63,1,63,63,63,63,0
2377,13.804263038548752,4096,0,0,0.49902933835983276,0,63,1,63,63,63,63,0
2378,13.810068027210884,4096,0,0,0.534233570098877,0,63,1,63,63,63,63,0
2379,13.815873015873017,4096,0,0,0.5656502842903137,0,63,1,63,63,63,63,0
2380,13.821678004535148,4096,0,0,0.6499691009521484,1,63,1,63,63,63,63,0
2381,13.827482993197279,4096,0,0,0.6056696176528931,1,63,1,63,63,63,63,0
2382,13.83328798185941,4096,0,0,0.48028507828712463,0,63,1,63,63,63,63,0
2383,13.839092970521541,4096,0,0,0.43045610189437866,0,63,1,63,63,63,63,0
2384,13.844897959183674,4096,0,0,0.5297144651412964,0,63,1,63,63,63,63,0
2385,13.850702947845805,4096,0,0,0.6468915343284607,1,63,1,63,63,63,63,0
2386,13.856507936507937,4096,0,0,0.4881052076816559,0,63,1,63,63,63,63,0
2387,13.862312925170068,4096,0,0,0.2998265326023102,0,63,1,63,63,63,63,0
2388,13.868117913832199,4096,0,0,0.41152533888816833,0,63,1,63,63,63,63,0
2389,13.87392290249433,4096,0,0,0.4911895990371704,0,63,1,63,63,63,63,0
2390,13.879727891156463,4096,0,0,0.4610744118690491,0,63,1,63,63,63,63,0
2391,13.885532879818594,4096,0,0,0.30408915877342224,0,63,1,63,63,63,63,0
2392,13.891337868480726,4096,0,0,0.23634012043476105,0,63,1,63,63,63,63,0
2393,13.897142857142857,4096,0,0,0.386446088552475,0,63,1,63,63,63,63,0
2394,13.902947845804988,4096,0,0,0.337571918964386,0,63,1,63,63,63,63,0
2395,13.908752834467121,4096,0,0,0.2444356381893158,0,63,1,63,63,63,63,0
2396,13.914557823129252,4096,0,0,0.22229909896850586,0,63,1,63,63,63,63,0
2397,13.920362811791383,4096,0,0,0.22291985154151917,0,63,1,63,63,63,63,0
2398,13.926167800453515,4096,0,0,0.2738707959651947,0,63,1,63,63,63,63,0
2399,13.931972789115646,4096,0,0,0.17604878544807434,0,63,1,63,63,63,63,0
2400,13.937777777777777,4096,0,0,0.356896311044693,0,63,1,63,63,63,63,0
2401,13.94358276643991,4096,0,0,0.48664435744285583,0,63,1,63,63,63,63,0
2402,13.949387755102041,4096,0,0,0.38863658905029297,0,-1,1,63,63,63,63,0
2403,13.955192743764172,4096,0,0,0.31513452529907227,0,64,1,63,63,63,63,0
2404,13.960997732426303,4096,0,0,0.543364942073822,0,64,1,63,63,63,63,0
2405,13.966802721088435,4096,0,1,0.7597095966339111,1,64,1,63,63,63,63,0
2406,13.972607709750568,4096,0,0,0.8340117335319519,1,64,1,63,63,63,63,0
2407,13.978412698412699,4096,0,0,0.8583536744117737,1,64,1,63,63,63,63,0
2408,13.98421768707483,4096,0,0,0.8796219825744629,1,64,1,63,63,63,63,0
2409,13.990022675736961,4096,0,0,0.8659681081771851,1,64,1,63,63,63,63,0
2410,13.995827664399092,4096,0,0,0.8435890078544617,1,64,1,63,63,63,63,0
2411,14.001632653061224,4096,0,0,0.8009664416313171,1,64,1,63,63,63,63,0
2412,14.007437641723357,4096,0,0,0.7736636996269226,1,64,1,64,63,63,63,0
2413,14.013242630385488,4096,0,0,0.7273415327072144,1,64,1,64,64,64,64,0
2414,14.019047619047619,4096,0,0,0.690130352973938,1,64,1,64,64,64,64,0
2415,14.02485260770975,4096,0,0,0.6360914707183838,1,64,1,64,64,64,64,0
2416,14.030657596371881,4096,0,0,0.5806056261062622,0,64,1,64,64,64,64,0
2417,14.036462585034014,4096,0,0,0.5987305641174316,1,64,1,64,64,64,64,0
2418,14.042267573696146,4096,0,0,0.5366086363792419,0,64,1,64,64,64,64,0
2419,14.048072562358277,4096,0,0,0.4770755469799042,0,64,1,64,64,64,64,0
2420,14.053877551020408,4096,0,0,0.39785295724868774,0,64,1,64,64,64,64,0
2421,14.05968253968254,4096,0,0,0.36143890023231506,0,64,1,64,64,64,64,0
2422,14.065487528344672,4096,0,0,0.35516834259033203,0,64,1,64,64,64,64,0
2423,14.071292517006803,4096,0,0,0.3436914384365082,0,64,1,64,64,64,64,0
2424,14.077097505668934,4096,0,0,0.3627481758594513,0,64,1,64,64,64,64,0
2425,14.082902494331066,4096,0,0,0.4120142161846161,0,64,1,64,64,64,64,0
2426,14.088707482993197,4096,0,0,0.39674392342567444,0,64,1,64,64,64,64,0
2427,14.094512471655328,4096,0,0,0.3632913827896118,0,64,1,64,64,64,64,0
2428,14.100317460317461,4096,0,0,0.3766382336616516,0,64,1,64,64,64,64,0
2429,14.106122448979592,4096,0,0,0.37117961049079895,0,64,1,64,64,64,64,0
2430,14.111927437641723,4096,0,0,0.32510465383529663,0,64,1,64,64,64,64,0
2431,14.117732426303855,4096,0,0,0.3294842839241028,0,64,1,64,64,64,64,0
2432,14.123537414965986,4096,0,0,0.48338305950164795,0,64,1,64,64,64,64,0
2433,14.129342403628119,4096,0,0,0.6631327271461487,1,64,1,64,64,64,64,0
2434,14.13514739229025,4096,0,0,0.7995348572731018,1,64,1,64,64,64,64,0
2435,14.140952380952381,4096,0,0,0.8366247415542603,1,64,1,64,64,64,64,0
2436,14.146757369614512,4096,0,0,0.8697512745857239,1,64,1,64,64,64,64,0
2437,14.152562358276644,4096,0,0,0.8645622134208679,1,64,1,64,64,64,64,0
2438,14.158367346938775,4096,0,0,0.709567129611969,1,64,1,64,64,64,64,0
2439,14.164172335600908,4096,0,0,0.492438405752182,0,64,1,64,64,64,64,0
2440,14.169977324263039,4096,0,0,0.342987060546875,0,-1,1,64,64,64,64,0
2441,14.17578231292517,4096,0,0,0.49109947681427,0,-1,1,64,64,64,64,0
2442,14.181587301587301,4096,0,0,0.2929214835166931,0,-1,1,64,64,64,64,0
2443,14.187392290249432,4096,0,0,0.44347527623176575,0,-1,1,64,64,64,64,0
2444,14.193197278911565,4096,0,0,0.44589707255363464,0,-1,0,64,64,64,64,0
2445,14.199002267573697,4096,0,0,0.48886197805404663,0,-1,0,63,-1,-1,-1,0
2446,14.204807256235828,4096,0,0,0.4290507137775421,0,-1,0,61,-1,-1,-1,0
2447,14.210612244897959,4096,0,0,0.4579971432685852,0,-1,0,61,-1,-1,-1,0
2448,14.21641723356009,4096,0,0,0.38166260719299316,0,61,0,61,-1,-1,-1,0
2449,14.222222222222221,4096,0,0,0.43048569560050964,0,61,0,61,-1,-1,-1,0
2450,14.228027210884354,4096,0,0,0.4517168402671814,0,61,1,61,-1,-1,-1,0
2451,14.233832199546486,4096,0,0,0.43404850363731384,0,61,1,61,61,61,61,0
2452,14.239637188208617,4096,0,0,0.4384569525718689,0,61,1,61,61,61,61,0
2453,14.245442176870748,4096,0,0,0.3150520622730255,0,61,1,61,61,61,61,0
2454,14.25124716553288,4096,0,0,0.3850305676460266,0,61,1,61,61,61,61,0
2455,14.257052154195012,4096,0,0,0.4237428605556488,0,61,1,61,61,61,61,0
2456,14.262857142857143,4096,0,0,0.40384578704833984,0,61,1,61,61,61,61,0
2457,14.268662131519275,4096,0,0,0.3817654252052307,0,61,1,61,61,61,61,0
2458,14.274467120181406,4096,0,0,0.29964426159858704,0,61,1,61,61,61,61,0
2459,14.280272108843537,4096,0,0,0.36536380648612976,0,61,1,61,61,61,61,0
2460,14.286077097505668,4096,0,0,0.39422816038131714,0,61,1,61,61,61,61,0
2461,14.291882086167801,4096,0,0,0.344247430562973,0,61,1,61,61,61,61,0
2462,14.297687074829932,4096,0,0,0.32121923565864563,0,61,1,61,61,61,61,0
2463,14.303492063492063,4096,0,0,0.33828333020210266,0,61,1,61,61,61,61,0
2464,14.309297052154195,4096,0,0,0.3491683006286621,0,61,1,61,61,61,61,0
2465,14.315102040816326,4096,0,0,0.35567227005958557,0,61,1,61,61,61,61,0
2466,14.320907029478459,4096,0,0,0.2960142493247986,0,61,1,61,61,61,61,0
2467,14.32671201814059,4096,0,0,0.31203609704971313,0,61,1,61,61,61,61,0
2468,14.332517006802721,4096,0,0,0.3537720739841461,0,61,1,61,61,61,61,0
2469,14.338321995464852,4096,0,0,0.3341935873031616,0,61,1,61,61,61,61,0
2470,14.344126984126984,4096,0,0,0.34395724534988403,0,61,1,61,61,61,61,0
2471,14.349931972789115,4096,0,0,0.2507544755935669,0,61,1,61,61,61,61,0
2472,14.355736961451248,4096,0,0,0.0554654598236084,0,61,1,61,61,61,61,0
2473,14.361541950113379,4096,0,0,0.03354034945368767,0,61,0,61,61,61,61,0
2474,14.36734693877551,4096,0,0,0.029256153851747513,0,-1,0,61,-1,-1,-1,0
2475,14.373151927437641,512,1,0,0.031139591708779335,0,-1,1,59,-1,-1,-1,0
2476,14.378956916099773,512,0,0,0.03691060096025467,0,-1,1,49,-1,-1,-1,0
2477,14.384761904761906,512,0,0,0.06250498443841934,0,-1,1,49,49,49,49,0
2478,14.390566893424037,1024,0,0,0.33398663997650146,0,-1,1,49,49,49,49,0
2479,14.396371882086168,1024,0,0,0.32957667112350464,0,-1,1,49,49,49,49,0
2480,14.402176870748299,2048,0,0,0.33839577436447144,0,-1,1,59,49,49,49,0
2481,14.40798185941043,2048,0,0,0.3281106948852539,0,60,1,60,49,49,49,0
2482,14.413786848072561,2048,0,0,0.3173198997974396,0,60,1,60,60,49,49,0
2483,14.419591836734694,2048,0,1,0.3477246165275574,0,60,1,60,60,49,49,0
2484,14.425396825396826,4096,0,0,0.3172476887702942,0,60,0,60,60,49,49,0
2485,14.431201814058957,4096,0,0,0.34787869453430176,0,60,0,60,-1,-1,-1,0
2486,14.437006802721088,4096,0,0,0.304763525724411,0,60,0,60,-1,-1,-1,0
2487,14.44281179138322,4096,0,0,0.34033331274986267,0,60,0,60,-1,-1,-1,0
2488,14.448616780045352,4096,0,0,0.29726025462150574,0,60,0,60,-1,-1,-1,0
2489,14.454421768707483,4096,0,0,0.33372029662132263,0,60,0,60,-1,-1,-1,0
2490,14.460226757369615,4096,0,0,0.2809140086174011,0,60,0,60,-1,-1,-1,0
2491,14.466031746031746,4096,0,0,0.32687148451805115,0,60,1,60,-1,-1,-1,0
2492,14.471836734693877,4096,0,0,0.269715815782547,0,60,1,60,60,60,60,0
2493,14.477641723356008,4096,0,0,0.3031558692455292,0,60,1,60,60,60,60,0
2494,14.483446712018141,4096,0,0,0.23827603459358215,0,60,1,60,60,60,60,0
2495,14.489251700680272,4096,0,0,0.2708757221698761,0,60,1,60,60,60,60,0
2496,14.495056689342404,4096,0,0,0.24760709702968597,0,60,1,60,60,60,60,0
2497,14.500861678004535,4096,0,0,0.26150527596473694,0,60,1,60,60,60,60,0
2498,14.506666666666666,4096,0,0,0.2655637562274933,0,60,1,60,60,60,60,0
2499,14.512471655328799,4096,0,0,0.2837279736995697,0,60,1,60,60,60,60,0
2500,14.51827664399093,4096,0,0,0.2940291464328766,0,60,1,60,60,60,60,0
2501,14.524081632653061,4096,0,0,0.2982991337776184,0,60,1,60,60,60,60,0
2502,14.529886621315192,4096,0,0,0.3102738857269287,0,60,1,60,60,60,60,0
2503,14.535691609977324,4096,0,0,0.30208736658096313,0,60,1,60,60,60,60,0
2504,14.541496598639457,4096,0,0,0.32510578632354736,0,60,1,60,60,60,60,0
2505,14.547301587301588,4096,0,0,0.3027437925338745,0,60,1,60,60,60,60,0
2506,14.553106575963719,4096,0,0,0.32821446657180786,0,60,0,60,60,60,60,0
2507,14.55891156462585,4096,0,0,0.1630939245223999,0,60,0,60,-1,-1,-1,0
2508,14.564716553287981,4096,0,0,0.039156511425971985,0,60,0,60,-1,-1,-1,0
2509,14.570521541950113,4096,0,0,0.028296789154410362,0,60,0,60,-1,-1,-1,0
2510,14.576326530612246,4096,0,0,0.029128963127732277,0,60,0,60,-1,-1,-1,0
2511,14.582131519274377,512,1,0,0.029776887968182564,0,-1,1,59,-1,-1,-1,0
2512,14.587936507936508,512,0,0,0.029952578246593475,0,-1,1,59,59,59,59,0
2513,14.59374149659864,512,0,0,0.029265038669109344,0,-1,1,59,59,59,59,0
2514,14.59954648526077,1024,0,0,0.029014213010668755,0,-1,1,59,59,59,59,0
2515,14.605351473922903,1024,0,0,0.15018895268440247,0,-1,1,59,59,59,59,0
2516,14.611156462585035,2048,0,0,0.3217662274837494,0,-1,1,59,59,59,59,0
2517,14.616961451247166,2048,0,0,0.2672804892063141,0,58,1,59,59,59,59,0
2518,14.622766439909297,2048,0,0,0.3493506908416748,0,58,1,58,59,59,59,0
2519,14.628571428571428,2048,0,1,0.3409811556339264,0,58,1,58,58,59,59,0
2520,14.63437641723356,4096,0,0,0.24968117475509644,0,58,0,58,58,59,59,0
2521,14.640181405895692,4096,0,0,0.3449244499206543,0,58,0,58,-1,-1,-1,0
2522,14.645986394557823,4096,0,0,0.3400927484035492,0,58,0,58,-1,-1,-1,0
2523,14.651791383219955,4096,0,0,0.26568615436553955,0,58,0,58,-1,-1,-1,0
2524,14.657596371882086,4096,0,0,0.33542636036872864,0,58,0,58,-1,-1,-1,0
2525,14.663401360544217,4096,0,0,0.320791631937027,0,58,0,58,-1,-1,-1,0
2526,14.66920634920635,4096,0,0,0.2734869420528412,0,58,1,58,-1,-1,-1,0
2527,14.675011337868481,4096,0,0,0.33064204454421997,0,58,1,58,58,58,58,0
2528,14.680816326530612,4096,0,0,0.3080020546913147,0,58,1,58,58,58,58,0
2529,14.686621315192744,4096,0,0,0.2916228175163269,0,58,1,58,58,58,58,0
2530,14.692426303854875,4096,0,0,0.30766773223876953,0,58,1,58,58,58,58,0
2531,14.698231292517006,4096,0,0,0.28900018334388733,0,58,1,58,58,58,58,0
2532,14.704036281179139,4096,0,0,0.3171640932559967,0,58,1,58,58,58,58,0
2533,14.70984126984127,4096,0,0,0.3143163025379181,0,58,1,58,58,58,58,0
2534,14.715646258503401,4096,0,0,0.2514110505580902,0,58,1,58,58,58,58,0
2535,14.721451247165533,4096,0,0,0.325674444437027,0,58,1,58,58,58,58,0
2536,14.727256235827664,4096,0,0,0.32758304476737976,0,58,1,58,58,58,58,0
2537,14.733061224489797,4096,0,0,0.25492560863494873,0,58,1,58,58,58,58,0
2538,14.738866213151928,4096,0,0,0.3191472291946411,0,58,1,58,58,58,58,0
2539,14.744671201814059,4096,0,0,0.3123352527618408,0,58,1,58,58,58,58,0
2540,14.75047619047619,4096,0,0,0.2525547444820404,0,58,1,58,58,58,58,0
2541,14.756281179138321,4096,0,0,0.3070378303527832,0,58,1,58,58,58,58,0
2542,14.762086167800453,4096,0,0,0.2864528000354767,0,58,1,58,58,58,58,0
2543,14.767891156462586,4096,0,0,0.2511352598667145,0,58,1,58,58,58,58,0
2544,14.773696145124717,4096,0,0,0.2850732207298279,0,58,1,58,58,58,58,0
2545,14.779501133786848,4096,0,0,0.2561624050140381,0,58,1,58,58,58,58,0
2546,14.78530612244898,4096,0,0,0.25378042459487915,0,58,1,58,58,58,58,0
2547,14.79111111111111,4096,0,0,0.21580921113491058,0,58,1,58,58,58,58,0
2548,14.796916099773243,4096,0,0,0.17619313299655914,0,58,1,58,58,58,58,0
2549,14.802721088435375,4096,0,0,0.19614805281162262,0,58,1,58,58,58,58,0
2550,14.808526077097506,4096,0,0,0.14539983868598938,0,58,1,58,58,58,58,0
2551,14.814331065759637,4096,0,0,0.14769917726516724,0,58,1,58,58,58,58,0
2552,14.820136054421768,4096,0,0,0.09009762108325958,0,58,1,58,58,58,58,0
2553,14.8259410430839,4096,0,0,0.06389551609754562,0,58,1,58,58,58,58,0
2554,14.831746031746032,4096,0,0,0.048228926956653595,0,58,0,58,58,58,58,0
2555,14.837551020408164,4096,0,0,0.043194811791181564,0,58,0,58,-1,-1,-1,0
2556,14.843356009070295,4096,0,0,0.03456898033618927,0,58,0,58,-1,-1,-1,0
2557,14.849160997732426,512,1,0,0.032494161278009415,0,58,1,59,-1,-1,-1,0
2558,14.854965986394557,512,0,0,0.03305451571941376,0,58,1,59,59,59,59,0
2559,14.86077097505669,512,0,0,0.05309814214706421,0,58,1,49,59,59,59,0
2560,14.866575963718821,1024,0,0,0.31268730759620667,0,58,1,59,59,59,59,0
2561,14.872380952380952,1024,0,0,0.2978297472000122,0,58,1,55,59,59,59,0
2562,14.878185941043084,2048,0,0,0.3263883590698242,0,58,1,55,55,59,59,0
2563,14.883990929705215,2048,0,0,0.34005850553512573,0,58,1,56,55,59,59,0
2564,14.889795918367346,2048,0,0,0.23006023466587067,0,-1,1,56,56,59,59,0
2565,14.895600907029479,2048,0,0,0.32282763719558716,0,-1,1,56,56,59,59,0
2566,14.90140589569161,4096,0,0,0.32294762134552,0,-1,0,56,56,59,59,0
2567,14.907210884353741,4096,0,0,0.33092978596687317,0,-1,0,56,-1,-1,-1,0
2568,14.913015873015873,4096,0,0,0.3307327926158905,0,-1,0,56,-1,-1,-1,0
2569,14.918820861678004,4096,0,0,0.24836839735507965,0,-1,0,56,-1,-1,-1,0
2570,14.924625850340137,4096,0,0,0.33399656414985657,0,-1,0,56,-1,-1,-1,0
2571,14.930430839002268,4096,0,0,0.3063485324382782,0,-1,1,56,-1,-1,-1,0
2572,14.9362358276644,4096,0,0,0.32681602239608765,0,-1,1,56,56,56,56,0
2573,14.94204081632653,4096,0,0,0.3092901110649109,0,-1,1,56,56,56,56,0
2574,14.947845804988662,4096,0,0,0.2557836174964905,0,-1,1,56,56,56,56,0
2575,14.953650793650795,4096,0,0,0.31359148025512695,0,-1,1,56,56,56,56,0
2576,14.959455782312926,4096,0,0,0.27751126885414124,0,-1,1,56,56,56,56,0
2577,14.965260770975057,4096,0,0,0.3176291584968567,0,-1,1,56,56,56,56,0
2578,14.971065759637188,4096,0,0,0.27129727602005005,0,-1,1,56,56,56,56,0
2579,14.97687074829932,4096,0,0,0.23191715776920319,0,-1,1,56,56,56,56,0
2580,14.98267573696145,4096,0,0,0.2632695734500885,0,-1,1,56,56,56,56,0
2581,14.988480725623583,4096,0,0,0.22398194670677185,0,-1,1,56,56,56,56,0
2582,14.994285714285715,4096,0,0,0.24426719546318054,0,-1,1,56,56,56,56,0
2583,15.000090702947846,4096,0,0,0.1928427666425705,0,-1,1,56,56,56,56,0
2584,15.005895691609977,4096,0,0,0.17461708188056946,0,-1,1,56,56,56,56,0
2585,15.011700680272108,4096,0,0,0.17433659732341766,0,-1,1,56,56,56,56,0
2586,15.017505668934241,4096,0,0,0.16836293041706085,0,-1,1,56,56,56,56,0
2587,15.023310657596372,4096,0,0,0.17397722601890564,0,-1,1,56,56,56,56,0
2588,15.029115646258504,4096,0,0,0.12216582149267197,0,-1,1,56,56,56,56,0
2589,15.034920634920635,4096,0,0,0.12078140676021576,0,-1,1,56,56,56,56,0
2590,15.040725623582766,4096,0,0,0.11111361533403397,0,-1,1,56,56,56,56,0
2591,15.046530612244897,4096,0,0,0.111019566655159,0,-1,1,56,56,56,56,0
2592,15.05233560090703,4096,0,0,0.10095926374197006,0,-1,1,56,56,56,56,0
2593,15.058140589569161,4096,0,0,0.07687914371490479,0,-1,1,56,56,56,56,0
2594,15.063945578231293,4096,0,0,0.08282838761806488,0,-1,1,56,56,56,56,0
2595,15.069750566893424,4096,0,0,0.08095628768205643,0,-1,1,56,56,56,56,0
2596,15.075555555555555,4096,0,0,0.07746056467294693,0,-1,1,56,56,56,56,0
2597,15.081360544217688,4096,0,0,0.05603757128119469,0,-1,1,56,56,56,56,0
2598,15.087165532879819,4096,0,0,0.05222970247268677,0,-1,1,56,56,56,56,0
2599,15.09297052154195,4096,0,0,0.054351236671209335,0,-1,1,56,56,56,56,0
2600,15.098775510204081,4096,0,0,0.049089215695858,0,-1,1,56,56,56,56,0
2601,15.104580498866213,4096,0,0,0.046559616923332214,0,-1,1,56,56,56,56,0
2602,15.110385487528344,4096,0,0,0.04721754789352417,0,-1,1,56,56,56,56,0
2603,15.116190476190477,4096,0,0,0.05189567431807518,0,-1,1,56,56,56,56,0
2604,15.121995464852608,4096,0,0,0.0451052263379097,0,-1,1,56,56,56,56,0
2605,15.12780045351474,4096,0,0,0.042409736663103104,0,-1,1,56,56,56,56,0
2606,15.13360544217687,4096,0,0,0.04100339859724045,0,-1,0,56,56,56,56,0
2607,15.139410430839002,4096,0,0,0.044222064316272736,0,-1,1,56,56,56,56,0
2608,15.145215419501135,4096,0,0,0.040154073387384415,0,-1,1,56,56,56,56,0
2609,15.151020408163266,4096,0,0,0.03918171301484108,0,-1,1,56,56,56,56,0
2610,15.156825396825397,4096,0,0,0.037879347801208496,0,-1,1,56,56,56,56,0
2611,15.162630385487528,4096,0,0,0.03764292970299721,0,-1,1,56,56,56,56,0
2612,15.16843537414966,4096,0,0,0.038332369178533554,0,-1,1,56,56,56,56,0
2613,15.17424036281179,4096,0,0,0.036595262587070465,0,-1,1,56,56,56,56,0
2614,15.180045351473924,4096,0,0,0.03578701987862587,0,-1,1,56,56,56,56,0
2615,15.185850340136055,4096,0,0,0.03669576719403267,0,-1,0,56,56,56,56,0
2616,15.191655328798186,4096,0,0,0.03923497721552849,0,-1,1,56,56,56,56,0
2617,15.197460317460317,4096,0,0,0.03725261613726616,0,-1,1,56,56,56,56,0
2618,15.203265306122448,4096,0,0,0.035905253142118454,0,-1,1,56,56,56,56,0
2619,15.209070294784581,4096,0,0,0.036562729626894,0,-1,0,56,56,56,56,0
2620,15.214875283446712,4096,0,0,0.04191206023097038,0,-1,0,56,-1,-1,-1,0
2621,15.220680272108844,4096,0,0,0.046889111399650574,0,-1,0,56,-1,-1,-1,0
2622,15.226485260770975,4096,0,0,0.04643549770116806,0,-1,0,56,-1,-1,-1,0
2623,15.232290249433106,4096,0,0,0.04294782876968384,0,-1,0,56,-1,-1,-1,0
2624,15.238095238095237,4096,0,0,0.04597614333033562,0,-1,0,56,-1,-1,-1,0
2625,15.24390022675737,4096,0,0,0.04421444609761238,0,-1,0,56,-1,-1,-1,0
2626,15.249705215419501,4096,0,0,0.03537962585687637,0,-1,0,56,-1,-1,-1,0
2627,15.255510204081633,4096,0,0,0.03740612789988518,0,-1,0,56,-1,-1,-1,0
2628,15.261315192743764,4096,0,0,0.055424973368644714,0,-1,0,56,-1,-1,-1,0
2629,15.267120181405895,4096,0,0,0.07809227705001831,0,-1,0,56,-1,-1,-1,0
2630,15.272925170068028,4096,0,0,0.08066165447235107,0,-1,0,56,-1,-1,-1,0
2631,15.27873015873016,4096,0,0,0.06679529696702957,0,-1,0,56,-1,-1,-1,0
2632,15.28453514739229,4096,0,0,0.04545566812157631,0,-1,0,56,-1,-1,-1,0
2633,15.290340136054422,512,1,0,0.030597195029258728,0,-1,1,59,-1,-1,-1,0
2634,15.296145124716553,512,0,0,0.027960987761616707,0,-1,1,59,59,59,59,0
2635,15.301950113378684,512,0,0,0.12623554468154907,0,-1,1,59,59,59,59,0
2636,15.307755102040817,1024,0,0,0.3210027813911438,0,-1,1,49,59,59,59,0
2637,15.313560090702948,1024,0,0,0.34849366545677185,0,58,1,45,59,59,59,0
2638,15.31936507936508,2048,0,0,0.31273627281188965,0,58,1,58,59,59,59,0
2639,15.32517006802721,2048,0,1,0.3564273715019226,0,58,1,58,58,59,59,0
2640,15.330975056689342,2048,0,0,0.3383633494377136,0,58,1,58,58,59,59,0
2641,15.336780045351475,2048,0,0,0.2823542654514313,0,58,1,58,58,59,59,0
2642,15.342585034013606,4096,0,0,0.3611701726913452,0,58,0,58,58,59,59,0
2643,15.348390022675737,4096,0,0,0.3033658564090729,0,58,0,58,-1,-1,-1,0
2644,15.354195011337868,4096,0,0,0.3014557361602783,0,58,0,58,-1,-1,-1,0
2645,15.36,4096,0,0,0.32744839787483215,0,58,0,58,-1,-1,-1,0
2646,15.365804988662132,4096,0,0,0.2940477430820465,0,58,0,58,-1,-1,-1,0
2647,15.371609977324264,4096,0,0,0.3368414342403412,0,58,0,58,-1,-1,-1,0
2648,15.377414965986395,4096,0,0,0.3544938266277313,0,58,1,58,-1,-1,-1,0
2649,15.383219954648526,4096,0,0,0.2606114447116852,0,58,1,58,58,58,58,0
2650,15.389024943310657,4096,0,0,0.35187509655952454,0,58,1,58,58,58,58,0
2651,15.394829931972788,4096,0,0,0.35921624302864075,0,58,1,58,58,58,58,0
2652,15.400634920634921,4096,0,0,0.2593429684638977,0,58,1,58,58,58,58,0
2653,15.406439909297053,4096,0,0,0.3503263294696808,0,58,1,58,58,58,58,0
2654,15.412244897959184,4096,0,0,0.3558156490325928,0,58,1,58,58,58,58,0
2655,15.418049886621315,4096,0,0,0.2811392843723297,0,58,1,58,58,58,58,0
2656,15.423854875283446,4096,0,0,0.34016165137290955,0,58,1,58,58,58,58,0
2657,15.429659863945579,4096,0,0,0.3220379948616028,0,58,1,58,58,58,58,0
2658,15.43546485260771,4096,0,0,0.28395986557006836,0,58,1,58,58,58,58,0
2659,15.441269841269841,4096,0,0,0.33805525302886963,0,58,1,58,58,58,58,0
2660,15.447074829931973,4096,0,0,0.3090466856956482,0,58,1,58,58,58,58,0
2661,15.452879818594104,4096,0,0,0.29848799109458923,0,58,1,58,58,58,58,0
2662,15.458684807256235,4096,0,0,0.31230059266090393,0,58,1,58,58,58,58,0
2663,15.464489795918368,4096,0,0,0.2881051003932953,0,58,1,58,58,58,58,0
2664,15.4702947845805,4096,0,0,0.3206709027290344,0,58,1,58,58,58,58,0
2665,15.47609977324263,4096,0,0,0.31914493441581726,0,58,1,58,58,58,58,0
2666,15.481904761904762,4096,0,0,0.2508871853351593,0,58,1,58,58,58,58,0
2667,15.487709750566893,4096,0,0,0.31119513511657715,0,58,1,58,58,58,58,0
2668,15.493514739229026,4096,0,0,0.29925936460494995,0,58,1,58,58,58,58,0
2669,15.499319727891157,4096,0,0,0.25007322430610657,0,58,1,58,58,58,58,0
2670,15.505124716553288,4096,0,0,0.30513766407966614,0,58,1,58,58,58,58,0
2671,15.51092970521542,4096,0,0,0.2871190011501312,0,58,1,58,58,58,58,0
2672,15.51673469387755,4096,0,0,0.29255542159080505,0,58,1,58,58,58,58,0
2673,15.522539682539682,4096,0,0,0.3207383155822754,0,58,1,58,58,58,58,0
2674,15.528344671201815,4096,0,0,0.27881407737731934,0,58,1,58,58,58,58,0
2675,15.534149659863946,4096,0,0,0.1504293978214264,0,58,1,58,58,58,58,0
2676,15.539954648526077,4096,0,0,0.10339616984128952,0,58,1,58,58,58,58,0
2677,15.545759637188208,4096,0,0,0.062431976199150085,0,58,1,58,58,58,58,0
2678,15.55156462585034,4096,0,0,0.03567986190319061,0,58,1,58,58,58,58,0
2679,15.557369614512472,4096,0,0,0.03412100672721863,0,58,0,58,58,58,58,0
2680,15.563174603174604,4096,0,0,0.03357456624507904,0,58,0,58,-1,-1,-1,0
2681,15.568979591836735,4096,0,0,0.03275153040885925,0,58,0,58,-1,-1,-1,0
2682,15.574784580498866,4096,0,0,0.03137768432497978,0,58,0,58,-1,-1,-1,0
2683,15.580589569160997,512,1,0,0.057478368282318115,0,58,1,49,-1,-1,-1,0
2684,15.586394557823128,512,0,0,0.3021795153617859,0,-1,1,49,49,49,49,0
2685,15.592199546485261,512,0,0,0.30367207527160645,0,-1,1,55,49,49,49,0
2686,15.598004535147393,1024,0,0,0.3321267366409302,0,55,1,55,55,49,49,0
2687,15.603809523809524,1024,0,0,0.3126339912414551,0,55,1,55,55,49,49,0
2688,15.609614512471655,2048,0,1,0.2622079849243164,0,55,1,55,55,49,49,0
2689,15.615419501133786,2048,0,0,0.2813774347305298,0,55,1,55,55,49,49,0
2690,15.62122448979592,2048,0,0,0.31946924328804016,0,55,1,55,55,49,49,0
2691,15.62702947845805,2048,0,0,0.3117908537387848,0,55,1,55,55,49,49,0
2692,15.632834467120182,4096,0,0,0.2661193907260895,0,55,0,55,55,49,49,0
2693,15.638639455782313,4096,0,0,0.3203040361404419,0,55,0,55,-1,-1,-1,0
2694,15.644444444444444,4096,0,0,0.31100234389305115,0,55,0,55,-1,-1,-1,0
2695,15.650249433106575,4096,0,0,0.28851500153541565,0,55,0,55,-1,-1,-1,0
2696,15.656054421768708,4096,0,0,0.2582128345966339,0,55,0,55,-1,-1,-1,0
2697,15.66185941043084,4096,0,0,0.29953068494796753,0,55,1,55,-1,-1,-1,0
2698,15.66766439909297,4096,0,0,0.31073376536369324,0,55,1,55,55,55,55,0
2699,15.673469387755102,4096,0,0,0.28933799266815186,0,55,1,55,55,55,55,0
2700,15.679274376417233,4096,0,0,0.28676339983940125,0,55,1,55,55,55,55,0
2701,15.685079365079366,4096,0,0,0.30999496579170227,0,55,1,55,55,55,55,0
2702,15.690884353741497,4096,0,0,0.29458364844322205,0,55,1,55,55,55,55,0
2703,15.696689342403628,4096,0,0,0.25257769227027893,0,55,1,55,55,55,55,0
2704,15.70249433106576,4096,0,0,0.26296570897102356,0,55,1,55,55,55,55,0
2705,15.70829931972789,4096,0,0,0.2861482501029968,0,55,1,55,55,55,55,0
2706,15.714104308390022,4096,0,0,0.25971364974975586,0,55,1,55,55,55,55,0
2707,15.719909297052155,4096,0,0,0.2292216420173645,0,55,1,55,55,55,55,0
2708,15.725714285714286,4096,0,0,0.26043570041656494,0,55,1,55,55,55,55,0
2709,15.731519274376417,4096,0,0,0.24005939066410065,0,55,1,55,55,55,55,0
2710,15.737324263038548,4096,0,0,0.19406965374946594,0,55,1,55,55,55,55,0
2711,15.74312925170068,4096,0,0,0.19058145582675934,0,-1,1,55,55,55,55,0
2712,15.748934240362813,4096,0,0,0.21341602504253387,0,-1,1,55,55,55,55,0
2713,15.754739229024944,4096,0,0,0.1994764357805252,0,-1,1,55,55,55,55,0
2714,15.760544217687075,4096,0,0,0.17130766808986664,0,-1,1,55,55,55,55,0
2715,15.766349206349206,4096,0,0,0.18957972526550293,0,-1,1,55,55,55,55,0
2716,15.772154195011337,4096,0,0,0.17415544390678406,0,-1,1,55,55,55,55,0
2717,15.777959183673469,4096,0,0,0.14358428120613098,0,-1,1,55,55,55,55,0
2718,15.783764172335601,4096,0,0,0.15485858917236328,0,-1,1,55,55,55,55,0
2719,15.789569160997733,4096,0,0,0.177430659532547,0,-1,1,55,55,55,55,0
2720,15.795374149659864,4096,0,0,0.1642531156539917,0,-1,1,55,55,55,55,0
2721,15.801179138321995,4096,0,0,0.1356387585401535,0,-1,1,55,55,55,55,0
2722,15.806984126984126,4096,0,0,0.15144558250904083,0,-1,1,55,55,55,55,0
2723,15.81278911564626,4096,0,0,0.14100199937820435,0,-1,1,55,55,55,55,0
2724,15.81859410430839,4096,0,0,0.12341001629829407,0,-1,1,55,55,55,55,0
2725,15.824399092970522,4096,0,0,0.13617238402366638,0,-1,1,55,55,55,55,0
2726,15.830204081632653,4096,0,0,0.14658261835575104,0,-1,1,55,55,55,55,0
2727,15.836009070294784,4096,0,0,0.1304512917995453,0,-1,1,55,55,55,55,0
2728,15.841814058956917,4096,0,0,0.10912325233221054,0,-1,1,55,55,55,55,0
2729,15.847619047619048,4096,0,0,0.12210498750209808,0,-1,1,55,55,55,55,0
2730,15.85342403628118,4096,0,0,0.11161686480045319,0,-1,1,55,55,55,55,0
2731,15.85922902494331,4096,0,0,0.10215263813734055,0,-1,1,55,55,55,55,0
2732,15.865034013605442,4096,0,0,0.11625497788190842,0,-1,1,55,55,55,55,0
2733,15.870839002267573,4096,0,0,0.12387014925479889,0,-1,1,55,55,55,55,0
2734,15.876643990929706,4096,0,0,0.11060664802789688,0,-1,1,55,55,55,55,0
2735,15.882448979591837,4096,0,0,0.09290137887001038,0,-1,1,55,55,55,55,0
2736,15.888253968253968,4096,0,0,0.102605901658535,0,-1,1,55,55,55,55,0
2737,15.8940589569161,4096,0,0,0.09891683608293533,0,-1,1,55,55,55,55,0
2738,15.89986394557823,4096,0,0,0.08926638960838318,0,-1,1,55,55,55,55,0
2739,15.905668934240364,4096,0,0,0.09413435310125351,0,-1,1,55,55,55,55,0
2740,15.911473922902495,4096,0,0,0.10349312424659729,0,-1,1,55,55,55,55,0
2741,15.917278911564626,4096,0,0,0.085307776927948,0,-1,1,55,55,55,55,0
2742,15.923083900226757,4096,0,0,0.074428990483284,0,-1,1,55,55,55,55,0
2743,15.928888888888888,4096,0,0,0.07962442934513092,0,-1,1,55,55,55,55,0
2744,15.93469387755102,4096,0,0,0.077700674533844,0,-1,1,55,55,55,55,0
2745,15.940498866213153,4096,0,0,0.0680667832493782,0,-1,1,55,55,55,55,0
2746,15.946303854875284,4096,0,0,0.0708724781870842,0,-1,1,55,55,55,55,0
2747,15.952108843537415,4096,0,0,0.08066751062870026,0,-1,1,55,55,55,55,0
2748,15.957913832199546,4096,0,0,0.06708158552646637,0,-1,1,55,55,55,55,0
2749,15.963718820861677,4096,0,0,0.059377264231443405,0,-1,1,55,55,55,55,0
2750,15.96952380952381,4096,0,0,0.06306197494268417,0,-1,1,55,55,55,55,0
2751,15.975328798185942,4096,0,0,0.06409652531147003,0,-1,1,55,55,55,55,0
2752,15.981133786848073,4096,0,0,0.05614200979471207,0,-1,1,55,55,55,55,0
2753,15.986938775510204,4096,0,0,0.059146199375391006,0,-1,1,55,55,55,55,0
2754,15.992743764172335,4096,0,0,0.074284128844738,0,-1,1,55,55,55,55,0
2755,15.998548752834466,4096,0,0,0.06738338619470596,0,-1,1,55,55,55,55,0
2756,16.004353741496598,4096,0,0,0.0574585385620594,0,-1,1,55,55,55,55,0
2757,16.01015873015873,4096,0,0,0.04914087802171707,0,-1,1,55,55,55,55,0
2758,16.015963718820863,4096,0,0,0.04155133664608002,0,-1,1,55,55,55,55,0
2759,16.021768707482995,4096,0,0,0.03452372923493385,0,-1,1,55,55,55,55,0
2760,16.027573696145126,4096,0,0,0.031213950365781784,0,-1,1,55,55,55,55,0
2761,16.033378684807257,4096,0,0,0.03313491865992546,0,-1,0,55,55,55,55,0
2762,16.03918367346939,4096,0,0,0.033142928034067154,0,-1,0,55,-1,-1,-1,0
2763,16.04498866213152,4096,0,0,0.03111589327454567,0,-1,0,55,-1,-1,-1,0
2764,16.05079365079365,512,1,0,0.10087501257658005,0,-1,1,49,-1,-1,-1,0
2765,16.056598639455782,512,0,0,0.3078804314136505,0,-1,1,49,49,49,49,0
2766,16.062403628117913,512,0,0,0.320211797952652,0,-1,1,53,49,49,49,0
2767,16.068208616780044,1024,0,0,0.32698819041252136,0,-1,1,53,53,49,49,0
2768,16.074013605442175,1024,0,0,0.32449254393577576,0,53,1,53,53,49,49,0
2769,16.07981859410431,2048,0,0,0.3183210492134094,0,53,1,53,53,49,49,0
2770,16.08562358276644,2048,0,1,0.31934380531311035,0,53,1,53,53,49,49,0
2771,16.091428571428573,2048,0,0,0.3135731518268585,0,53,1,53,53,49,49,0
2772,16.097233560090704,2048,0,0,0.30262860655784607,0,53,1,53,53,49,49,0
2773,16.103038548752835,4096,0,0,0.2923421561717987,0,53,0,53,53,49,49,0
2774,16.108843537414966,4096,0,0,0.2903546094894409,0,53,0,53,-1,-1,-1,0
2775,16.114648526077097,4096,0,0,0.2900768518447876,0,53,0,53,-1,-1,-1,0
2776,16.12045351473923,4096,0,0,0.29028555750846863,0,53,0,53,-1,-1,-1,0
2777,16.12625850340136,4096,0,0,0.2929372191429138,0,53,0,53,-1,-1,-1,0
2778,16.13206349206349,4096,0,0,0.2946809232234955,0,53,1,53,-1,-1,-1,0
2779,16.137868480725622,4096,0,0,0.2899896800518036,0,53,1,53,53,53,53,0
2780,16.143673469387757,4096,0,0,0.28392452001571655,0,53,1,53,53,53,53,0
2781,16.149478458049888,4096,0,0,0.28007471561431885,0,53,1,53,53,53,53,0
2782,16.15528344671202,4096,0,0,0.27556005120277405,0,53,1,53,53,53,53,0
2783,16.16108843537415,4096,0,0,0.2652914524078369,0,53,1,53,53,53,53,0
2784,16.16689342403628,4096,0,0,0.26243072748184204,0,53,1,53,53,53,53,0
2785,16.172698412698413,4096,0,0,0.2599870562553406,0,53,1,53,53,53,53,0
2786,16.178503401360544,4096,0,0,0.25312164425849915,0,53,1,53,53,53,53,0
2787,16.184308390022675,4096,0,0,0.2513536810874939,0,53,1,53,53,53,53,0
2788,16.190113378684806,4096,0,0,0.2519502639770508,0,53,1,53,53,53,53,0
2789,16.195918367346938,4096,0,0,0.25504618883132935,0,53,1,53,53,53,53,0
2790,16.20172335600907,4096,0,0,0.2509808838367462,0,53,1,53,53,53,53,0
2791,16.207528344671204,4096,0,0,0.2536075711250305,0,53,1,53,53,53,53,0
2792,16.213333333333335,4096,0,0,0.2537718713283539,0,53,1,53,53,53,53,0
2793,16.219138321995466,4096,0,0,0.25136393308639526,0,53,1,53,53,53,53,0
2794,16.224943310657597,4096,0,0,0.25328391790390015,0,53,1,53,53,53,53,0
2795,16.23074829931973,4096,0,0,0.25005045533180237,0,53,1,53,53,53,53,0
2796,16.23655328798186,4096,0,0,0.244545117020607,0,53,1,53,53,53,53,0
2797,16.24235827664399,4096,0,0,0.24607329070568085,0,53,1,53,53,53,53,0
2798,16.248163265306122,4096,0,0,0.25310587882995605,0,53,1,53,53,53,53,0
2799,16.253968253968253,4096,0,0,0.26707446575164795,0,53,1,53,53,53,53,0
2800,16.259773242630384,4096,0,0,0.281423419713974,0,53,1,53,53,53,53,0
2801,16.265578231292515,4096,0,0,0.2912032902240753,0,53,1,53,53,53,53,0
2802,16.27138321995465,4096,0,0,0.2950722575187683,0,53,1,53,53,53,53,0
2803,16.27718820861678,4096,0,0,0.2963504493236542,0,53,1,53,53,53,53,0
2804,16.282993197278913,4096,0,0,0.29675596952438354,0,53,1,53,53,53,53,0
2805,16.288798185941044,4096,0,0,0.29838261008262634,0,53,1,53,53,53,53,0
2806,16.294603174603175,4096,0,0,0.3024587631225586,0,53,1,53,53,53,53,0
2807,16.300408163265306,4096,0,0,0.30556657910346985,0,53,1,53,53,53,53,0
2808,16.306213151927437,4096,0,0,0.3100425601005554,0,53,1,53,53,53,53,0
2809,16.31201814058957,4096,0,0,0.3089173138141632,0,53,1,53,53,53,53,0
2810,16.3178231292517,4096,0,0,0.3042396903038025,0,53,1,53,53,53,53,0
2811,16.32362811791383,4096,0,0,0.29962220788002014,0,53,1,53,53,53,53,0
2812,16.329433106575962,4096,0,0,0.28560584783554077,0,53,1,53,53,53,53,0
2813,16.335238095238097,4096,0,0,0.2729377746582031,0,53,1,53,53,53,53,0
2814,16.341043083900228,4096,0,0,0.26416563987731934,0,53,1,53,53,53,53,0
2815,16.34684807256236,4096,0,0,0.25078514218330383,0,53,1,53,53,53,53,0
2816,16.35265306122449,4096,0,0,0.23971112072467804,0,53,1,53,53,53,53,0
2817,16.35845804988662,4096,0,0,0.23475942015647888,0,53,1,53,53,53,53,0
2818,16.364263038548753,4096,0,0,0.23020648956298828,0,53,1,53,53,53,53,0
2819,16.370068027210884,4096,0,0,0.2253490835428238,0,53,1,53,53,53,53,0
2820,16.375873015873015,4096,0,0,0.20177684724330902,0,53,1,53,53,53,53,0
2821,16.381678004535146,4096,0,0,0.20396628975868225,0,53,1,53,53,53,53,0
2822,16.387482993197278,4096,0,0,0.21827301383018494,0,53,1,53,53,53,53,0
2823,16.39328798185941,4096,0,0,0.19967181980609894,0,53,1,53,53,53,53,0
2824,16.399092970521544,4096,0,0,0.19226235151290894,0,53,1,53,53,53,53,0
2825,16.404897959183675,4096,0,0,0.1543096899986267,0,53,1,53,53,53,53,0
2826,16.410702947845806,4096,0,0,0.09261585772037506,0,53,1,53,53,53,53,0
2827,16.416507936507937,4096,0,0,0.06251927465200424,0,53,0,53,53,53,53,0
2828,16.42231292517007,4096,0,0,0.04583154246211052,0,53,0,53,-1,-1,-1,0
2829,16.4281179138322,4096,0,0,0.03498284891247749,0,53,0,53,-1,-1,-1,0
2830,16.43392290249433,4096,0,0,0.03120279684662819,0,53,0,53,-1,-1,-1,0
2831,16.439727891156462,4096,0,0,0.029535025358200073,0,53,0,53,-1,-1,-1,0
2832,16.445532879818593,4096,0,0,0.028793878853321075,0,53,0,53,-1,-1,-1,0
2833,16.451337868480724,4096,0,0,0.028161553665995598,0,53,0,53,-1,-1,-1,0
2834,16.457142857142856,4096,0,0,0.027641497552394867,0,53,0,53,-1,-1,-1,0
2835,16.46294784580499,4096,0,0,0.02725229598581791,0,-1,0,53,-1,-1,-1,0
2836,16.46875283446712,4096,0,0,0.027618760243058205,0,-1,0,53,-1,-1,-1,0
2837,16.474557823129253,4096,0,0,0.02808685228228569,0,-1,0,53,-1,-1,-1,0
2838,16.480362811791384,4096,0,0,0.027770739048719406,0,-1,0,53,-1,-1,-1,0
2839,16.486167800453515,4096,0,0,0.028126386925578117,0,-1,0,53,-1,-1,-1,0
2840,16.491972789115646,4096,0,0,0.027939315885305405,0,-1,0,59,-1,-1,-1,0
2841,16.497777777777777,4096,0,0,0.027565564960241318,0,-1,0,59,-1,-1,-1,0
2842,16.50358276643991,4096,0,0,0.027297358959913254,0,-1,0,59,-1,-1,-1,0
2843,16.50938775510204,4096,0,0,0.02803741954267025,0,-1,0,59,-1,-1,-1,0
2844,16.51519274376417,4096,0,0,0.028839971870183945,0,-1,0,59,-1,-1,-1,0
2845,16.520997732426302,4096,0,0,0.028659934177994728,0,-1,0,59,-1,-1,-1,0
2846,16.526802721088437,4096,0,0,0.02843215875327587,0,-1,0,59,-1,-1,-1,0
2847,16.532607709750568,4096,0,0,0.029362134635448456,0,-1,0,59,-1,-1,-1,0
2848,16.5384126984127,4096,0,0,0.029752900823950768,0,-1,0,59,-1,-1,-1,0
2849,16.54421768707483,4096,0,0,0.028787512332201004,0,-1,0,59,-1,-1,-1,0
2850,16.55002267573696,4096,0,0,0.028356051072478294,0,-1,0,59,-1,-1,-1,0
2851,16.555827664399093,4096,0,0,0.028394166380167007,0,-1,0,59,-1,-1,-1,0
2852,16.561632653061224,4096,0,0,0.028182154521346092,0,-1,0,59,-1,-1,-1,0
2853,16.567437641723355,4096,0,0,0.02815387398004532,0,-1,0,59,-1,-1,-1,0
2854,16.573242630385487,4096,0,0,0.028019750490784645,0,-1,0,59,-1,-1,-1,0
2855,16.579047619047618,4096,0,0,0.027928849682211876,0,-1,0,59,-1,-1,-1,0
2856,16.58485260770975,4096,0,0,0.02800001949071884,0,-1,0,59,-1,-1,-1,0
2857,16.590657596371884,4096,0,0,0.02746003121137619,0,-1,0,59,-1,-1,-1,0
2858,16.596462585034015,4096,0,0,0.027067549526691437,0,-1,0,59,-1,-1,-1,0
2859,16.602267573696146,4096,0,0,0.027327800169587135,0,-1,0,59,-1,-1,-1,0
2860,16.608072562358277,4096,0,0,0.02768845483660698,0,-1,0,59,-1,-1,-1,0
2861,16.61387755102041,4096,0,0,0.027419373393058777,0,-1,0,59,-1,-1,-1,0
2862,16.61968253968254,4096,0,0,0.027086224406957626,0,-1,0,59,-1,-1,-1,0
2863,16.62548752834467,4096,0,0,0.02745557390153408,0,-1,0,59,-1,-1,-1,0
2864,16.631292517006802,4096,0,0,0.027454160153865814,0,-1,0,59,-1,-1,-1,0
2865,16.637097505668933,4096,0,0,0.027777988463640213,0,-1,0,59,-1,-1,-1,0
2866,16.642902494331064,4096,0,0,0.027799025177955627,0,-1,0,59,-1,-1,-1,0
2867,16.648707482993196,4096,0,0,0.0278116837143898,0,-1,0,59,-1,-1,-1,0
2868,16.65451247165533,4096,0,0,0.02738616056740284,0,-1,0,59,-1,-1,-1,0
2869,16.66031746031746,4096,0,0,0.026840656995773315,0,-1,0,59,-1,-1,-1,0
2870,16.666122448979593,4096,0,0,0.02702156826853752,0,-1,0,59,-1,-1,-1,0
2871,16.671927437641724,4096,0,0,0.027617905288934708,0,-1,0,59,-1,-1,-1,0
2872,16.677732426303855,4096,0,0,0.027974126860499382,0,-1,0,59,-1,-1,-1,0
2873,16.683537414965986,4096,0,0,0.027783062309026718,0,-1,0,59,-1,-1,-1,0
2874,16.689342403628117,4096,0,0,0.028064291924238205,0,-1,0,59,-1,-1,-1,0
2875,16.69514739229025,4096,0,0,0.02742919884622097,0,-1,0,59,-1,-1,-1,0
2876,16.70095238095238,4096,0,0,0.02730634994804859,0,-1,0,59,-1,-1,-1,0
2877,16.70675736961451,4096,0,0,0.027933895587921143,0,-1,0,59,-1,-1,-1,0
2878,16.712562358276642,4096,0,0,0.02770191989839077,0,-1,0,59,-1,-1,-1,0
2879,16.718367346938777,4096,0,0,0.027533046901226044,0,-1,0,59,-1,-1,-1,0
2880,16.724172335600908,4096,0,0,0.02757244184613228,0,-1,0,59,-1,-1,-1,0
2881,16.72997732426304,4096,0,0,0.027573557570576668,0,-1,0,59,-1,-1,-1,0
2882,16.73578231292517,4096,0,0,0.0274653322994709,0,-1,0,59,-1,-1,-1,0
2883,16.741587301587302,4096,0,0,0.027724506333470345,0,-1,0,59,-1,-1,-1,0
2884,16.747392290249433,4096,0,0,0.027516156435012817,0,-1,0,59,-1,-1,-1,0
2885,16.753197278911564,4096,0,0,0.027231788262724876,0,-1,0,59,-1,-1,-1,0
2886,16.759002267573695,4096,0,0,0.027343852445483208,0,-1,0,59,-1,-1,-1,0
2887,16.764807256235827,4096,0,0,0.027836615219712257,0,-1,0,59,-1,-1,-1,0
2888,16.770612244897958,4096,0,0,0.027741791680455208,0,-1,0,59,-1,-1,-1,0
2889,16.77641723356009,4096,0,0,0.027557699009776115,0,-1,0,59,-1,-1,-1,0
2890,16.782222222222224,4096,0,0,0.027711743488907814,0,-1,0,59,-1,-1,-1,0
2891,16.788027210884355,4096,0,0,0.027348266914486885,0,-1,0,59,-1,-1,-1,0
2892,16.793832199546486,4096,0,0,0.027077453210949898,0,-1,0,59,-1,-1,-1,0
2893,16.799637188208617,512,1,0,0.027194753289222717,0,-1,0,59,-1,-1,-1,0
2894,16.80544217687075,512,0,0,0.027365483343601227,0,-1,0,59,-1,-1,-1,0
2895,16.81124716553288,512,0,0,0.027337275445461273,0,-1,0,59,-1,-1,-1,0
2896,16.81705215419501,1024,0,0,0.02762373723089695,0,-1,0,59,-1,-1,-1,0
2897,16.822857142857142,1024,0,0,0.028199946507811546,0,-1,0,59,-1,-1,-1,0
2898,16.828662131519273,2048,0,0,0.030255228281021118,0,-1,0,59,-1,-1,-1,0
2899,16.834467120181404,2048,0,0,0.030565515160560608,0,-1,1,59,-1,-1,-1,0
2900,16.840272108843536,2048,0,0,0.02873806655406952,0,-1,0,59,-1,-1,-1,0
2901,16.84607709750567,2048,0,0,0.027890631929039955,0,-1,0,59,-1,-1,-1,0
2902,16.8518820861678,4096,0,0,0.028484871610999107,0,-1,0,59,-1,-1,-1,0
2903,16.857687074829933,4096,0,0,0.02869037166237831,0,-1,0,59,-1,-1,-1,0
2904,16.863492063492064,4096,0,0,0.027959324419498444,0,-1,0,59,-1,-1,-1,0
2905,16.869297052154195,4096,0,0,0.027617674320936203,0,-1,0,59,-1,-1,-1,0
2906,16.875102040816326,4096,0,0,0.027605952695012093,0,-1,0,59,-1,-1,-1,0
2907,16.880907029478458,4096,0,0,0.0274981576949358,0,-1,0,59,-1,-1,-1,0
2908,16.88671201814059,512,1,0,0.027576131746172905,0,-1,0,59,-1,-1,-1,0
2909,16.89251700680272,512,0,0,0.027721690014004707,0,-1,0,59,-1,-1,-1,0
2910,16.89832199546485,512,0,0,0.028810366988182068,0,-1,0,59,-1,-1,-1,0
2911,16.904126984126986,1024,0,0,0.030160177499055862,0,-1,0,59,-1,-1,-1,0
2912,16.909931972789117,1024,0,0,0.030901525169610977,0,-1,0,59,-1,-1,-1,0
2913,16.91573696145125,2048,0,0,0.030385807156562805,0,-1,0,59,-1,-1,-1,0
2914,16.92154195011338,2048,0,0,0.028491264209151268,0,-1,0,59,-1,-1,-1,0
2915,16.92734693877551,2048,0,0,0.030814267694950104,0,-1,0,59,-1,-1,-1,0
2916,16.933151927437642,2048,0,0,0.03185489773750305,0,-1,0,75,-1,-1,-1,0
2917,16.938956916099773,4096,0,0,0.030378395691514015,0,-1,0,75,-1,-1,-1,0
2918,16.944761904761904,4096,0,0,0.029791224747896194,0,-1,0,59,-1,-1,-1,0
2919,16.950566893424035,4096,0,0,0.028527848422527313,0,-1,0,59,-1,-1,-1,0
2920,16.956371882086167,4096,0,0,0.027966108173131943,0,-1,0,59,-1,-1,-1,0
2921,16.962176870748298,4096,0,0,0.03219737112522125,0,-1,0,59,-1,-1,-1,0
2922,16.967981859410433,4096,0,0,0.4989662766456604,0,-1,0,59,-1,-1,-1,0
2923,16.973786848072564,4096,0,0,0.3632458448410034,0,53,0,75,-1,-1,-1,0
2924,16.979591836734695,4096,0,0,0.6488385796546936,1,53,0,75,-1,-1,-1,0
2925,16.985396825396826,4096,0,1,0.6355286836624146,1,53,0,53,-1,-1,-1,0
2926,16.991201814058957,4096,0,0,0.6394855380058289,1,53,0,53,-1,-1,-1,0
2927,16.99700680272109,4096,0,0,0.6314958930015564,1,53,0,53,-1,-1,-1,0
2928,17.00281179138322,4096,0,0,0.6526784300804138,1,53,0,53,-1,-1,-1,0
2929,17.00861678004535,4096,0,0,0.6325510740280151,1,53,0,53,-1,-1,-1,0
2930,17.014421768707482,4096,0,0,0.5210724472999573,0,53,0,53,-1,-1,-1,0
2931,17.020226757369613,4096,0,0,0.39143913984298706,0,53,0,53,-1,-1,-1,0
2932,17.026031746031745,4096,0,0,0.35238346457481384,0,53,1,53,-1,-1,-1,0
2933,17.03183673469388,4096,0,0,0.3704966902732849,0,53,1,53,53,53,53,0
2934,17.03764172335601,4096,0,0,0.37993043661117554,0,53,1,53,53,53,53,0
2935,17.04344671201814,4096,0,0,0.3778269588947296,0,53,1,53,53,53,53,0
2936,17.049251700680273,4096,0,0,0.37363573908805847,0,53,1,53,53,53,53,0
2937,17.055056689342404,4096,0,0,0.35186767578125,0,53,1,53,53,53,53,0
2938,17.060861678004535,4096,0,0,0.36377567052841187,0,53,1,53,53,53,53,0
2939,17.066666666666666,4096,0,0,0.3810175657272339,0,53,1,53,53,53,53,0
2940,17.072471655328798,4096,0,0,0.39876946806907654,0,53,1,53,53,53,53,0
2941,17.07827664399093,4096,0,0,0.3947124481201172,0,53,1,53,53,53,53,0
2942,17.08408163265306,4096,0,0,0.4080411493778229,0,53,1,53,53,53,53,0
2943,17.08988662131519,4096,0,0,0.4103659987449646,0,53,1,53,53,53,53,0
2944,17.095691609977326,4096,0,0,0.40080952644348145,0,53,1,53,53,53,53,0
2945,17.101496598639457,4096,0,0,0.37217244505882263,0,53,1,53,53,53,53,0
2946,17.10730158730159,4096,0,0,0.36538004875183105,0,53,1,53,53,53,53,0
2947,17.11310657596372,4096,0,0,0.339899480342865,0,53,1,53,53,53,53,0
2948,17.11891156462585,4096,0,0,0.312446653842926,0,53,1,53,53,53,53,0
2949,17.124716553287982,4096,0,0,0.3196498453617096,0,53,1,53,53,53,53,0
2950,17.130521541950113,4096,0,0,0.3348555564880371,0,53,1,53,53,53,53,0
2951,17.136326530612244,4096,0,0,0.33169275522232056,0,53,1,53,53,53,53,0
2952,17.142131519274376,4096,0,0,0.2738948464393616,0,53,1,53,53,53,53,0
2953,17.147936507936507,4096,0,0,0.1155896782875061,0,53,1,53,53,53,53,0
2954,17.153741496598638,4096,0,0,0.06233741715550423,0,53,1,53,53,53,53,0
2955,17.159546485260773,4096,0,0,0.032782528549432755,0,53,0,53,53,53,53,0
2956,17.165351473922904,512,1,0,0.03121902421116829,0,-1,1,49,53,53,53,0
2957,17.171156462585035,512,0,0,0.035377390682697296,0,-1,1,49,49,53,53,0
2958,17.176961451247166,512,0,0,0.0362396202981472,0,-1,1,49,49,53,53,0
2959,17.182766439909297,1024,0,0,0.03261461853981018,0,-1,1,72,49,53,53,0
2960,17.18857142857143,1024,0,0,0.02908041514456272,0,-1,0,72,49,53,53,0
2961,17.19437641723356,2048,0,0,0.2726961374282837,0,-1,0,72,-1,-1,-1,0
2962,17.20018140589569,2048,0,0,0.3533632755279541,0,-1,1,59,-1,-1,-1,0
2963,17.205986394557822,2048,0,0,0.3288573920726776,0,56,1,55,-1,-1,-1,0
2964,17.211791383219953,2048,0,0,0.19488799571990967,0,56,1,56,-1,-1,-1,0
2965,17.217596371882085,4096,0,1,0.31074607372283936,0,56,0,56,-1,-1,-1,0
2966,17.22340136054422,4096,0,0,0.3553810715675354,0,56,0,56,-1,-1,-1,0
2967,17.22920634920635,4096,0,0,0.28580397367477417,0,56,0,56,-1,-1,-1,0
2968,17.23501133786848,4096,0,0,0.3219161033630371,0,56,0,56,-1,-1,-1,0
2969,17.240816326530613,4096,0,0,0.18997710943222046,0,56,0,56,-1,-1,-1,0
2970,17.246621315192744,4096,0,0,0.31384530663490295,0,56,0,56,-1,-1,-1,0
2971,17.252426303854875,4096,0,0,0.35547909140586853,0,56,0,56,-1,-1,-1,0
2972,17.258231292517006,4096,0,0,0.29964539408683777,0,56,1,56,-1,-1,-1,0
2973,17.264036281179138,4096,0,0,0.31609803438186646,0,56,1,56,56,56,56,0
2974,17.26984126984127,4096,0,0,0.19755978882312775,0,56,1,56,56,56,56,0
2975,17.2756462585034,4096,0,0,0.3148847818374634,0,56,1,56,56,56,56,0
2976,17.28145124716553,4096,0,0,0.3485684096813202,0,56,1,56,56,56,56,0
2977,17.287256235827666,4096,0,0,0.31680357456207275,0,56,1,56,56,56,56,0
2978,17.293061224489797,4096,0,0,0.3162574768066406,0,56,1,56,56,56,56,0
2979,17.29886621315193,4096,0,0,0.2107459157705307,0,56,1,56,56,56,56,0
2980,17.30467120181406,4096,0,0,0.3083505630493164,0,56,1,56,56,56,56,0
2981,17.31047619047619,4096,0,0,0.3415706157684326,0,56,1,56,56,56,56,0
2982,17.316281179138322,4096,0,0,0.3739292025566101,0,56,1,56,56,56,56,0
2983,17.322086167800453,4096,0,0,0.35829296708106995,0,56,1,56,56,56,56,0
2984,17.327891156462584,4096,0,0,0.26813042163848877,0,56,1,56,56,56,56,0
2985,17.333696145124716,4096,0,0,0.28428593277931213,0,56,1,56,56,56,56,0
2986,17.339501133786847,4096,0,0,0.3289693295955658,0,56,1,56,56,56,56,0
2987,17.345306122448978,4096,0,0,0.30956247448921204,0,56,1,56,56,56,56,0
2988,17.351111111111113,4096,0,0,0.13871623575687408,0,56,1,56,56,56,56,0
2989,17.356916099773244,4096,0,0,0.07461996376514435,0,56,1,56,56,56,56,0
2990,17.362721088435375,4096,0,0,0.05915398150682449,0,56,1,56,56,56,56,0
2991,17.368526077097506,4096,0,0,0.04375344514846802,0,56,0,56,56,56,56,0
2992,17.374331065759637,4096,0,0,0.031578049063682556,0,56,0,56,-1,-1,-1,0
2993,17.38013605442177,512,1,0,0.030168060213327408,0,56,1,59,-1,-1,-1,0
2994,17.3859410430839,512,0,0,0.03325749933719635,0,56,1,49,-1,-1,-1,0
2995,17.39174603174603,512,0,0,0.03304356336593628,0,-1,1,49,49,49,49,0
2996,17.397551020408162,1024,0,0,0.03016604483127594,0,-1,1,59,49,49,49,0
2997,17.403356009070293,1024,0,0,0.028702978044748306,0,-1,0,59,49,49,49,0
2998,17.409160997732425,2048,0,0,0.02825019136071205,0,-1,0,59,-1,-1,-1,0
2999,17.41496598639456,2048,0,0,0.04806059971451759,0,-1,1,59,-1,-1,-1,0
3000,17.42077097505669,2048,0,0,0.41544947028160095,0,-1,1,59,59,59,59,0
3001,17.426575963718822,2048,0,0,0.3726026117801666,0,-1,1,59,59,59,59,0
3002,17.432380952380953,4096,0,0,0.3975241482257843,0,59,0,59,59,59,59,0
3003,17.438185941043084,4096,0,0,0.41355231404304504,0,59,0,59,-1,-1,-1,0
3004,17.443990929705215,4096,0,1,0.3296634554862976,0,59,0,59,-1,-1,-1,0
3005,17.449795918367347,4096,0,0,0.337659627199173,0,59,0,59,-1,-1,-1,0
3006,17.455600907029478,4096,0,0,0.3572539985179901,0,59,0,59,-1,-1,-1,0
3007,17.46140589569161,4096,0,0,0.3107282817363739,0,59,0,59,-1,-1,-1,0
3008,17.46721088435374,4096,0,0,0.39444032311439514,0,59,0,59,-1,-1,-1,0
3009,17.47301587301587,4096,0,0,0.34108901023864746,0,59,0,59,-1,-1,-1,0
3010,17.478820861678006,4096,0,0,0.39373549818992615,0,59,0,59,-1,-1,-1,0
3011,17.484625850340137,4096,0,0,0.3220139145851135,0,59,1,59,-1,-1,-1,0
3012,17.49043083900227,4096,0,0,0.34369537234306335,0,59,1,59,59,59,59,0
3013,17.4962358276644,4096,0,0,0.3602638840675354,0,59,1,59,59,59,59,0
3014,17.50204081632653,4096,0,0,0.30277302861213684,0,59,1,59,59,59,59,0
3015,17.507845804988662,4096,0,0,0.35975679755210876,0,59,1,59,59,59,59,0
3016,17.513650793650793,4096,0,0,0.29721078276634216,0,59,1,59,59,59,59,0
3017,17.519455782312924,4096,0,0,0.38138002157211304,0,59,1,59,59,59,59,0
3018,17.525260770975056,4096,0,0,0.3083919286727905,0,59,1,59,59,59,59,0
3019,17.531065759637187,4096,0,0,0.3501775562763214,0,59,1,59,59,59,59,0
3020,17.536870748299318,4096,0,0,0.33227089047431946,0,59,1,59,59,59,59,0
3021,17.542675736961453,4096,0,0,0.3011721074581146,0,59,1,59,59,59,59,0
3022,17.548480725623584,4096,0,0,0.30997467041015625,0,59,1,59,59,59,59,0
3023,17.554285714285715,4096,0,0,0.2574634552001953,0,59,1,59,59,59,59,0
3024,17.560090702947846,4096,0,0,0.37297502160072327,0,59,1,59,59,59,59,0
3025,17.565895691609978,4096,0,0,0.32731199264526367,0,59,1,59,59,59,59,0
3026,17.57170068027211,4096,0,0,0.37847259640693665,0,59,1,59,59,59,59,0
3027,17.57750566893424,4096,0,0,0.36827829480171204,0,59,1,59,59,59,59,0
3028,17.58331065759637,4096,0,0,0.3770262897014618,0,59,1,59,59,59,59,0
3029,17.589115646258502,4096,0,0,0.36257654428482056,0,59,1,59,59,59,59,0
3030,17.594920634920634,4096,0,0,0.30529627203941345,0,59,1,59,59,59,59,0
3031,17.600725623582765,4096,0,0,0.3829689621925354,0,59,1,59,59,59,59,0
3032,17.6065306122449,4096,0,0,0.3220706284046173,0,59,1,59,59,59,59,0
3033,17.61233560090703,4096,0,0,0.08812371641397476,0,59,1,59,59,59,59,0
3034,17.618140589569162,4096,0,0,0.06102341413497925,0,59,0,59,59,59,59,0
3035,17.623945578231293,4096,0,0,0.04342249780893326,0,59,0,58,-1,-1,-1,0
3036,17.629750566893424,4096,0,0,0.029968487098813057,0,59,0,58,-1,-1,-1,0
3037,17.635555555555555,4096,0,0,0.02916845493018627,0,59,0,58,-1,-1,-1,0
3038,17.641360544217687,4096,0,0,0.029843540862202644,0,-1,0,58,-1,-1,-1,0
3039,17.647165532879818,512,1,0,0.03665664792060852,0,-1,1,49,-1,-1,-1,0
3040,17.65297052154195,512,0,0,0.45333632826805115,0,-1,1,49,49,49,49,0
3041,17.65877551020408,512,0,0,0.4884059727191925,0,62,1,61,49,49,49,0
3042,17.66458049886621,1024,0,0,0.6089537143707275,1,62,1,61,61,61,49,1
3043,17.670385487528346,1024,0,1,0.732917845249176,1,62,1,61,61,61,49,1
3044,17.676190476190477,2048,0,0,0.7587137222290039,1,62,1,61,61,61,49,1
3045,17.68199546485261,2048,0,0,0.708193838596344,1,62,1,61,61,61,49,1
3046,17.68780045351474,2048,0,0,0.7123317122459412,1,62,1,61,61,61,49,1
3047,17.69360544217687,2048,0,0,0.709094762802124,1,62,1,61,61,61,49,1
3048,17.699410430839002,4096,0,0,0.696431577205658,1,62,0,61,61,61,49,0
3049,17.705215419501133,4096,0,0,0.6705420613288879,1,62,0,61,-1,-1,-1,0
3050,17.711020408163265,4096,0,0,0.6638175845146179,1,62,0,61,-1,-1,-1,0
3051,17.716825396825396,4096,0,0,0.6160615682601929,1,62,1,61,-1,-1,-1,0
3052,17.722630385487527,4096,0,0,0.5652080774307251,0,62,1,61,61,61,61,0
3053,17.728435374149658,4096,0,0,0.47493162751197815,0,62,1,61,61,61,61,0
3054,17.734240362811793,4096,0,0,0.32452598214149475,0,62,1,61,61,61,61,0
3055,17.740045351473924,4096,0,0,0.36810946464538574,0,62,1,61,61,61,61,0
3056,17.745850340136055,4096,0,0,0.34438177943229675,0,62,1,62,61,61,61,0
3057,17.751655328798186,4096,0,0,0.29599493741989136,0,62,1,62,62,61,61,0
3058,17.757460317460318,4096,0,0,0.3010307550430298,0,62,1,62,62,61,61,0
3059,17.76326530612245,4096,0,0,0.3226565420627594,0,62,1,62,62,61,61,0
3060,17.76907029478458,4096,0,0,0.31698426604270935,0,62,1,62,62,61,61,0
3061,17.77487528344671,4096,0,0,0.2694581151008606,0,62,1,62,62,61,61,0
3062,17.780680272108842,4096,0,0,0.3078235983848572,0,62,1,62,62,61,61,0
3063,17.786485260770974,4096,0,0,0.30161234736442566,0,62,1,62,62,61,61,0
3064,17.79229024943311,4096,0,0,0.2545190453529358,0,62,0,62,62,61,61,0
3065,17.79809523809524,4096,0,0,0.2208530306816101,0,62,0,62,-1,-1,-1,0
3066,17.80390022675737,4096,0,0,0.09283465147018433,0,62,0,62,-1,-1,-1,0
3067,17.809705215419502,4096,0,0,0.043803345412015915,0,62,0,62,-1,-1,-1,0
3068,17.815510204081633,4096,0,0,0.03142370656132698,0,62,0,62,-1,-1,-1,0
3069,17.821315192743764,4096,0,0,0.028828676789999008,0,62,0,62,-1,-1,-1,0
3070,17.827120181405895,512,1,0,0.027863571420311928,0,62,0,59,-1,-1,-1,0
3071,17.832925170068027,512,0,0,0.02811676822602749,0,62,0,59,-1,-1,-1,0
3072,17.838730158730158,512,0,0,0.02781471237540245,0,62,0,59,-1,-1,-1,0
3073,17.84453514739229,1024,0,0,0.027098892256617546,0,-1,0,59,-1,-1,-1,0
3074,17.85034013605442,1024,0,0,0.027631955221295357,0,-1,0,59,-1,-1,-1,0
3075,17.856145124716555,2048,0,0,0.02850291319191456,0,-1,0,59,-1,-1,-1,0
3076,17.861950113378686,2048,0,0,0.029413286596536636,0,-1,0,59,-1,-1,-1,0
3077,17.867755102040817,2048,0,0,0.20865584909915924,0,-1,1,59,-1,-1,-1,0
3078,17.87356009070295,2048,0,0,0.34770771861076355,0,-1,1,59,59,59,59,0
3079,17.87936507936508,4096,0,0,0.3471331000328064,0,65,0,64,59,59,59,0
3080,17.88517006802721,4096,0,0,0.3486476242542267,0,65,0,64,-1,-1,-1,0
3081,17.890975056689342,4096,0,1,0.33654800057411194,0,65,0,64,-1,-1,-1,0
3082,17.896780045351473,4096,0,0,0.3377675414085388,0,65,0,65,-1,-1,-1,0
3083,17.902585034013605,4096,0,0,0.3414996266365051,0,65,0,65,-1,-1,-1,0
3084,17.908390022675736,4096,0,0,0.3493483066558838,0,65,0,65,-1,-1,-1,0
3085,17.914195011337867,4096,0,0,0.334990531206131,0,65,0,65,-1,-1,-1,0
3086,17.92,4096,0,0,0.32071083784103394,0,65,0,65,-1,-1,-1,0
3087,17.925804988662133,4096,0,0,0.3024384677410126,0,65,0,65,-1,-1,-1,0
3088,17.931609977324264,4096,0,0,0.3130611181259155,0,65,0,65,-1,-1,-1,0
3089,17.937414965986395,4096,0,0,0.33814048767089844,0,65,1,65,-1,-1,-1,0
3090,17.943219954648526,4096,0,0,0.3524816632270813,0,65,1,65,65,65,65,0
3091,17.949024943310658,4096,0,0,0.3588705062866211,0,65,1,65,65,65,65,0
3092,17.95482993197279,4096,0,0,0.35352176427841187,0,65,1,65,65,65,65,0
3093,17.96063492063492,4096,0,0,0.3439396023750305,0,65,1,65,65,65,65,0
3094,17.96643990929705,4096,0,0,0.336601585149765,0,65,1,65,65,65,65,0
3095,17.972244897959182,4096,0,0,0.3393480181694031,0,65,1,65,65,65,65,0
3096,17.978049886621314,4096,0,0,0.34467604756355286,0,65,1,65,65,65,65,0
3097,17.98385487528345,4096,0,0,0.33772507309913635,0,65,1,65,65,65,65,0
3098,17.98965986394558,4096,0,0,0.3268970847129822,0,65,1,65,65,65,65,0
3099,17.99546485260771,4096,0,0,0.3199055790901184,0,65,1,65,65,65,65,0
3100,18.001269841269842,4096,0,0,0.31446367502212524,0,65,1,65,65,65,65,0
3101,18.007074829931973,4096,0,0,0.31648877263069153,0,65,1,65,65,65,65,0
3102,18.012879818594104,4096,0,0,0.3189381957054138,0,65,1,65,65,65,65,0
3103,18.018684807256236,4096,0,0,0.32650992274284363,0,65,1,65,65,65,65,0
3104,18.024489795918367,4096,0,0,0.34849658608436584,0,65,1,65,65,65,65,0
3105,18.030294784580498,4096,0,0,0.3466094136238098,0,65,1,65,65,65,65,0
3106,18.03609977324263,4096,0,0,0.1468898504972458,0,65,1,65,65,65,65,0
3107,18.04190476190476,4096,0,0,0.05026362091302872,0,65,1,65,65,65,65,0
3108,18.047709750566895,4096,0,0,0.031694069504737854,0,65,0,65,65,65,65,0
3109,18.053514739229026,4096,0,0,0.028111809864640236,0,65,0,65,-1,-1,-1,0
3110,18.059319727891157,512,1,0,0.029701195657253265,0,65,1,59,-1,-1,-1,0
3111,18.06512471655329,512,0,0,0.031736552715301514,0,65,1,49,-1,-1,-1,0
3112,18.07092970521542,512,0,0,0.03136733919382095,0,65,1,59,-1,-1,-1,0
3113,18.07673469387755,1024,0,0,0.030566759407520294,0,-1,1,59,59,59,59,0
3114,18.082539682539682,1024,0,0,0.029354287311434746,0,-1,1,59,59,59,59,0
3115,18.088344671201813,2048,0,0,0.028585845604538918,0,-1,0,59,59,59,59,0
3116,18.094149659863945,2048,0,0,0.028902649879455566,0,-1,0,59,-1,-1,-1,0
3117,18.099954648526076,2048,0,0,0.02868252620100975,0,-1,0,59,-1,-1,-1,0
3118,18.105759637188207,2048,0,0,0.028429776430130005,0,-1,0,59,-1,-1,-1,0
3119,18.11156462585034,4096,0,0,0.028336210176348686,0,-1,0,72,-1,-1,-1,0
3120,18.117369614512473,4096,0,0,0.3688913881778717,0,-1,0,72,-1,-1,-1,0
3121,18.123174603174604,4096,0,0,0.5258563756942749,0,-1,0,72,-1,-1,-1,0
3122,18.128979591836735,4096,0,0,0.4734910726547241,0,68,0,72,-1,-1,-1,0
3123,18.134784580498867,4096,0,0,0.5026075839996338,0,68,0,72,-1,-1,-1,0
3124,18.140589569160998,4096,0,1,0.5801737308502197,0,68,0,72,-1,-1,-1,0
3125,18.14639455782313,4096,0,0,0.5715164542198181,0,68,0,68,-1,-1,-1,0
3126,18.15219954648526,4096,0,0,0.5004608035087585,0,68,0,68,-1,-1,-1,0
3127,18.15800453514739,4096,0,0,0.468629390001297,0,68,0,68,-1,-1,-1,0
3128,18.163809523809523,4096,0,0,0.4959702491760254,0,68,0,68,-1,-1,-1,0
3129,18.169614512471654,4096,0,0,0.517570972442627,0,68,0,68,-1,-1,-1,0
3130,18.17541950113379,4096,0,0,0.3365832269191742,0,68,1,68,-1,-1,-1,0
3131,18.18122448979592,4096,0,0,0.36248913407325745,0,68,1,68,68,68,68,0
3132,18.18702947845805,4096,0,0,0.3908432126045227,0,68,1,68,68,68,68,0
3133,18.192834467120182,4096,0,0,0.5265986919403076,0,68,1,68,68,68,68,0
3134,18.198639455782313,4096,0,0,0.5912743806838989,1,68,1,68,68,68,68,0
3135,18.204444444444444,4096,0,0,0.5462134480476379,0,68,1,68,68,68,68,0
3136,18.210249433106576,4096,0,0,0.5631749033927917,0,68,1,68,68,68,68,0
3137,18.216054421768707,4096,0,0,0.540064811706543,0,68,1,68,68,68,68,0
3138,18.221859410430838,4096,0,0,0.5417631268501282,0,68,1,68,68,68,68,0
3139,18.22766439909297,4096,0,0,0.6033439636230469,1,68,1,68,68,68,68,0
3140,18.2334693877551,4096,0,0,0.4953557550907135,0,68,1,68,68,68,68,0
3141,18.239274376417235,4096,0,0,0.4837002158164978,0,68,1,68,68,68,68,0
3142,18.245079365079366,4096,0,0,0.44097375869750977,0,68,1,68,68,68,68,0
3143,18.250884353741498,4096,0,0,0.4904624819755554,0,68,1,68,68,68,68,0
3144,18.25668934240363,4096,0,0,0.5280486345291138,0,68,1,68,68,68,68,0
3145,18.26249433106576,4096,0,0,0.5064415335655212,0,68,1,68,68,68,68,0
3146,18.26829931972789,4096,0,0,0.5482203364372253,0,68,1,68,68,68,68,0
3147,18.274104308390022,4096,0,0,0.5527287125587463,0,68,1,68,68,68,68,0
3148,18.279909297052154,4096,0,0,0.5017308592796326,0,68,1,68,68,68,68,0
3149,18.285714285714285,4096,0,0,0.5363869667053223,0,68,1,68,68,68,68,0
3150,18.291519274376416,4096,0,0,0.5061063766479492,0,68,1,68,68,68,68,0
3151,18.297324263038547,4096,0,0,0.5262766480445862,0,68,1,68,68,68,68,0
3152,18.303129251700682,4096,0,0,0.539085328578949,0,68,1,68,68,68,68,0
3153,18.308934240362813,4096,0,0,0.6010742783546448,1,68,1,68,68,68,68,0
3154,18.314739229024944,4096,0,0,0.7551167011260986,1,66,1,68,68,68,68,0
3155,18.320544217687075,4096,0,0,0.682394802570343,1,66,1,68,68,68,68,0
3156,18.326349206349207,4096,0,1,0.5657768845558167,0,66,1,68,68,68,68,0
3157,18.332154195011338,4096,0,0,0.4948941767215729,0,66,1,68,68,68,68,0
3158,18.33795918367347,4096,0,0,0.5938263535499573,1,66,1,68,68,68,68,0
3159,18.3437641723356,4096,0,0,0.5495120882987976,0,66,1,68,68,68,68,0
3160,18.34956916099773,4096,0,0,0.4619738757610321,0,66,1,68,68,68,68,0
3161,18.355374149659863,4096,0,0,0.3376995027065277,0,66,1,67,68,68,68,0
3162,18.361179138321994,4096,0,0,0.32775768637657166,0,66,1,67,67,68,68,0
3163,18.36698412698413,4096,0,0,0.30950209498405457,0,66,1,67,67,68,68,0
3164,18.37278911564626,4096,0,0,0.3490743339061737,0,66,1,67,67,68,68,0
3165,18.37859410430839,4096,0,0,0.34210410714149475,0,66,1,67,67,68,68,0
3166,18.384399092970522,4096,0,0,0.2921169102191925,0,66,1,67,67,68,68,0
3167,18.390204081632653,4096,0,0,0.30730730295181274,0,66,1,67,67,68,68,0
3168,18.396009070294784,4096,0,0,0.32307079434394836,0,66,1,67,67,68,68,0
3169,18.401814058956916,4096,0,0,0.3173093795776367,0,66,1,67,67,68,68,0
3170,18.407619047619047,4096,0,0,0.3120703101158142,0,66,1,66,67,68,68,0
3171,18.413424036281178,4096,0,0,0.33864131569862366,0,66,1,66,66,68,68,0
3172,18.41922902494331,4096,0,0,0.3106288015842438,0,66,1,66,66,68,68,0
3173,18.42503401360544,4096,0,0,0.2896156311035156,0,66,1,66,66,68,68,0
3174,18.430839002267575,4096,0,0,0.3068738281726837,0,66,1,66,66,68,68,0
3175,18.436643990929706,4096,0,0,0.3161391317844391,0,66,1,66,66,68,68,0
3176,18.442448979591838,4096,0,0,0.30039066076278687,0,66,1,66,66,68,68,0
3177,18.44825396825397,4096,0,0,0.3144877552986145,0,66,1,66,66,68,68,0
3178,18.4540589569161,4096,0,0,0.33384543657302856,0,66,1,66,66,68,68,0
3179,18.45986394557823,4096,0,0,0.29457271099090576,0,66,1,66,66,68,68,0
3180,18.465668934240362,4096,0,0,0.2882722318172455,0,66,1,66,66,68,68,0
3181,18.471473922902494,4096,0,0,0.30455052852630615,0,66,1,66,66,68,68,0
3182,18.477278911564625,4096,0,0,0.3139215111732483,0,66,1,66,66,68,68,0
3183,18.483083900226756,4096,0,0,0.2984809875488281,0,66,1,66,66,68,68,0
3184,18.488888888888887,4096,0,0,0.32240167260169983,0,66,1,66,66,68,68,0
3185,18.494693877551022,4096,0,0,0.32386165857315063,0,66,1,66,66,68,68,0
3186,18.500498866213153,4096,0,0,0.2833014130592346,0,66,1,66,66,68,68,0
3187,18.506303854875284,4096,0,0,0.2917713522911072,0,66,1,66,66,68,68,0
3188,18.512108843537415,4096,0,0,0.3022565543651581,0,66,1,66,66,68,68,0
3189,18.517913832199547,4096,0,0,0.30368703603744507,0,66,1,66,66,68,68,0
3190,18.523718820861678,4096,0,0,0.3075092136859894,0,66,1,66,66,68,68,0
3191,18.52952380952381,4096,0,0,0.2616589367389679,0,66,1,66,66,68,68,0
3192,18.53532879818594,4096,0,0,0.03565697744488716,0,66,0,66,66,68,68,0
3193,18.54113378684807,4096,0,0,0.02901608869433403,0,66,0,66,-1,-1,-1,0
3194,18.546938775510203,4096,0,0,0.028487304225564003,0,66,0,66,-1,-1,-1,0
3195,18.552743764172334,4096,0,0,0.02810051664710045,0,66,0,66,-1,-1,-1,0
3196,18.55854875283447,4096,0,0,0.027611374855041504,0,-1,0,66,-1,-1,-1,0
3197,18.5643537414966,4096,0,0,0.02791716530919075,0,-1,0,66,-1,-1,-1,0
3198,18.57015873015873,4096,0,0,0.028322312980890274,0,-1,0,66,-1,-1,-1,0
3199,18.575963718820862,4096,0,0,0.02858765237033367,0,-1,0,66,-1,-1,-1,0
3200,18.581768707482993,512,1,0,0.02824379689991474,0,-1,1,59,-1,-1,-1,0
3201,18.587573696145125,512,0,0,0.20560558140277863,0,-1,1,59,59,59,59,0
3202,18.593378684807256,512,0,0,0.34362155199050903,0,-1,1,53,59,59,59,0
3203,18.599183673469387,1024,0,0,0.3877522051334381,0,67,1,67,59,59,59,0
3204,18.604988662131518,1024,0,0,0.40597277879714966,0,67,1,67,67,59,59,0
3205,18.61079365079365,2048,0,1,0.41032811999320984,0,67,1,67,67,59,59,0
3206,18.616598639455784,2048,0,0,0.3967907726764679,0,67,1,67,67,59,59,0
3207,18.622403628117915,2048,0,0,0.4056538939476013,0,67,1,67,67,59,59,0
3208,18.628208616780046,2048,0,0,0.3511820435523987,0,67,1,67,67,59,59,0
3209,18.634013605442178,4096,0,0,0.346009761095047,0,67,0,67,67,59,59,0
3210,18.63981859410431,4096,0,0,0.3658897578716278,0,67,0,67,-1,-1,-1,0
3211,18.64562358276644,4096,0,0,0.3672109544277191,0,67,0,67,-1,-1,-1,0
3212,18.65142857142857,4096,0,0,0.36387506127357483,0,67,0,67,-1,-1,-1,0
3213,18.657233560090702,4096,0,0,0.37946853041648865,0,67,0,67,-1,-1,-1,0
3214,18.663038548752834,4096,0,0,0.3795908987522125,0,67,0,67,-1,-1,-1,0
3215,18.668843537414965,4096,0,0,0.35071974992752075,0,67,0,67,-1,-1,-1,0
3216,18.674648526077096,4096,0,0,0.3095102608203888,0,67,1,67,-1,-1,-1,0
3217,18.68045351473923,4096,0,0,0.3334965407848358,0,67,1,67,67,67,67,0
3218,18.686258503401362,4096,0,0,0.38102778792381287,0,67,1,67,67,67,67,0
3219,18.692063492063493,4096,0,0,0.36859893798828125,0,67,1,67,67,67,67,0
3220,18.697868480725624,4096,0,0,0.35451874136924744,0,67,1,67,67,67,67,0
3221,18.703673469387756,4096,0,0,0.36568620800971985,0,67,1,67,67,67,67,0
3222,18.709478458049887,4096,0,0,0.3740808367729187,0,67,1,67,67,67,67,0
3223,18.715283446712018,4096,0,0,0.35062918066978455,0,67,1,67,67,67,67,0
3224,18.72108843537415,4096,0,0,0.38020697236061096,0,67,1,67,67,67,67,0
3225,18.72689342403628,4096,0,0,0.39316296577453613,0,67,1,67,67,67,67,0
3226,18.73269841269841,4096,0,0,0.37767547369003296,0,67,1,67,67,67,67,0
3227,18.738503401360543,4096,0,0,0.3395444452762604,0,67,1,67,67,67,67,0
3228,18.744308390022677,4096,0,0,0.355711430311203,0,67,1,67,67,67,67,0
3229,18.75011337868481,4096,0,0,0.3643389046192169,0,67,1,67,67,67,67,0
3230,18.75591836734694,4096,0,0,0.3407822251319885,0,67,1,67,67,67,67,0
3231,18.76172335600907,4096,0,0,0.3653191030025482,0,67,1,67,67,67,67,0
3232,18.767528344671202,4096,0,0,0.3753352463245392,0,67,1,67,67,67,67,0
3233,18.773333333333333,4096,0,0,0.341286838054657,0,67,1,67,67,67,67,0
3234,18.779138321995465,4096,0,0,0.3529455363750458,0,67,1,67,67,67,67,0
3235,18.784943310657596,4096,0,0,0.3473479449748993,0,67,1,67,67,67,67,0
3236,18.790748299319727,4096,0,0,0.32577627897262573,0,67,1,67,67,67,67,0
3237,18.796553287981858,4096,0,0,0.3088102638721466,0,67,1,67,67,67,67,0
3238,18.80235827664399,4096,0,0,0.32307520508766174,0,67,1,67,67,67,67,0
3239,18.808163265306124,4096,0,0,0.34657713770866394,0,67,1,67,67,67,67,0
3240,18.813968253968255,4096,0,0,0.32741019129753113,0,67,1,67,67,67,67,0
3241,18.819773242630387,4096,0,0,0.3525172770023346,0,67,1,67,67,67,67,0
3242,18.825578231292518,4096,0,0,0.36135828495025635,0,67,1,67,67,67,67,0
3243,18.83138321995465,4096,0,0,0.32813340425491333,0,67,1,67,67,67,67,0
3244,18.83718820861678,4096,0,0,0.33091023564338684,0,67,1,67,67,67,67,0
3245,18.84299319727891,4096,0,0,0.3246302008628845,0,67,1,67,67,67,67,0
3246,18.848798185941043,4096,0,0,0.3470844030380249,0,67,1,67,67,67,67,0
3247,18.854603174603174,4096,0,0,0.31524428725242615,0,67,1,67,67,67,67,0
3248,18.860408163265305,4096,0,0,0.34174206852912903,0,67,1,67,67,67,67,0
3249,18.866213151927436,4096,0,0,0.3429090678691864,0,67,1,67,67,67,67,0
3250,18.87201814058957,4096,0,0,0.3173791766166687,0,67,1,67,67,67,67,0
3251,18.877823129251702,4096,0,0,0.312327116727829,0,67,1,67,67,67,67,0
3252,18.883628117913833,4096,0,0,0.32011014223098755,0,67,1,67,67,67,67,0
3253,18.889433106575964,4096,0,0,0.3404308557510376,0,67,1,67,67,67,67,0
3254,18.895238095238096,4096,0,0,0.3050462305545807,0,67,1,67,67,67,67,0
3255,18.901043083900227,4096,0,0,0.31215769052505493,0,67,1,67,67,67,67,0
3256,18.906848072562358,4096,0,0,0.3032267093658447,0,67,1,67,67,67,67,0
3257,18.91265306122449,4096,0,0,0.3191865384578705,0,67,1,67,67,67,67,0
3258,18.91845804988662,4096,0,0,0.26944437623023987,0,67,1,67,67,67,67,0
3259,18.92426303854875,4096,0,0,0.19755280017852783,0,67,1,67,67,67,67,0
3260,18.930068027210883,4096,0,0,0.0489998497068882,0,67,0,67,67,67,67,0
3261,18.935873015873018,4096,0,0,0.030376026406884193,0,67,0,67,-1,-1,-1,0
3262,18.94167800453515,4096,0,0,0.02775919809937477,0,67,0,67,-1,-1,-1,0
3263,18.94748299319728,4096,0,0,0.027393605560064316,0,67,0,67,-1,-1,-1,0
3264,18.95328798185941,4096,0,0,0.027276508510112762,0,67,0,67,-1,-1,-1,0
3265,18.959092970521542,4096,0,0,0.027418063953518867,0,-1,0,67,-1,-1,-1,0
3266,18.964897959183673,4096,0,0,0.02764195203781128,0,-1,0,67,-1,-1,-1,0
3267,18.970702947845805,4096,0,0,0.027024144306778908,0,-1,0,67,-1,-1,-1,0
3268,18.976507936507936,4096,0,0,0.027488669380545616,0,-1,0,67,-1,-1,-1,0
3269,18.982312925170067,4096,0,0,0.02814364805817604,0,-1,0,67,-1,-1,-1,0
3270,18.9881179138322,4096,0,0,0.028749650344252586,0,-1,0,67,-1,-1,-1,0
3271,18.99392290249433,4096,0,0,0.0285219457000494,0,-1,0,67,-1,-1,-1,0
3272,18.999727891156464,4096,0,0,0.027917876839637756,0,-1,0,72,-1,-1,-1,0
3273,19.005532879818595,4096,0,0,0.02728435955941677,0,-1,0,72,-1,-1,-1,0
3274,19.011337868480727,4096,0,0,0.027356460690498352,0,-1,0,72,-1,-1,-1,0
3275,19.017142857142858,512,1,0,0.033781662583351135,0,-1,1,59,-1,-1,-1,0
3276,19.02294784580499,512,0,0,0.15482290089130402,0,-1,1,55,-1,-1,-1,0
3277,19.02875283446712,512,0,0,0.2582411468029022,0,70,1,70,-1,-1,-1,0
3278,19.03455782312925,1024,0,0,0.26567694544792175,0,70,1,70,70,70,70,0
3279,19.040362811791383,1024,0,1,0.27395492792129517,0,70,1,70,70,70,70,0
3280,19.046167800453514,2048,0,0,0.2567293643951416,0,70,1,70,70,70,70,0
3281,19.051972789115645,2048,0,0,0.25268644094467163,0,70,1,70,70,70,70,0
3282,19.057777777777776,2048,0,0,0.26139411330223083,0,70,1,70,70,70,70,0
3283,19.06358276643991,2048,0,0,0.2531934976577759,0,70,1,70,70,70,70,0
3284,19.069387755102042,4096,0,0,0.27239447832107544,0,70,0,70,70,70,70,0
3285,19.075192743764173,4096,0,0,0.26802313327789307,0,70,0,70,-1,-1,-1,0
3286,19.080997732426304,4096,0,0,0.24986165761947632,0,70,0,70,-1,-1,-1,0
3287,19.086802721088436,4096,0,0,0.26097631454467773,0,70,0,70,-1,-1,-1,0
3288,19.092607709750567,4096,0,0,0.2540055513381958,0,70,0,70,-1,-1,-1,0
3289,19.098412698412698,4096,0,0,0.24011225998401642,0,70,1,70,-1,-1,-1,0
3290,19.10421768707483,4096,0,0,0.24867573380470276,0,70,1,70,70,70,70,0
3291,19.11002267573696,4096,0,0,0.24890932440757751,0,70,1,70,70,70,70,0
3292,19.11582766439909,4096,0,0,0.2503674626350403,0,70,1,70,70,70,70,0
3293,19.121632653061223,4096,0,0,0.251347154378891,0,70,1,70,70,70,70,0
3294,19.127437641723358,4096,0,0,0.22458523511886597,0,70,1,70,70,70,70,0
3295,19.13324263038549,4096,0,0,0.15681476891040802,0,70,1,70,70,70,70,0
3296,19.13904761904762,4096,0,0,0.05135444179177284,0,70,1,70,70,70,70,0
3297,19.14485260770975,4096,0,0,0.0331696979701519,0,70,1,70,70,70,70,0
3298,19.150657596371882,4096,0,0,0.030492309480905533,0,70,0,70,70,70,70,0
3299,19.156462585034014,4096,0,0,0.02873225137591362,0,70,0,70,-1,-1,-1,0
3300,19.162267573696145,4096,0,0,0.027680613100528717,0,70,0,70,-1,-1,-1,0
3301,19.168072562358276,4096,0,0,0.027557630091905594,0,70,0,70,-1,-1,-1,0
3302,19.173877551020407,4096,0,0,0.027886511757969856,0,70,0,70,-1,-1,-1,0
3303,19.17968253968254,4096,0,0,0.02785809151828289,0,-1,0,69,-1,-1,-1,0
3304,19.18548752834467,4096,0,0,0.02755899727344513,0,-1,0,69,-1,-1,-1,0
3305,19.191292517006804,512,1,0,0.02751975506544113,0,-1,0,59,-1,-1,-1,0
3306,19.197097505668935,512,0,0,0.02816229872405529,0,-1,0,59,-1,-1,-1,0
3307,19.202902494331067,512,0,0,0.02835908532142639,0,-1,0,59,-1,-1,-1,0
3308,19.208707482993198,1024,0,0,0.028283581137657166,0,-1,0,59,-1,-1,-1,0
3309,19.21451247165533,1024,0,0,0.027988070622086525,0,-1,0,59,-1,-1,-1,0
3310,19.22031746031746,2048,0,0,0.027367331087589264,0,-1,0,59,-1,-1,-1,0
3311,19.22612244897959,2048,0,0,0.027116278186440468,0,-1,0,59,-1,-1,-1,0
3312,19.231927437641723,2048,0,0,0.026982398703694344,0,-1,0,59,-1,-1,-1,0
3313,19.237732426303854,2048,0,0,0.02744138613343239,0,-1,0,59,-1,-1,-1,0
3314,19.243537414965985,4096,0,0,0.02751922979950905,0,-1,0,59,-1,-1,-1,0
3315,19.249342403628116,4096,0,0,0.027205368503928185,0,-1,0,59,-1,-1,-1,0
3316,19.25514739229025,4096,0,0,0.027649028226733208,0,-1,0,59,-1,-1,-1,0
3317,19.260952380952382,4096,0,0,0.0281098373234272,0,-1,0,59,-1,-1,-1,0
3318,19.266757369614513,4096,0,0,0.028291957452893257,0,-1,0,59,-1,-1,-1,0
3319,19.272562358276645,4096,0,0,0.02876858040690422,0,-1,0,59,-1,-1,-1,0
3320,19.278367346938776,4096,0,0,0.029266351833939552,0,-1,0,59,-1,-1,-1,0
3321,19.284172335600907,4096,0,0,0.029647743329405785,0,-1,0,59,-1,-1,-1,0
3322,19.289977324263038,4096,0,0,0.029435662552714348,0,-1,0,59,-1,-1,-1,0
3323,19.29578231292517,4096,0,0,0.028935080394148827,0,-1,0,59,-1,-1,-1,0
3324,19.3015873015873,4096,0,0,0.028776738792657852,0,-1,0,59,-1,-1,-1,0
3325,19.30739229024943,4096,0,0,0.029045606032013893,0,-1,0,59,-1,-1,-1,0
3326,19.313197278911563,512,1,0,0.03230437636375427,0,-1,1,59,-1,-1,-1,0
3327,19.319002267573698,512,0,0,0.495770663022995,0,-1,1,72,-1,-1,-1,0
3328,19.32480725623583,512,0,0,0.3945944309234619,0,74,1,74,-1,-1,-1,0
3329,19.33061224489796,1024,0,0,0.3895784318447113,0,74,1,74,74,74,74,0
3330,19.33641723356009,1024,0,1,0.5195550918579102,0,74,1,74,74,74,74,0
3331,19.342222222222222,2048,0,0,0.4272986054420471,0,74,1,74,74,74,74,0
3332,19.348027210884354,2048,0,0,0.38832855224609375,0,74,1,74,74,74,74,0
3333,19.353832199546485,2048,0,0,0.4260195195674896,0,74,1,74,74,74,74,0
3334,19.359637188208616,2048,0,0,0.4186569154262543,0,74,1,74,74,74,74,0
3335,19.365442176870747,4096,0,0,0.47895023226737976,0,74,0,74,74,74,74,0
3336,19.37124716553288,4096,0,0,0.403371661901474,0,74,0,74,-1,-1,-1,0
3337,19.37705215419501,4096,0,0,0.41755446791648865,0,74,1,74,-1,-1,-1,0
3338,19.382857142857144,4096,0,0,0.45393046736717224,0,74,1,74,74,74,74,0
3339,19.388662131519276,4096,0,0,0.39845970273017883,0,74,1,74,74,74,74,0
3340,19.394467120181407,4096,0,0,0.4383573532104492,0,74,1,74,74,74,74,0
3341,19.400272108843538,4096,0,0,0.3819567859172821,0,74,1,74,74,74,74,0
3342,19.40607709750567,4096,0,0,0.44933030009269714,0,74,1,74,74,74,74,0
3343,19.4118820861678,4096,0,0,0.39334356784820557,0,74,1,74,74,74,74,0
3344,19.41768707482993,4096,0,0,0.3704853057861328,0,74,1,74,74,74,74,0
3345,19.423492063492063,4096,0,0,0.40175437927246094,0,74,1,74,74,74,74,0
3346,19.429297052154194,4096,0,0,0.374104380607605,0,74,1,74,74,74,74,0
3347,19.435102040816325,4096,0,0,0.44340214133262634,0,74,1,74,74,74,74,0
3348,19.440907029478456,4096,0,0,0.36903250217437744,0,74,1,74,74,74,74,0
3349,19.44671201814059,4096,0,0,0.3535398840904236,0,74,1,74,74,74,74,0
3350,19.452517006802722,4096,0,0,0.3761194050312042,0,74,1,74,74,74,74,0
3351,19.458321995464853,4096,0,0,0.35046425461769104,0,74,1,74,74,74,74,0
3352,19.464126984126985,4096,0,0,0.4014361798763275,0,74,1,74,74,74,74,0
3353,19.469931972789116,4096,0,0,0.33920562267303467,0,74,1,74,74,74,74,0
3354,19.475736961451247,4096,0,0,0.3615517020225525,0,74,1,74,74,74,74,0
3355,19.481541950113378,4096,0,0,0.34706440567970276,0,74,1,74,74,74,74,0
3356,19.48734693877551,4096,0,0,0.3308696746826172,0,74,1,74,74,74,74,0
3357,19.49315192743764,4096,0,0,0.3697997033596039,0,74,1,74,74,74,74,0
3358,19.49895691609977,4096,0,0,0.32864710688591003,0,74,1,74,74,74,74,0
3359,19.504761904761907,4096,0,0,0.39340919256210327,0,74,1,74,74,74,74,0
3360,19.510566893424038,4096,0,0,0.33117854595184326,0,74,1,74,74,74,74,0
3361,19.51637188208617,4096,0,0,0.3161564767360687,0,74,1,74,74,74,74,0
3362,19.5221768707483,4096,0,0,0.33134210109710693,0,74,1,74,74,74,74,0
3363,19.52798185941043,4096,0,0,0.3113183081150055,0,74,1,74,74,74,74,0
3364,19.533786848072562,4096,0,0,0.3530624508857727,0,74,1,74,74,74,74,0
3365,19.539591836734694,4096,0,0,0.30582743883132935,0,74,1,74,74,74,74,0
3366,19.545396825396825,4096,0,0,0.3378506302833557,0,74,1,74,74,74,74,0
3367,19.551201814058956,4096,0,0,0.299602746963501,0,74,1,74,74,74,74,0
3368,19.557006802721087,4096,0,0,0.2899191379547119,0,74,1,74,74,74,74,0
3369,19.56281179138322,4096,0,0,0.3226480185985565,0,74,1,74,74,74,74,0
3370,19.568616780045353,4096,0,0,0.2845650613307953,0,74,1,74,74,74,74,0
3371,19.574421768707484,4096,0,0,0.3338257968425751,0,74,1,74,74,74,74,0
3372,19.580226757369616,4096,0,0,0.2924169898033142,0,74,1,74,74,74,74,0
3373,19.586031746031747,4096,0,0,0.2829448878765106,0,74,1,74,74,74,74,0
3374,19.591836734693878,4096,0,0,0.29284369945526123,0,74,1,74,74,74,74,0
3375,19.59764172335601,4096,0,0,0.27347755432128906,0,74,1,74,74,74,74,0
3376,19.60344671201814,4096,0,0,0.31250736117362976,0,74,1,74,74,74,74,0
3377,19.60925170068027,4096,0,0,0.2784612476825714,0,74,1,74,74,74,74,0
3378,19.615056689342403,4096,0,0,0.26614072918891907,0,74,1,74,74,74,74,0
3379,19.620861678004534,4096,0,0,0.28077074885368347,0,74,1,74,74,74,74,0
3380,19.626666666666665,4096,0,0,0.26134875416755676,0,74,1,74,74,74,74,0
3381,19.6324716553288,4096,0,0,0.2869432866573334,0,74,1,74,74,74,74,0
3382,19.63827664399093,4096,0,0,0.25868159532546997,0,74,1,74,74,74,74,0
3383,19.644081632653062,4096,0,0,0.28623488545417786,0,74,1,74,74,74,74,0
3384,19.649886621315193,4096,0,0,0.2536752223968506,0,74,1,74,74,74,74,0
3385,19.655691609977325,4096,0,0,0.24961517751216888,0,74,1,74,74,74,74,0
3386,19.661496598639456,4096,0,0,0.2705187499523163,0,74,1,74,74,74,74,0
3387,19.667301587301587,4096,0,0,0.24989473819732666,0,74,1,74,74,74,74,0
3388,19.67310657596372,4096,0,0,0.28440406918525696,0,74,1,74,74,74,74,0
3389,19.67891156462585,4096,0,0,0.2562571167945862,0,74,1,74,74,74,74,0
3390,19.68471655328798,4096,0,0,0.2426871955394745,0,74,1,74,74,74,74,0
3391,19.690521541950112,4096,0,0,0.2507438063621521,0,74,1,74,74,74,74,0
3392,19.696326530612247,4096,0,0,0.2392295002937317,0,74,1,74,74,74,74,0
3393,19.702131519274378,4096,0,0,0.25693750381469727,0,74,1,74,74,74,74,0
3394,19.70793650793651,4096,0,0,0.23384405672550201,0,74,1,74,74,74,74,0
3395,19.71374149659864,4096,0,0,0.2576264441013336,0,74,1,74,74,74,74,0
3396,19.71954648526077,4096,0,0,0.23012326657772064,0,74,1,74,74,74,74,0
3397,19.725351473922903,4096,0,0,0.2254507690668106,0,74,1,74,74,74,74,0
3398,19.731156462585034,4096,0,0,0.2389327585697174,0,74,1,74,74,74,74,0
3399,19.736961451247165,4096,0,0,0.22767145931720734,0,74,1,74,74,74,74,0
3400,19.742766439909296,4096,0,0,0.24794915318489075,0,74,1,74,74,74,74,0
3401,19.748571428571427,4096,0,0,0.23400941491127014,0,74,1,74,74,74,74,0
3402,19.75437641723356,4096,0,0,0.220490962266922,0,74,1,74,74,74,74,0
3403,19.760181405895693,4096,0,0,0.22740978002548218,0,74,1,74,74,74,74,0
3404,19.765986394557824,4096,0,0,0.22142484784126282,0,74,1,74,74,74,74,0
3405,19.771791383219956,4096,0,0,0.2305561602115631,0,74,1,74,74,74,74,0
3406,19.777596371882087,4096,0,0,0.22084979712963104,0,74,1,74,74,74,74,0
3407,19.783401360544218,4096,0,0,0.2258121222257614,0,74,1,74,74,74,74,0
3408,19.78920634920635,4096,0,0,0.21980473399162292,0,74,1,74,74,74,74,0
3409,19.79501133786848,4096,0,0,0.21965919435024261,0,74,1,74,74,74,74,0
3410,19.80081632653061,4096,0,0,0.22631128132343292,0,74,1,74,74,74,74,0
3411,19.806621315192743,4096,0,0,0.21318966150283813,0,74,1,74,74,74,74,0
3412,19.812426303854874,4096,0,0,0.2319403737783432,0,74,1,74,74,74,74,0
3413,19.818231292517005,4096,0,0,0.21712706983089447,0,74,1,74,74,74,74,0
3414,19.82403628117914,4096,0,0,0.2099371701478958,0,74,1,74,74,74,74,0
3415,19.82984126984127,4096,0,0,0.2187119573354721,0,74,1,74,74,74,74,0
3416,19.835646258503402,4096,0,0,0.21717652678489685,0,74,1,74,74,74,74,0
3417,19.841451247165534,4096,0,0,0.22281084954738617,0,74,1,74,74,74,74,0
3418,19.847256235827665,4096,0,0,0.21986424922943115,0,74,1,74,74,74,74,0
3419,19.853061224489796,4096,0,0,0.206255704164505,0,74,1,74,74,74,74,0
3420,19.858866213151927,4096,0,0,0.21226750314235687,0,74,1,74,74,74,74,0
3421,19.86467120181406,4096,0,0,0.21779270470142365,0,74,1,74,74,74,74,0
3422,19.87047619047619,4096,0,0,0.2198229432106018,0,74,1,74,74,74,74,0
3423,19.87628117913832,4096,0,0,0.21491283178329468,0,74,1,74,74,74,74,0
3424,19.882086167800452,4096,0,0,0.21807938814163208,0,74,1,74,74,74,74,0
3425,19.887891156462587,4096,0,0,0.21266266703605652,0,74,1,74,74,74,74,0
3426,19.893696145124718,4096,0,0,0.21517343819141388,0,74,1,74,74,74,74,0
3427,19.89950113378685,4096,0,0,0.2198595404624939,0,74,1,74,74,74,74,0
3428,19.90530612244898,4096,0,0,0.21765117347240448,0,74,1,74,74,74,74,0
3429,19.91111111111111,4096,0,0,0.22394971549510956,0,74,1,74,74,74,74,0
3430,19.916916099773243,4096,0,0,0.21760185062885284,0,74,1,74,74,74,74,0
3431,19.922721088435374,4096,0,0,0.21088702976703644,0,74,1,74,74,74,74,0
3432,19.928526077097505,4096,0,0,0.2178100198507309,0,74,1,74,74,74,74,0
3433,19.934331065759636,4096,0,0,0.2243555635213852,0,74,1,74,74,74,74,0
3434,19.940136054421767,4096,0,0,0.2209732085466385,0,74,1,74,74,74,74,0
3435,19.9459410430839,4096,0,0,0.22370050847530365,0,74,1,74,74,74,74,0
3436,19.951746031746033,4096,0,0,0.2113586664199829,0,74,1,74,74,74,74,0
3437,19.957551020408165,4096,0,0,0.2191649079322815,0,74,1,74,74,74,74,0
3438,19.963356009070296,4096,0,0,0.22449548542499542,0,74,1,74,74,74,74,0
3439,19.969160997732427,4096,0,0,0.22053712606430054,0,74,1,74,74,74,74,0
3440,19.974965986394558,4096,0,0,0.22463376820087433,0,74,1,74,74,74,74,0
3441,19.98077097505669,4096,0,0,0.22216755151748657,0,74,1,74,74,74,74,0
3442,19.98657596371882,4096,0,0,0.2183675467967987,0,74,1,74,74,74,74,0
3443,19.99238095238095,4096,0,0,0.22186705470085144,0,74,1,74,74,74,74,0
3444,19.998185941043083,4096,0,0,0.22541768848896027,0,74,1,74,74,74,74,0
3445,20.003990929705214,4096,0,0,0.23387323319911957,0,74,1,74,74,74,74,0
3446,20.009795918367345,4096,0,0,0.22923359274864197,0,74,1,74,74,74,74,0
3447,20.01560090702948,4096,0,0,0.22968341410160065,0,74,1,74,74,74,74,0
3448,20.02140589569161,4096,0,0,0.2217453569173813,0,74,1,74,74,74,74,0
3449,20.027210884353742,4096,0,0,0.22718346118927002,0,74,1,74,74,74,74,0
3450,20.033015873015874,4096,0,0,0.23490990698337555,0,74,1,74,74,74,74,0
3451,20.038820861678005,4096,0,0,0.22770752012729645,0,74,1,74,74,74,74,0
3452,20.044625850340136,4096,0,0,0.23578186333179474,0,74,1,74,74,74,74,0
3453,20.050430839002267,4096,0,0,0.22468796372413635,0,74,1,74,74,74,74,0
3454,20.0562358276644,4096,0,0,0.2302069514989853,0,74,1,74,74,74,74,0
3455,20.06204081632653,4096,0,0,0.23665378987789154,0,74,1,74,74,74,74,0
3456,20.06784580498866,4096,0,0,0.23378795385360718,0,74,1,74,74,74,74,0
3457,20.073650793650792,4096,0,0,0.24530792236328125,0,74,1,74,74,74,74,0
3458,20.079455782312927,4096,0,0,0.2395254671573639,0,74,1,74,74,74,74,0
3459,20.085260770975058,4096,0,0,0.23652863502502441,0,74,1,74,74,74,74,0
3460,20.09106575963719,4096,0,0,0.23313570022583008,0,74,1,74,74,74,74,0
3461,20.09687074829932,4096,0,0,0.23774287104606628,0,74,1,74,74,74,74,0
3462,20.10267573696145,4096,0,0,0.25033992528915405,0,74,1,74,74,74,74,0
3463,20.108480725623583,4096,0,0,0.2414197027683258,0,74,1,74,74,74,74,0
3464,20.114285714285714,4096,0,0,0.2497217357158661,0,74,1,74,74,74,74,0
3465,20.120090702947845,4096,0,0,0.23676808178424835,0,74,1,74,74,74,74,0
3466,20.125895691609976,4096,0,0,0.2443278729915619,0,74,1,74,74,74,74,0
3467,20.131700680272107,4096,0,0,0.2532646954059601,0,74,1,74,74,74,74,0
3468,20.13750566893424,4096,0,0,0.2437841147184372,0,74,1,74,74,74,74,0
3469,20.143310657596373,4096,0,0,0.25448307394981384,0,74,1,74,74,74,74,0
3470,20.149115646258505,4096,0,0,0.24286191165447235,0,74,1,74,74,74,74,0
3471,20.154920634920636,4096,0,0,0.24599617719650269,0,74,1,74,74,74,74,0
3472,20.160725623582767,4096,0,0,0.25242966413497925,0,74,1,74,74,74,74,0
3473,20.166530612244898,4096,0,0,0.2524825632572174,0,74,1,74,74,74,74,0
3474,20.17233560090703,4096,0,0,0.2628990113735199,0,74,1,74,74,74,74,0
3475,20.17814058956916,4096,0,0,0.25181856751441956,0,74,1,74,74,74,74,0
3476,20.18394557823129,4096,0,0,0.2552295923233032,0,74,1,74,74,74,74,0
3477,20.189750566893423,4096,0,0,0.2514135241508484,0,74,1,74,74,74,74,0
3478,20.195555555555554,4096,0,0,0.25508424639701843,0,74,1,74,74,74,74,0
3479,20.201360544217685,4096,0,0,0.2673206031322479,0,74,1,74,74,74,74,0
3480,20.20716553287982,4096,0,0,0.25791168212890625,0,74,1,74,74,74,74,0
3481,20.21297052154195,4096,0,0,0.2666983902454376,0,74,1,74,74,74,74,0
3482,20.218775510204082,4096,0,0,0.25029852986335754,0,74,1,74,74,74,74,0
3483,20.224580498866214,4096,0,0,0.2576286792755127,0,74,1,74,74,74,74,0
3484,20.230385487528345,4096,0,0,0.26712536811828613,0,74,1,74,74,74,74,0
3485,20.236190476190476,4096,0,0,0.263307124376297,0,74,1,74,74,74,74,0
3486,20.241995464852607,4096,0,0,0.27573737502098083,0,74,1,74,74,74,74,0
3487,20.24780045351474,4096,0,0,0.25916868448257446,0,74,1,74,74,74,74,0
3488,20.25360544217687,4096,0,0,0.26114681363105774,0,74,1,74,74,74,74,0
3489,20.259410430839,4096,0,0,0.26381874084472656,0,74,1,74,74,74,74,0
3490,20.265215419501132,4096,0,0,0.2666094899177551,0,74,1,74,74,74,74,0
3491,20.271020408163267,4096,0,0,0.2801803946495056,0,74,1,74,74,74,74,0
3492,20.276825396825398,4096,0,0,0.2666987478733063,0,74,1,74,74,74,74,0
3493,20.28263038548753,4096,0,0,0.26778605580329895,0,74,1,74,74,74,74,0
3494,20.28843537414966,4096,0,0,0.2596774399280548,0,74,1,74,74,74,74,0
3495,20.29424036281179,4096,0,0,0.26583704352378845,0,74,1,74,74,74,74,0
3496,20.300045351473923,4096,0,0,0.27695637941360474,0,74,1,74,74,74,74,0
3497,20.305850340136054,4096,0,0,0.27030718326568604,0,74,1,74,74,74,74,0
3498,20.311655328798185,4096,0,0,0.27651312947273254,0,74,1,74,74,74,74,0
3499,20.317460317460316,4096,0,0,0.2584345042705536,0,74,1,74,74,74,74,0
3500,20.323265306122448,4096,0,0,0.2665078938007355,0,74,1,74,74,74,74,0
3501,20.329070294784582,4096,0,0,0.27469125390052795,0,74,1,74,74,74,74,0
3502,20.334875283446713,4096,0,0,0.2712094485759735,0,74,1,74,74,74,74,0
3503,20.340680272108845,4096,0,0,0.2782752811908722,0,74,1,74,74,74,74,0
3504,20.346485260770976,4096,0,0,0.2590859532356262,0,74,1,74,74,74,74,0
3505,20.352290249433107,4096,0,0,0.26178061962127686,0,74,1,74,74,74,74,0
3506,20.35809523809524,4096,0,0,0.26423442363739014,0,74,1,74,74,74,74,0
3507,20.36390022675737,4096,0,0,0.2683190405368805,0,74,1,74,74,74,74,0
3508,20.3697052154195,4096,0,0,0.2765967547893524,0,74,1,74,74,74,74,0
3509,20.375510204081632,4096,0,0,0.26128706336021423,0,74,1,74,74,74,74,0
3510,20.381315192743763,4096,0,0,0.25926879048347473,0,74,1,74,74,74,74,0
3511,20.387120181405894,4096,0,0,0.25424426794052124,0,74,1,74,74,74,74,0
3512,20.39292517006803,4096,0,0,0.2621734142303467,0,74,1,74,74,74,74,0
3513,20.39873015873016,4096,0,0,0.2679848074913025,0,74,1,74,74,74,74,0
3514,20.40453514739229,4096,0,0,0.2602020800113678,0,74,1,74,74,74,74,0
3515,20.410340136054423,4096,0,0,0.26129987835884094,0,74,1,74,74,74,74,0
3516,20.416145124716554,4096,0,0,0.2447851598262787,0,74,1,74,74,74,74,0
3517,20.421950113378685,4096,0,0,0.254285991191864,0,74,1,74,74,74,74,0
3518,20.427755102040816,4096,0,0,0.2561016082763672,0,74,1,74,74,74,74,0
3519,20.433560090702947,4096,0,0,0.25475695729255676,0,74,1,74,74,74,74,0
3520,20.43936507936508,4096,0,0,0.25522199273109436,0,74,1,74,74,74,74,0
3521,20.44517006802721,4096,0,0,0.23868288099765778,0,74,1,74,74,74,74,0
3522,20.45097505668934,4096,0,0,0.24077221751213074,0,74,1,74,74,74,74,0
3523,20.456780045351476,4096,0,0,0.24403133988380432,0,74,1,74,74,74,74,0
3524,20.462585034013607,4096,0,0,0.24809473752975464,0,74,1,74,74,74,74,0
3525,20.468390022675738,4096,0,0,0.2474232017993927,0,74,1,74,74,74,74,0
3526,20.47419501133787,4096,0,0,0.2278081327676773,0,74,1,74,74,74,74,0
3527,20.48,4096,0,0,0.22190260887145996,0,74,1,74,74,74,74,0
3528,20.48580498866213,4096,0,0,0.22446754574775696,0,74,1,74,74,74,74,0
3529,20.491609977324263,4096,0,0,0.2327074110507965,0,74,1,74,74,74,74,0
3530,20.497414965986394,4096,0,0,0.23314961791038513,0,74,1,74,74,74,74,0
3531,20.503219954648525,4096,0,0,0.21919426321983337,0,74,1,74,74,74,74,0
3532,20.509024943310656,4096,0,0,0.21392647922039032,0,74,1,74,74,74,74,0
3533,20.514829931972788,4096,0,0,0.203556627035141,0,74,1,74,74,74,74,0
3534,20.520634920634922,4096,0,0,0.2162015587091446,0,74,1,74,74,74,74,0
3535,20.526439909297054,4096,0,0,0.21845471858978271,0,74,1,74,74,74,74,0
3536,20.532244897959185,4096,0,0,0.2055235505104065,0,74,1,74,74,74,74,0
3537,20.538049886621316,4096,0,0,0.19684162735939026,0,74,1,74,74,74,74,0
3538,20.543854875283447,4096,0,0,0.18400797247886658,0,74,1,74,74,74,74,0
3539,20.54965986394558,4096,0,0,0.19512026011943817,0,74,1,74,74,74,74,0
3540,20.55546485260771,4096,0,0,0.1955406665802002,0,74,1,74,74,74,74,0
3541,20.56126984126984,4096,0,0,0.1961667686700821,0,74,1,74,74,74,74,0
3542,20.567074829931972,4096,0,0,0.19064170122146606,0,74,1,74,74,74,74,0
3543,20.572879818594103,4096,0,0,0.17075785994529724,0,74,1,74,74,74,74,0
3544,20.578684807256234,4096,0,0,0.1727246642112732,0,74,1,74,74,74,74,0
3545,20.58448979591837,4096,0,0,0.1783609390258789,0,74,1,74,74,74,74,0
3546,20.5902947845805,4096,0,0,0.18289285898208618,0,74,1,74,74,74,74,0
3547,20.59609977324263,4096,0,0,0.17686617374420166,0,74,1,74,74,74,74,0
3548,20.601904761904763,4096,0,0,0.15832452476024628,0,74,1,74,74,74,74,0
3549,20.607709750566894,4096,0,0,0.15462374687194824,0,74,1,74,74,74,74,0
3550,20.613514739229025,4096,0,0,0.15760523080825806,0,74,1,74,74,74,74,0
3551,20.619319727891156,4096,0,0,0.16633203625679016,0,74,1,74,74,74,74,0
3552,20.625124716553287,4096,0,0,0.15989306569099426,0,74,1,74,74,74,74,0
3553,20.63092970521542,4096,0,0,0.14743225276470184,0,74,1,74,74,74,74,0
3554,20.63673469387755,4096,0,0,0.1408264935016632,0,74,1,74,74,74,74,0
3555,20.64253968253968,4096,0,0,0.1364665925502777,0,74,1,74,74,74,74,0
3556,20.648344671201816,4096,0,0,0.14301134645938873,0,74,1,74,74,74,74,0
3557,20.654149659863947,4096,0,0,0.1444321721792221,0,74,1,74,74,74,74,0
3558,20.659954648526078,4096,0,0,0.13956575095653534,0,74,1,74,74,74,74,0
3559,20.66575963718821,4096,0,0,0.13095960021018982,0,74,1,74,74,74,74,0
3560,20.67156462585034,4096,0,0,0.12197241932153702,0,74,1,74,74,74,74,0
3561,20.67736961451247,4096,0,0,0.1287776678800583,0,74,1,74,74,74,74,0
3562,20.683174603174603,4096,0,0,0.1276121437549591,0,74,1,74,74,74,74,0
3563,20.688979591836734,4096,0,0,0.12431684881448746,0,74,1,74,74,74,74,0
3564,20.694784580498865,4096,0,0,0.12055837363004684,0,74,1,74,74,74,74,0
3565,20.700589569160996,4096,0,0,0.10784004628658295,0,74,1,74,74,74,74,0
3566,20.706394557823128,4096,0,0,0.11225301772356033,0,74,1,74,74,74,74,0
3567,20.712199546485262,4096,0,0,0.11477190256118774,0,74,1,74,74,74,74,0
3568,20.718004535147394,4096,0,0,0.11531873792409897,0,74,1,74,74,74,74,0
3569,20.723809523809525,4096,0,0,0.11012624204158783,0,74,1,74,74,74,74,0
3570,20.729614512471656,4096,0,0,0.10196781903505325,0,74,1,74,74,74,74,0
3571,20.735419501133787,4096,0,0,0.10211768746376038,0,74,1,74,74,74,74,0
3572,20.74122448979592,4096,0,0,0.10240805894136429,0,74,1,74,74,74,74,0
3573,20.74702947845805,4096,0,0,0.10388492792844772,0,74,1,74,74,74,74,0
3574,20.75283446712018,4096,0,0,0.10140050947666168,0,74,1,74,74,74,74,0
3575,20.758639455782312,4096,0,0,0.09404007345438004,0,74,1,74,74,74,74,0
3576,20.764444444444443,4096,0,0,0.0908035933971405,0,74,1,74,74,74,74,0
3577,20.770249433106574,4096,0,0,0.09001635015010834,0,74,1,74,74,74,74,0
3578,20.77605442176871,4096,0,0,0.0975312814116478,0,74,1,74,74,74,74,0
3579,20.78185941043084,4096,0,0,0.09442616254091263,0,74,1,74,74,74,74,0
3580,20.78766439909297,4096,0,0,0.08844698220491409,0,74,1,74,74,74,74,0
3581,20.793469387755103,4096,0,0,0.08399809896945953,0,74,1,74,74,74,74,0
3582,20.799274376417234,4096,0,0,0.07859864830970764,0,74,1,74,74,74,74,0
3583,20.805079365079365,4096,0,0,0.08267578482627869,0,74,1,74,74,74,74,0
3584,20.810884353741496,4096,0,0,0.08247136324644089,0,74,1,74,74,74,74,0
3585,20.816689342403627,4096,0,0,0.08235853165388107,0,74,1,74,74,74,74,0
3586,20.82249433106576,4096,0,0,0.07860571891069412,0,74,1,74,74,74,74,0
3587,20.82829931972789,4096,0,0,0.07395646721124649,0,74,1,74,74,74,74,0
3588,20.83410430839002,4096,0,0,0.07699929177761078,0,74,0,74,74,74,74,0
3589,20.839909297052156,4096,0,0,0.07738815993070602,0,74,1,71,74,74,74,0
3590,20.845714285714287,4096,0,0,0.07982305437326431,0,74,1,71,71,74,74,0
3591,20.851519274376418,4096,0,0,0.07531531155109406,0,74,1,71,71,74,74,0
3592,20.85732426303855,4096,0,0,0.06690812110900879,0,74,1,71,71,74,74,0
3593,20.86312925170068,4096,0,0,0.06772690266370773,0,74,0,71,71,74,74,0
3594,20.86893424036281,4096,0,0,0.06889728456735611,0,74,1,71,71,74,74,0
3595,20.874739229024943,4096,0,0,0.07148586213588715,0,74,1,71,71,74,74,0
3596,20.880544217687074,4096,0,0,0.06940197944641113,0,74,1,71,71,74,74,0
3597,20.886349206349205,4096,0,0,0.06494223326444626,0,74,1,71,71,74,74,0
3598,20.892154195011337,4096,0,0,0.061777327209711075,0,74,0,71,71,74,74,0
3599,20.897959183673468,4096,0,0,0.05900135636329651,0,74,1,71,71,74,74,0
3600,20.903764172335602,4096,0,0,0.06484788656234741,0,74,1,71,71,74,74,0
3601,20.909569160997734,4096,0,0,0.06567775458097458,0,74,1,71,71,74,74,0
3602,20.915374149659865,4096,0,0,0.06114616617560387,0,74,1,71,71,74,74,0
3603,20.921179138321996,4096,0,0,0.059384964406490326,0,74,0,71,71,74,74,0
3604,20.926984126984127,4096,0,0,0.05640247464179993,0,74,1,71,71,74,74,0
3605,20.93278911564626,4096,0,0,0.05728199705481529,0,74,0,71,71,74,74,0
3606,20.93859410430839,4096,0,0,0.057854581624269485,0,74,1,71,71,74,74,0
3607,20.94439909297052,4096,0,0,0.05915205553174019,0,74,1,71,71,74,74,0
3608,20.950204081632652,4096,0,0,0.05870656669139862,0,74,0,71,71,74,74,0
3609,20.956009070294783,4096,0,0,0.05394924059510231,0,74,1,71,71,74,74,0
3610,20.961814058956914,4096,0,0,0.05396328866481781,0,74,0,71,71,74,74,0
3611,20.96761904761905,4096,0,0,0.05444318428635597,0,74,1,71,71,74,74,0
3612,20.97342403628118,4096,0,0,0.056622374802827835,0,74,1,71,71,74,74,0
3613,20.97922902494331,4096,0,0,0.05550698935985565,0,74,0,71,71,74,74,0
3614,20.985034013605443,4096,0,0,0.05169590190052986,0,74,1,71,71,74,74,0
3615,20.990839002267574,4096,0,0,0.05177184194326401,0,74,0,71,71,74,74,0
3616,20.996643990929705,4096,0,0,0.04973389580845833,0,74,1,71,71,74,74,0
3617,21.002448979591836,4096,0,0,0.051706183701753616,0,74,0,71,71,74,74,0
3618,21.008253968253968,4096,0,0,0.05212268978357315,0,74,1,71,71,74,74,0
3619,21.0140589569161,4096,0,0,0.04995056986808777,0,74,1,71,71,74,74,0
3620,21.01986394557823,4096,0,0,0.04877644032239914,0,74,0,71,71,74,74,0
3621,21.02566893424036,4096,0,0,0.04647720232605934,0,74,1,71,71,74,74,0
3622,21.031473922902496,4096,0,0,0.04723702743649483,0,74,0,71,71,74,74,0
3623,21.037278911564627,4096,0,0,0.04828091338276863,0,74,1,71,71,74,74,0
3624,21.04308390022676,4096,0,0,0.048501305282115936,0,74,1,71,71,74,74,0
3625,21.04888888888889,4096,0,0,0.0464496985077858,0,74,0,71,71,74,74,0
3626,21.05469387755102,4096,0,0,0.04341137781739235,0,74,0,71,-1,-1,-1,0
3627,21.060498866213152,4096,0,0,0.0448785126209259,0,74,0,71,-1,-1,-1,0
3628,21.066303854875283,4096,0,0,0.04618384689092636,0,74,1,71,-1,-1,-1,0
3629,21.072108843537414,4096,0,0,0.04692380130290985,0,74,0,71,-1,-1,-1,0
3630,21.077913832199545,4096,0,0,0.045380353927612305,0,74,0,71,-1,-1,-1,0
3631,21.083718820861677,4096,0,0,0.04346832260489464,0,74,0,71,-1,-1,-1,0
3632,21.089523809523808,4096,0,0,0.04391048103570938,0,74,0,71,-1,-1,-1,0
3633,21.095328798185943,4096,0,0,0.043502021580934525,0,74,0,71,-1,-1,-1,0
3634,21.101133786848074,4096,0,0,0.04419462010264397,0,74,0,71,-1,-1,-1,0
3635,21.106938775510205,4096,0,0,0.043103400617837906,0,74,0,71,-1,-1,-1,0
3636,21.112743764172336,4096,0,0,0.040346141904592514,0,74,0,71,-1,-1,-1,0
3637,21.118548752834467,4096,0,0,0.04146905615925789,0,74,0,71,-1,-1,-1,0
3638,21.1243537414966,4096,0,0,0.04069789871573448,0,74,0,71,-1,-1,-1,0
3639,21.13015873015873,4096,0,0,0.04225124418735504,0,74,0,71,-1,-1,-1,0
3640,21.13596371882086,4096,0,0,0.04304629564285278,0,74,0,71,-1,-1,-1,0
3641,21.141768707482992,4096,0,0,0.04119688645005226,0,74,0,71,-1,-1,-1,0
3642,21.147573696145123,4096,0,0,0.040182311087846756,0,74,0,71,-1,-1,-1,0
3643,21.153378684807254,4096,0,0,0.03803746774792671,0,74,0,71,-1,-1,-1,0
3644,21.15918367346939,4096,0,0,0.03940071910619736,0,74,0,71,-1,-1,-1,0
3645,21.16498866213152,4096,0,0,0.03952733054757118,0,74,0,71,-1,-1,-1,0
3646,21.17079365079365,4096,0,0,0.04009278863668442,0,74,0,71,-1,-1,-1,0
3647,21.176598639455783,4096,0,0,0.039782728999853134,0,74,0,71,-1,-1,-1,0
3648,21.182403628117914,4096,0,0,0.03800615668296814,0,74,0,71,-1,-1,-1,0
3649,21.188208616780045,4096,0,0,0.038274090737104416,0,74,0,72,-1,-1,-1,0
3650,21.194013605442176,4096,0,0,0.03720666840672493,0,74,0,72,-1,-1,-1,0
3651,21.199818594104308,4096,0,0,0.0373966358602047,0,74,0,72,-1,-1,-1,0
3652,21.20562358276644,4096,0,0,0.03773605823516846,0,74,0,72,-1,-1,-1,0
3653,21.21142857142857,4096,0,0,0.03610771521925926,0,74,0,72,-1,-1,-1,0
3654,21.217233560090705,4096,0,0,0.03622996807098389,0,74,0,72,-1,-1,-1,0
3655,21.223038548752836,4096,0,0,0.03661404922604561,0,74,0,72,-1,-1,-1,0
3656,21.228843537414967,4096,0,0,0.03705865517258644,0,74,0,72,-1,-1,-1,0
3657,21.2346485260771,4096,0,0,0.036713194102048874,0,74,0,72,-1,-1,-1,0
3658,21.24045351473923,4096,0,0,0.035679832100868225,0,74,0,72,-1,-1,-1,0
3659,21.24625850340136,4096,0,0,0.03533879294991493,0,74,0,72,-1,-1,-1,0
3660,21.252063492063492,4096,0,0,0.03489192575216293,0,74,0,72,-1,-1,-1,0
3661,21.257868480725623,4096,0,0,0.03549148887395859,0,74,0,72,-1,-1,-1,0
3662,21.263673469387754,4096,0,0,0.03579253330826759,0,74,0,72,-1,-1,-1,0
3663,21.269478458049885,4096,0,0,0.035792384296655655,0,74,0,72,-1,-1,-1,0
3664,21.275283446712017,4096,0,0,0.035211823880672455,0,74,0,72,-1,-1,-1,0
3665,21.28108843537415,4096,0,0,0.03457636386156082,0,74,0,72,-1,-1,-1,0
3666,21.286893424036283,4096,0,0,0.03508247062563896,0,74,0,72,-1,-1,-1,0
3667,21.292698412698414,4096,0,0,0.034684017300605774,0,74,0,72,-1,-1,-1,0
3668,21.298503401360545,4096,0,0,0.0350094735622406,0,74,0,72,-1,-1,-1,0
3669,21.304308390022676,4096,0,0,0.03473882004618645,0,74,0,72,-1,-1,-1,0
3670,21.310113378684807,4096,0,0,0.033557645976543427,0,74,0,72,-1,-1,-1,0
3671,21.31591836734694,4096,0,0,0.03378556668758392,0,74,0,72,-1,-1,-1,0
3672,21.32172335600907,4096,0,0,0.03381121903657913,0,74,0,72,-1,-1,-1,0
3673,21.3275283446712,4096,0,0,0.03466949239373207,0,74,0,72,-1,-1,-1,0
3674,21.333333333333332,4096,0,0,0.03418485075235367,0,74,0,72,-1,-1,-1,0
3675,21.339138321995463,4096,0,0,0.03330091014504433,0,74,0,72,-1,-1,-1,0
3676,21.344943310657598,4096,0,0,0.033939383924007416,0,74,0,72,-1,-1,-1,0
3677,21.35074829931973,4096,0,0,0.03298988193273544,0,74,0,72,-1,-1,-1,0
3678,21.35655328798186,4096,0,0,0.03302742913365364,0,74,0,72,-1,-1,-1,0
3679,21.36235827664399,4096,0,0,0.033294349908828735,0,74,0,72,-1,-1,-1,0
3680,21.368163265306123,4096,0,0,0.03352766111493111,0,74,0,72,-1,-1,-1,0
3681,21.373968253968254,4096,0,0,0.033358920365571976,0,74,0,72,-1,-1,-1,0
3682,21.379773242630385,4096,0,0,0.032574284821748734,0,74,0,72,-1,-1,-1,0
3683,21.385578231292516,4096,0,0,0.03244563937187195,0,74,0,72,-1,-1,-1,0
3684,21.391383219954648,4096,0,0,0.03232777863740921,0,74,0,72,-1,-1,-1,0
3685,21.39718820861678,4096,0,0,0.032718587666749954,0,74,0,72,-1,-1,-1,0
3686,21.40299319727891,4096,0,0,0.03285445645451546,0,74,0,72,-1,-1,-1,0
3687,21.408798185941045,4096,0,0,0.031673915684223175,0,74,0,72,-1,-1,-1,0
3688,21.414603174603176,4096,0,0,0.031327489763498306,0,74,0,72,-1,-1,-1,0
3689,21.420408163265307,4096,0,0,0.031006282195448875,0,74,0,72,-1,-1,-1,0
3690,21.42621315192744,4096,0,0,0.03209872543811798,0,74,0,72,-1,-1,-1,0
3691,21.43201814058957,4096,0,0,0.03252056986093521,0,74,0,72,-1,-1,-1,0
3692,21.4378231292517,4096,0,0,0.03143668547272682,0,74,0,72,-1,-1,-1,0
3693,21.443628117913832,4096,0,0,0.03179316222667694,0,74,0,72,-1,-1,-1,0
3694,21.449433106575963,4096,0,0,0.03117464855313301,0,74,0,72,-1,-1,-1,0
3695,21.455238095238094,4096,0,0,0.031783927232027054,0,74,0,72,-1,-1,-1,0
3696,21.461043083900226,4096,0,0,0.0321098268032074,0,74,0,72,-1,-1,-1,0
3697,21.466848072562357,4096,0,0,0.03125140070915222,0,74,0,72,-1,-1,-1,0
3698,21.47265306122449,4096,0,0,0.031405333429574966,0,74,0,72,-1,-1,-1,0
3699,21.478458049886623,4096,0,0,0.03086983598768711,0,74,0,72,-1,-1,-1,0
3700,21.484263038548754,4096,0,0,0.03089379519224167,0,74,0,72,-1,-1,-1,0
3701,21.490068027210885,4096,0,0,0.030543997883796692,0,74,0,72,-1,-1,-1,0
3702,21.495873015873016,4096,0,0,0.03058212250471115,0,74,0,72,-1,-1,-1,0
3703,21.501678004535147,4096,0,0,0.030809806659817696,0,74,0,72,-1,-1,-1,0
3704,21.50748299319728,4096,0,0,0.030314287170767784,0,74,0,72,-1,-1,-1,0
3705,21.51328798185941,4096,0,0,0.030879290774464607,0,74,0,72,-1,-1,-1,0
3706,21.51909297052154,4096,0,0,0.03127111494541168,0,74,0,72,-1,-1,-1,0
3707,21.524897959183672,4096,0,0,0.031078731641173363,0,74,0,72,-1,-1,-1,0
3708,21.530702947845803,4096,0,0,0.030942119657993317,0,74,0,72,-1,-1,-1,0
3709,21.536507936507938,4096,0,0,0.03056611865758896,0,74,0,72,-1,-1,-1,0
3710,21.54231292517007,4096,0,0,0.030343130230903625,0,74,0,72,-1,-1,-1,0
3711,21.5481179138322,4096,0,0,0.030010882765054703,0,74,0,72,-1,-1,-1,0
3712,21.55392290249433,4096,0,0,0.03021031990647316,0,74,0,72,-1,-1,-1,0
3713,21.559727891156463,4096,0,0,0.030289532616734505,0,74,0,72,-1,-1,-1,0
3714,21.565532879818594,4096,0,0,0.029861902818083763,0,74,0,72,-1,-1,-1,0
3715,21.571337868480725,4096,0,0,0.030239306390285492,0,74,0,72,-1,-1,-1,0
3716,21.577142857142857,4096,0,0,0.029783213511109352,0,74,0,72,-1,-1,-1,0
3717,21.582947845804988,4096,0,0,0.03048236109316349,0,74,0,72,-1,-1,-1,0
3718,21.58875283446712,4096,0,0,0.031085612252354622,0,74,0,72,-1,-1,-1,0
3719,21.59455782312925,4096,0,0,0.030148498713970184,0,74,0,72,-1,-1,-1,0
3720,21.600362811791385,4096,0,0,0.03015296906232834,0,74,0,72,-1,-1,-1,0
3721,21.606167800453516,4096,0,0,0.030080309137701988,0,74,0,72,-1,-1,-1,0
3722,21.611972789115647,4096,0,0,0.029720069840550423,0,74,0,72,-1,-1,-1,0
3723,21.61777777777778,4096,0,0,0.029929090291261673,0,74,0,72,-1,-1,-1,0
3724,21.62358276643991,4096,0,0,0.03008424863219261,0,74,0,72,-1,-1,-1,0
3725,21.62938775510204,4096,0,0,0.02967081218957901,0,74,0,72,-1,-1,-1,0
3726,21.635192743764172,4096,0,0,0.028896011412143707,0,74,0,72,-1,-1,-1,0
3727,21.640997732426303,4096,0,0,0.02917288802564144,0,74,0,72,-1,-1,-1,0
3728,21.646802721088434,4096,0,0,0.02930273674428463,0,74,0,72,-1,-1,-1,0
3729,21.652607709750566,4096,0,0,0.029597043991088867,0,74,0,72,-1,-1,-1,0
3730,21.658412698412697,4096,0,0,0.029916996136307716,0,74,0,72,-1,-1,-1,0
3731,21.66421768707483,4096,0,0,0.029440294951200485,0,74,0,72,-1,-1,-1,0
3732,21.670022675736963,4096,0,0,0.029251713305711746,0,74,0,72,-1,-1,-1,0
3733,21.675827664399094,4096,0,0,0.02955249696969986,0,74,0,72,-1,-1,-1,0
3734,21.681632653061225,4096,0,0,0.02966466173529625,0,74,0,72,-1,-1,-1,0
3735,21.687437641723356,4096,0,0,0.029464740306138992,0,74,0,72,-1,-1,-1,0
3736,21.693242630385488,4096,0,0,0.029250994324684143,0,74,0,72,-1,-1,-1,0
3737,21.69904761904762,4096,0,0,0.02917388454079628,0,74,0,72,-1,-1,-1,0
3738,21.70485260770975,4096,0,0,0.028825419023633003,0,74,0,72,-1,-1,-1,0
3739,21.71065759637188,4096,0,0,0.029123777523636818,0,74,0,72,-1,-1,-1,0
3740,21.716462585034012,4096,0,0,0.029582681134343147,0,74,0,72,-1,-1,-1,0
3741,21.722267573696143,4096,0,0,0.029374612495303154,0,74,0,72,-1,-1,-1,0
3742,21.728072562358278,4096,0,0,0.0296019334346056,0,74,0,72,-1,-1,-1,0
3743,21.73387755102041,4096,0,0,0.029103117063641548,0,74,0,72,-1,-1,-1,0
3744,21.73968253968254,4096,0,0,0.029668278992176056,0,74,0,72,-1,-1,-1,0
3745,21.745487528344672,4096,0,0,0.030140409246087074,0,74,0,72,-1,-1,-1,0
3746,21.751292517006803,4096,0,0,0.029853153973817825,0,74,0,72,-1,-1,-1,0
3747,21.757097505668934,4096,0,0,0.029425133019685745,0,74,0,72,-1,-1,-1,0
3748,21.762902494331065,4096,0,0,0.0289077740162611,0,74,0,72,-1,-1,-1,0
3749,21.768707482993197,4096,0,0,0.02887578122317791,0,74,0,72,-1,-1,-1,0
3750,21.774512471655328,4096,0,0,0.02872399613261223,0,74,0,72,-1,-1,-1,0
3751,21.78031746031746,4096,0,0,0.029130002483725548,0,74,0,72,-1,-1,-1,0
3752,21.78612244897959,4096,0,0,0.02898399718105793,0,74,0,72,-1,-1,-1,0
3753,21.791927437641725,4096,0,0,0.028359029442071915,0,74,0,72,-1,-1,-1,0
3754,21.797732426303856,4096,0,0,0.028330674394965172,0,74,0,72,-1,-1,-1,0
3755,21.803537414965987,4096,0,0,0.028566624969244003,0,74,0,72,-1,-1,-1,0
3756,21.80934240362812,4096,0,0,0.02847517840564251,0,74,0,72,-1,-1,-1,0
3757,21.81514739229025,4096,0,0,0.02810732275247574,0,74,0,72,-1,-1,-1,0
3758,21.82095238095238,4096,0,0,0.02779795415699482,0,74,0,72,-1,-1,-1,0
3759,21.826757369614512,4096,0,0,0.028357412666082382,0,74,0,72,-1,-1,-1,0
3760,21.832562358276643,4096,0,0,0.028959060087800026,0,74,0,72,-1,-1,-1,0
3761,21.838367346938774,4096,0,0,0.02880716323852539,0,74,0,72,-1,-1,-1,0
3762,21.844172335600906,4096,0,0,0.028650639578700066,0,74,0,72,-1,-1,-1,0
3763,21.849977324263037,4096,0,0,0.028938740491867065,0,74,0,72,-1,-1,-1,0
3764,21.85578231292517,4096,0,0,0.028320103883743286,0,74,0,72,-1,-1,-1,0
3765,21.861587301587303,4096,0,0,0.02858889102935791,0,74,0,72,-1,-1,-1,0
3766,21.867392290249434,4096,0,0,0.029134228825569153,0,74,0,72,-1,-1,-1,0
3767,21.873197278911565,4096,0,0,0.028293708339333534,0,74,0,72,-1,-1,-1,0
3768,21.879002267573696,4096,0,0,0.028351251035928726,0,74,0,72,-1,-1,-1,0
3769,21.884807256235828,4096,0,0,0.0287909135222435,0,74,0,72,-1,-1,-1,0
3770,21.89061224489796,4096,0,0,0.028453994542360306,0,74,0,72,-1,-1,-1,0
3771,21.89641723356009,4096,0,0,0.028467416763305664,0,74,0,72,-1,-1,-1,0
3772,21.90222222222222,4096,0,0,0.02820720709860325,0,74,0,72,-1,-1,-1,0
3773,21.908027210884352,4096,0,0,0.028591275215148926,0,74,0,72,-1,-1,-1,0
3774,21.913832199546484,4096,0,0,0.028566287830471992,0,74,0,72,-1,-1,-1,0
3775,21.91963718820862,4096,0,0,0.028203101828694344,0,74,0,72,-1,-1,-1,0
3776,21.92544217687075,4096,0,0,0.02841648831963539,0,74,0,72,-1,-1,-1,0
3777,21.93124716553288,4096,0,0,0.02811434306204319,0,74,0,72,-1,-1,-1,0
3778,21.937052154195012,4096,0,0,0.0280924029648304,0,74,0,72,-1,-1,-1,0
3779,21.942857142857143,4096,0,0,0.02823290042579174,0,74,0,72,-1,-1,-1,0
3780,21.948662131519274,4096,0,0,0.028323108330368996,0,74,0,72,-1,-1,-1,0
3781,21.954467120181405,4096,0,0,0.02819281630218029,0,74,0,72,-1,-1,-1,0
3782,21.960272108843537,4096,0,0,0.027763715013861656,0,74,0,72,-1,-1,-1,0
3783,21.966077097505668,4096,0,0,0.027556193992495537,0,74,0,72,-1,-1,-1,0
3784,21.9718820861678,4096,0,0,0.02803758718073368,0,74,0,72,-1,-1,-1,0
3785,21.97768707482993,4096,0,0,0.028183193877339363,0,74,0,72,-1,-1,-1,0
3786,21.983492063492065,4096,0,0,0.027836428955197334,0,74,0,72,-1,-1,-1,0
3787,21.989297052154196,4096,0,0,0.02774420939385891,0,74,0,72,-1,-1,-1,0
3788,21.995102040816327,4096,0,0,0.027877680957317352,0,74,0,72,-1,-1,-1,0
3789,22.00090702947846,4096,0,0,0.027586447075009346,0,74,0,72,-1,-1,-1,0
3790,22.00671201814059,4096,0,0,0.02786325477063656,0,74,0,72,-1,-1,-1,0
3791,22.01251700680272,4096,0,0,0.028657330200076103,0,74,0,72,-1,-1,-1,0
3792,22.018321995464852,4096,0,0,0.028942525386810303,0,74,0,72,-1,-1,-1,0
3793,22.024126984126983,4096,0,0,0.028141796588897705,0,74,0,72,-1,-1,-1,0
3794,22.029931972789115,4096,0,0,0.027401994913816452,0,74,0,72,-1,-1,-1,0
3795,22.035736961451246,4096,0,0,0.02748916856944561,0,74,0,72,-1,-1,-1,0
3796,22.041541950113377,4096,0,0,0.027611706405878067,0,74,0,72,-1,-1,-1,0
3797,22.04734693877551,4096,0,0,0.027902958914637566,0,74,0,72,-1,-1,-1,0
3798,22.053151927437643,4096,0,0,0.02760271728038788,0,74,0,75,-1,-1,-1,0
3799,22.058956916099774,4096,0,0,0.027314595878124237,0,74,0,72,-1,-1,-1,0
3800,22.064761904761905,4096,0,0,0.027671104297041893,0,74,0,75,-1,-1,-1,0
3801,22.070566893424036,4096,0,0,0.028053758665919304,0,74,0,75,-1,-1,-1,0
3802,22.076371882086168,4096,0,0,0.028213586658239365,0,74,0,75,-1,-1,-1,0
3803,22.0821768707483,4096,0,0,0.028410153463482857,0,74,0,75,-1,-1,-1,0
3804,22.08798185941043,4096,0,0,0.02848970890045166,0,74,0,75,-1,-1,-1,0
3805,22.09378684807256,4096,0,0,0.027902398258447647,0,74,0,75,-1,-1,-1,0
3806,22.099591836734692,4096,0,0,0.027484020218253136,0,74,0,59,-1,-1,-1,0
3807,22.105396825396827,4096,0,0,0.028002873063087463,0,74,0,75,-1,-1,-1,0
3808,22.11120181405896,4096,0,0,0.028048692271113396,0,74,0,75,-1,-1,-1,0
3809,22.11700680272109,4096,0,0,0.02767137438058853,0,74,0,59,-1,-1,-1,0
3810,22.12281179138322,4096,0,0,0.027826713398098946,0,74,0,75,-1,-1,-1,0
3811,22.128616780045352,4096,0,0,0.027973400428891182,0,74,0,59,-1,-1,-1,0
3812,22.134421768707483,4096,0,0,0.02791135013103485,0,74,0,75,-1,-1,-1,0
3813,22.140226757369614,4096,0,0,0.027835778892040253,0,74,0,59,-1,-1,-1,0
3814,22.146031746031746,4096,0,0,0.027512310072779655,0,74,0,59,-1,-1,-1,0
3815,22.151836734693877,4096,0,0,0.02753334864974022,0,74,0,75,-1,-1,-1,0
3816,22.157641723356008,4096,0,0,0.02734149992465973,0,74,0,59,-1,-1,-1,0
3817,22.16344671201814,4096,0,0,0.027539165690541267,0,74,0,75,-1,-1,-1,0
3818,22.169251700680274,4096,0,0,0.028269831091165543,0,74,0,59,-1,-1,-1,0
3819,22.175056689342405,4096,0,0,0.02806382067501545,0,74,0,59,-1,-1,-1,0
3820,22.180861678004536,4096,0,0,0.02807684987783432,0,74,0,59,-1,-1,-1,0
3821,22.186666666666667,4096,0,0,0.028204580768942833,0,74,0,59,-1,-1,-1,0
3822,22.1924716553288,4096,0,0,0.028173744678497314,0,74,0,59,-1,-1,-1,0
3823,22.19827664399093,4096,0,0,0.027700871229171753,0,74,0,59,-1,-1,-1,0
3824,22.20408163265306,4096,0,0,0.02747228369116783,0,74,0,59,-1,-1,-1,0
3825,22.209886621315192,4096,0,0,0.02754119038581848,0,74,0,59,-1,-1,-1,0
3826,22.215691609977323,4096,0,0,0.027823366224765778,0,74,0,59,-1,-1,-1,0
3827,22.221496598639455,4096,0,0,0.028019750490784645,0,74,0,59,-1,-1,-1,0
3828,22.227301587301586,4096,0,0,0.027421675622463226,0,74,0,59,-1,-1,-1,0
3829,22.23310657596372,4096,0,0,0.027588820084929466,0,74,0,59,-1,-1,-1,0
3830,22.23891156462585,4096,0,0,0.02846883423626423,0,74,0,59,-1,-1,-1,0
3831,22.244716553287983,4096,0,0,0.028492063283920288,0,74,0,59,-1,-1,-1,0
3832,22.250521541950114,4096,0,0,0.028226185590028763,0,74,0,59,-1,-1,-1,0
3833,22.256326530612245,4096,0,0,0.027411529794335365,0,74,0,59,-1,-1,-1,0
3834,22.262131519274377,4096,0,0,0.02772904932498932,0,74,0,59,-1,-1,-1,0
3835,22.267936507936508,4096,0,0,0.028004977852106094,0,74,0,59,-1,-1,-1,0
3836,22.27374149659864,4096,0,0,0.02799537405371666,0,74,0,59,-1,-1,-1,0
3837,22.27954648526077,4096,0,0,0.02824157103896141,0,74,0,59,-1,-1,-1,0
3838,22.2853514739229,4096,0,0,0.02847473882138729,0,74,0,59,-1,-1,-1,0
3839,22.291156462585032,4096,0,0,0.028076518326997757,0,74,0,59,-1,-1,-1,0
3840,22.296961451247167,4096,0,0,0.028030499815940857,0,74,0,59,-1,-1,-1,0
3841,22.3027664399093,4096,0,0,0.028031526133418083,0,74,0,59,-1,-1,-1,0
3842,22.30857142857143,4096,0,0,0.027583632618188858,0,74,0,59,-1,-1,-1,0
3843,22.31437641723356,4096,0,0,0.027354132384061813,0,74,0,59,-1,-1,-1,0
3844,22.320181405895692,4096,0,0,0.02765888348221779,0,74,0,59,-1,-1,-1,0
